<?xml version="1.0" encoding="UTF-8"?>
<gpx xmlns="http://www.topografix.com/GPX/1/1" xmlns:xsi="http://www.w3.org/2001/XMLSchema-instance" xmlns:gpxtpx="http://www.garmin.com/xmlschemas/TrackPointExtension/v1" version="1.1" creator="Samsung Health_0.2" xsi:schemaLocation="http://www.topografix.com/GPX/1/1 http://www.topografix.com/GPX/1/1/gpx.xsd http://www.garmin.com/xmlschemas/TrackPointExtension/v1 http://www.garmin.com/xmlschemas/TrackPointExtensionv1.xsd">
<metadate>2026-05-30T21:26:11Z</metadate>
<trk>
<name>20260531_062609.gpx</name>
<trkseg>
<trkpt lat="33.5881307" lon="130.4065947">
<ele>-1.688</ele>
<time>2026-05-30T21:26:11Z</time>
<extensions>
<gpxtpx:TrackPointExtension>
<gpxtpx:cad>100</gpxtpx:cad>
</gpxtpx:TrackPointExtension>
</extensions>
</trkpt>
<trkpt lat="33.5881402" lon="130.4065947">
<ele>-1.554</ele>
<time>2026-05-30T21:26:12Z</time>
<extensions>
<gpxtpx:TrackPointExtension>
<gpxtpx:hr>89</gpxtpx:hr>
</gpxtpx:TrackPointExtension>
</extensions>
</trkpt>
<trkpt lat="33.5881441" lon="130.4065996">
<ele>-1.352</ele>
<time>2026-05-30T21:26:13Z</time>
<extensions>
<gpxtpx:TrackPointExtension>
<gpxtpx:hr>89</gpxtpx:hr>
</gpxtpx:TrackPointExtension>
</extensions>
</trkpt>
<trkpt lat="33.5881515" lon="130.4066019">
<ele>-1.262</ele>
<time>2026-05-30T21:26:14Z</time>
<extensions>
<gpxtpx:TrackPointExtension>
<gpxtpx:hr>89</gpxtpx:hr>
</gpxtpx:TrackPointExtension>
</extensions>
</trkpt>
<trkpt lat="33.5881648" lon="130.4066017">
<ele>-1.176</ele>
<time>2026-05-30T21:26:15Z</time>
<extensions>
<gpxtpx:TrackPointExtension>
<gpxtpx:hr>89</gpxtpx:hr>
<gpxtpx:cad>98</gpxtpx:cad>
</gpxtpx:TrackPointExtension>
</extensions>
</trkpt>
<trkpt lat="33.5881782" lon="130.4065962">
<ele>-1.121</ele>
<time>2026-05-30T21:26:16Z</time>
<extensions>
<gpxtpx:TrackPointExtension>
<gpxtpx:hr>90</gpxtpx:hr>
</gpxtpx:TrackPointExtension>
</extensions>
</trkpt>
<trkpt lat="33.5881891" lon="130.406589">
<ele>-1.095</ele>
<time>2026-05-30T21:26:17Z</time>
<extensions>
<gpxtpx:TrackPointExtension>
<gpxtpx:hr>90</gpxtpx:hr>
</gpxtpx:TrackPointExtension>
</extensions>
</trkpt>
<trkpt lat="33.5881992" lon="130.4065803">
<ele>1.421</ele>
<time>2026-05-30T21:26:18Z</time>
<extensions>
<gpxtpx:TrackPointExtension>
<gpxtpx:hr>91</gpxtpx:hr>
</gpxtpx:TrackPointExtension>
</extensions>
</trkpt>
<trkpt lat="33.5882093" lon="130.4065665">
<ele>1.372</ele>
<time>2026-05-30T21:26:19Z</time>
<extensions>
<gpxtpx:TrackPointExtension>
<gpxtpx:hr>92</gpxtpx:hr>
</gpxtpx:TrackPointExtension>
</extensions>
</trkpt>
<trkpt lat="33.5882195" lon="130.4065508">
<ele>1.401</ele>
<time>2026-05-30T21:26:20Z</time>
<extensions>
<gpxtpx:TrackPointExtension>
<gpxtpx:hr>92</gpxtpx:hr>
<gpxtpx:cad>101</gpxtpx:cad>
</gpxtpx:TrackPointExtension>
</extensions>
</trkpt>
<trkpt lat="33.5882308" lon="130.4065335">
<ele>1.415</ele>
<time>2026-05-30T21:26:21Z</time>
<extensions>
<gpxtpx:TrackPointExtension>
<gpxtpx:hr>93</gpxtpx:hr>
</gpxtpx:TrackPointExtension>
</extensions>
</trkpt>
<trkpt lat="33.588244" lon="130.4065132">
<ele>1.319</ele>
<time>2026-05-30T21:26:22Z</time>
<extensions>
<gpxtpx:TrackPointExtension>
<gpxtpx:hr>94</gpxtpx:hr>
</gpxtpx:TrackPointExtension>
</extensions>
</trkpt>
<trkpt lat="33.5882595" lon="130.4064923">
<ele>1.086</ele>
<time>2026-05-30T21:26:23Z</time>
<extensions>
<gpxtpx:TrackPointExtension>
<gpxtpx:hr>95</gpxtpx:hr>
</gpxtpx:TrackPointExtension>
</extensions>
</trkpt>
<trkpt lat="33.5882771" lon="130.4064712">
<ele>1.022</ele>
<time>2026-05-30T21:26:24Z</time>
<extensions>
<gpxtpx:TrackPointExtension>
<gpxtpx:hr>96</gpxtpx:hr>
</gpxtpx:TrackPointExtension>
</extensions>
</trkpt>
<trkpt lat="33.5882963" lon="130.4064499">
<ele>1.005</ele>
<time>2026-05-30T21:26:25Z</time>
<extensions>
<gpxtpx:TrackPointExtension>
<gpxtpx:hr>97</gpxtpx:hr>
<gpxtpx:cad>108</gpxtpx:cad>
</gpxtpx:TrackPointExtension>
</extensions>
</trkpt>
<trkpt lat="33.5883168" lon="130.4064285">
<ele>1.004</ele>
<time>2026-05-30T21:26:26Z</time>
<extensions>
<gpxtpx:TrackPointExtension>
<gpxtpx:hr>97</gpxtpx:hr>
</gpxtpx:TrackPointExtension>
</extensions>
</trkpt>
<trkpt lat="33.5883326" lon="130.4064098">
<ele>1.009</ele>
<time>2026-05-30T21:26:27Z</time>
<extensions>
<gpxtpx:TrackPointExtension>
<gpxtpx:hr>99</gpxtpx:hr>
</gpxtpx:TrackPointExtension>
</extensions>
</trkpt>
<trkpt lat="33.5883497" lon="130.4063896">
<ele>1.065</ele>
<time>2026-05-30T21:26:28Z</time>
<extensions>
<gpxtpx:TrackPointExtension>
<gpxtpx:hr>100</gpxtpx:hr>
</gpxtpx:TrackPointExtension>
</extensions>
</trkpt>
<trkpt lat="33.5883685" lon="130.4063681">
<ele>1.017</ele>
<time>2026-05-30T21:26:29Z</time>
<extensions>
<gpxtpx:TrackPointExtension>
<gpxtpx:hr>100</gpxtpx:hr>
</gpxtpx:TrackPointExtension>
</extensions>
</trkpt>
<trkpt lat="33.5883856" lon="130.4063447">
<ele>1.004</ele>
<time>2026-05-30T21:26:30Z</time>
<extensions>
<gpxtpx:TrackPointExtension>
<gpxtpx:hr>102</gpxtpx:hr>
<gpxtpx:cad>133</gpxtpx:cad>
</gpxtpx:TrackPointExtension>
</extensions>
</trkpt>
<trkpt lat="33.5884123" lon="130.4063236">
<ele>1.032</ele>
<time>2026-05-30T21:26:31Z</time>
<extensions>
<gpxtpx:TrackPointExtension>
<gpxtpx:hr>104</gpxtpx:hr>
</gpxtpx:TrackPointExtension>
</extensions>
</trkpt>
<trkpt lat="33.5884448" lon="130.4063065">
<ele>1.06</ele>
<time>2026-05-30T21:26:32Z</time>
<extensions>
<gpxtpx:TrackPointExtension>
<gpxtpx:hr>107</gpxtpx:hr>
</gpxtpx:TrackPointExtension>
</extensions>
</trkpt>
<trkpt lat="33.5884751" lon="130.4062884">
<ele>1.07</ele>
<time>2026-05-30T21:26:33Z</time>
<extensions>
<gpxtpx:TrackPointExtension>
<gpxtpx:hr>110</gpxtpx:hr>
</gpxtpx:TrackPointExtension>
</extensions>
</trkpt>
<trkpt lat="33.5885006" lon="130.4062666">
<ele>1.065</ele>
<time>2026-05-30T21:26:34Z</time>
<extensions>
<gpxtpx:TrackPointExtension>
<gpxtpx:hr>113</gpxtpx:hr>
</gpxtpx:TrackPointExtension>
</extensions>
</trkpt>
<trkpt lat="33.5885215" lon="130.4062425">
<ele>1.095</ele>
<time>2026-05-30T21:26:35Z</time>
<extensions>
<gpxtpx:TrackPointExtension>
<gpxtpx:hr>115</gpxtpx:hr>
<gpxtpx:cad>163</gpxtpx:cad>
</gpxtpx:TrackPointExtension>
</extensions>
</trkpt>
<trkpt lat="33.5885424" lon="130.4062183">
<ele>1.033</ele>
<time>2026-05-30T21:26:36Z</time>
<extensions>
<gpxtpx:TrackPointExtension>
<gpxtpx:hr>119</gpxtpx:hr>
</gpxtpx:TrackPointExtension>
</extensions>
</trkpt>
<trkpt lat="33.5885642" lon="130.4061939">
<ele>0.971</ele>
<time>2026-05-30T21:26:37Z</time>
<extensions>
<gpxtpx:TrackPointExtension>
<gpxtpx:hr>122</gpxtpx:hr>
</gpxtpx:TrackPointExtension>
</extensions>
</trkpt>
<trkpt lat="33.5885871" lon="130.4061692">
<ele>0.972</ele>
<time>2026-05-30T21:26:38Z</time>
<extensions>
<gpxtpx:TrackPointExtension>
<gpxtpx:hr>125</gpxtpx:hr>
</gpxtpx:TrackPointExtension>
</extensions>
</trkpt>
<trkpt lat="33.5886121" lon="130.4061458">
<ele>0.987</ele>
<time>2026-05-30T21:26:39Z</time>
<extensions>
<gpxtpx:TrackPointExtension>
<gpxtpx:hr>128</gpxtpx:hr>
</gpxtpx:TrackPointExtension>
</extensions>
</trkpt>
<trkpt lat="33.5886364" lon="130.406124">
<ele>0.958</ele>
<time>2026-05-30T21:26:40Z</time>
<extensions>
<gpxtpx:TrackPointExtension>
<gpxtpx:hr>131</gpxtpx:hr>
<gpxtpx:cad>177</gpxtpx:cad>
</gpxtpx:TrackPointExtension>
</extensions>
</trkpt>
<trkpt lat="33.5886596" lon="130.4061036">
<ele>0.902</ele>
<time>2026-05-30T21:26:41Z</time>
<extensions>
<gpxtpx:TrackPointExtension>
<gpxtpx:hr>133</gpxtpx:hr>
</gpxtpx:TrackPointExtension>
</extensions>
</trkpt>
<trkpt lat="33.5886812" lon="130.4060842">
<ele>0.87</ele>
<time>2026-05-30T21:26:42Z</time>
<extensions>
<gpxtpx:TrackPointExtension>
<gpxtpx:hr>135</gpxtpx:hr>
</gpxtpx:TrackPointExtension>
</extensions>
</trkpt>
<trkpt lat="33.5887023" lon="130.4060644">
<ele>0.854</ele>
<time>2026-05-30T21:26:43Z</time>
<extensions>
<gpxtpx:TrackPointExtension>
<gpxtpx:hr>138</gpxtpx:hr>
</gpxtpx:TrackPointExtension>
</extensions>
</trkpt>
<trkpt lat="33.5887215" lon="130.406046">
<ele>0.89</ele>
<time>2026-05-30T21:26:44Z</time>
<extensions>
<gpxtpx:TrackPointExtension>
<gpxtpx:hr>138</gpxtpx:hr>
</gpxtpx:TrackPointExtension>
</extensions>
</trkpt>
<trkpt lat="33.5887394" lon="130.4060296">
<ele>0.917</ele>
<time>2026-05-30T21:26:45Z</time>
<extensions>
<gpxtpx:TrackPointExtension>
<gpxtpx:hr>140</gpxtpx:hr>
<gpxtpx:cad>177</gpxtpx:cad>
</gpxtpx:TrackPointExtension>
</extensions>
</trkpt>
<trkpt lat="33.5887594" lon="130.4060115">
<ele>0.922</ele>
<time>2026-05-30T21:26:46Z</time>
<extensions>
<gpxtpx:TrackPointExtension>
<gpxtpx:hr>142</gpxtpx:hr>
</gpxtpx:TrackPointExtension>
</extensions>
</trkpt>
<trkpt lat="33.5887806" lon="130.4059918">
<ele>0.881</ele>
<time>2026-05-30T21:26:47Z</time>
<extensions>
<gpxtpx:TrackPointExtension>
<gpxtpx:hr>144</gpxtpx:hr>
<gpxtpx:cad>176</gpxtpx:cad>
</gpxtpx:TrackPointExtension>
</extensions>
</trkpt>
<trkpt lat="33.588799" lon="130.4059755">
<ele>0.982</ele>
<time>2026-05-30T21:26:48Z</time>
<extensions>
<gpxtpx:TrackPointExtension>
<gpxtpx:hr>147</gpxtpx:hr>
</gpxtpx:TrackPointExtension>
</extensions>
</trkpt>
<trkpt lat="33.5888196" lon="130.4059573">
<ele>0.955</ele>
<time>2026-05-30T21:26:49Z</time>
<extensions>
<gpxtpx:TrackPointExtension>
<gpxtpx:hr>147</gpxtpx:hr>
</gpxtpx:TrackPointExtension>
</extensions>
</trkpt>
<trkpt lat="33.5888375" lon="130.4059405">
<ele>0.931</ele>
<time>2026-05-30T21:26:50Z</time>
<extensions>
<gpxtpx:TrackPointExtension>
<gpxtpx:hr>147</gpxtpx:hr>
<gpxtpx:cad>174</gpxtpx:cad>
</gpxtpx:TrackPointExtension>
</extensions>
</trkpt>
<trkpt lat="33.5888567" lon="130.405923">
<ele>0.952</ele>
<time>2026-05-30T21:26:51Z</time>
<extensions>
<gpxtpx:TrackPointExtension>
<gpxtpx:hr>147</gpxtpx:hr>
</gpxtpx:TrackPointExtension>
</extensions>
</trkpt>
<trkpt lat="33.5888756" lon="130.4059056">
<ele>0.884</ele>
<time>2026-05-30T21:26:52Z</time>
<extensions>
<gpxtpx:TrackPointExtension>
<gpxtpx:hr>148</gpxtpx:hr>
</gpxtpx:TrackPointExtension>
</extensions>
</trkpt>
<trkpt lat="33.588894" lon="130.4058884">
<ele>0.864</ele>
<time>2026-05-30T21:26:53Z</time>
<extensions>
<gpxtpx:TrackPointExtension>
<gpxtpx:hr>148</gpxtpx:hr>
</gpxtpx:TrackPointExtension>
</extensions>
</trkpt>
<trkpt lat="33.5889126" lon="130.4058712">
<ele>0.874</ele>
<time>2026-05-30T21:26:54Z</time>
<extensions>
<gpxtpx:TrackPointExtension>
<gpxtpx:hr>148</gpxtpx:hr>
</gpxtpx:TrackPointExtension>
</extensions>
</trkpt>
<trkpt lat="33.5889308" lon="130.4058537">
<ele>0.855</ele>
<time>2026-05-30T21:26:55Z</time>
<extensions>
<gpxtpx:TrackPointExtension>
<gpxtpx:hr>148</gpxtpx:hr>
<gpxtpx:cad>173</gpxtpx:cad>
</gpxtpx:TrackPointExtension>
</extensions>
</trkpt>
<trkpt lat="33.5889493" lon="130.4058357">
<ele>0.873</ele>
<time>2026-05-30T21:26:56Z</time>
<extensions>
<gpxtpx:TrackPointExtension>
<gpxtpx:hr>148</gpxtpx:hr>
</gpxtpx:TrackPointExtension>
</extensions>
</trkpt>
<trkpt lat="33.5889677" lon="130.4058174">
<ele>0.932</ele>
<time>2026-05-30T21:26:57Z</time>
<extensions>
<gpxtpx:TrackPointExtension>
<gpxtpx:hr>148</gpxtpx:hr>
</gpxtpx:TrackPointExtension>
</extensions>
</trkpt>
<trkpt lat="33.5889862" lon="130.4058">
<ele>0.95</ele>
<time>2026-05-30T21:26:58Z</time>
<extensions>
<gpxtpx:TrackPointExtension>
<gpxtpx:hr>149</gpxtpx:hr>
</gpxtpx:TrackPointExtension>
</extensions>
</trkpt>
<trkpt lat="33.5890045" lon="130.4057823">
<ele>0.865</ele>
<time>2026-05-30T21:26:59Z</time>
<extensions>
<gpxtpx:TrackPointExtension>
<gpxtpx:hr>148</gpxtpx:hr>
</gpxtpx:TrackPointExtension>
</extensions>
</trkpt>
<trkpt lat="33.5890234" lon="130.4057633">
<ele>0.908</ele>
<time>2026-05-30T21:27:00Z</time>
<extensions>
<gpxtpx:TrackPointExtension>
<gpxtpx:hr>148</gpxtpx:hr>
<gpxtpx:cad>172</gpxtpx:cad>
</gpxtpx:TrackPointExtension>
</extensions>
</trkpt>
<trkpt lat="33.589042" lon="130.4057461">
<ele>1.03</ele>
<time>2026-05-30T21:27:01Z</time>
<extensions>
<gpxtpx:TrackPointExtension>
<gpxtpx:hr>148</gpxtpx:hr>
</gpxtpx:TrackPointExtension>
</extensions>
</trkpt>
<trkpt lat="33.5890613" lon="130.4057278">
<ele>0.963</ele>
<time>2026-05-30T21:27:02Z</time>
<extensions>
<gpxtpx:TrackPointExtension>
<gpxtpx:hr>148</gpxtpx:hr>
</gpxtpx:TrackPointExtension>
</extensions>
</trkpt>
<trkpt lat="33.5890809" lon="130.4057089">
<ele>1.005</ele>
<time>2026-05-30T21:27:03Z</time>
<extensions>
<gpxtpx:TrackPointExtension>
<gpxtpx:hr>148</gpxtpx:hr>
</gpxtpx:TrackPointExtension>
</extensions>
</trkpt>
<trkpt lat="33.5891017" lon="130.405688">
<ele>1.014</ele>
<time>2026-05-30T21:27:04Z</time>
<extensions>
<gpxtpx:TrackPointExtension>
<gpxtpx:hr>148</gpxtpx:hr>
</gpxtpx:TrackPointExtension>
</extensions>
</trkpt>
<trkpt lat="33.5891207" lon="130.4056696">
<ele>1.129</ele>
<time>2026-05-30T21:27:05Z</time>
<extensions>
<gpxtpx:TrackPointExtension>
<gpxtpx:hr>148</gpxtpx:hr>
<gpxtpx:cad>172</gpxtpx:cad>
</gpxtpx:TrackPointExtension>
</extensions>
</trkpt>
<trkpt lat="33.5891405" lon="130.4056497">
<ele>1.057</ele>
<time>2026-05-30T21:27:06Z</time>
<extensions>
<gpxtpx:TrackPointExtension>
<gpxtpx:hr>148</gpxtpx:hr>
</gpxtpx:TrackPointExtension>
</extensions>
</trkpt>
<trkpt lat="33.5891604" lon="130.4056298">
<ele>0.921</ele>
<time>2026-05-30T21:27:07Z</time>
<extensions>
<gpxtpx:TrackPointExtension>
<gpxtpx:hr>148</gpxtpx:hr>
</gpxtpx:TrackPointExtension>
</extensions>
</trkpt>
<trkpt lat="33.5891792" lon="130.4056104">
<ele>0.875</ele>
<time>2026-05-30T21:27:08Z</time>
<extensions>
<gpxtpx:TrackPointExtension>
<gpxtpx:hr>147</gpxtpx:hr>
</gpxtpx:TrackPointExtension>
</extensions>
</trkpt>
<trkpt lat="33.5892003" lon="130.4055903">
<ele>0.788</ele>
<time>2026-05-30T21:27:09Z</time>
<extensions>
<gpxtpx:TrackPointExtension>
<gpxtpx:hr>147</gpxtpx:hr>
</gpxtpx:TrackPointExtension>
</extensions>
</trkpt>
<trkpt lat="33.5892199" lon="130.4055702">
<ele>0.844</ele>
<time>2026-05-30T21:27:10Z</time>
<extensions>
<gpxtpx:TrackPointExtension>
<gpxtpx:hr>147</gpxtpx:hr>
<gpxtpx:cad>173</gpxtpx:cad>
</gpxtpx:TrackPointExtension>
</extensions>
</trkpt>
<trkpt lat="33.5892414" lon="130.4055496">
<ele>0.91</ele>
<time>2026-05-30T21:27:11Z</time>
<extensions>
<gpxtpx:TrackPointExtension>
<gpxtpx:hr>147</gpxtpx:hr>
</gpxtpx:TrackPointExtension>
</extensions>
</trkpt>
<trkpt lat="33.5892632" lon="130.405529">
<ele>0.855</ele>
<time>2026-05-30T21:27:12Z</time>
<extensions>
<gpxtpx:TrackPointExtension>
<gpxtpx:hr>147</gpxtpx:hr>
</gpxtpx:TrackPointExtension>
</extensions>
</trkpt>
<trkpt lat="33.5892861" lon="130.4055088">
<ele>0.813</ele>
<time>2026-05-30T21:27:13Z</time>
<extensions>
<gpxtpx:TrackPointExtension>
<gpxtpx:hr>147</gpxtpx:hr>
</gpxtpx:TrackPointExtension>
</extensions>
</trkpt>
<trkpt lat="33.5893073" lon="130.4054879">
<ele>0.851</ele>
<time>2026-05-30T21:27:14Z</time>
<extensions>
<gpxtpx:TrackPointExtension>
<gpxtpx:hr>147</gpxtpx:hr>
</gpxtpx:TrackPointExtension>
</extensions>
</trkpt>
<trkpt lat="33.5893302" lon="130.4054687">
<ele>0.91</ele>
<time>2026-05-30T21:27:15Z</time>
<extensions>
<gpxtpx:TrackPointExtension>
<gpxtpx:hr>147</gpxtpx:hr>
<gpxtpx:cad>173</gpxtpx:cad>
</gpxtpx:TrackPointExtension>
</extensions>
</trkpt>
<trkpt lat="33.5893525" lon="130.405449">
<ele>0.87</ele>
<time>2026-05-30T21:27:16Z</time>
<extensions>
<gpxtpx:TrackPointExtension>
<gpxtpx:hr>148</gpxtpx:hr>
</gpxtpx:TrackPointExtension>
</extensions>
</trkpt>
<trkpt lat="33.589375" lon="130.4054288">
<ele>0.923</ele>
<time>2026-05-30T21:27:17Z</time>
<extensions>
<gpxtpx:TrackPointExtension>
<gpxtpx:hr>148</gpxtpx:hr>
</gpxtpx:TrackPointExtension>
</extensions>
</trkpt>
<trkpt lat="33.5893982" lon="130.4054067">
<ele>1.064</ele>
<time>2026-05-30T21:27:18Z</time>
<extensions>
<gpxtpx:TrackPointExtension>
<gpxtpx:hr>148</gpxtpx:hr>
</gpxtpx:TrackPointExtension>
</extensions>
</trkpt>
<trkpt lat="33.5894219" lon="130.405386">
<ele>1.072</ele>
<time>2026-05-30T21:27:19Z</time>
<extensions>
<gpxtpx:TrackPointExtension>
<gpxtpx:hr>149</gpxtpx:hr>
</gpxtpx:TrackPointExtension>
</extensions>
</trkpt>
<trkpt lat="33.5894456" lon="130.4053661">
<ele>1.121</ele>
<time>2026-05-30T21:27:20Z</time>
<extensions>
<gpxtpx:TrackPointExtension>
<gpxtpx:hr>149</gpxtpx:hr>
<gpxtpx:cad>171</gpxtpx:cad>
</gpxtpx:TrackPointExtension>
</extensions>
</trkpt>
<trkpt lat="33.589469" lon="130.405348">
<ele>1.144</ele>
<time>2026-05-30T21:27:21Z</time>
<extensions>
<gpxtpx:TrackPointExtension>
<gpxtpx:hr>149</gpxtpx:hr>
</gpxtpx:TrackPointExtension>
</extensions>
</trkpt>
<trkpt lat="33.5894919" lon="130.4053307">
<ele>1.105</ele>
<time>2026-05-30T21:27:22Z</time>
<extensions>
<gpxtpx:TrackPointExtension>
<gpxtpx:hr>149</gpxtpx:hr>
<gpxtpx:cad>170</gpxtpx:cad>
</gpxtpx:TrackPointExtension>
</extensions>
</trkpt>
<trkpt lat="33.5895138" lon="130.4053143">
<ele>1.064</ele>
<time>2026-05-30T21:27:23Z</time>
<extensions>
<gpxtpx:TrackPointExtension>
<gpxtpx:hr>149</gpxtpx:hr>
</gpxtpx:TrackPointExtension>
</extensions>
</trkpt>
<trkpt lat="33.5895335" lon="130.4052978">
<ele>1.125</ele>
<time>2026-05-30T21:27:24Z</time>
<extensions>
<gpxtpx:TrackPointExtension>
<gpxtpx:hr>149</gpxtpx:hr>
</gpxtpx:TrackPointExtension>
</extensions>
</trkpt>
<trkpt lat="33.5895523" lon="130.4052798">
<ele>1.191</ele>
<time>2026-05-30T21:27:25Z</time>
<extensions>
<gpxtpx:TrackPointExtension>
<gpxtpx:hr>150</gpxtpx:hr>
<gpxtpx:cad>168</gpxtpx:cad>
</gpxtpx:TrackPointExtension>
</extensions>
</trkpt>
<trkpt lat="33.5895655" lon="130.4052586">
<ele>1.299</ele>
<time>2026-05-30T21:27:26Z</time>
<extensions>
<gpxtpx:TrackPointExtension>
<gpxtpx:hr>150</gpxtpx:hr>
</gpxtpx:TrackPointExtension>
</extensions>
</trkpt>
<trkpt lat="33.589575" lon="130.405236">
<ele>1.255</ele>
<time>2026-05-30T21:27:27Z</time>
<extensions>
<gpxtpx:TrackPointExtension>
<gpxtpx:hr>150</gpxtpx:hr>
</gpxtpx:TrackPointExtension>
</extensions>
</trkpt>
<trkpt lat="33.5895923" lon="130.4052168">
<ele>1.343</ele>
<time>2026-05-30T21:27:28Z</time>
<extensions>
<gpxtpx:TrackPointExtension>
<gpxtpx:hr>151</gpxtpx:hr>
</gpxtpx:TrackPointExtension>
</extensions>
</trkpt>
<trkpt lat="33.5895975" lon="130.4051936">
<ele>1.488</ele>
<time>2026-05-30T21:27:29Z</time>
<extensions>
<gpxtpx:TrackPointExtension>
<gpxtpx:hr>151</gpxtpx:hr>
</gpxtpx:TrackPointExtension>
</extensions>
</trkpt>
<trkpt lat="33.589605" lon="130.4051713">
<ele>1.51</ele>
<time>2026-05-30T21:27:30Z</time>
<extensions>
<gpxtpx:TrackPointExtension>
<gpxtpx:hr>152</gpxtpx:hr>
<gpxtpx:cad>168</gpxtpx:cad>
</gpxtpx:TrackPointExtension>
</extensions>
</trkpt>
<trkpt lat="33.5896035" lon="130.4051471">
<ele>1.509</ele>
<time>2026-05-30T21:27:31Z</time>
<extensions>
<gpxtpx:TrackPointExtension>
<gpxtpx:hr>152</gpxtpx:hr>
</gpxtpx:TrackPointExtension>
</extensions>
</trkpt>
<trkpt lat="33.5896054" lon="130.4051239">
<ele>1.498</ele>
<time>2026-05-30T21:27:32Z</time>
<extensions>
<gpxtpx:TrackPointExtension>
<gpxtpx:hr>153</gpxtpx:hr>
</gpxtpx:TrackPointExtension>
</extensions>
</trkpt>
<trkpt lat="33.5896108" lon="130.4051009">
<ele>1.522</ele>
<time>2026-05-30T21:27:33Z</time>
<extensions>
<gpxtpx:TrackPointExtension>
<gpxtpx:hr>153</gpxtpx:hr>
</gpxtpx:TrackPointExtension>
</extensions>
</trkpt>
<trkpt lat="33.5896072" lon="130.4050766">
<ele>1.56</ele>
<time>2026-05-30T21:27:34Z</time>
<extensions>
<gpxtpx:TrackPointExtension>
<gpxtpx:hr>154</gpxtpx:hr>
</gpxtpx:TrackPointExtension>
</extensions>
</trkpt>
<trkpt lat="33.5895961" lon="130.4050517">
<ele>1.538</ele>
<time>2026-05-30T21:27:35Z</time>
<extensions>
<gpxtpx:TrackPointExtension>
<gpxtpx:hr>153</gpxtpx:hr>
<gpxtpx:cad>169</gpxtpx:cad>
</gpxtpx:TrackPointExtension>
</extensions>
</trkpt>
<trkpt lat="33.5895839" lon="130.4050269">
<ele>1.592</ele>
<time>2026-05-30T21:27:36Z</time>
<extensions>
<gpxtpx:TrackPointExtension>
<gpxtpx:hr>154</gpxtpx:hr>
</gpxtpx:TrackPointExtension>
</extensions>
</trkpt>
<trkpt lat="33.5895788" lon="130.4050025">
<ele>1.568</ele>
<time>2026-05-30T21:27:37Z</time>
<extensions>
<gpxtpx:TrackPointExtension>
<gpxtpx:hr>154</gpxtpx:hr>
</gpxtpx:TrackPointExtension>
</extensions>
</trkpt>
<trkpt lat="33.5895676" lon="130.4049776">
<ele>1.546</ele>
<time>2026-05-30T21:27:38Z</time>
<extensions>
<gpxtpx:TrackPointExtension>
<gpxtpx:hr>155</gpxtpx:hr>
</gpxtpx:TrackPointExtension>
</extensions>
</trkpt>
<trkpt lat="33.5895551" lon="130.4049525">
<ele>1.62</ele>
<time>2026-05-30T21:27:39Z</time>
<extensions>
<gpxtpx:TrackPointExtension>
<gpxtpx:hr>155</gpxtpx:hr>
</gpxtpx:TrackPointExtension>
</extensions>
</trkpt>
<trkpt lat="33.5895428" lon="130.4049275">
<ele>1.66</ele>
<time>2026-05-30T21:27:40Z</time>
<extensions>
<gpxtpx:TrackPointExtension>
<gpxtpx:hr>155</gpxtpx:hr>
<gpxtpx:cad>172</gpxtpx:cad>
</gpxtpx:TrackPointExtension>
</extensions>
</trkpt>
<trkpt lat="33.5895279" lon="130.4049021">
<ele>1.686</ele>
<time>2026-05-30T21:27:41Z</time>
<extensions>
<gpxtpx:TrackPointExtension>
<gpxtpx:hr>156</gpxtpx:hr>
</gpxtpx:TrackPointExtension>
</extensions>
</trkpt>
<trkpt lat="33.5895126" lon="130.4048765">
<ele>1.753</ele>
<time>2026-05-30T21:27:42Z</time>
<extensions>
<gpxtpx:TrackPointExtension>
<gpxtpx:hr>156</gpxtpx:hr>
</gpxtpx:TrackPointExtension>
</extensions>
</trkpt>
<trkpt lat="33.5894978" lon="130.4048499">
<ele>1.829</ele>
<time>2026-05-30T21:27:43Z</time>
<extensions>
<gpxtpx:TrackPointExtension>
<gpxtpx:hr>156</gpxtpx:hr>
</gpxtpx:TrackPointExtension>
</extensions>
</trkpt>
<trkpt lat="33.5894834" lon="130.4048225">
<ele>1.824</ele>
<time>2026-05-30T21:27:44Z</time>
<extensions>
<gpxtpx:TrackPointExtension>
<gpxtpx:hr>156</gpxtpx:hr>
</gpxtpx:TrackPointExtension>
</extensions>
</trkpt>
<trkpt lat="33.5894694" lon="130.4047942">
<ele>1.801</ele>
<time>2026-05-30T21:27:45Z</time>
<extensions>
<gpxtpx:TrackPointExtension>
<gpxtpx:hr>156</gpxtpx:hr>
<gpxtpx:cad>172</gpxtpx:cad>
</gpxtpx:TrackPointExtension>
</extensions>
</trkpt>
<trkpt lat="33.5894562" lon="130.404764">
<ele>1.659</ele>
<time>2026-05-30T21:27:46Z</time>
<extensions>
<gpxtpx:TrackPointExtension>
<gpxtpx:hr>156</gpxtpx:hr>
</gpxtpx:TrackPointExtension>
</extensions>
</trkpt>
<trkpt lat="33.5894423" lon="130.4047361">
<ele>1.847</ele>
<time>2026-05-30T21:27:47Z</time>
<extensions>
<gpxtpx:TrackPointExtension>
<gpxtpx:hr>156</gpxtpx:hr>
</gpxtpx:TrackPointExtension>
</extensions>
</trkpt>
<trkpt lat="33.5894282" lon="130.4047079">
<ele>1.929</ele>
<time>2026-05-30T21:27:48Z</time>
<extensions>
<gpxtpx:TrackPointExtension>
<gpxtpx:hr>156</gpxtpx:hr>
</gpxtpx:TrackPointExtension>
</extensions>
</trkpt>
<trkpt lat="33.5894139" lon="130.4046795">
<ele>1.923</ele>
<time>2026-05-30T21:27:49Z</time>
<extensions>
<gpxtpx:TrackPointExtension>
<gpxtpx:hr>157</gpxtpx:hr>
</gpxtpx:TrackPointExtension>
</extensions>
</trkpt>
<trkpt lat="33.5893995" lon="130.4046508">
<ele>1.898</ele>
<time>2026-05-30T21:27:50Z</time>
<extensions>
<gpxtpx:TrackPointExtension>
<gpxtpx:hr>157</gpxtpx:hr>
<gpxtpx:cad>174</gpxtpx:cad>
</gpxtpx:TrackPointExtension>
</extensions>
</trkpt>
<trkpt lat="33.5893853" lon="130.4046223">
<ele>1.94</ele>
<time>2026-05-30T21:27:51Z</time>
<extensions>
<gpxtpx:TrackPointExtension>
<gpxtpx:hr>157</gpxtpx:hr>
</gpxtpx:TrackPointExtension>
</extensions>
</trkpt>
<trkpt lat="33.5893738" lon="130.4045907">
<ele>1.89</ele>
<time>2026-05-30T21:27:52Z</time>
<extensions>
<gpxtpx:TrackPointExtension>
<gpxtpx:hr>158</gpxtpx:hr>
</gpxtpx:TrackPointExtension>
</extensions>
</trkpt>
<trkpt lat="33.5893634" lon="130.4045603">
<ele>1.919</ele>
<time>2026-05-30T21:27:53Z</time>
<extensions>
<gpxtpx:TrackPointExtension>
<gpxtpx:hr>158</gpxtpx:hr>
</gpxtpx:TrackPointExtension>
</extensions>
</trkpt>
<trkpt lat="33.5893541" lon="130.4045315">
<ele>1.976</ele>
<time>2026-05-30T21:27:54Z</time>
<extensions>
<gpxtpx:TrackPointExtension>
<gpxtpx:hr>159</gpxtpx:hr>
</gpxtpx:TrackPointExtension>
</extensions>
</trkpt>
<trkpt lat="33.5893412" lon="130.4045018">
<ele>1.984</ele>
<time>2026-05-30T21:27:55Z</time>
<extensions>
<gpxtpx:TrackPointExtension>
<gpxtpx:hr>159</gpxtpx:hr>
<gpxtpx:cad>174</gpxtpx:cad>
</gpxtpx:TrackPointExtension>
</extensions>
</trkpt>
<trkpt lat="33.5893269" lon="130.4044693">
<ele>1.861</ele>
<time>2026-05-30T21:27:56Z</time>
<extensions>
<gpxtpx:TrackPointExtension>
<gpxtpx:hr>160</gpxtpx:hr>
<gpxtpx:cad>174</gpxtpx:cad>
</gpxtpx:TrackPointExtension>
</extensions>
</trkpt>
<trkpt lat="33.5893133" lon="130.4044355">
<ele>1.78</ele>
<time>2026-05-30T21:27:57Z</time>
<extensions>
<gpxtpx:TrackPointExtension>
<gpxtpx:hr>160</gpxtpx:hr>
</gpxtpx:TrackPointExtension>
</extensions>
</trkpt>
<trkpt lat="33.5893008" lon="130.404401">
<ele>1.695</ele>
<time>2026-05-30T21:27:58Z</time>
<extensions>
<gpxtpx:TrackPointExtension>
<gpxtpx:hr>160</gpxtpx:hr>
</gpxtpx:TrackPointExtension>
</extensions>
</trkpt>
<trkpt lat="33.5892907" lon="130.4043685">
<ele>1.629</ele>
<time>2026-05-30T21:27:59Z</time>
<extensions>
<gpxtpx:TrackPointExtension>
<gpxtpx:hr>160</gpxtpx:hr>
</gpxtpx:TrackPointExtension>
</extensions>
</trkpt>
<trkpt lat="33.5892828" lon="130.4043398">
<ele>1.621</ele>
<time>2026-05-30T21:28:00Z</time>
<extensions>
<gpxtpx:TrackPointExtension>
<gpxtpx:hr>160</gpxtpx:hr>
<gpxtpx:cad>169</gpxtpx:cad>
</gpxtpx:TrackPointExtension>
</extensions>
</trkpt>
<trkpt lat="33.5892764" lon="130.404314">
<ele>1.559</ele>
<time>2026-05-30T21:28:01Z</time>
<extensions>
<gpxtpx:TrackPointExtension>
<gpxtpx:hr>160</gpxtpx:hr>
</gpxtpx:TrackPointExtension>
</extensions>
</trkpt>
<trkpt lat="33.5892714" lon="130.4042911">
<ele>1.469</ele>
<time>2026-05-30T21:28:02Z</time>
<extensions>
<gpxtpx:TrackPointExtension>
<gpxtpx:hr>160</gpxtpx:hr>
</gpxtpx:TrackPointExtension>
</extensions>
</trkpt>
<trkpt lat="33.5892657" lon="130.4042668">
<ele>1.437</ele>
<time>2026-05-30T21:28:03Z</time>
<extensions>
<gpxtpx:TrackPointExtension>
<gpxtpx:hr>160</gpxtpx:hr>
</gpxtpx:TrackPointExtension>
</extensions>
</trkpt>
<trkpt lat="33.5892613" lon="130.4042452">
<ele>1.414</ele>
<time>2026-05-30T21:28:04Z</time>
<extensions>
<gpxtpx:TrackPointExtension>
<gpxtpx:hr>160</gpxtpx:hr>
</gpxtpx:TrackPointExtension>
</extensions>
</trkpt>
<trkpt lat="33.5892583" lon="130.4042265">
<ele>1.454</ele>
<time>2026-05-30T21:28:05Z</time>
<extensions>
<gpxtpx:TrackPointExtension>
<gpxtpx:hr>160</gpxtpx:hr>
<gpxtpx:cad>127</gpxtpx:cad>
</gpxtpx:TrackPointExtension>
</extensions>
</trkpt>
<trkpt lat="33.5892564" lon="130.4042108">
<ele>1.459</ele>
<time>2026-05-30T21:28:06Z</time>
<extensions>
<gpxtpx:TrackPointExtension>
<gpxtpx:hr>160</gpxtpx:hr>
</gpxtpx:TrackPointExtension>
</extensions>
</trkpt>
<trkpt lat="33.5892554" lon="130.4041977">
<ele>1.419</ele>
<time>2026-05-30T21:28:07Z</time>
<extensions>
<gpxtpx:TrackPointExtension>
<gpxtpx:hr>159</gpxtpx:hr>
</gpxtpx:TrackPointExtension>
</extensions>
</trkpt>
<trkpt lat="33.5892553" lon="130.4041888">
<ele>1.421</ele>
<time>2026-05-30T21:28:08Z</time>
<extensions>
<gpxtpx:TrackPointExtension>
<gpxtpx:hr>159</gpxtpx:hr>
</gpxtpx:TrackPointExtension>
</extensions>
</trkpt>
<trkpt lat="33.5892552" lon="130.4041816">
<ele>1.411</ele>
<time>2026-05-30T21:28:09Z</time>
<extensions>
<gpxtpx:TrackPointExtension>
<gpxtpx:hr>158</gpxtpx:hr>
</gpxtpx:TrackPointExtension>
</extensions>
</trkpt>
<trkpt lat="33.5892551" lon="130.4041757">
<ele>1.458</ele>
<time>2026-05-30T21:28:10Z</time>
<extensions>
<gpxtpx:TrackPointExtension>
<gpxtpx:hr>157</gpxtpx:hr>
<gpxtpx:cad>14</gpxtpx:cad>
</gpxtpx:TrackPointExtension>
</extensions>
</trkpt>
<trkpt lat="33.589255" lon="130.4041709">
<ele>1.478</ele>
<time>2026-05-30T21:28:11Z</time>
<extensions>
<gpxtpx:TrackPointExtension>
<gpxtpx:hr>156</gpxtpx:hr>
</gpxtpx:TrackPointExtension>
</extensions>
</trkpt>
<trkpt lat="33.5892548" lon="130.4041669">
<ele>1.474</ele>
<time>2026-05-30T21:28:12Z</time>
<extensions>
<gpxtpx:TrackPointExtension>
<gpxtpx:hr>155</gpxtpx:hr>
</gpxtpx:TrackPointExtension>
</extensions>
</trkpt>
<trkpt lat="33.5892544" lon="130.4041634">
<ele>1.497</ele>
<time>2026-05-30T21:28:13Z</time>
<extensions>
<gpxtpx:TrackPointExtension>
<gpxtpx:hr>155</gpxtpx:hr>
</gpxtpx:TrackPointExtension>
</extensions>
</trkpt>
<trkpt lat="33.5892542" lon="130.4041595">
<ele>1.521</ele>
<time>2026-05-30T21:28:14Z</time>
<extensions>
<gpxtpx:TrackPointExtension>
<gpxtpx:hr>154</gpxtpx:hr>
</gpxtpx:TrackPointExtension>
</extensions>
</trkpt>
<trkpt lat="33.5892535" lon="130.4041569">
<ele>1.512</ele>
<time>2026-05-30T21:28:15Z</time>
<extensions>
<gpxtpx:TrackPointExtension>
<gpxtpx:hr>153</gpxtpx:hr>
</gpxtpx:TrackPointExtension>
</extensions>
</trkpt>
<trkpt lat="33.589253" lon="130.4041541">
<ele>1.513</ele>
<time>2026-05-30T21:28:16Z</time>
<extensions>
<gpxtpx:TrackPointExtension>
<gpxtpx:hr>153</gpxtpx:hr>
</gpxtpx:TrackPointExtension>
</extensions>
</trkpt>
<trkpt lat="33.5892518" lon="130.4041513">
<ele>1.475</ele>
<time>2026-05-30T21:28:17Z</time>
<extensions>
<gpxtpx:TrackPointExtension>
<gpxtpx:hr>151</gpxtpx:hr>
</gpxtpx:TrackPointExtension>
</extensions>
</trkpt>
<trkpt lat="33.58925" lon="130.4041479">
<ele>1.477</ele>
<time>2026-05-30T21:28:18Z</time>
<extensions>
<gpxtpx:TrackPointExtension>
<gpxtpx:hr>150</gpxtpx:hr>
</gpxtpx:TrackPointExtension>
</extensions>
</trkpt>
<trkpt lat="33.5892473" lon="130.4041435">
<ele>1.441</ele>
<time>2026-05-30T21:28:19Z</time>
<extensions>
<gpxtpx:TrackPointExtension>
<gpxtpx:hr>149</gpxtpx:hr>
</gpxtpx:TrackPointExtension>
</extensions>
</trkpt>
<trkpt lat="33.5892452" lon="130.4041398">
<ele>1.617</ele>
<time>2026-05-30T21:28:20Z</time>
<extensions>
<gpxtpx:TrackPointExtension>
<gpxtpx:hr>148</gpxtpx:hr>
</gpxtpx:TrackPointExtension>
</extensions>
</trkpt>
<trkpt lat="33.5892406" lon="130.404133">
<ele>1.722</ele>
<time>2026-05-30T21:28:21Z</time>
<extensions>
<gpxtpx:TrackPointExtension>
<gpxtpx:hr>147</gpxtpx:hr>
</gpxtpx:TrackPointExtension>
</extensions>
</trkpt>
<trkpt lat="33.5892328" lon="130.4041215">
<ele>1.802</ele>
<time>2026-05-30T21:28:22Z</time>
<extensions>
<gpxtpx:TrackPointExtension>
<gpxtpx:hr>147</gpxtpx:hr>
</gpxtpx:TrackPointExtension>
</extensions>
</trkpt>
<trkpt lat="33.5892228" lon="130.4041063">
<ele>1.85</ele>
<time>2026-05-30T21:28:23Z</time>
<extensions>
<gpxtpx:TrackPointExtension>
<gpxtpx:hr>147</gpxtpx:hr>
</gpxtpx:TrackPointExtension>
</extensions>
</trkpt>
<trkpt lat="33.5892096" lon="130.4040856">
<ele>1.997</ele>
<time>2026-05-30T21:28:24Z</time>
<extensions>
<gpxtpx:TrackPointExtension>
<gpxtpx:hr>150</gpxtpx:hr>
</gpxtpx:TrackPointExtension>
</extensions>
</trkpt>
<trkpt lat="33.5891929" lon="130.4040588">
<ele>2.012</ele>
<time>2026-05-30T21:28:25Z</time>
<extensions>
<gpxtpx:TrackPointExtension>
<gpxtpx:hr>150</gpxtpx:hr>
<gpxtpx:cad>50</gpxtpx:cad>
</gpxtpx:TrackPointExtension>
</extensions>
</trkpt>
<trkpt lat="33.5891728" lon="130.404026">
<ele>2.256</ele>
<time>2026-05-30T21:28:26Z</time>
<extensions>
<gpxtpx:TrackPointExtension>
<gpxtpx:hr>153</gpxtpx:hr>
</gpxtpx:TrackPointExtension>
</extensions>
</trkpt>
<trkpt lat="33.5891656" lon="130.4040136">
<ele>2.359</ele>
<time>2026-05-30T21:28:27Z</time>
<extensions>
<gpxtpx:TrackPointExtension>
<gpxtpx:hr>153</gpxtpx:hr>
</gpxtpx:TrackPointExtension>
</extensions>
</trkpt>
<trkpt lat="33.5891576" lon="130.4040002">
<ele>2.438</ele>
<time>2026-05-30T21:28:28Z</time>
<extensions>
<gpxtpx:TrackPointExtension>
<gpxtpx:hr>155</gpxtpx:hr>
</gpxtpx:TrackPointExtension>
</extensions>
</trkpt>
<trkpt lat="33.5891485" lon="130.4039855">
<ele>2.452</ele>
<time>2026-05-30T21:28:29Z</time>
<extensions>
<gpxtpx:TrackPointExtension>
<gpxtpx:hr>155</gpxtpx:hr>
</gpxtpx:TrackPointExtension>
</extensions>
</trkpt>
<trkpt lat="33.5891385" lon="130.4039693">
<ele>2.501</ele>
<time>2026-05-30T21:28:30Z</time>
<extensions>
<gpxtpx:TrackPointExtension>
<gpxtpx:hr>155</gpxtpx:hr>
<gpxtpx:cad>138</gpxtpx:cad>
</gpxtpx:TrackPointExtension>
</extensions>
</trkpt>
<trkpt lat="33.5891274" lon="130.4039512">
<ele>2.602</ele>
<time>2026-05-30T21:28:31Z</time>
<extensions>
<gpxtpx:TrackPointExtension>
<gpxtpx:hr>155</gpxtpx:hr>
</gpxtpx:TrackPointExtension>
</extensions>
</trkpt>
<trkpt lat="33.5891151" lon="130.4039313">
<ele>2.562</ele>
<time>2026-05-30T21:28:32Z</time>
<extensions>
<gpxtpx:TrackPointExtension>
<gpxtpx:hr>155</gpxtpx:hr>
</gpxtpx:TrackPointExtension>
</extensions>
</trkpt>
<trkpt lat="33.5891017" lon="130.4039093">
<ele>2.611</ele>
<time>2026-05-30T21:28:33Z</time>
<extensions>
<gpxtpx:TrackPointExtension>
<gpxtpx:hr>155</gpxtpx:hr>
</gpxtpx:TrackPointExtension>
</extensions>
</trkpt>
<trkpt lat="33.5890865" lon="130.4038839">
<ele>2.547</ele>
<time>2026-05-30T21:28:34Z</time>
<extensions>
<gpxtpx:TrackPointExtension>
<gpxtpx:hr>154</gpxtpx:hr>
</gpxtpx:TrackPointExtension>
</extensions>
</trkpt>
<trkpt lat="33.5890708" lon="130.4038578">
<ele>2.561</ele>
<time>2026-05-30T21:28:35Z</time>
<extensions>
<gpxtpx:TrackPointExtension>
<gpxtpx:hr>154</gpxtpx:hr>
<gpxtpx:cad>176</gpxtpx:cad>
</gpxtpx:TrackPointExtension>
</extensions>
</trkpt>
<trkpt lat="33.5890545" lon="130.4038308">
<ele>2.566</ele>
<time>2026-05-30T21:28:36Z</time>
<extensions>
<gpxtpx:TrackPointExtension>
<gpxtpx:hr>154</gpxtpx:hr>
</gpxtpx:TrackPointExtension>
</extensions>
</trkpt>
<trkpt lat="33.5890377" lon="130.4038027">
<ele>2.561</ele>
<time>2026-05-30T21:28:37Z</time>
<extensions>
<gpxtpx:TrackPointExtension>
<gpxtpx:hr>155</gpxtpx:hr>
</gpxtpx:TrackPointExtension>
</extensions>
</trkpt>
<trkpt lat="33.5890206" lon="130.4037707">
<ele>2.469</ele>
<time>2026-05-30T21:28:38Z</time>
<extensions>
<gpxtpx:TrackPointExtension>
<gpxtpx:hr>155</gpxtpx:hr>
</gpxtpx:TrackPointExtension>
</extensions>
</trkpt>
<trkpt lat="33.5890033" lon="130.4037416">
<ele>2.36</ele>
<time>2026-05-30T21:28:39Z</time>
<extensions>
<gpxtpx:TrackPointExtension>
<gpxtpx:hr>155</gpxtpx:hr>
</gpxtpx:TrackPointExtension>
</extensions>
</trkpt>
<trkpt lat="33.5889855" lon="130.4037116">
<ele>2.216</ele>
<time>2026-05-30T21:28:40Z</time>
<extensions>
<gpxtpx:TrackPointExtension>
<gpxtpx:hr>156</gpxtpx:hr>
<gpxtpx:cad>180</gpxtpx:cad>
</gpxtpx:TrackPointExtension>
</extensions>
</trkpt>
<trkpt lat="33.5889684" lon="130.4036805">
<ele>2.067</ele>
<time>2026-05-30T21:28:41Z</time>
<extensions>
<gpxtpx:TrackPointExtension>
<gpxtpx:hr>156</gpxtpx:hr>
</gpxtpx:TrackPointExtension>
</extensions>
</trkpt>
<trkpt lat="33.5889515" lon="130.4036475">
<ele>2.035</ele>
<time>2026-05-30T21:28:42Z</time>
<extensions>
<gpxtpx:TrackPointExtension>
<gpxtpx:hr>157</gpxtpx:hr>
</gpxtpx:TrackPointExtension>
</extensions>
</trkpt>
<trkpt lat="33.5889341" lon="130.4036161">
<ele>1.967</ele>
<time>2026-05-30T21:28:43Z</time>
<extensions>
<gpxtpx:TrackPointExtension>
<gpxtpx:hr>157</gpxtpx:hr>
</gpxtpx:TrackPointExtension>
</extensions>
</trkpt>
<trkpt lat="33.5889166" lon="130.4035844">
<ele>1.728</ele>
<time>2026-05-30T21:28:44Z</time>
<extensions>
<gpxtpx:TrackPointExtension>
<gpxtpx:hr>157</gpxtpx:hr>
</gpxtpx:TrackPointExtension>
</extensions>
</trkpt>
<trkpt lat="33.5888997" lon="130.4035479">
<ele>1.625</ele>
<time>2026-05-30T21:28:45Z</time>
<extensions>
<gpxtpx:TrackPointExtension>
<gpxtpx:hr>158</gpxtpx:hr>
<gpxtpx:cad>182</gpxtpx:cad>
</gpxtpx:TrackPointExtension>
</extensions>
</trkpt>
<trkpt lat="33.5888824" lon="130.4035151">
<ele>1.571</ele>
<time>2026-05-30T21:28:46Z</time>
<extensions>
<gpxtpx:TrackPointExtension>
<gpxtpx:hr>159</gpxtpx:hr>
<gpxtpx:cad>182</gpxtpx:cad>
</gpxtpx:TrackPointExtension>
</extensions>
</trkpt>
<trkpt lat="33.5888653" lon="130.4034813">
<ele>1.516</ele>
<time>2026-05-30T21:28:47Z</time>
<extensions>
<gpxtpx:TrackPointExtension>
<gpxtpx:hr>159</gpxtpx:hr>
</gpxtpx:TrackPointExtension>
</extensions>
</trkpt>
<trkpt lat="33.5888486" lon="130.4034459">
<ele>1.438</ele>
<time>2026-05-30T21:28:48Z</time>
<extensions>
<gpxtpx:TrackPointExtension>
<gpxtpx:hr>160</gpxtpx:hr>
</gpxtpx:TrackPointExtension>
</extensions>
</trkpt>
<trkpt lat="33.5888326" lon="130.4034083">
<ele>1.326</ele>
<time>2026-05-30T21:28:49Z</time>
<extensions>
<gpxtpx:TrackPointExtension>
<gpxtpx:hr>160</gpxtpx:hr>
<gpxtpx:cad>181</gpxtpx:cad>
</gpxtpx:TrackPointExtension>
</extensions>
</trkpt>
<trkpt lat="33.5888163" lon="130.4033674">
<ele>1.325</ele>
<time>2026-05-30T21:28:50Z</time>
<extensions>
<gpxtpx:TrackPointExtension>
<gpxtpx:hr>160</gpxtpx:hr>
</gpxtpx:TrackPointExtension>
</extensions>
</trkpt>
<trkpt lat="33.5887994" lon="130.4033259">
<ele>1.233</ele>
<time>2026-05-30T21:28:51Z</time>
<extensions>
<gpxtpx:TrackPointExtension>
<gpxtpx:hr>160</gpxtpx:hr>
</gpxtpx:TrackPointExtension>
</extensions>
</trkpt>
<trkpt lat="33.5887814" lon="130.4032842">
<ele>1.22</ele>
<time>2026-05-30T21:28:52Z</time>
<extensions>
<gpxtpx:TrackPointExtension>
<gpxtpx:hr>159</gpxtpx:hr>
</gpxtpx:TrackPointExtension>
</extensions>
</trkpt>
<trkpt lat="33.5887623" lon="130.4032425">
<ele>1.307</ele>
<time>2026-05-30T21:28:53Z</time>
<extensions>
<gpxtpx:TrackPointExtension>
<gpxtpx:hr>159</gpxtpx:hr>
</gpxtpx:TrackPointExtension>
</extensions>
</trkpt>
<trkpt lat="33.5887442" lon="130.4032002">
<ele>1.257</ele>
<time>2026-05-30T21:28:54Z</time>
<extensions>
<gpxtpx:TrackPointExtension>
<gpxtpx:hr>160</gpxtpx:hr>
<gpxtpx:cad>178</gpxtpx:cad>
</gpxtpx:TrackPointExtension>
</extensions>
</trkpt>
<trkpt lat="33.5887223" lon="130.4031592">
<ele>1.171</ele>
<time>2026-05-30T21:28:55Z</time>
<extensions>
<gpxtpx:TrackPointExtension>
<gpxtpx:hr>161</gpxtpx:hr>
</gpxtpx:TrackPointExtension>
</extensions>
</trkpt>
<trkpt lat="33.5887003" lon="130.4031183">
<ele>1.28</ele>
<time>2026-05-30T21:28:56Z</time>
<extensions>
<gpxtpx:TrackPointExtension>
<gpxtpx:hr>161</gpxtpx:hr>
</gpxtpx:TrackPointExtension>
</extensions>
</trkpt>
<trkpt lat="33.5886759" lon="130.4030783">
<ele>1.142</ele>
<time>2026-05-30T21:28:57Z</time>
<extensions>
<gpxtpx:TrackPointExtension>
<gpxtpx:hr>162</gpxtpx:hr>
</gpxtpx:TrackPointExtension>
</extensions>
</trkpt>
<trkpt lat="33.5886518" lon="130.4030382">
<ele>1.075</ele>
<time>2026-05-30T21:28:58Z</time>
<extensions>
<gpxtpx:TrackPointExtension>
<gpxtpx:hr>162</gpxtpx:hr>
</gpxtpx:TrackPointExtension>
</extensions>
</trkpt>
<trkpt lat="33.5886315" lon="130.4029976">
<ele>1.033</ele>
<time>2026-05-30T21:28:59Z</time>
<extensions>
<gpxtpx:TrackPointExtension>
<gpxtpx:hr>162</gpxtpx:hr>
<gpxtpx:cad>178</gpxtpx:cad>
</gpxtpx:TrackPointExtension>
</extensions>
</trkpt>
<trkpt lat="33.5886112" lon="130.4029572">
<ele>0.994</ele>
<time>2026-05-30T21:29:00Z</time>
<extensions>
<gpxtpx:TrackPointExtension>
<gpxtpx:hr>162</gpxtpx:hr>
</gpxtpx:TrackPointExtension>
</extensions>
</trkpt>
<trkpt lat="33.5885961" lon="130.4029169">
<ele>1.051</ele>
<time>2026-05-30T21:29:01Z</time>
<extensions>
<gpxtpx:TrackPointExtension>
<gpxtpx:hr>162</gpxtpx:hr>
</gpxtpx:TrackPointExtension>
</extensions>
</trkpt>
<trkpt lat="33.5885796" lon="130.4028769">
<ele>0.987</ele>
<time>2026-05-30T21:29:02Z</time>
<extensions>
<gpxtpx:TrackPointExtension>
<gpxtpx:hr>161</gpxtpx:hr>
</gpxtpx:TrackPointExtension>
</extensions>
</trkpt>
<trkpt lat="33.5885667" lon="130.4028383">
<ele>0.992</ele>
<time>2026-05-30T21:29:03Z</time>
<extensions>
<gpxtpx:TrackPointExtension>
<gpxtpx:hr>161</gpxtpx:hr>
</gpxtpx:TrackPointExtension>
</extensions>
</trkpt>
<trkpt lat="33.5885509" lon="130.4027984">
<ele>1.007</ele>
<time>2026-05-30T21:29:04Z</time>
<extensions>
<gpxtpx:TrackPointExtension>
<gpxtpx:hr>161</gpxtpx:hr>
<gpxtpx:cad>178</gpxtpx:cad>
</gpxtpx:TrackPointExtension>
</extensions>
</trkpt>
<trkpt lat="33.5885381" lon="130.4027619">
<ele>0.954</ele>
<time>2026-05-30T21:29:05Z</time>
<extensions>
<gpxtpx:TrackPointExtension>
<gpxtpx:hr>161</gpxtpx:hr>
</gpxtpx:TrackPointExtension>
</extensions>
</trkpt>
<trkpt lat="33.5885237" lon="130.4027271">
<ele>0.922</ele>
<time>2026-05-30T21:29:06Z</time>
<extensions>
<gpxtpx:TrackPointExtension>
<gpxtpx:hr>162</gpxtpx:hr>
</gpxtpx:TrackPointExtension>
</extensions>
</trkpt>
<trkpt lat="33.5885086" lon="130.4026915">
<ele>0.962</ele>
<time>2026-05-30T21:29:07Z</time>
<extensions>
<gpxtpx:TrackPointExtension>
<gpxtpx:hr>162</gpxtpx:hr>
</gpxtpx:TrackPointExtension>
</extensions>
</trkpt>
<trkpt lat="33.588493" lon="130.4026571">
<ele>1.01</ele>
<time>2026-05-30T21:29:08Z</time>
<extensions>
<gpxtpx:TrackPointExtension>
<gpxtpx:hr>163</gpxtpx:hr>
</gpxtpx:TrackPointExtension>
</extensions>
</trkpt>
<trkpt lat="33.5884775" lon="130.4026227">
<ele>0.968</ele>
<time>2026-05-30T21:29:09Z</time>
<extensions>
<gpxtpx:TrackPointExtension>
<gpxtpx:hr>163</gpxtpx:hr>
<gpxtpx:cad>178</gpxtpx:cad>
</gpxtpx:TrackPointExtension>
</extensions>
</trkpt>
<trkpt lat="33.5884583" lon="130.4025917">
<ele>0.811</ele>
<time>2026-05-30T21:29:10Z</time>
<extensions>
<gpxtpx:TrackPointExtension>
<gpxtpx:hr>163</gpxtpx:hr>
<gpxtpx:cad>178</gpxtpx:cad>
</gpxtpx:TrackPointExtension>
</extensions>
</trkpt>
<trkpt lat="33.5884427" lon="130.4025584">
<ele>0.755</ele>
<time>2026-05-30T21:29:11Z</time>
<extensions>
<gpxtpx:TrackPointExtension>
<gpxtpx:hr>162</gpxtpx:hr>
</gpxtpx:TrackPointExtension>
</extensions>
</trkpt>
<trkpt lat="33.5884253" lon="130.4025268">
<ele>0.904</ele>
<time>2026-05-30T21:29:12Z</time>
<extensions>
<gpxtpx:TrackPointExtension>
<gpxtpx:hr>162</gpxtpx:hr>
</gpxtpx:TrackPointExtension>
</extensions>
</trkpt>
<trkpt lat="33.5884012" lon="130.4024994">
<ele>1.03</ele>
<time>2026-05-30T21:29:13Z</time>
<extensions>
<gpxtpx:TrackPointExtension>
<gpxtpx:hr>162</gpxtpx:hr>
</gpxtpx:TrackPointExtension>
</extensions>
</trkpt>
<trkpt lat="33.5883805" lon="130.4024701">
<ele>1.068</ele>
<time>2026-05-30T21:29:14Z</time>
<extensions>
<gpxtpx:TrackPointExtension>
<gpxtpx:hr>162</gpxtpx:hr>
<gpxtpx:cad>180</gpxtpx:cad>
</gpxtpx:TrackPointExtension>
</extensions>
</trkpt>
<trkpt lat="33.5883563" lon="130.4024428">
<ele>1.018</ele>
<time>2026-05-30T21:29:15Z</time>
<extensions>
<gpxtpx:TrackPointExtension>
<gpxtpx:hr>162</gpxtpx:hr>
</gpxtpx:TrackPointExtension>
</extensions>
</trkpt>
<trkpt lat="33.5883318" lon="130.4024156">
<ele>1.053</ele>
<time>2026-05-30T21:29:16Z</time>
<extensions>
<gpxtpx:TrackPointExtension>
<gpxtpx:hr>163</gpxtpx:hr>
</gpxtpx:TrackPointExtension>
</extensions>
</trkpt>
<trkpt lat="33.5883077" lon="130.4023883">
<ele>1.082</ele>
<time>2026-05-30T21:29:17Z</time>
<extensions>
<gpxtpx:TrackPointExtension>
<gpxtpx:hr>162</gpxtpx:hr>
</gpxtpx:TrackPointExtension>
</extensions>
</trkpt>
<trkpt lat="33.5882854" lon="130.4023601">
<ele>1.098</ele>
<time>2026-05-30T21:29:18Z</time>
<extensions>
<gpxtpx:TrackPointExtension>
<gpxtpx:hr>162</gpxtpx:hr>
</gpxtpx:TrackPointExtension>
</extensions>
</trkpt>
<trkpt lat="33.5882675" lon="130.4023294">
<ele>1.159</ele>
<time>2026-05-30T21:29:19Z</time>
<extensions>
<gpxtpx:TrackPointExtension>
<gpxtpx:hr>161</gpxtpx:hr>
<gpxtpx:cad>181</gpxtpx:cad>
</gpxtpx:TrackPointExtension>
</extensions>
</trkpt>
<trkpt lat="33.5882459" lon="130.4023008">
<ele>1.19</ele>
<time>2026-05-30T21:29:20Z</time>
<extensions>
<gpxtpx:TrackPointExtension>
<gpxtpx:hr>161</gpxtpx:hr>
</gpxtpx:TrackPointExtension>
</extensions>
</trkpt>
<trkpt lat="33.5882318" lon="130.4022679">
<ele>1.271</ele>
<time>2026-05-30T21:29:21Z</time>
<extensions>
<gpxtpx:TrackPointExtension>
<gpxtpx:hr>161</gpxtpx:hr>
</gpxtpx:TrackPointExtension>
</extensions>
</trkpt>
<trkpt lat="33.5882159" lon="130.402236">
<ele>1.335</ele>
<time>2026-05-30T21:29:22Z</time>
<extensions>
<gpxtpx:TrackPointExtension>
<gpxtpx:hr>161</gpxtpx:hr>
</gpxtpx:TrackPointExtension>
</extensions>
</trkpt>
<trkpt lat="33.5881999" lon="130.4022041">
<ele>1.358</ele>
<time>2026-05-30T21:29:23Z</time>
<extensions>
<gpxtpx:TrackPointExtension>
<gpxtpx:hr>161</gpxtpx:hr>
</gpxtpx:TrackPointExtension>
</extensions>
</trkpt>
<trkpt lat="33.5881842" lon="130.4021721">
<ele>1.363</ele>
<time>2026-05-30T21:29:24Z</time>
<extensions>
<gpxtpx:TrackPointExtension>
<gpxtpx:hr>164</gpxtpx:hr>
<gpxtpx:cad>181</gpxtpx:cad>
</gpxtpx:TrackPointExtension>
</extensions>
</trkpt>
<trkpt lat="33.5881698" lon="130.4021393">
<ele>1.363</ele>
<time>2026-05-30T21:29:25Z</time>
<extensions>
<gpxtpx:TrackPointExtension>
<gpxtpx:hr>165</gpxtpx:hr>
</gpxtpx:TrackPointExtension>
</extensions>
</trkpt>
<trkpt lat="33.5881583" lon="130.4021048">
<ele>1.356</ele>
<time>2026-05-30T21:29:26Z</time>
<extensions>
<gpxtpx:TrackPointExtension>
<gpxtpx:hr>165</gpxtpx:hr>
</gpxtpx:TrackPointExtension>
</extensions>
</trkpt>
<trkpt lat="33.588145" lon="130.4020714">
<ele>1.365</ele>
<time>2026-05-30T21:29:27Z</time>
<extensions>
<gpxtpx:TrackPointExtension>
<gpxtpx:hr>166</gpxtpx:hr>
</gpxtpx:TrackPointExtension>
</extensions>
</trkpt>
<trkpt lat="33.5881345" lon="130.4020363">
<ele>1.383</ele>
<time>2026-05-30T21:29:28Z</time>
<extensions>
<gpxtpx:TrackPointExtension>
<gpxtpx:hr>167</gpxtpx:hr>
</gpxtpx:TrackPointExtension>
</extensions>
</trkpt>
<trkpt lat="33.5881237" lon="130.4020014">
<ele>1.419</ele>
<time>2026-05-30T21:29:29Z</time>
<extensions>
<gpxtpx:TrackPointExtension>
<gpxtpx:hr>168</gpxtpx:hr>
<gpxtpx:cad>179</gpxtpx:cad>
</gpxtpx:TrackPointExtension>
</extensions>
</trkpt>
<trkpt lat="33.5881133" lon="130.4019662">
<ele>1.453</ele>
<time>2026-05-30T21:29:30Z</time>
<extensions>
<gpxtpx:TrackPointExtension>
<gpxtpx:hr>167</gpxtpx:hr>
</gpxtpx:TrackPointExtension>
</extensions>
</trkpt>
<trkpt lat="33.5881032" lon="130.4019309">
<ele>1.407</ele>
<time>2026-05-30T21:29:31Z</time>
<extensions>
<gpxtpx:TrackPointExtension>
<gpxtpx:hr>167</gpxtpx:hr>
</gpxtpx:TrackPointExtension>
</extensions>
</trkpt>
<trkpt lat="33.5880918" lon="130.4018966">
<ele>1.403</ele>
<time>2026-05-30T21:29:32Z</time>
<extensions>
<gpxtpx:TrackPointExtension>
<gpxtpx:hr>167</gpxtpx:hr>
</gpxtpx:TrackPointExtension>
</extensions>
</trkpt>
<trkpt lat="33.5880789" lon="130.4018647">
<ele>1.511</ele>
<time>2026-05-30T21:29:33Z</time>
<extensions>
<gpxtpx:TrackPointExtension>
<gpxtpx:hr>167</gpxtpx:hr>
</gpxtpx:TrackPointExtension>
</extensions>
</trkpt>
<trkpt lat="33.5880678" lon="130.4018304">
<ele>1.533</ele>
<time>2026-05-30T21:29:34Z</time>
<extensions>
<gpxtpx:TrackPointExtension>
<gpxtpx:hr>168</gpxtpx:hr>
<gpxtpx:cad>176</gpxtpx:cad>
</gpxtpx:TrackPointExtension>
</extensions>
</trkpt>
<trkpt lat="33.5880537" lon="130.4018065">
<ele>1.605</ele>
<time>2026-05-30T21:29:35Z</time>
<extensions>
<gpxtpx:TrackPointExtension>
<gpxtpx:hr>168</gpxtpx:hr>
</gpxtpx:TrackPointExtension>
</extensions>
</trkpt>
<trkpt lat="33.5880414" lon="130.4017794">
<ele>1.617</ele>
<time>2026-05-30T21:29:36Z</time>
<extensions>
<gpxtpx:TrackPointExtension>
<gpxtpx:hr>168</gpxtpx:hr>
<gpxtpx:cad>176</gpxtpx:cad>
</gpxtpx:TrackPointExtension>
</extensions>
</trkpt>
<trkpt lat="33.5880308" lon="130.4017602">
<ele>1.629</ele>
<time>2026-05-30T21:29:37Z</time>
<extensions>
<gpxtpx:TrackPointExtension>
<gpxtpx:hr>169</gpxtpx:hr>
</gpxtpx:TrackPointExtension>
</extensions>
</trkpt>
<trkpt lat="33.588019" lon="130.4017304">
<ele>1.593</ele>
<time>2026-05-30T21:29:38Z</time>
<extensions>
<gpxtpx:TrackPointExtension>
<gpxtpx:hr>169</gpxtpx:hr>
</gpxtpx:TrackPointExtension>
</extensions>
</trkpt>
<trkpt lat="33.5880098" lon="130.4017157">
<ele>1.546</ele>
<time>2026-05-30T21:29:39Z</time>
<extensions>
<gpxtpx:TrackPointExtension>
<gpxtpx:hr>169</gpxtpx:hr>
<gpxtpx:cad>175</gpxtpx:cad>
</gpxtpx:TrackPointExtension>
</extensions>
</trkpt>
<trkpt lat="33.5880018" lon="130.4017031">
<ele>1.633</ele>
<time>2026-05-30T21:29:40Z</time>
<extensions>
<gpxtpx:TrackPointExtension>
<gpxtpx:hr>170</gpxtpx:hr>
</gpxtpx:TrackPointExtension>
</extensions>
</trkpt>
<trkpt lat="33.5879928" lon="130.4016855">
<ele>1.592</ele>
<time>2026-05-30T21:29:41Z</time>
<extensions>
<gpxtpx:TrackPointExtension>
<gpxtpx:hr>170</gpxtpx:hr>
</gpxtpx:TrackPointExtension>
</extensions>
</trkpt>
<trkpt lat="33.5879869" lon="130.4016761">
<ele>1.384</ele>
<time>2026-05-30T21:29:42Z</time>
<extensions>
<gpxtpx:TrackPointExtension>
<gpxtpx:hr>170</gpxtpx:hr>
</gpxtpx:TrackPointExtension>
</extensions>
</trkpt>
<trkpt lat="33.5879792" lon="130.4016616">
<ele>1.351</ele>
<time>2026-05-30T21:29:43Z</time>
<extensions>
<gpxtpx:TrackPointExtension>
<gpxtpx:hr>169</gpxtpx:hr>
<gpxtpx:cad>155</gpxtpx:cad>
</gpxtpx:TrackPointExtension>
</extensions>
</trkpt>
<trkpt lat="33.5879739" lon="130.4016533">
<ele>1.393</ele>
<time>2026-05-30T21:30:49Z</time>
<extensions>
<gpxtpx:TrackPointExtension>
<gpxtpx:hr>128</gpxtpx:hr>
</gpxtpx:TrackPointExtension>
</extensions>
</trkpt>
<trkpt lat="33.5879678" lon="130.401644">
<ele>1.386</ele>
<time>2026-05-30T21:30:50Z</time>
<extensions>
<gpxtpx:TrackPointExtension>
<gpxtpx:hr>127</gpxtpx:hr>
</gpxtpx:TrackPointExtension>
</extensions>
</trkpt>
<trkpt lat="33.58796" lon="130.4016316">
<ele>1.327</ele>
<time>2026-05-30T21:30:51Z</time>
<extensions>
<gpxtpx:TrackPointExtension>
<gpxtpx:hr>125</gpxtpx:hr>
</gpxtpx:TrackPointExtension>
</extensions>
</trkpt>
<trkpt lat="33.5879521" lon="130.4016188">
<ele>1.29</ele>
<time>2026-05-30T21:30:52Z</time>
<extensions>
<gpxtpx:TrackPointExtension>
<gpxtpx:hr>123</gpxtpx:hr>
</gpxtpx:TrackPointExtension>
</extensions>
</trkpt>
<trkpt lat="33.5879443" lon="130.4016058">
<ele>1.25</ele>
<time>2026-05-30T21:30:53Z</time>
<extensions>
<gpxtpx:TrackPointExtension>
<gpxtpx:hr>121</gpxtpx:hr>
</gpxtpx:TrackPointExtension>
</extensions>
</trkpt>
<trkpt lat="33.587937" lon="130.4015926">
<ele>1.229</ele>
<time>2026-05-30T21:30:54Z</time>
<extensions>
<gpxtpx:TrackPointExtension>
<gpxtpx:hr>120</gpxtpx:hr>
</gpxtpx:TrackPointExtension>
</extensions>
</trkpt>
<trkpt lat="33.5879299" lon="130.4015794">
<ele>1.237</ele>
<time>2026-05-30T21:30:55Z</time>
<extensions>
<gpxtpx:TrackPointExtension>
<gpxtpx:hr>120</gpxtpx:hr>
</gpxtpx:TrackPointExtension>
</extensions>
</trkpt>
<trkpt lat="33.5879223" lon="130.4015638">
<ele>1.25</ele>
<time>2026-05-30T21:30:56Z</time>
<extensions>
<gpxtpx:TrackPointExtension>
<gpxtpx:hr>120</gpxtpx:hr>
</gpxtpx:TrackPointExtension>
</extensions>
</trkpt>
<trkpt lat="33.5879141" lon="130.4015465">
<ele>1.365</ele>
<time>2026-05-30T21:30:57Z</time>
<extensions>
<gpxtpx:TrackPointExtension>
<gpxtpx:hr>120</gpxtpx:hr>
</gpxtpx:TrackPointExtension>
</extensions>
</trkpt>
<trkpt lat="33.5879056" lon="130.4015277">
<ele>1.595</ele>
<time>2026-05-30T21:30:58Z</time>
<extensions>
<gpxtpx:TrackPointExtension>
<gpxtpx:hr>121</gpxtpx:hr>
</gpxtpx:TrackPointExtension>
</extensions>
</trkpt>
<trkpt lat="33.5878968" lon="130.4015074">
<ele>1.789</ele>
<time>2026-05-30T21:30:59Z</time>
<extensions>
<gpxtpx:TrackPointExtension>
<gpxtpx:hr>121</gpxtpx:hr>
<gpxtpx:cad>16</gpxtpx:cad>
</gpxtpx:TrackPointExtension>
</extensions>
</trkpt>
<trkpt lat="33.5878877" lon="130.4014857">
<ele>1.916</ele>
<time>2026-05-30T21:31:00Z</time>
<extensions>
<gpxtpx:TrackPointExtension>
<gpxtpx:hr>122</gpxtpx:hr>
</gpxtpx:TrackPointExtension>
</extensions>
</trkpt>
<trkpt lat="33.5878787" lon="130.4014648">
<ele>2.073</ele>
<time>2026-05-30T21:31:01Z</time>
<extensions>
<gpxtpx:TrackPointExtension>
<gpxtpx:hr>122</gpxtpx:hr>
</gpxtpx:TrackPointExtension>
</extensions>
</trkpt>
<trkpt lat="33.5878695" lon="130.4014434">
<ele>2.016</ele>
<time>2026-05-30T21:31:02Z</time>
<extensions>
<gpxtpx:TrackPointExtension>
<gpxtpx:hr>123</gpxtpx:hr>
</gpxtpx:TrackPointExtension>
</extensions>
</trkpt>
<trkpt lat="33.5878602" lon="130.4014215">
<ele>1.916</ele>
<time>2026-05-30T21:31:03Z</time>
<extensions>
<gpxtpx:TrackPointExtension>
<gpxtpx:hr>123</gpxtpx:hr>
</gpxtpx:TrackPointExtension>
</extensions>
</trkpt>
<trkpt lat="33.5878509" lon="130.4013997">
<ele>1.811</ele>
<time>2026-05-30T21:31:04Z</time>
<extensions>
<gpxtpx:TrackPointExtension>
<gpxtpx:hr>124</gpxtpx:hr>
<gpxtpx:cad>100</gpxtpx:cad>
</gpxtpx:TrackPointExtension>
</extensions>
</trkpt>
<trkpt lat="33.5878418" lon="130.4013781">
<ele>1.69</ele>
<time>2026-05-30T21:31:05Z</time>
<extensions>
<gpxtpx:TrackPointExtension>
<gpxtpx:hr>124</gpxtpx:hr>
</gpxtpx:TrackPointExtension>
</extensions>
</trkpt>
<trkpt lat="33.5878341" lon="130.4013618">
<ele>1.517</ele>
<time>2026-05-30T21:31:06Z</time>
<extensions>
<gpxtpx:TrackPointExtension>
<gpxtpx:hr>125</gpxtpx:hr>
</gpxtpx:TrackPointExtension>
</extensions>
</trkpt>
<trkpt lat="33.5878266" lon="130.4013447">
<ele>1.52</ele>
<time>2026-05-30T21:31:07Z</time>
<extensions>
<gpxtpx:TrackPointExtension>
<gpxtpx:hr>126</gpxtpx:hr>
</gpxtpx:TrackPointExtension>
</extensions>
</trkpt>
<trkpt lat="33.5878183" lon="130.4013245">
<ele>1.637</ele>
<time>2026-05-30T21:31:08Z</time>
<extensions>
<gpxtpx:TrackPointExtension>
<gpxtpx:hr>128</gpxtpx:hr>
</gpxtpx:TrackPointExtension>
</extensions>
</trkpt>
<trkpt lat="33.5878092" lon="130.4013023">
<ele>1.538</ele>
<time>2026-05-30T21:31:09Z</time>
<extensions>
<gpxtpx:TrackPointExtension>
<gpxtpx:hr>128</gpxtpx:hr>
<gpxtpx:cad>172</gpxtpx:cad>
</gpxtpx:TrackPointExtension>
</extensions>
</trkpt>
<trkpt lat="33.5877994" lon="130.4012781">
<ele>1.697</ele>
<time>2026-05-30T21:31:10Z</time>
<extensions>
<gpxtpx:TrackPointExtension>
<gpxtpx:hr>130</gpxtpx:hr>
</gpxtpx:TrackPointExtension>
</extensions>
</trkpt>
<trkpt lat="33.587789" lon="130.4012516">
<ele>1.867</ele>
<time>2026-05-30T21:31:11Z</time>
<extensions>
<gpxtpx:TrackPointExtension>
<gpxtpx:hr>132</gpxtpx:hr>
</gpxtpx:TrackPointExtension>
</extensions>
</trkpt>
<trkpt lat="33.5877777" lon="130.4012226">
<ele>1.884</ele>
<time>2026-05-30T21:31:12Z</time>
<extensions>
<gpxtpx:TrackPointExtension>
<gpxtpx:hr>134</gpxtpx:hr>
</gpxtpx:TrackPointExtension>
</extensions>
</trkpt>
<trkpt lat="33.5877655" lon="130.4011905">
<ele>1.802</ele>
<time>2026-05-30T21:31:13Z</time>
<extensions>
<gpxtpx:TrackPointExtension>
<gpxtpx:hr>137</gpxtpx:hr>
</gpxtpx:TrackPointExtension>
</extensions>
</trkpt>
<trkpt lat="33.5877533" lon="130.4011563">
<ele>1.612</ele>
<time>2026-05-30T21:31:14Z</time>
<extensions>
<gpxtpx:TrackPointExtension>
<gpxtpx:hr>137</gpxtpx:hr>
<gpxtpx:cad>176</gpxtpx:cad>
</gpxtpx:TrackPointExtension>
</extensions>
</trkpt>
<trkpt lat="33.5877423" lon="130.401122">
<ele>1.522</ele>
<time>2026-05-30T21:31:15Z</time>
<extensions>
<gpxtpx:TrackPointExtension>
<gpxtpx:hr>140</gpxtpx:hr>
</gpxtpx:TrackPointExtension>
</extensions>
</trkpt>
<trkpt lat="33.5877318" lon="130.4010868">
<ele>1.475</ele>
<time>2026-05-30T21:31:16Z</time>
<extensions>
<gpxtpx:TrackPointExtension>
<gpxtpx:hr>140</gpxtpx:hr>
</gpxtpx:TrackPointExtension>
</extensions>
</trkpt>
<trkpt lat="33.5877218" lon="130.401053">
<ele>1.279</ele>
<time>2026-05-30T21:31:17Z</time>
<extensions>
<gpxtpx:TrackPointExtension>
<gpxtpx:hr>142</gpxtpx:hr>
</gpxtpx:TrackPointExtension>
</extensions>
</trkpt>
<trkpt lat="33.5877115" lon="130.4010195">
<ele>1.269</ele>
<time>2026-05-30T21:31:18Z</time>
<extensions>
<gpxtpx:TrackPointExtension>
<gpxtpx:hr>144</gpxtpx:hr>
</gpxtpx:TrackPointExtension>
</extensions>
</trkpt>
<trkpt lat="33.587701" lon="130.400986">
<ele>1.163</ele>
<time>2026-05-30T21:31:19Z</time>
<extensions>
<gpxtpx:TrackPointExtension>
<gpxtpx:hr>148</gpxtpx:hr>
<gpxtpx:cad>179</gpxtpx:cad>
</gpxtpx:TrackPointExtension>
</extensions>
</trkpt>
<trkpt lat="33.5876905" lon="130.4009529">
<ele>1.16</ele>
<time>2026-05-30T21:31:20Z</time>
<extensions>
<gpxtpx:TrackPointExtension>
<gpxtpx:hr>148</gpxtpx:hr>
</gpxtpx:TrackPointExtension>
</extensions>
</trkpt>
<trkpt lat="33.5876797" lon="130.4009201">
<ele>0.979</ele>
<time>2026-05-30T21:31:21Z</time>
<extensions>
<gpxtpx:TrackPointExtension>
<gpxtpx:hr>151</gpxtpx:hr>
</gpxtpx:TrackPointExtension>
</extensions>
</trkpt>
<trkpt lat="33.5876691" lon="130.4008867">
<ele>0.77</ele>
<time>2026-05-30T21:31:22Z</time>
<extensions>
<gpxtpx:TrackPointExtension>
<gpxtpx:hr>151</gpxtpx:hr>
</gpxtpx:TrackPointExtension>
</extensions>
</trkpt>
<trkpt lat="33.5876588" lon="130.4008533">
<ele>0.688</ele>
<time>2026-05-30T21:31:23Z</time>
<extensions>
<gpxtpx:TrackPointExtension>
<gpxtpx:hr>152</gpxtpx:hr>
<gpxtpx:cad>178</gpxtpx:cad>
</gpxtpx:TrackPointExtension>
</extensions>
</trkpt>
<trkpt lat="33.5876484" lon="130.4008201">
<ele>0.666</ele>
<time>2026-05-30T21:31:24Z</time>
<extensions>
<gpxtpx:TrackPointExtension>
<gpxtpx:hr>152</gpxtpx:hr>
<gpxtpx:cad>177</gpxtpx:cad>
</gpxtpx:TrackPointExtension>
</extensions>
</trkpt>
<trkpt lat="33.5876355" lon="130.4007852">
<ele>0.74</ele>
<time>2026-05-30T21:31:25Z</time>
<extensions>
<gpxtpx:TrackPointExtension>
<gpxtpx:hr>152</gpxtpx:hr>
</gpxtpx:TrackPointExtension>
</extensions>
</trkpt>
<trkpt lat="33.5876221" lon="130.4007504">
<ele>0.963</ele>
<time>2026-05-30T21:31:26Z</time>
<extensions>
<gpxtpx:TrackPointExtension>
<gpxtpx:hr>152</gpxtpx:hr>
</gpxtpx:TrackPointExtension>
</extensions>
</trkpt>
<trkpt lat="33.587608" lon="130.4007159">
<ele>1.029</ele>
<time>2026-05-30T21:31:27Z</time>
<extensions>
<gpxtpx:TrackPointExtension>
<gpxtpx:hr>153</gpxtpx:hr>
</gpxtpx:TrackPointExtension>
</extensions>
</trkpt>
<trkpt lat="33.5875963" lon="130.4006826">
<ele>1.055</ele>
<time>2026-05-30T21:31:28Z</time>
<extensions>
<gpxtpx:TrackPointExtension>
<gpxtpx:hr>153</gpxtpx:hr>
</gpxtpx:TrackPointExtension>
</extensions>
</trkpt>
<trkpt lat="33.5875841" lon="130.4006498">
<ele>1.053</ele>
<time>2026-05-30T21:31:29Z</time>
<extensions>
<gpxtpx:TrackPointExtension>
<gpxtpx:hr>153</gpxtpx:hr>
<gpxtpx:cad>177</gpxtpx:cad>
</gpxtpx:TrackPointExtension>
</extensions>
</trkpt>
<trkpt lat="33.5875723" lon="130.400617">
<ele>1.164</ele>
<time>2026-05-30T21:31:30Z</time>
<extensions>
<gpxtpx:TrackPointExtension>
<gpxtpx:hr>154</gpxtpx:hr>
</gpxtpx:TrackPointExtension>
</extensions>
</trkpt>
<trkpt lat="33.5875606" lon="130.4005836">
<ele>1.065</ele>
<time>2026-05-30T21:31:31Z</time>
<extensions>
<gpxtpx:TrackPointExtension>
<gpxtpx:hr>154</gpxtpx:hr>
</gpxtpx:TrackPointExtension>
</extensions>
</trkpt>
<trkpt lat="33.5875438" lon="130.4005483">
<ele>1.106</ele>
<time>2026-05-30T21:31:32Z</time>
<extensions>
<gpxtpx:TrackPointExtension>
<gpxtpx:hr>155</gpxtpx:hr>
</gpxtpx:TrackPointExtension>
</extensions>
</trkpt>
<trkpt lat="33.5875308" lon="130.4005135">
<ele>1.034</ele>
<time>2026-05-30T21:31:33Z</time>
<extensions>
<gpxtpx:TrackPointExtension>
<gpxtpx:hr>156</gpxtpx:hr>
</gpxtpx:TrackPointExtension>
</extensions>
</trkpt>
<trkpt lat="33.5875148" lon="130.4004782">
<ele>1.183</ele>
<time>2026-05-30T21:31:34Z</time>
<extensions>
<gpxtpx:TrackPointExtension>
<gpxtpx:hr>157</gpxtpx:hr>
<gpxtpx:cad>179</gpxtpx:cad>
</gpxtpx:TrackPointExtension>
</extensions>
</trkpt>
<trkpt lat="33.5874988" lon="130.4004427">
<ele>1.177</ele>
<time>2026-05-30T21:31:35Z</time>
<extensions>
<gpxtpx:TrackPointExtension>
<gpxtpx:hr>158</gpxtpx:hr>
</gpxtpx:TrackPointExtension>
</extensions>
</trkpt>
<trkpt lat="33.5874805" lon="130.4004073">
<ele>1.112</ele>
<time>2026-05-30T21:31:36Z</time>
<extensions>
<gpxtpx:TrackPointExtension>
<gpxtpx:hr>159</gpxtpx:hr>
</gpxtpx:TrackPointExtension>
</extensions>
</trkpt>
<trkpt lat="33.587462" lon="130.4003717">
<ele>1.061</ele>
<time>2026-05-30T21:31:37Z</time>
<extensions>
<gpxtpx:TrackPointExtension>
<gpxtpx:hr>159</gpxtpx:hr>
</gpxtpx:TrackPointExtension>
</extensions>
</trkpt>
<trkpt lat="33.5874434" lon="130.4003358">
<ele>1.035</ele>
<time>2026-05-30T21:31:38Z</time>
<extensions>
<gpxtpx:TrackPointExtension>
<gpxtpx:hr>160</gpxtpx:hr>
</gpxtpx:TrackPointExtension>
</extensions>
</trkpt>
<trkpt lat="33.5874246" lon="130.4002996">
<ele>1.017</ele>
<time>2026-05-30T21:31:39Z</time>
<extensions>
<gpxtpx:TrackPointExtension>
<gpxtpx:hr>160</gpxtpx:hr>
<gpxtpx:cad>180</gpxtpx:cad>
</gpxtpx:TrackPointExtension>
</extensions>
</trkpt>
<trkpt lat="33.5874054" lon="130.4002631">
<ele>1.053</ele>
<time>2026-05-30T21:31:40Z</time>
<extensions>
<gpxtpx:TrackPointExtension>
<gpxtpx:hr>161</gpxtpx:hr>
</gpxtpx:TrackPointExtension>
</extensions>
</trkpt>
<trkpt lat="33.587387" lon="130.4002275">
<ele>1.137</ele>
<time>2026-05-30T21:31:41Z</time>
<extensions>
<gpxtpx:TrackPointExtension>
<gpxtpx:hr>161</gpxtpx:hr>
</gpxtpx:TrackPointExtension>
</extensions>
</trkpt>
<trkpt lat="33.5873679" lon="130.4001905">
<ele>1.185</ele>
<time>2026-05-30T21:31:42Z</time>
<extensions>
<gpxtpx:TrackPointExtension>
<gpxtpx:hr>162</gpxtpx:hr>
</gpxtpx:TrackPointExtension>
</extensions>
</trkpt>
<trkpt lat="33.587349" lon="130.4001539">
<ele>1.215</ele>
<time>2026-05-30T21:31:43Z</time>
<extensions>
<gpxtpx:TrackPointExtension>
<gpxtpx:hr>162</gpxtpx:hr>
</gpxtpx:TrackPointExtension>
</extensions>
</trkpt>
<trkpt lat="33.5873305" lon="130.4001159">
<ele>1.054</ele>
<time>2026-05-30T21:31:44Z</time>
<extensions>
<gpxtpx:TrackPointExtension>
<gpxtpx:hr>162</gpxtpx:hr>
<gpxtpx:cad>181</gpxtpx:cad>
</gpxtpx:TrackPointExtension>
</extensions>
</trkpt>
<trkpt lat="33.5873116" lon="130.4000786">
<ele>1.109</ele>
<time>2026-05-30T21:31:45Z</time>
<extensions>
<gpxtpx:TrackPointExtension>
<gpxtpx:hr>162</gpxtpx:hr>
</gpxtpx:TrackPointExtension>
</extensions>
</trkpt>
<trkpt lat="33.5872928" lon="130.4000412">
<ele>1.093</ele>
<time>2026-05-30T21:31:46Z</time>
<extensions>
<gpxtpx:TrackPointExtension>
<gpxtpx:hr>163</gpxtpx:hr>
</gpxtpx:TrackPointExtension>
</extensions>
</trkpt>
<trkpt lat="33.5872731" lon="130.4000041">
<ele>1.081</ele>
<time>2026-05-30T21:31:47Z</time>
<extensions>
<gpxtpx:TrackPointExtension>
<gpxtpx:hr>163</gpxtpx:hr>
</gpxtpx:TrackPointExtension>
</extensions>
</trkpt>
<trkpt lat="33.5872537" lon="130.3999677">
<ele>1.071</ele>
<time>2026-05-30T21:31:48Z</time>
<extensions>
<gpxtpx:TrackPointExtension>
<gpxtpx:hr>164</gpxtpx:hr>
</gpxtpx:TrackPointExtension>
</extensions>
</trkpt>
<trkpt lat="33.5872361" lon="130.3999292">
<ele>1.109</ele>
<time>2026-05-30T21:31:49Z</time>
<extensions>
<gpxtpx:TrackPointExtension>
<gpxtpx:hr>164</gpxtpx:hr>
<gpxtpx:cad>181</gpxtpx:cad>
</gpxtpx:TrackPointExtension>
</extensions>
</trkpt>
<trkpt lat="33.587217" lon="130.3998909">
<ele>1.13</ele>
<time>2026-05-30T21:31:50Z</time>
<extensions>
<gpxtpx:TrackPointExtension>
<gpxtpx:hr>164</gpxtpx:hr>
<gpxtpx:cad>181</gpxtpx:cad>
</gpxtpx:TrackPointExtension>
</extensions>
</trkpt>
<trkpt lat="33.5871986" lon="130.3998509">
<ele>1.092</ele>
<time>2026-05-30T21:31:51Z</time>
<extensions>
<gpxtpx:TrackPointExtension>
<gpxtpx:hr>164</gpxtpx:hr>
</gpxtpx:TrackPointExtension>
</extensions>
</trkpt>
<trkpt lat="33.5871847" lon="130.3998116">
<ele>1.161</ele>
<time>2026-05-30T21:31:52Z</time>
<extensions>
<gpxtpx:TrackPointExtension>
<gpxtpx:hr>164</gpxtpx:hr>
</gpxtpx:TrackPointExtension>
</extensions>
</trkpt>
<trkpt lat="33.5871697" lon="130.3997722">
<ele>0.992</ele>
<time>2026-05-30T21:31:53Z</time>
<extensions>
<gpxtpx:TrackPointExtension>
<gpxtpx:hr>164</gpxtpx:hr>
</gpxtpx:TrackPointExtension>
</extensions>
</trkpt>
<trkpt lat="33.5871571" lon="130.3997361">
<ele>0.933</ele>
<time>2026-05-30T21:31:54Z</time>
<extensions>
<gpxtpx:TrackPointExtension>
<gpxtpx:hr>164</gpxtpx:hr>
<gpxtpx:cad>180</gpxtpx:cad>
</gpxtpx:TrackPointExtension>
</extensions>
</trkpt>
<trkpt lat="33.587145" lon="130.399703">
<ele>0.948</ele>
<time>2026-05-30T21:31:55Z</time>
<extensions>
<gpxtpx:TrackPointExtension>
<gpxtpx:hr>164</gpxtpx:hr>
</gpxtpx:TrackPointExtension>
</extensions>
</trkpt>
<trkpt lat="33.5871336" lon="130.3996725">
<ele>0.946</ele>
<time>2026-05-30T21:31:56Z</time>
<extensions>
<gpxtpx:TrackPointExtension>
<gpxtpx:hr>165</gpxtpx:hr>
</gpxtpx:TrackPointExtension>
</extensions>
</trkpt>
<trkpt lat="33.5871233" lon="130.3996436">
<ele>0.963</ele>
<time>2026-05-30T21:31:57Z</time>
<extensions>
<gpxtpx:TrackPointExtension>
<gpxtpx:hr>165</gpxtpx:hr>
</gpxtpx:TrackPointExtension>
</extensions>
</trkpt>
<trkpt lat="33.5871137" lon="130.3996148">
<ele>1.019</ele>
<time>2026-05-30T21:31:58Z</time>
<extensions>
<gpxtpx:TrackPointExtension>
<gpxtpx:hr>165</gpxtpx:hr>
</gpxtpx:TrackPointExtension>
</extensions>
</trkpt>
<trkpt lat="33.5871032" lon="130.3995831">
<ele>0.889</ele>
<time>2026-05-30T21:31:59Z</time>
<extensions>
<gpxtpx:TrackPointExtension>
<gpxtpx:hr>165</gpxtpx:hr>
<gpxtpx:cad>178</gpxtpx:cad>
</gpxtpx:TrackPointExtension>
</extensions>
</trkpt>
<trkpt lat="33.5870927" lon="130.3995513">
<ele>0.765</ele>
<time>2026-05-30T21:32:00Z</time>
<extensions>
<gpxtpx:TrackPointExtension>
<gpxtpx:hr>165</gpxtpx:hr>
</gpxtpx:TrackPointExtension>
</extensions>
</trkpt>
<trkpt lat="33.5870822" lon="130.3995198">
<ele>0.632</ele>
<time>2026-05-30T21:32:01Z</time>
<extensions>
<gpxtpx:TrackPointExtension>
<gpxtpx:hr>165</gpxtpx:hr>
</gpxtpx:TrackPointExtension>
</extensions>
</trkpt>
<trkpt lat="33.5870718" lon="130.3994887">
<ele>0.603</ele>
<time>2026-05-30T21:32:02Z</time>
<extensions>
<gpxtpx:TrackPointExtension>
<gpxtpx:hr>165</gpxtpx:hr>
</gpxtpx:TrackPointExtension>
</extensions>
</trkpt>
<trkpt lat="33.5870614" lon="130.3994581">
<ele>0.685</ele>
<time>2026-05-30T21:32:03Z</time>
<extensions>
<gpxtpx:TrackPointExtension>
<gpxtpx:hr>165</gpxtpx:hr>
</gpxtpx:TrackPointExtension>
</extensions>
</trkpt>
<trkpt lat="33.5870518" lon="130.3994282">
<ele>0.782</ele>
<time>2026-05-30T21:32:04Z</time>
<extensions>
<gpxtpx:TrackPointExtension>
<gpxtpx:hr>165</gpxtpx:hr>
<gpxtpx:cad>168</gpxtpx:cad>
</gpxtpx:TrackPointExtension>
</extensions>
</trkpt>
<trkpt lat="33.5870419" lon="130.3993977">
<ele>1.015</ele>
<time>2026-05-30T21:32:05Z</time>
<extensions>
<gpxtpx:TrackPointExtension>
<gpxtpx:hr>165</gpxtpx:hr>
</gpxtpx:TrackPointExtension>
</extensions>
</trkpt>
<trkpt lat="33.5870316" lon="130.3993666">
<ele>1.077</ele>
<time>2026-05-30T21:32:06Z</time>
<extensions>
<gpxtpx:TrackPointExtension>
<gpxtpx:hr>164</gpxtpx:hr>
</gpxtpx:TrackPointExtension>
</extensions>
</trkpt>
<trkpt lat="33.5870209" lon="130.3993349">
<ele>1.125</ele>
<time>2026-05-30T21:32:07Z</time>
<extensions>
<gpxtpx:TrackPointExtension>
<gpxtpx:hr>164</gpxtpx:hr>
</gpxtpx:TrackPointExtension>
</extensions>
</trkpt>
<trkpt lat="33.5870103" lon="130.399303">
<ele>1.135</ele>
<time>2026-05-30T21:32:08Z</time>
<extensions>
<gpxtpx:TrackPointExtension>
<gpxtpx:hr>164</gpxtpx:hr>
</gpxtpx:TrackPointExtension>
</extensions>
</trkpt>
<trkpt lat="33.5869996" lon="130.3992708">
<ele>1.04</ele>
<time>2026-05-30T21:32:09Z</time>
<extensions>
<gpxtpx:TrackPointExtension>
<gpxtpx:hr>165</gpxtpx:hr>
<gpxtpx:cad>160</gpxtpx:cad>
</gpxtpx:TrackPointExtension>
</extensions>
</trkpt>
<trkpt lat="33.5869889" lon="130.3992386">
<ele>0.957</ele>
<time>2026-05-30T21:32:10Z</time>
<extensions>
<gpxtpx:TrackPointExtension>
<gpxtpx:hr>165</gpxtpx:hr>
</gpxtpx:TrackPointExtension>
</extensions>
</trkpt>
<trkpt lat="33.5869781" lon="130.3992068">
<ele>0.925</ele>
<time>2026-05-30T21:32:11Z</time>
<extensions>
<gpxtpx:TrackPointExtension>
<gpxtpx:hr>165</gpxtpx:hr>
</gpxtpx:TrackPointExtension>
</extensions>
</trkpt>
<trkpt lat="33.5869683" lon="130.3991773">
<ele>0.942</ele>
<time>2026-05-30T21:32:12Z</time>
<extensions>
<gpxtpx:TrackPointExtension>
<gpxtpx:hr>165</gpxtpx:hr>
</gpxtpx:TrackPointExtension>
</extensions>
</trkpt>
<trkpt lat="33.5869588" lon="130.3991478">
<ele>0.967</ele>
<time>2026-05-30T21:32:13Z</time>
<extensions>
<gpxtpx:TrackPointExtension>
<gpxtpx:hr>164</gpxtpx:hr>
</gpxtpx:TrackPointExtension>
</extensions>
</trkpt>
<trkpt lat="33.5869492" lon="130.399118">
<ele>0.983</ele>
<time>2026-05-30T21:32:14Z</time>
<extensions>
<gpxtpx:TrackPointExtension>
<gpxtpx:hr>164</gpxtpx:hr>
<gpxtpx:cad>169</gpxtpx:cad>
</gpxtpx:TrackPointExtension>
</extensions>
</trkpt>
<trkpt lat="33.5869396" lon="130.3990876">
<ele>0.908</ele>
<time>2026-05-30T21:32:15Z</time>
<extensions>
<gpxtpx:TrackPointExtension>
<gpxtpx:hr>164</gpxtpx:hr>
</gpxtpx:TrackPointExtension>
</extensions>
</trkpt>
<trkpt lat="33.5869295" lon="130.3990561">
<ele>0.804</ele>
<time>2026-05-30T21:32:16Z</time>
<extensions>
<gpxtpx:TrackPointExtension>
<gpxtpx:hr>164</gpxtpx:hr>
</gpxtpx:TrackPointExtension>
</extensions>
</trkpt>
<trkpt lat="33.586919" lon="130.3990226">
<ele>0.727</ele>
<time>2026-05-30T21:32:17Z</time>
<extensions>
<gpxtpx:TrackPointExtension>
<gpxtpx:hr>164</gpxtpx:hr>
</gpxtpx:TrackPointExtension>
</extensions>
</trkpt>
<trkpt lat="33.5869059" lon="130.3989864">
<ele>0.76</ele>
<time>2026-05-30T21:32:18Z</time>
<extensions>
<gpxtpx:TrackPointExtension>
<gpxtpx:hr>164</gpxtpx:hr>
</gpxtpx:TrackPointExtension>
</extensions>
</trkpt>
<trkpt lat="33.5868924" lon="130.3989496">
<ele>0.852</ele>
<time>2026-05-30T21:32:19Z</time>
<extensions>
<gpxtpx:TrackPointExtension>
<gpxtpx:hr>164</gpxtpx:hr>
<gpxtpx:cad>178</gpxtpx:cad>
</gpxtpx:TrackPointExtension>
</extensions>
</trkpt>
<trkpt lat="33.5868784" lon="130.3989125">
<ele>0.772</ele>
<time>2026-05-30T21:32:20Z</time>
<extensions>
<gpxtpx:TrackPointExtension>
<gpxtpx:hr>164</gpxtpx:hr>
<gpxtpx:cad>178</gpxtpx:cad>
</gpxtpx:TrackPointExtension>
</extensions>
</trkpt>
<trkpt lat="33.586864" lon="130.3988754">
<ele>0.671</ele>
<time>2026-05-30T21:32:21Z</time>
<extensions>
<gpxtpx:TrackPointExtension>
<gpxtpx:hr>164</gpxtpx:hr>
</gpxtpx:TrackPointExtension>
</extensions>
</trkpt>
<trkpt lat="33.5868492" lon="130.3988378">
<ele>0.799</ele>
<time>2026-05-30T21:32:22Z</time>
<extensions>
<gpxtpx:TrackPointExtension>
<gpxtpx:hr>164</gpxtpx:hr>
</gpxtpx:TrackPointExtension>
</extensions>
</trkpt>
<trkpt lat="33.5868339" lon="130.3988012">
<ele>0.81</ele>
<time>2026-05-30T21:32:23Z</time>
<extensions>
<gpxtpx:TrackPointExtension>
<gpxtpx:hr>164</gpxtpx:hr>
</gpxtpx:TrackPointExtension>
</extensions>
</trkpt>
<trkpt lat="33.5868187" lon="130.398765">
<ele>0.915</ele>
<time>2026-05-30T21:32:24Z</time>
<extensions>
<gpxtpx:TrackPointExtension>
<gpxtpx:hr>164</gpxtpx:hr>
<gpxtpx:cad>178</gpxtpx:cad>
</gpxtpx:TrackPointExtension>
</extensions>
</trkpt>
<trkpt lat="33.586804" lon="130.3987296">
<ele>0.911</ele>
<time>2026-05-30T21:32:25Z</time>
<extensions>
<gpxtpx:TrackPointExtension>
<gpxtpx:hr>163</gpxtpx:hr>
</gpxtpx:TrackPointExtension>
</extensions>
</trkpt>
<trkpt lat="33.5867889" lon="130.3986937">
<ele>0.935</ele>
<time>2026-05-30T21:32:26Z</time>
<extensions>
<gpxtpx:TrackPointExtension>
<gpxtpx:hr>163</gpxtpx:hr>
</gpxtpx:TrackPointExtension>
</extensions>
</trkpt>
<trkpt lat="33.5867746" lon="130.3986583">
<ele>0.923</ele>
<time>2026-05-30T21:32:27Z</time>
<extensions>
<gpxtpx:TrackPointExtension>
<gpxtpx:hr>163</gpxtpx:hr>
</gpxtpx:TrackPointExtension>
</extensions>
</trkpt>
<trkpt lat="33.5867606" lon="130.3986227">
<ele>0.878</ele>
<time>2026-05-30T21:32:28Z</time>
<extensions>
<gpxtpx:TrackPointExtension>
<gpxtpx:hr>163</gpxtpx:hr>
</gpxtpx:TrackPointExtension>
</extensions>
</trkpt>
<trkpt lat="33.5867463" lon="130.398587">
<ele>0.823</ele>
<time>2026-05-30T21:32:29Z</time>
<extensions>
<gpxtpx:TrackPointExtension>
<gpxtpx:hr>163</gpxtpx:hr>
<gpxtpx:cad>179</gpxtpx:cad>
</gpxtpx:TrackPointExtension>
</extensions>
</trkpt>
<trkpt lat="33.586733" lon="130.3985514">
<ele>0.796</ele>
<time>2026-05-30T21:32:30Z</time>
<extensions>
<gpxtpx:TrackPointExtension>
<gpxtpx:hr>164</gpxtpx:hr>
</gpxtpx:TrackPointExtension>
</extensions>
</trkpt>
<trkpt lat="33.5867181" lon="130.3985158">
<ele>0.793</ele>
<time>2026-05-30T21:32:31Z</time>
<extensions>
<gpxtpx:TrackPointExtension>
<gpxtpx:hr>164</gpxtpx:hr>
</gpxtpx:TrackPointExtension>
</extensions>
</trkpt>
<trkpt lat="33.5867044" lon="130.3984802">
<ele>0.828</ele>
<time>2026-05-30T21:32:32Z</time>
<extensions>
<gpxtpx:TrackPointExtension>
<gpxtpx:hr>164</gpxtpx:hr>
</gpxtpx:TrackPointExtension>
</extensions>
</trkpt>
<trkpt lat="33.5866901" lon="130.3984441">
<ele>0.823</ele>
<time>2026-05-30T21:32:33Z</time>
<extensions>
<gpxtpx:TrackPointExtension>
<gpxtpx:hr>165</gpxtpx:hr>
</gpxtpx:TrackPointExtension>
</extensions>
</trkpt>
<trkpt lat="33.586676" lon="130.3984078">
<ele>0.822</ele>
<time>2026-05-30T21:32:34Z</time>
<extensions>
<gpxtpx:TrackPointExtension>
<gpxtpx:hr>165</gpxtpx:hr>
<gpxtpx:cad>180</gpxtpx:cad>
</gpxtpx:TrackPointExtension>
</extensions>
</trkpt>
<trkpt lat="33.5866629" lon="130.3983723">
<ele>0.842</ele>
<time>2026-05-30T21:32:35Z</time>
<extensions>
<gpxtpx:TrackPointExtension>
<gpxtpx:hr>165</gpxtpx:hr>
</gpxtpx:TrackPointExtension>
</extensions>
</trkpt>
<trkpt lat="33.5866492" lon="130.3983369">
<ele>0.889</ele>
<time>2026-05-30T21:32:36Z</time>
<extensions>
<gpxtpx:TrackPointExtension>
<gpxtpx:hr>165</gpxtpx:hr>
</gpxtpx:TrackPointExtension>
</extensions>
</trkpt>
<trkpt lat="33.5866367" lon="130.3983024">
<ele>0.899</ele>
<time>2026-05-30T21:32:37Z</time>
<extensions>
<gpxtpx:TrackPointExtension>
<gpxtpx:hr>165</gpxtpx:hr>
</gpxtpx:TrackPointExtension>
</extensions>
</trkpt>
<trkpt lat="33.5866245" lon="130.3982681">
<ele>0.873</ele>
<time>2026-05-30T21:32:38Z</time>
<extensions>
<gpxtpx:TrackPointExtension>
<gpxtpx:hr>166</gpxtpx:hr>
</gpxtpx:TrackPointExtension>
</extensions>
</trkpt>
<trkpt lat="33.5866131" lon="130.398234">
<ele>0.85</ele>
<time>2026-05-30T21:32:39Z</time>
<extensions>
<gpxtpx:TrackPointExtension>
<gpxtpx:hr>166</gpxtpx:hr>
<gpxtpx:cad>181</gpxtpx:cad>
</gpxtpx:TrackPointExtension>
</extensions>
</trkpt>
<trkpt lat="33.5866006" lon="130.3981997">
<ele>0.741</ele>
<time>2026-05-30T21:32:40Z</time>
<extensions>
<gpxtpx:TrackPointExtension>
<gpxtpx:hr>166</gpxtpx:hr>
</gpxtpx:TrackPointExtension>
</extensions>
</trkpt>
<trkpt lat="33.586588" lon="130.398166">
<ele>0.739</ele>
<time>2026-05-30T21:32:41Z</time>
<extensions>
<gpxtpx:TrackPointExtension>
<gpxtpx:hr>166</gpxtpx:hr>
</gpxtpx:TrackPointExtension>
</extensions>
</trkpt>
<trkpt lat="33.5865753" lon="130.3981316">
<ele>0.736</ele>
<time>2026-05-30T21:32:42Z</time>
<extensions>
<gpxtpx:TrackPointExtension>
<gpxtpx:hr>166</gpxtpx:hr>
</gpxtpx:TrackPointExtension>
</extensions>
</trkpt>
<trkpt lat="33.586563" lon="130.3980972">
<ele>0.824</ele>
<time>2026-05-30T21:32:43Z</time>
<extensions>
<gpxtpx:TrackPointExtension>
<gpxtpx:hr>166</gpxtpx:hr>
</gpxtpx:TrackPointExtension>
</extensions>
</trkpt>
<trkpt lat="33.5865508" lon="130.3980624">
<ele>0.762</ele>
<time>2026-05-30T21:32:44Z</time>
<extensions>
<gpxtpx:TrackPointExtension>
<gpxtpx:hr>166</gpxtpx:hr>
<gpxtpx:cad>181</gpxtpx:cad>
</gpxtpx:TrackPointExtension>
</extensions>
</trkpt>
<trkpt lat="33.5865393" lon="130.3980281">
<ele>0.774</ele>
<time>2026-05-30T21:32:45Z</time>
<extensions>
<gpxtpx:TrackPointExtension>
<gpxtpx:hr>166</gpxtpx:hr>
</gpxtpx:TrackPointExtension>
</extensions>
</trkpt>
<trkpt lat="33.5865272" lon="130.3979934">
<ele>0.735</ele>
<time>2026-05-30T21:32:46Z</time>
<extensions>
<gpxtpx:TrackPointExtension>
<gpxtpx:hr>167</gpxtpx:hr>
</gpxtpx:TrackPointExtension>
</extensions>
</trkpt>
<trkpt lat="33.5865162" lon="130.3979587">
<ele>0.873</ele>
<time>2026-05-30T21:32:47Z</time>
<extensions>
<gpxtpx:TrackPointExtension>
<gpxtpx:hr>167</gpxtpx:hr>
<gpxtpx:cad>181</gpxtpx:cad>
</gpxtpx:TrackPointExtension>
</extensions>
</trkpt>
<trkpt lat="33.5865043" lon="130.3979241">
<ele>0.974</ele>
<time>2026-05-30T21:32:48Z</time>
<extensions>
<gpxtpx:TrackPointExtension>
<gpxtpx:hr>167</gpxtpx:hr>
</gpxtpx:TrackPointExtension>
</extensions>
</trkpt>
<trkpt lat="33.586493" lon="130.3978894">
<ele>1.026</ele>
<time>2026-05-30T21:32:49Z</time>
<extensions>
<gpxtpx:TrackPointExtension>
<gpxtpx:hr>168</gpxtpx:hr>
<gpxtpx:cad>180</gpxtpx:cad>
</gpxtpx:TrackPointExtension>
</extensions>
</trkpt>
<trkpt lat="33.5864818" lon="130.3978548">
<ele>1.049</ele>
<time>2026-05-30T21:32:50Z</time>
<extensions>
<gpxtpx:TrackPointExtension>
<gpxtpx:hr>168</gpxtpx:hr>
</gpxtpx:TrackPointExtension>
</extensions>
</trkpt>
<trkpt lat="33.5864706" lon="130.3978202">
<ele>1.119</ele>
<time>2026-05-30T21:32:51Z</time>
<extensions>
<gpxtpx:TrackPointExtension>
<gpxtpx:hr>168</gpxtpx:hr>
</gpxtpx:TrackPointExtension>
</extensions>
</trkpt>
<trkpt lat="33.5864592" lon="130.3977862">
<ele>1.09</ele>
<time>2026-05-30T21:32:52Z</time>
<extensions>
<gpxtpx:TrackPointExtension>
<gpxtpx:hr>168</gpxtpx:hr>
</gpxtpx:TrackPointExtension>
</extensions>
</trkpt>
<trkpt lat="33.5864483" lon="130.3977513">
<ele>1.168</ele>
<time>2026-05-30T21:32:53Z</time>
<extensions>
<gpxtpx:TrackPointExtension>
<gpxtpx:hr>168</gpxtpx:hr>
</gpxtpx:TrackPointExtension>
</extensions>
</trkpt>
<trkpt lat="33.586437" lon="130.3977173">
<ele>1.198</ele>
<time>2026-05-30T21:32:54Z</time>
<extensions>
<gpxtpx:TrackPointExtension>
<gpxtpx:hr>168</gpxtpx:hr>
<gpxtpx:cad>177</gpxtpx:cad>
</gpxtpx:TrackPointExtension>
</extensions>
</trkpt>
<trkpt lat="33.586426" lon="130.3976829">
<ele>1.289</ele>
<time>2026-05-30T21:32:55Z</time>
<extensions>
<gpxtpx:TrackPointExtension>
<gpxtpx:hr>168</gpxtpx:hr>
</gpxtpx:TrackPointExtension>
</extensions>
</trkpt>
<trkpt lat="33.5864151" lon="130.3976484">
<ele>1.292</ele>
<time>2026-05-30T21:32:56Z</time>
<extensions>
<gpxtpx:TrackPointExtension>
<gpxtpx:hr>169</gpxtpx:hr>
</gpxtpx:TrackPointExtension>
</extensions>
</trkpt>
<trkpt lat="33.5864042" lon="130.3976141">
<ele>1.331</ele>
<time>2026-05-30T21:32:57Z</time>
</trkpt>
<trkpt lat="33.5863937" lon="130.3975806">
<ele>1.285</ele>
<time>2026-05-30T21:32:58Z</time>
<extensions>
<gpxtpx:TrackPointExtension>
<gpxtpx:hr>169</gpxtpx:hr>
</gpxtpx:TrackPointExtension>
</extensions>
</trkpt>
<trkpt lat="33.5863826" lon="130.397546">
<ele>1.351</ele>
<time>2026-05-30T21:32:59Z</time>
<extensions>
<gpxtpx:TrackPointExtension>
<gpxtpx:hr>169</gpxtpx:hr>
<gpxtpx:cad>177</gpxtpx:cad>
</gpxtpx:TrackPointExtension>
</extensions>
</trkpt>
<trkpt lat="33.5863721" lon="130.3975136">
<ele>1.306</ele>
<time>2026-05-30T21:33:00Z</time>
<extensions>
<gpxtpx:TrackPointExtension>
<gpxtpx:hr>170</gpxtpx:hr>
</gpxtpx:TrackPointExtension>
</extensions>
</trkpt>
<trkpt lat="33.5863613" lon="130.3974815">
<ele>1.27</ele>
<time>2026-05-30T21:33:01Z</time>
<extensions>
<gpxtpx:TrackPointExtension>
<gpxtpx:hr>169</gpxtpx:hr>
</gpxtpx:TrackPointExtension>
</extensions>
</trkpt>
<trkpt lat="33.5863503" lon="130.3974482">
<ele>1.329</ele>
<time>2026-05-30T21:33:02Z</time>
<extensions>
<gpxtpx:TrackPointExtension>
<gpxtpx:hr>169</gpxtpx:hr>
</gpxtpx:TrackPointExtension>
</extensions>
</trkpt>
<trkpt lat="33.5863392" lon="130.3974155">
<ele>1.338</ele>
<time>2026-05-30T21:33:03Z</time>
<extensions>
<gpxtpx:TrackPointExtension>
<gpxtpx:hr>169</gpxtpx:hr>
</gpxtpx:TrackPointExtension>
</extensions>
</trkpt>
<trkpt lat="33.5863279" lon="130.3973818">
<ele>1.349</ele>
<time>2026-05-30T21:33:04Z</time>
<extensions>
<gpxtpx:TrackPointExtension>
<gpxtpx:hr>170</gpxtpx:hr>
<gpxtpx:cad>181</gpxtpx:cad>
</gpxtpx:TrackPointExtension>
</extensions>
</trkpt>
<trkpt lat="33.5863163" lon="130.397348">
<ele>1.447</ele>
<time>2026-05-30T21:33:05Z</time>
<extensions>
<gpxtpx:TrackPointExtension>
<gpxtpx:hr>170</gpxtpx:hr>
</gpxtpx:TrackPointExtension>
</extensions>
</trkpt>
<trkpt lat="33.5863047" lon="130.3973139">
<ele>1.503</ele>
<time>2026-05-30T21:33:06Z</time>
<extensions>
<gpxtpx:TrackPointExtension>
<gpxtpx:hr>169</gpxtpx:hr>
</gpxtpx:TrackPointExtension>
</extensions>
</trkpt>
<trkpt lat="33.5862927" lon="130.3972792">
<ele>1.441</ele>
<time>2026-05-30T21:33:07Z</time>
<extensions>
<gpxtpx:TrackPointExtension>
<gpxtpx:hr>170</gpxtpx:hr>
</gpxtpx:TrackPointExtension>
</extensions>
</trkpt>
<trkpt lat="33.5862806" lon="130.3972443">
<ele>1.314</ele>
<time>2026-05-30T21:33:08Z</time>
<extensions>
<gpxtpx:TrackPointExtension>
<gpxtpx:hr>170</gpxtpx:hr>
</gpxtpx:TrackPointExtension>
</extensions>
</trkpt>
<trkpt lat="33.5862687" lon="130.3972095">
<ele>1.358</ele>
<time>2026-05-30T21:33:09Z</time>
<extensions>
<gpxtpx:TrackPointExtension>
<gpxtpx:hr>170</gpxtpx:hr>
<gpxtpx:cad>181</gpxtpx:cad>
</gpxtpx:TrackPointExtension>
</extensions>
</trkpt>
<trkpt lat="33.5862566" lon="130.3971745">
<ele>1.255</ele>
<time>2026-05-30T21:33:10Z</time>
<extensions>
<gpxtpx:TrackPointExtension>
<gpxtpx:hr>170</gpxtpx:hr>
</gpxtpx:TrackPointExtension>
</extensions>
</trkpt>
<trkpt lat="33.586245" lon="130.3971395">
<ele>1.341</ele>
<time>2026-05-30T21:33:11Z</time>
<extensions>
<gpxtpx:TrackPointExtension>
<gpxtpx:hr>170</gpxtpx:hr>
</gpxtpx:TrackPointExtension>
</extensions>
</trkpt>
<trkpt lat="33.5862339" lon="130.3971044">
<ele>1.47</ele>
<time>2026-05-30T21:33:12Z</time>
<extensions>
<gpxtpx:TrackPointExtension>
<gpxtpx:hr>170</gpxtpx:hr>
</gpxtpx:TrackPointExtension>
</extensions>
</trkpt>
<trkpt lat="33.5862228" lon="130.3970696">
<ele>1.508</ele>
<time>2026-05-30T21:33:13Z</time>
<extensions>
<gpxtpx:TrackPointExtension>
<gpxtpx:hr>171</gpxtpx:hr>
</gpxtpx:TrackPointExtension>
</extensions>
</trkpt>
<trkpt lat="33.5862115" lon="130.3970352">
<ele>1.484</ele>
<time>2026-05-30T21:33:14Z</time>
<extensions>
<gpxtpx:TrackPointExtension>
<gpxtpx:hr>171</gpxtpx:hr>
<gpxtpx:cad>181</gpxtpx:cad>
</gpxtpx:TrackPointExtension>
</extensions>
</trkpt>
<trkpt lat="33.5861994" lon="130.397002">
<ele>1.51</ele>
<time>2026-05-30T21:33:15Z</time>
<extensions>
<gpxtpx:TrackPointExtension>
<gpxtpx:hr>171</gpxtpx:hr>
</gpxtpx:TrackPointExtension>
</extensions>
</trkpt>
<trkpt lat="33.586187" lon="130.396969">
<ele>1.505</ele>
<time>2026-05-30T21:33:16Z</time>
<extensions>
<gpxtpx:TrackPointExtension>
<gpxtpx:hr>171</gpxtpx:hr>
</gpxtpx:TrackPointExtension>
</extensions>
</trkpt>
<trkpt lat="33.586175" lon="130.3969358">
<ele>1.571</ele>
<time>2026-05-30T21:33:17Z</time>
<extensions>
<gpxtpx:TrackPointExtension>
<gpxtpx:hr>172</gpxtpx:hr>
<gpxtpx:cad>181</gpxtpx:cad>
</gpxtpx:TrackPointExtension>
</extensions>
</trkpt>
<trkpt lat="33.5861632" lon="130.3969023">
<ele>1.597</ele>
<time>2026-05-30T21:33:18Z</time>
<extensions>
<gpxtpx:TrackPointExtension>
<gpxtpx:hr>172</gpxtpx:hr>
</gpxtpx:TrackPointExtension>
</extensions>
</trkpt>
<trkpt lat="33.5861512" lon="130.3968681">
<ele>1.57</ele>
<time>2026-05-30T21:33:19Z</time>
<extensions>
<gpxtpx:TrackPointExtension>
<gpxtpx:hr>171</gpxtpx:hr>
<gpxtpx:cad>181</gpxtpx:cad>
</gpxtpx:TrackPointExtension>
</extensions>
</trkpt>
<trkpt lat="33.5861397" lon="130.3968334">
<ele>1.51</ele>
<time>2026-05-30T21:33:20Z</time>
<extensions>
<gpxtpx:TrackPointExtension>
<gpxtpx:hr>171</gpxtpx:hr>
</gpxtpx:TrackPointExtension>
</extensions>
</trkpt>
<trkpt lat="33.5861282" lon="130.3967991">
<ele>1.567</ele>
<time>2026-05-30T21:33:21Z</time>
<extensions>
<gpxtpx:TrackPointExtension>
<gpxtpx:hr>171</gpxtpx:hr>
</gpxtpx:TrackPointExtension>
</extensions>
</trkpt>
<trkpt lat="33.5861162" lon="130.396765">
<ele>1.575</ele>
<time>2026-05-30T21:33:22Z</time>
<extensions>
<gpxtpx:TrackPointExtension>
<gpxtpx:hr>172</gpxtpx:hr>
</gpxtpx:TrackPointExtension>
</extensions>
</trkpt>
<trkpt lat="33.5861037" lon="130.3967314">
<ele>1.607</ele>
<time>2026-05-30T21:33:23Z</time>
<extensions>
<gpxtpx:TrackPointExtension>
<gpxtpx:hr>172</gpxtpx:hr>
</gpxtpx:TrackPointExtension>
</extensions>
</trkpt>
<trkpt lat="33.5860906" lon="130.3966977">
<ele>1.689</ele>
<time>2026-05-30T21:33:24Z</time>
<extensions>
<gpxtpx:TrackPointExtension>
<gpxtpx:hr>172</gpxtpx:hr>
<gpxtpx:cad>181</gpxtpx:cad>
</gpxtpx:TrackPointExtension>
</extensions>
</trkpt>
<trkpt lat="33.5860781" lon="130.3966626">
<ele>1.689</ele>
<time>2026-05-30T21:33:25Z</time>
<extensions>
<gpxtpx:TrackPointExtension>
<gpxtpx:hr>172</gpxtpx:hr>
</gpxtpx:TrackPointExtension>
</extensions>
</trkpt>
<trkpt lat="33.5860648" lon="130.3966282">
<ele>1.586</ele>
<time>2026-05-30T21:33:26Z</time>
<extensions>
<gpxtpx:TrackPointExtension>
<gpxtpx:hr>172</gpxtpx:hr>
</gpxtpx:TrackPointExtension>
</extensions>
</trkpt>
<trkpt lat="33.5860512" lon="130.3965927">
<ele>1.656</ele>
<time>2026-05-30T21:33:27Z</time>
<extensions>
<gpxtpx:TrackPointExtension>
<gpxtpx:hr>172</gpxtpx:hr>
</gpxtpx:TrackPointExtension>
</extensions>
</trkpt>
<trkpt lat="33.5860383" lon="130.3965564">
<ele>1.702</ele>
<time>2026-05-30T21:33:28Z</time>
<extensions>
<gpxtpx:TrackPointExtension>
<gpxtpx:hr>172</gpxtpx:hr>
</gpxtpx:TrackPointExtension>
</extensions>
</trkpt>
<trkpt lat="33.5860245" lon="130.3965201">
<ele>1.75</ele>
<time>2026-05-30T21:33:29Z</time>
<extensions>
<gpxtpx:TrackPointExtension>
<gpxtpx:hr>172</gpxtpx:hr>
<gpxtpx:cad>181</gpxtpx:cad>
</gpxtpx:TrackPointExtension>
</extensions>
</trkpt>
<trkpt lat="33.5860115" lon="130.3964832">
<ele>1.814</ele>
<time>2026-05-30T21:33:30Z</time>
<extensions>
<gpxtpx:TrackPointExtension>
<gpxtpx:hr>172</gpxtpx:hr>
</gpxtpx:TrackPointExtension>
</extensions>
</trkpt>
<trkpt lat="33.5859987" lon="130.3964466">
<ele>1.861</ele>
<time>2026-05-30T21:33:31Z</time>
<extensions>
<gpxtpx:TrackPointExtension>
<gpxtpx:hr>172</gpxtpx:hr>
</gpxtpx:TrackPointExtension>
</extensions>
</trkpt>
<trkpt lat="33.585986" lon="130.396411">
<ele>2.013</ele>
<time>2026-05-30T21:33:33Z</time>
<extensions>
<gpxtpx:TrackPointExtension>
<gpxtpx:hr>172</gpxtpx:hr>
</gpxtpx:TrackPointExtension>
</extensions>
</trkpt>
<trkpt lat="33.5859735" lon="130.3963768">
<ele>2.06</ele>
<time>2026-05-30T21:33:34Z</time>
<extensions>
<gpxtpx:TrackPointExtension>
<gpxtpx:hr>172</gpxtpx:hr>
</gpxtpx:TrackPointExtension>
</extensions>
</trkpt>
<trkpt lat="33.5859592" lon="130.3963397">
<ele>2.031</ele>
<time>2026-05-30T21:33:35Z</time>
<extensions>
<gpxtpx:TrackPointExtension>
<gpxtpx:hr>172</gpxtpx:hr>
<gpxtpx:cad>181</gpxtpx:cad>
</gpxtpx:TrackPointExtension>
</extensions>
</trkpt>
<trkpt lat="33.585947" lon="130.3963064">
<ele>1.983</ele>
<time>2026-05-30T21:33:36Z</time>
<extensions>
<gpxtpx:TrackPointExtension>
<gpxtpx:hr>172</gpxtpx:hr>
</gpxtpx:TrackPointExtension>
</extensions>
</trkpt>
<trkpt lat="33.5859325" lon="130.3962684">
<ele>1.914</ele>
<time>2026-05-30T21:33:37Z</time>
<extensions>
<gpxtpx:TrackPointExtension>
<gpxtpx:hr>172</gpxtpx:hr>
</gpxtpx:TrackPointExtension>
</extensions>
</trkpt>
<trkpt lat="33.5859201" lon="130.396235">
<ele>1.639</ele>
<time>2026-05-30T21:33:38Z</time>
<extensions>
<gpxtpx:TrackPointExtension>
<gpxtpx:hr>172</gpxtpx:hr>
</gpxtpx:TrackPointExtension>
</extensions>
</trkpt>
<trkpt lat="33.5859074" lon="130.3962015">
<ele>1.439</ele>
<time>2026-05-30T21:33:39Z</time>
<extensions>
<gpxtpx:TrackPointExtension>
<gpxtpx:hr>172</gpxtpx:hr>
</gpxtpx:TrackPointExtension>
</extensions>
</trkpt>
<trkpt lat="33.5858938" lon="130.3961676">
<ele>1.58</ele>
<time>2026-05-30T21:33:40Z</time>
<extensions>
<gpxtpx:TrackPointExtension>
<gpxtpx:hr>173</gpxtpx:hr>
<gpxtpx:cad>181</gpxtpx:cad>
</gpxtpx:TrackPointExtension>
</extensions>
</trkpt>
<trkpt lat="33.5858793" lon="130.39613">
<ele>1.815</ele>
<time>2026-05-30T21:33:41Z</time>
<extensions>
<gpxtpx:TrackPointExtension>
<gpxtpx:hr>173</gpxtpx:hr>
</gpxtpx:TrackPointExtension>
</extensions>
</trkpt>
<trkpt lat="33.5858643" lon="130.3960938">
<ele>1.816</ele>
<time>2026-05-30T21:33:42Z</time>
<extensions>
<gpxtpx:TrackPointExtension>
<gpxtpx:hr>173</gpxtpx:hr>
</gpxtpx:TrackPointExtension>
</extensions>
</trkpt>
<trkpt lat="33.5858502" lon="130.3960537">
<ele>1.724</ele>
<time>2026-05-30T21:33:43Z</time>
<extensions>
<gpxtpx:TrackPointExtension>
<gpxtpx:hr>173</gpxtpx:hr>
</gpxtpx:TrackPointExtension>
</extensions>
</trkpt>
<trkpt lat="33.5858359" lon="130.3960157">
<ele>1.647</ele>
<time>2026-05-30T21:33:44Z</time>
<extensions>
<gpxtpx:TrackPointExtension>
<gpxtpx:hr>173</gpxtpx:hr>
</gpxtpx:TrackPointExtension>
</extensions>
</trkpt>
<trkpt lat="33.5858218" lon="130.3959778">
<ele>1.592</ele>
<time>2026-05-30T21:33:45Z</time>
<extensions>
<gpxtpx:TrackPointExtension>
<gpxtpx:hr>172</gpxtpx:hr>
<gpxtpx:cad>181</gpxtpx:cad>
</gpxtpx:TrackPointExtension>
</extensions>
</trkpt>
<trkpt lat="33.5858091" lon="130.3959393">
<ele>1.587</ele>
<time>2026-05-30T21:33:46Z</time>
<extensions>
<gpxtpx:TrackPointExtension>
<gpxtpx:hr>172</gpxtpx:hr>
<gpxtpx:cad>181</gpxtpx:cad>
</gpxtpx:TrackPointExtension>
</extensions>
</trkpt>
<trkpt lat="33.5857941" lon="130.3959009">
<ele>1.569</ele>
<time>2026-05-30T21:33:47Z</time>
<extensions>
<gpxtpx:TrackPointExtension>
<gpxtpx:hr>172</gpxtpx:hr>
</gpxtpx:TrackPointExtension>
</extensions>
</trkpt>
<trkpt lat="33.5857819" lon="130.395861">
<ele>1.602</ele>
<time>2026-05-30T21:33:48Z</time>
<extensions>
<gpxtpx:TrackPointExtension>
<gpxtpx:hr>172</gpxtpx:hr>
</gpxtpx:TrackPointExtension>
</extensions>
</trkpt>
<trkpt lat="33.5857676" lon="130.3958212">
<ele>1.644</ele>
<time>2026-05-30T21:33:49Z</time>
<extensions>
<gpxtpx:TrackPointExtension>
<gpxtpx:hr>173</gpxtpx:hr>
</gpxtpx:TrackPointExtension>
</extensions>
</trkpt>
<trkpt lat="33.585756" lon="130.3957804">
<ele>1.701</ele>
<time>2026-05-30T21:33:50Z</time>
<extensions>
<gpxtpx:TrackPointExtension>
<gpxtpx:hr>173</gpxtpx:hr>
<gpxtpx:cad>181</gpxtpx:cad>
</gpxtpx:TrackPointExtension>
</extensions>
</trkpt>
<trkpt lat="33.5857443" lon="130.3957399">
<ele>1.721</ele>
<time>2026-05-30T21:33:51Z</time>
<extensions>
<gpxtpx:TrackPointExtension>
<gpxtpx:hr>173</gpxtpx:hr>
</gpxtpx:TrackPointExtension>
</extensions>
</trkpt>
<trkpt lat="33.5857322" lon="130.3956999">
<ele>1.737</ele>
<time>2026-05-30T21:33:52Z</time>
<extensions>
<gpxtpx:TrackPointExtension>
<gpxtpx:hr>173</gpxtpx:hr>
</gpxtpx:TrackPointExtension>
</extensions>
</trkpt>
<trkpt lat="33.58572" lon="130.3956605">
<ele>1.738</ele>
<time>2026-05-30T21:33:53Z</time>
<extensions>
<gpxtpx:TrackPointExtension>
<gpxtpx:hr>173</gpxtpx:hr>
</gpxtpx:TrackPointExtension>
</extensions>
</trkpt>
<trkpt lat="33.5857074" lon="130.3956205">
<ele>1.832</ele>
<time>2026-05-30T21:33:54Z</time>
<extensions>
<gpxtpx:TrackPointExtension>
<gpxtpx:hr>174</gpxtpx:hr>
</gpxtpx:TrackPointExtension>
</extensions>
</trkpt>
<trkpt lat="33.5856939" lon="130.3955802">
<ele>1.838</ele>
<time>2026-05-30T21:33:55Z</time>
<extensions>
<gpxtpx:TrackPointExtension>
<gpxtpx:hr>174</gpxtpx:hr>
<gpxtpx:cad>181</gpxtpx:cad>
</gpxtpx:TrackPointExtension>
</extensions>
</trkpt>
<trkpt lat="33.5856817" lon="130.3955416">
<ele>1.833</ele>
<time>2026-05-30T21:33:56Z</time>
<extensions>
<gpxtpx:TrackPointExtension>
<gpxtpx:hr>174</gpxtpx:hr>
</gpxtpx:TrackPointExtension>
</extensions>
</trkpt>
<trkpt lat="33.5856707" lon="130.3955032">
<ele>1.782</ele>
<time>2026-05-30T21:33:57Z</time>
<extensions>
<gpxtpx:TrackPointExtension>
<gpxtpx:hr>174</gpxtpx:hr>
</gpxtpx:TrackPointExtension>
</extensions>
</trkpt>
<trkpt lat="33.5856602" lon="130.3954638">
<ele>1.836</ele>
<time>2026-05-30T21:33:58Z</time>
<extensions>
<gpxtpx:TrackPointExtension>
<gpxtpx:hr>174</gpxtpx:hr>
</gpxtpx:TrackPointExtension>
</extensions>
</trkpt>
<trkpt lat="33.5856496" lon="130.3954215">
<ele>1.909</ele>
<time>2026-05-30T21:33:59Z</time>
<extensions>
<gpxtpx:TrackPointExtension>
<gpxtpx:hr>174</gpxtpx:hr>
</gpxtpx:TrackPointExtension>
</extensions>
</trkpt>
<trkpt lat="33.5856382" lon="130.3953794">
<ele>1.888</ele>
<time>2026-05-30T21:34:00Z</time>
<extensions>
<gpxtpx:TrackPointExtension>
<gpxtpx:hr>174</gpxtpx:hr>
<gpxtpx:cad>180</gpxtpx:cad>
</gpxtpx:TrackPointExtension>
</extensions>
</trkpt>
<trkpt lat="33.5856267" lon="130.395338">
<ele>1.848</ele>
<time>2026-05-30T21:34:01Z</time>
<extensions>
<gpxtpx:TrackPointExtension>
<gpxtpx:hr>175</gpxtpx:hr>
</gpxtpx:TrackPointExtension>
</extensions>
</trkpt>
<trkpt lat="33.5856149" lon="130.3952988">
<ele>1.869</ele>
<time>2026-05-30T21:34:02Z</time>
<extensions>
<gpxtpx:TrackPointExtension>
<gpxtpx:hr>175</gpxtpx:hr>
</gpxtpx:TrackPointExtension>
</extensions>
</trkpt>
<trkpt lat="33.5856031" lon="130.3952598">
<ele>1.953</ele>
<time>2026-05-30T21:34:03Z</time>
<extensions>
<gpxtpx:TrackPointExtension>
<gpxtpx:hr>174</gpxtpx:hr>
</gpxtpx:TrackPointExtension>
</extensions>
</trkpt>
<trkpt lat="33.5855916" lon="130.3952224">
<ele>1.924</ele>
<time>2026-05-30T21:34:04Z</time>
<extensions>
<gpxtpx:TrackPointExtension>
<gpxtpx:hr>174</gpxtpx:hr>
</gpxtpx:TrackPointExtension>
</extensions>
</trkpt>
<trkpt lat="33.5855799" lon="130.3951845">
<ele>1.919</ele>
<time>2026-05-30T21:34:05Z</time>
<extensions>
<gpxtpx:TrackPointExtension>
<gpxtpx:hr>174</gpxtpx:hr>
<gpxtpx:cad>180</gpxtpx:cad>
</gpxtpx:TrackPointExtension>
</extensions>
</trkpt>
<trkpt lat="33.5855695" lon="130.3951478">
<ele>1.727</ele>
<time>2026-05-30T21:34:06Z</time>
<extensions>
<gpxtpx:TrackPointExtension>
<gpxtpx:hr>174</gpxtpx:hr>
</gpxtpx:TrackPointExtension>
</extensions>
</trkpt>
<trkpt lat="33.5855587" lon="130.3951108">
<ele>1.549</ele>
<time>2026-05-30T21:34:07Z</time>
<extensions>
<gpxtpx:TrackPointExtension>
<gpxtpx:hr>174</gpxtpx:hr>
</gpxtpx:TrackPointExtension>
</extensions>
</trkpt>
<trkpt lat="33.5855491" lon="130.3950741">
<ele>1.44</ele>
<time>2026-05-30T21:34:08Z</time>
<extensions>
<gpxtpx:TrackPointExtension>
<gpxtpx:hr>174</gpxtpx:hr>
</gpxtpx:TrackPointExtension>
</extensions>
</trkpt>
<trkpt lat="33.5855403" lon="130.3950374">
<ele>1.694</ele>
<time>2026-05-30T21:34:09Z</time>
<extensions>
<gpxtpx:TrackPointExtension>
<gpxtpx:hr>174</gpxtpx:hr>
</gpxtpx:TrackPointExtension>
</extensions>
</trkpt>
<trkpt lat="33.5855321" lon="130.3950007">
<ele>1.786</ele>
<time>2026-05-30T21:34:10Z</time>
<extensions>
<gpxtpx:TrackPointExtension>
<gpxtpx:hr>173</gpxtpx:hr>
<gpxtpx:cad>174</gpxtpx:cad>
</gpxtpx:TrackPointExtension>
</extensions>
</trkpt>
<trkpt lat="33.5855243" lon="130.3949641">
<ele>1.852</ele>
<time>2026-05-30T21:34:11Z</time>
<extensions>
<gpxtpx:TrackPointExtension>
<gpxtpx:hr>173</gpxtpx:hr>
<gpxtpx:cad>173</gpxtpx:cad>
</gpxtpx:TrackPointExtension>
</extensions>
</trkpt>
<trkpt lat="33.5855171" lon="130.3949271">
<ele>1.902</ele>
<time>2026-05-30T21:34:12Z</time>
</trkpt>
<trkpt lat="33.5855098" lon="130.3948903">
<ele>1.922</ele>
<time>2026-05-30T21:34:13Z</time>
<extensions>
<gpxtpx:TrackPointExtension>
<gpxtpx:hr>173</gpxtpx:hr>
</gpxtpx:TrackPointExtension>
</extensions>
</trkpt>
<trkpt lat="33.5855028" lon="130.3948526">
<ele>1.927</ele>
<time>2026-05-30T21:34:14Z</time>
<extensions>
<gpxtpx:TrackPointExtension>
<gpxtpx:hr>173</gpxtpx:hr>
</gpxtpx:TrackPointExtension>
</extensions>
</trkpt>
<trkpt lat="33.5854958" lon="130.3948151">
<ele>1.918</ele>
<time>2026-05-30T21:34:15Z</time>
<extensions>
<gpxtpx:TrackPointExtension>
<gpxtpx:hr>173</gpxtpx:hr>
<gpxtpx:cad>172</gpxtpx:cad>
</gpxtpx:TrackPointExtension>
</extensions>
</trkpt>
<trkpt lat="33.5854888" lon="130.3947771">
<ele>1.851</ele>
<time>2026-05-30T21:34:16Z</time>
<extensions>
<gpxtpx:TrackPointExtension>
<gpxtpx:hr>173</gpxtpx:hr>
</gpxtpx:TrackPointExtension>
</extensions>
</trkpt>
<trkpt lat="33.585481" lon="130.3947383">
<ele>1.825</ele>
<time>2026-05-30T21:34:17Z</time>
<extensions>
<gpxtpx:TrackPointExtension>
<gpxtpx:hr>173</gpxtpx:hr>
</gpxtpx:TrackPointExtension>
</extensions>
</trkpt>
<trkpt lat="33.5854722" lon="130.3947004">
<ele>1.77</ele>
<time>2026-05-30T21:34:18Z</time>
<extensions>
<gpxtpx:TrackPointExtension>
<gpxtpx:hr>173</gpxtpx:hr>
</gpxtpx:TrackPointExtension>
</extensions>
</trkpt>
<trkpt lat="33.5854619" lon="130.394664">
<ele>1.803</ele>
<time>2026-05-30T21:34:19Z</time>
<extensions>
<gpxtpx:TrackPointExtension>
<gpxtpx:hr>173</gpxtpx:hr>
</gpxtpx:TrackPointExtension>
</extensions>
</trkpt>
<trkpt lat="33.5854522" lon="130.3946283">
<ele>1.865</ele>
<time>2026-05-30T21:34:20Z</time>
<extensions>
<gpxtpx:TrackPointExtension>
<gpxtpx:hr>173</gpxtpx:hr>
<gpxtpx:cad>179</gpxtpx:cad>
</gpxtpx:TrackPointExtension>
</extensions>
</trkpt>
<trkpt lat="33.585443" lon="130.3945935">
<ele>1.862</ele>
<time>2026-05-30T21:34:21Z</time>
<extensions>
<gpxtpx:TrackPointExtension>
<gpxtpx:hr>173</gpxtpx:hr>
</gpxtpx:TrackPointExtension>
</extensions>
</trkpt>
<trkpt lat="33.5854347" lon="130.3945588">
<ele>1.814</ele>
<time>2026-05-30T21:34:22Z</time>
<extensions>
<gpxtpx:TrackPointExtension>
<gpxtpx:hr>173</gpxtpx:hr>
</gpxtpx:TrackPointExtension>
</extensions>
</trkpt>
<trkpt lat="33.5854267" lon="130.3945228">
<ele>1.838</ele>
<time>2026-05-30T21:34:23Z</time>
<extensions>
<gpxtpx:TrackPointExtension>
<gpxtpx:hr>173</gpxtpx:hr>
</gpxtpx:TrackPointExtension>
</extensions>
</trkpt>
<trkpt lat="33.5854187" lon="130.3944869">
<ele>1.815</ele>
<time>2026-05-30T21:34:24Z</time>
<extensions>
<gpxtpx:TrackPointExtension>
<gpxtpx:hr>173</gpxtpx:hr>
</gpxtpx:TrackPointExtension>
</extensions>
</trkpt>
<trkpt lat="33.5854117" lon="130.3944517">
<ele>1.819</ele>
<time>2026-05-30T21:34:25Z</time>
<extensions>
<gpxtpx:TrackPointExtension>
<gpxtpx:hr>173</gpxtpx:hr>
<gpxtpx:cad>181</gpxtpx:cad>
</gpxtpx:TrackPointExtension>
</extensions>
</trkpt>
<trkpt lat="33.5854045" lon="130.3944161">
<ele>1.868</ele>
<time>2026-05-30T21:34:26Z</time>
<extensions>
<gpxtpx:TrackPointExtension>
<gpxtpx:hr>172</gpxtpx:hr>
</gpxtpx:TrackPointExtension>
</extensions>
</trkpt>
<trkpt lat="33.5853981" lon="130.3943806">
<ele>1.898</ele>
<time>2026-05-30T21:34:27Z</time>
<extensions>
<gpxtpx:TrackPointExtension>
<gpxtpx:hr>173</gpxtpx:hr>
</gpxtpx:TrackPointExtension>
</extensions>
</trkpt>
<trkpt lat="33.5853907" lon="130.3943447">
<ele>1.896</ele>
<time>2026-05-30T21:34:28Z</time>
<extensions>
<gpxtpx:TrackPointExtension>
<gpxtpx:hr>173</gpxtpx:hr>
</gpxtpx:TrackPointExtension>
</extensions>
</trkpt>
<trkpt lat="33.5853827" lon="130.3943084">
<ele>1.942</ele>
<time>2026-05-30T21:34:29Z</time>
<extensions>
<gpxtpx:TrackPointExtension>
<gpxtpx:hr>172</gpxtpx:hr>
</gpxtpx:TrackPointExtension>
</extensions>
</trkpt>
<trkpt lat="33.585375" lon="130.394273">
<ele>1.826</ele>
<time>2026-05-30T21:34:30Z</time>
<extensions>
<gpxtpx:TrackPointExtension>
<gpxtpx:hr>172</gpxtpx:hr>
<gpxtpx:cad>181</gpxtpx:cad>
</gpxtpx:TrackPointExtension>
</extensions>
</trkpt>
<trkpt lat="33.5853666" lon="130.3942379">
<ele>1.814</ele>
<time>2026-05-30T21:34:31Z</time>
<extensions>
<gpxtpx:TrackPointExtension>
<gpxtpx:hr>173</gpxtpx:hr>
</gpxtpx:TrackPointExtension>
</extensions>
</trkpt>
<trkpt lat="33.5853586" lon="130.3942033">
<ele>1.821</ele>
<time>2026-05-30T21:34:32Z</time>
<extensions>
<gpxtpx:TrackPointExtension>
<gpxtpx:hr>173</gpxtpx:hr>
</gpxtpx:TrackPointExtension>
</extensions>
</trkpt>
<trkpt lat="33.5853517" lon="130.3941684">
<ele>1.894</ele>
<time>2026-05-30T21:34:33Z</time>
<extensions>
<gpxtpx:TrackPointExtension>
<gpxtpx:hr>173</gpxtpx:hr>
</gpxtpx:TrackPointExtension>
</extensions>
</trkpt>
<trkpt lat="33.5853461" lon="130.3941331">
<ele>1.922</ele>
<time>2026-05-30T21:34:34Z</time>
<extensions>
<gpxtpx:TrackPointExtension>
<gpxtpx:hr>173</gpxtpx:hr>
</gpxtpx:TrackPointExtension>
</extensions>
</trkpt>
<trkpt lat="33.5853403" lon="130.3940977">
<ele>1.936</ele>
<time>2026-05-30T21:34:35Z</time>
<extensions>
<gpxtpx:TrackPointExtension>
<gpxtpx:hr>173</gpxtpx:hr>
<gpxtpx:cad>181</gpxtpx:cad>
</gpxtpx:TrackPointExtension>
</extensions>
</trkpt>
<trkpt lat="33.5853352" lon="130.3940618">
<ele>2.015</ele>
<time>2026-05-30T21:34:36Z</time>
<extensions>
<gpxtpx:TrackPointExtension>
<gpxtpx:hr>172</gpxtpx:hr>
</gpxtpx:TrackPointExtension>
</extensions>
</trkpt>
<trkpt lat="33.5853298" lon="130.3940259">
<ele>2.022</ele>
<time>2026-05-30T21:34:37Z</time>
<extensions>
<gpxtpx:TrackPointExtension>
<gpxtpx:hr>172</gpxtpx:hr>
</gpxtpx:TrackPointExtension>
</extensions>
</trkpt>
<trkpt lat="33.5853246" lon="130.3939899">
<ele>2.064</ele>
<time>2026-05-30T21:34:38Z</time>
<extensions>
<gpxtpx:TrackPointExtension>
<gpxtpx:hr>172</gpxtpx:hr>
</gpxtpx:TrackPointExtension>
</extensions>
</trkpt>
<trkpt lat="33.5853193" lon="130.3939543">
<ele>2.065</ele>
<time>2026-05-30T21:34:39Z</time>
<extensions>
<gpxtpx:TrackPointExtension>
<gpxtpx:hr>172</gpxtpx:hr>
<gpxtpx:cad>181</gpxtpx:cad>
</gpxtpx:TrackPointExtension>
</extensions>
</trkpt>
<trkpt lat="33.5853146" lon="130.3939173">
<ele>2.147</ele>
<time>2026-05-30T21:34:40Z</time>
<extensions>
<gpxtpx:TrackPointExtension>
<gpxtpx:hr>172</gpxtpx:hr>
<gpxtpx:cad>181</gpxtpx:cad>
</gpxtpx:TrackPointExtension>
</extensions>
</trkpt>
<trkpt lat="33.5853096" lon="130.3938808">
<ele>2.071</ele>
<time>2026-05-30T21:34:41Z</time>
<extensions>
<gpxtpx:TrackPointExtension>
<gpxtpx:hr>172</gpxtpx:hr>
</gpxtpx:TrackPointExtension>
</extensions>
</trkpt>
<trkpt lat="33.5853049" lon="130.3938443">
<ele>2.074</ele>
<time>2026-05-30T21:34:42Z</time>
<extensions>
<gpxtpx:TrackPointExtension>
<gpxtpx:hr>172</gpxtpx:hr>
</gpxtpx:TrackPointExtension>
</extensions>
</trkpt>
<trkpt lat="33.5852998" lon="130.3938079">
<ele>2.055</ele>
<time>2026-05-30T21:34:43Z</time>
<extensions>
<gpxtpx:TrackPointExtension>
<gpxtpx:hr>172</gpxtpx:hr>
</gpxtpx:TrackPointExtension>
</extensions>
</trkpt>
<trkpt lat="33.5852946" lon="130.3937713">
<ele>2.028</ele>
<time>2026-05-30T21:34:44Z</time>
<extensions>
<gpxtpx:TrackPointExtension>
<gpxtpx:hr>172</gpxtpx:hr>
</gpxtpx:TrackPointExtension>
</extensions>
</trkpt>
<trkpt lat="33.5852901" lon="130.3937351">
<ele>1.948</ele>
<time>2026-05-30T21:34:45Z</time>
<extensions>
<gpxtpx:TrackPointExtension>
<gpxtpx:hr>172</gpxtpx:hr>
<gpxtpx:cad>181</gpxtpx:cad>
</gpxtpx:TrackPointExtension>
</extensions>
</trkpt>
<trkpt lat="33.5852853" lon="130.3936988">
<ele>1.911</ele>
<time>2026-05-30T21:34:46Z</time>
<extensions>
<gpxtpx:TrackPointExtension>
<gpxtpx:hr>172</gpxtpx:hr>
</gpxtpx:TrackPointExtension>
</extensions>
</trkpt>
<trkpt lat="33.5852821" lon="130.3936632">
<ele>1.942</ele>
<time>2026-05-30T21:34:47Z</time>
<extensions>
<gpxtpx:TrackPointExtension>
<gpxtpx:hr>172</gpxtpx:hr>
</gpxtpx:TrackPointExtension>
</extensions>
</trkpt>
<trkpt lat="33.5852777" lon="130.3936268">
<ele>1.979</ele>
<time>2026-05-30T21:34:48Z</time>
<extensions>
<gpxtpx:TrackPointExtension>
<gpxtpx:hr>172</gpxtpx:hr>
</gpxtpx:TrackPointExtension>
</extensions>
</trkpt>
<trkpt lat="33.5852748" lon="130.3935914">
<ele>1.947</ele>
<time>2026-05-30T21:34:49Z</time>
<extensions>
<gpxtpx:TrackPointExtension>
<gpxtpx:hr>172</gpxtpx:hr>
</gpxtpx:TrackPointExtension>
</extensions>
</trkpt>
<trkpt lat="33.5852714" lon="130.3935552">
<ele>1.929</ele>
<time>2026-05-30T21:34:50Z</time>
<extensions>
<gpxtpx:TrackPointExtension>
<gpxtpx:hr>172</gpxtpx:hr>
<gpxtpx:cad>180</gpxtpx:cad>
</gpxtpx:TrackPointExtension>
</extensions>
</trkpt>
<trkpt lat="33.5852688" lon="130.39352">
<ele>1.818</ele>
<time>2026-05-30T21:34:51Z</time>
<extensions>
<gpxtpx:TrackPointExtension>
<gpxtpx:hr>172</gpxtpx:hr>
</gpxtpx:TrackPointExtension>
</extensions>
</trkpt>
<trkpt lat="33.5852661" lon="130.393485">
<ele>1.773</ele>
<time>2026-05-30T21:34:52Z</time>
<extensions>
<gpxtpx:TrackPointExtension>
<gpxtpx:hr>171</gpxtpx:hr>
</gpxtpx:TrackPointExtension>
</extensions>
</trkpt>
<trkpt lat="33.5852632" lon="130.3934502">
<ele>1.849</ele>
<time>2026-05-30T21:34:53Z</time>
<extensions>
<gpxtpx:TrackPointExtension>
<gpxtpx:hr>171</gpxtpx:hr>
</gpxtpx:TrackPointExtension>
</extensions>
</trkpt>
<trkpt lat="33.5852604" lon="130.3934159">
<ele>1.949</ele>
<time>2026-05-30T21:34:54Z</time>
<extensions>
<gpxtpx:TrackPointExtension>
<gpxtpx:hr>171</gpxtpx:hr>
</gpxtpx:TrackPointExtension>
</extensions>
</trkpt>
<trkpt lat="33.5852576" lon="130.3933812">
<ele>1.984</ele>
<time>2026-05-30T21:34:55Z</time>
<extensions>
<gpxtpx:TrackPointExtension>
<gpxtpx:hr>172</gpxtpx:hr>
<gpxtpx:cad>177</gpxtpx:cad>
</gpxtpx:TrackPointExtension>
</extensions>
</trkpt>
<trkpt lat="33.5852548" lon="130.3933464">
<ele>1.926</ele>
<time>2026-05-30T21:34:56Z</time>
<extensions>
<gpxtpx:TrackPointExtension>
<gpxtpx:hr>172</gpxtpx:hr>
</gpxtpx:TrackPointExtension>
</extensions>
</trkpt>
<trkpt lat="33.585251" lon="130.3933116">
<ele>1.931</ele>
<time>2026-05-30T21:34:57Z</time>
<extensions>
<gpxtpx:TrackPointExtension>
<gpxtpx:hr>171</gpxtpx:hr>
</gpxtpx:TrackPointExtension>
</extensions>
</trkpt>
<trkpt lat="33.5852462" lon="130.3932766">
<ele>1.951</ele>
<time>2026-05-30T21:34:58Z</time>
<extensions>
<gpxtpx:TrackPointExtension>
<gpxtpx:hr>171</gpxtpx:hr>
</gpxtpx:TrackPointExtension>
</extensions>
</trkpt>
<trkpt lat="33.5852416" lon="130.3932417">
<ele>1.892</ele>
<time>2026-05-30T21:34:59Z</time>
<extensions>
<gpxtpx:TrackPointExtension>
<gpxtpx:hr>171</gpxtpx:hr>
</gpxtpx:TrackPointExtension>
</extensions>
</trkpt>
<trkpt lat="33.5852368" lon="130.393207">
<ele>1.838</ele>
<time>2026-05-30T21:35:00Z</time>
<extensions>
<gpxtpx:TrackPointExtension>
<gpxtpx:hr>171</gpxtpx:hr>
<gpxtpx:cad>175</gpxtpx:cad>
</gpxtpx:TrackPointExtension>
</extensions>
</trkpt>
<trkpt lat="33.5852318" lon="130.3931725">
<ele>1.791</ele>
<time>2026-05-30T21:35:01Z</time>
</trkpt>
<trkpt lat="33.5852281" lon="130.3931386">
<ele>1.79</ele>
<time>2026-05-30T21:35:02Z</time>
<extensions>
<gpxtpx:TrackPointExtension>
<gpxtpx:hr>171</gpxtpx:hr>
</gpxtpx:TrackPointExtension>
</extensions>
</trkpt>
<trkpt lat="33.5852226" lon="130.3931044">
<ele>1.872</ele>
<time>2026-05-30T21:35:03Z</time>
<extensions>
<gpxtpx:TrackPointExtension>
<gpxtpx:hr>171</gpxtpx:hr>
</gpxtpx:TrackPointExtension>
</extensions>
</trkpt>
<trkpt lat="33.5852182" lon="130.3930702">
<ele>1.872</ele>
<time>2026-05-30T21:35:04Z</time>
<extensions>
<gpxtpx:TrackPointExtension>
<gpxtpx:hr>171</gpxtpx:hr>
</gpxtpx:TrackPointExtension>
</extensions>
</trkpt>
<trkpt lat="33.5852115" lon="130.3930362">
<ele>1.752</ele>
<time>2026-05-30T21:35:05Z</time>
<extensions>
<gpxtpx:TrackPointExtension>
<gpxtpx:hr>171</gpxtpx:hr>
<gpxtpx:cad>178</gpxtpx:cad>
</gpxtpx:TrackPointExtension>
</extensions>
</trkpt>
<trkpt lat="33.5852061" lon="130.3930013">
<ele>1.698</ele>
<time>2026-05-30T21:35:06Z</time>
<extensions>
<gpxtpx:TrackPointExtension>
<gpxtpx:hr>171</gpxtpx:hr>
</gpxtpx:TrackPointExtension>
</extensions>
</trkpt>
<trkpt lat="33.5851997" lon="130.3929687">
<ele>1.687</ele>
<time>2026-05-30T21:35:07Z</time>
<extensions>
<gpxtpx:TrackPointExtension>
<gpxtpx:hr>172</gpxtpx:hr>
</gpxtpx:TrackPointExtension>
</extensions>
</trkpt>
<trkpt lat="33.5851928" lon="130.3929346">
<ele>1.756</ele>
<time>2026-05-30T21:35:08Z</time>
<extensions>
<gpxtpx:TrackPointExtension>
<gpxtpx:hr>172</gpxtpx:hr>
</gpxtpx:TrackPointExtension>
</extensions>
</trkpt>
<trkpt lat="33.5851856" lon="130.3929027">
<ele>1.737</ele>
<time>2026-05-30T21:35:09Z</time>
<extensions>
<gpxtpx:TrackPointExtension>
<gpxtpx:hr>172</gpxtpx:hr>
<gpxtpx:cad>180</gpxtpx:cad>
</gpxtpx:TrackPointExtension>
</extensions>
</trkpt>
<trkpt lat="33.5851787" lon="130.3928713">
<ele>1.784</ele>
<time>2026-05-30T21:35:10Z</time>
<extensions>
<gpxtpx:TrackPointExtension>
<gpxtpx:hr>172</gpxtpx:hr>
<gpxtpx:cad>180</gpxtpx:cad>
</gpxtpx:TrackPointExtension>
</extensions>
</trkpt>
<trkpt lat="33.5851724" lon="130.3928401">
<ele>1.852</ele>
<time>2026-05-30T21:35:11Z</time>
<extensions>
<gpxtpx:TrackPointExtension>
<gpxtpx:hr>172</gpxtpx:hr>
</gpxtpx:TrackPointExtension>
</extensions>
</trkpt>
<trkpt lat="33.5851656" lon="130.3928077">
<ele>1.826</ele>
<time>2026-05-30T21:35:12Z</time>
<extensions>
<gpxtpx:TrackPointExtension>
<gpxtpx:hr>172</gpxtpx:hr>
</gpxtpx:TrackPointExtension>
</extensions>
</trkpt>
<trkpt lat="33.5851606" lon="130.3927784">
<ele>1.828</ele>
<time>2026-05-30T21:35:13Z</time>
<extensions>
<gpxtpx:TrackPointExtension>
<gpxtpx:hr>172</gpxtpx:hr>
</gpxtpx:TrackPointExtension>
</extensions>
</trkpt>
<trkpt lat="33.5851551" lon="130.392748">
<ele>1.942</ele>
<time>2026-05-30T21:35:14Z</time>
<extensions>
<gpxtpx:TrackPointExtension>
<gpxtpx:hr>172</gpxtpx:hr>
<gpxtpx:cad>181</gpxtpx:cad>
</gpxtpx:TrackPointExtension>
</extensions>
</trkpt>
<trkpt lat="33.5851509" lon="130.3927186">
<ele>1.963</ele>
<time>2026-05-30T21:35:15Z</time>
<extensions>
<gpxtpx:TrackPointExtension>
<gpxtpx:hr>172</gpxtpx:hr>
</gpxtpx:TrackPointExtension>
</extensions>
</trkpt>
<trkpt lat="33.5851471" lon="130.3926888">
<ele>1.961</ele>
<time>2026-05-30T21:35:16Z</time>
<extensions>
<gpxtpx:TrackPointExtension>
<gpxtpx:hr>173</gpxtpx:hr>
</gpxtpx:TrackPointExtension>
</extensions>
</trkpt>
<trkpt lat="33.5851436" lon="130.3926583">
<ele>2.06</ele>
<time>2026-05-30T21:35:17Z</time>
<extensions>
<gpxtpx:TrackPointExtension>
<gpxtpx:hr>173</gpxtpx:hr>
</gpxtpx:TrackPointExtension>
</extensions>
</trkpt>
<trkpt lat="33.5851402" lon="130.3926273">
<ele>2.111</ele>
<time>2026-05-30T21:35:18Z</time>
<extensions>
<gpxtpx:TrackPointExtension>
<gpxtpx:hr>173</gpxtpx:hr>
</gpxtpx:TrackPointExtension>
</extensions>
</trkpt>
<trkpt lat="33.5851352" lon="130.3925968">
<ele>2.134</ele>
<time>2026-05-30T21:35:19Z</time>
<extensions>
<gpxtpx:TrackPointExtension>
<gpxtpx:hr>173</gpxtpx:hr>
<gpxtpx:cad>181</gpxtpx:cad>
</gpxtpx:TrackPointExtension>
</extensions>
</trkpt>
<trkpt lat="33.5851331" lon="130.3925641">
<ele>2.211</ele>
<time>2026-05-30T21:35:20Z</time>
<extensions>
<gpxtpx:TrackPointExtension>
<gpxtpx:hr>173</gpxtpx:hr>
</gpxtpx:TrackPointExtension>
</extensions>
</trkpt>
<trkpt lat="33.5851307" lon="130.3925303">
<ele>2.228</ele>
<time>2026-05-30T21:35:21Z</time>
<extensions>
<gpxtpx:TrackPointExtension>
<gpxtpx:hr>173</gpxtpx:hr>
</gpxtpx:TrackPointExtension>
</extensions>
</trkpt>
<trkpt lat="33.5851267" lon="130.3924978">
<ele>2.223</ele>
<time>2026-05-30T21:35:22Z</time>
<extensions>
<gpxtpx:TrackPointExtension>
<gpxtpx:hr>173</gpxtpx:hr>
</gpxtpx:TrackPointExtension>
</extensions>
</trkpt>
<trkpt lat="33.5851227" lon="130.3924652">
<ele>2.163</ele>
<time>2026-05-30T21:35:23Z</time>
<extensions>
<gpxtpx:TrackPointExtension>
<gpxtpx:hr>173</gpxtpx:hr>
</gpxtpx:TrackPointExtension>
</extensions>
</trkpt>
<trkpt lat="33.5851188" lon="130.3924327">
<ele>2.07</ele>
<time>2026-05-30T21:35:24Z</time>
<extensions>
<gpxtpx:TrackPointExtension>
<gpxtpx:hr>173</gpxtpx:hr>
<gpxtpx:cad>181</gpxtpx:cad>
</gpxtpx:TrackPointExtension>
</extensions>
</trkpt>
<trkpt lat="33.5851155" lon="130.3924017">
<ele>2.007</ele>
<time>2026-05-30T21:35:25Z</time>
<extensions>
<gpxtpx:TrackPointExtension>
<gpxtpx:hr>173</gpxtpx:hr>
</gpxtpx:TrackPointExtension>
</extensions>
</trkpt>
<trkpt lat="33.5851127" lon="130.3923722">
<ele>1.973</ele>
<time>2026-05-30T21:35:26Z</time>
<extensions>
<gpxtpx:TrackPointExtension>
<gpxtpx:hr>173</gpxtpx:hr>
</gpxtpx:TrackPointExtension>
</extensions>
</trkpt>
<trkpt lat="33.5851103" lon="130.3923421">
<ele>1.929</ele>
<time>2026-05-30T21:35:27Z</time>
<extensions>
<gpxtpx:TrackPointExtension>
<gpxtpx:hr>173</gpxtpx:hr>
</gpxtpx:TrackPointExtension>
</extensions>
</trkpt>
<trkpt lat="33.5851078" lon="130.3923071">
<ele>1.96</ele>
<time>2026-05-30T21:35:28Z</time>
<extensions>
<gpxtpx:TrackPointExtension>
<gpxtpx:hr>173</gpxtpx:hr>
</gpxtpx:TrackPointExtension>
</extensions>
</trkpt>
<trkpt lat="33.585106" lon="130.3922722">
<ele>1.971</ele>
<time>2026-05-30T21:35:29Z</time>
<extensions>
<gpxtpx:TrackPointExtension>
<gpxtpx:hr>173</gpxtpx:hr>
<gpxtpx:cad>181</gpxtpx:cad>
</gpxtpx:TrackPointExtension>
</extensions>
</trkpt>
<trkpt lat="33.5851039" lon="130.3922391">
<ele>1.915</ele>
<time>2026-05-30T21:35:30Z</time>
<extensions>
<gpxtpx:TrackPointExtension>
<gpxtpx:hr>173</gpxtpx:hr>
</gpxtpx:TrackPointExtension>
</extensions>
</trkpt>
<trkpt lat="33.5851018" lon="130.3922041">
<ele>1.902</ele>
<time>2026-05-30T21:35:31Z</time>
<extensions>
<gpxtpx:TrackPointExtension>
<gpxtpx:hr>173</gpxtpx:hr>
</gpxtpx:TrackPointExtension>
</extensions>
</trkpt>
<trkpt lat="33.5850997" lon="130.3921683">
<ele>1.97</ele>
<time>2026-05-30T21:35:32Z</time>
<extensions>
<gpxtpx:TrackPointExtension>
<gpxtpx:hr>172</gpxtpx:hr>
</gpxtpx:TrackPointExtension>
</extensions>
</trkpt>
<trkpt lat="33.5850975" lon="130.3921317">
<ele>1.981</ele>
<time>2026-05-30T21:35:33Z</time>
<extensions>
<gpxtpx:TrackPointExtension>
<gpxtpx:hr>173</gpxtpx:hr>
</gpxtpx:TrackPointExtension>
</extensions>
</trkpt>
<trkpt lat="33.5850986" lon="130.3920967">
<ele>1.986</ele>
<time>2026-05-30T21:35:34Z</time>
<extensions>
<gpxtpx:TrackPointExtension>
<gpxtpx:hr>173</gpxtpx:hr>
<gpxtpx:cad>180</gpxtpx:cad>
</gpxtpx:TrackPointExtension>
</extensions>
</trkpt>
<trkpt lat="33.585098" lon="130.3920608">
<ele>1.995</ele>
<time>2026-05-30T21:35:35Z</time>
<extensions>
<gpxtpx:TrackPointExtension>
<gpxtpx:hr>173</gpxtpx:hr>
</gpxtpx:TrackPointExtension>
</extensions>
</trkpt>
<trkpt lat="33.5850979" lon="130.3920248">
<ele>1.979</ele>
<time>2026-05-30T21:35:36Z</time>
<extensions>
<gpxtpx:TrackPointExtension>
<gpxtpx:hr>173</gpxtpx:hr>
</gpxtpx:TrackPointExtension>
</extensions>
</trkpt>
<trkpt lat="33.585109" lon="130.391994">
<ele>1.995</ele>
<time>2026-05-30T21:35:37Z</time>
<extensions>
<gpxtpx:TrackPointExtension>
<gpxtpx:hr>174</gpxtpx:hr>
</gpxtpx:TrackPointExtension>
</extensions>
</trkpt>
<trkpt lat="33.5851087" lon="130.3919579">
<ele>2.051</ele>
<time>2026-05-30T21:35:38Z</time>
<extensions>
<gpxtpx:TrackPointExtension>
<gpxtpx:hr>174</gpxtpx:hr>
</gpxtpx:TrackPointExtension>
</extensions>
</trkpt>
<trkpt lat="33.5851157" lon="130.3919253">
<ele>2.091</ele>
<time>2026-05-30T21:35:39Z</time>
<extensions>
<gpxtpx:TrackPointExtension>
<gpxtpx:hr>174</gpxtpx:hr>
<gpxtpx:cad>176</gpxtpx:cad>
</gpxtpx:TrackPointExtension>
</extensions>
</trkpt>
<trkpt lat="33.5851201" lon="130.3918921">
<ele>2.057</ele>
<time>2026-05-30T21:35:40Z</time>
<extensions>
<gpxtpx:TrackPointExtension>
<gpxtpx:hr>174</gpxtpx:hr>
<gpxtpx:cad>175</gpxtpx:cad>
</gpxtpx:TrackPointExtension>
</extensions>
</trkpt>
<trkpt lat="33.5851315" lon="130.3918637">
<ele>2.038</ele>
<time>2026-05-30T21:35:41Z</time>
<extensions>
<gpxtpx:TrackPointExtension>
<gpxtpx:hr>175</gpxtpx:hr>
</gpxtpx:TrackPointExtension>
</extensions>
</trkpt>
<trkpt lat="33.5851433" lon="130.3918367">
<ele>2.046</ele>
<time>2026-05-30T21:35:42Z</time>
<extensions>
<gpxtpx:TrackPointExtension>
<gpxtpx:hr>175</gpxtpx:hr>
</gpxtpx:TrackPointExtension>
</extensions>
</trkpt>
<trkpt lat="33.5851466" lon="130.391802">
<ele>2.029</ele>
<time>2026-05-30T21:35:43Z</time>
<extensions>
<gpxtpx:TrackPointExtension>
<gpxtpx:hr>175</gpxtpx:hr>
</gpxtpx:TrackPointExtension>
</extensions>
</trkpt>
<trkpt lat="33.5851536" lon="130.3917689">
<ele>2.022</ele>
<time>2026-05-30T21:35:44Z</time>
<extensions>
<gpxtpx:TrackPointExtension>
<gpxtpx:hr>175</gpxtpx:hr>
<gpxtpx:cad>171</gpxtpx:cad>
</gpxtpx:TrackPointExtension>
</extensions>
</trkpt>
<trkpt lat="33.5851682" lon="130.3917405">
<ele>2.041</ele>
<time>2026-05-30T21:35:45Z</time>
<extensions>
<gpxtpx:TrackPointExtension>
<gpxtpx:hr>176</gpxtpx:hr>
</gpxtpx:TrackPointExtension>
</extensions>
</trkpt>
<trkpt lat="33.585182" lon="130.3917084">
<ele>2.083</ele>
<time>2026-05-30T21:35:46Z</time>
<extensions>
<gpxtpx:TrackPointExtension>
<gpxtpx:hr>176</gpxtpx:hr>
</gpxtpx:TrackPointExtension>
</extensions>
</trkpt>
<trkpt lat="33.5852099" lon="130.3916872">
<ele>2.065</ele>
<time>2026-05-30T21:35:47Z</time>
<extensions>
<gpxtpx:TrackPointExtension>
<gpxtpx:hr>176</gpxtpx:hr>
</gpxtpx:TrackPointExtension>
</extensions>
</trkpt>
<trkpt lat="33.5852418" lon="130.3916683">
<ele>1.966</ele>
<time>2026-05-30T21:35:48Z</time>
<extensions>
<gpxtpx:TrackPointExtension>
<gpxtpx:hr>176</gpxtpx:hr>
</gpxtpx:TrackPointExtension>
</extensions>
</trkpt>
<trkpt lat="33.5852689" lon="130.3916526">
<ele>1.864</ele>
<time>2026-05-30T21:35:49Z</time>
<extensions>
<gpxtpx:TrackPointExtension>
<gpxtpx:hr>176</gpxtpx:hr>
<gpxtpx:cad>170</gpxtpx:cad>
</gpxtpx:TrackPointExtension>
</extensions>
</trkpt>
<trkpt lat="33.5852893" lon="130.3916388">
<ele>2.056</ele>
<time>2026-05-30T21:36:26Z</time>
<extensions>
<gpxtpx:TrackPointExtension>
<gpxtpx:hr>150</gpxtpx:hr>
</gpxtpx:TrackPointExtension>
</extensions>
</trkpt>
<trkpt lat="33.5852891" lon="130.3916287">
<ele>2.021</ele>
<time>2026-05-30T21:36:27Z</time>
</trkpt>
<trkpt lat="33.5852967" lon="130.3916131">
<ele>1.979</ele>
<time>2026-05-30T21:36:28Z</time>
<extensions>
<gpxtpx:TrackPointExtension>
<gpxtpx:hr>149</gpxtpx:hr>
</gpxtpx:TrackPointExtension>
</extensions>
</trkpt>
<trkpt lat="33.5853009" lon="130.3915954">
<ele>2.116</ele>
<time>2026-05-30T21:36:29Z</time>
<extensions>
<gpxtpx:TrackPointExtension>
<gpxtpx:hr>149</gpxtpx:hr>
</gpxtpx:TrackPointExtension>
</extensions>
</trkpt>
<trkpt lat="33.5853021" lon="130.3915752">
<ele>2.306</ele>
<time>2026-05-30T21:36:30Z</time>
<extensions>
<gpxtpx:TrackPointExtension>
<gpxtpx:hr>148</gpxtpx:hr>
<gpxtpx:cad>140</gpxtpx:cad>
</gpxtpx:TrackPointExtension>
</extensions>
</trkpt>
<trkpt lat="33.5853011" lon="130.3915526">
<ele>2.502</ele>
<time>2026-05-30T21:36:31Z</time>
<extensions>
<gpxtpx:TrackPointExtension>
<gpxtpx:hr>147</gpxtpx:hr>
</gpxtpx:TrackPointExtension>
</extensions>
</trkpt>
<trkpt lat="33.5852929" lon="130.3915248">
<ele>2.605</ele>
<time>2026-05-30T21:36:32Z</time>
<extensions>
<gpxtpx:TrackPointExtension>
<gpxtpx:hr>147</gpxtpx:hr>
</gpxtpx:TrackPointExtension>
</extensions>
</trkpt>
<trkpt lat="33.5852894" lon="130.391498">
<ele>2.694</ele>
<time>2026-05-30T21:36:33Z</time>
<extensions>
<gpxtpx:TrackPointExtension>
<gpxtpx:hr>147</gpxtpx:hr>
</gpxtpx:TrackPointExtension>
</extensions>
</trkpt>
<trkpt lat="33.5852916" lon="130.3914742">
<ele>2.654</ele>
<time>2026-05-30T21:36:34Z</time>
<extensions>
<gpxtpx:TrackPointExtension>
<gpxtpx:hr>147</gpxtpx:hr>
</gpxtpx:TrackPointExtension>
</extensions>
</trkpt>
<trkpt lat="33.585293" lon="130.3914502">
<ele>2.692</ele>
<time>2026-05-30T21:36:35Z</time>
<extensions>
<gpxtpx:TrackPointExtension>
<gpxtpx:hr>147</gpxtpx:hr>
<gpxtpx:cad>153</gpxtpx:cad>
</gpxtpx:TrackPointExtension>
</extensions>
</trkpt>
<trkpt lat="33.5852931" lon="130.3914254">
<ele>2.759</ele>
<time>2026-05-30T21:36:36Z</time>
<extensions>
<gpxtpx:TrackPointExtension>
<gpxtpx:hr>146</gpxtpx:hr>
</gpxtpx:TrackPointExtension>
</extensions>
</trkpt>
<trkpt lat="33.5852925" lon="130.3914024">
<ele>2.897</ele>
<time>2026-05-30T21:36:37Z</time>
<extensions>
<gpxtpx:TrackPointExtension>
<gpxtpx:hr>146</gpxtpx:hr>
</gpxtpx:TrackPointExtension>
</extensions>
</trkpt>
<trkpt lat="33.5852859" lon="130.3913759">
<ele>2.913</ele>
<time>2026-05-30T21:36:38Z</time>
<extensions>
<gpxtpx:TrackPointExtension>
<gpxtpx:hr>147</gpxtpx:hr>
</gpxtpx:TrackPointExtension>
</extensions>
</trkpt>
<trkpt lat="33.5852771" lon="130.3913487">
<ele>2.914</ele>
<time>2026-05-30T21:36:39Z</time>
<extensions>
<gpxtpx:TrackPointExtension>
<gpxtpx:hr>147</gpxtpx:hr>
</gpxtpx:TrackPointExtension>
</extensions>
</trkpt>
<trkpt lat="33.5852674" lon="130.3913192">
<ele>2.952</ele>
<time>2026-05-30T21:36:40Z</time>
<extensions>
<gpxtpx:TrackPointExtension>
<gpxtpx:hr>148</gpxtpx:hr>
<gpxtpx:cad>173</gpxtpx:cad>
</gpxtpx:TrackPointExtension>
</extensions>
</trkpt>
<trkpt lat="33.585256" lon="130.3912844">
<ele>2.873</ele>
<time>2026-05-30T21:36:41Z</time>
<extensions>
<gpxtpx:TrackPointExtension>
<gpxtpx:hr>148</gpxtpx:hr>
</gpxtpx:TrackPointExtension>
</extensions>
</trkpt>
<trkpt lat="33.5852443" lon="130.3912491">
<ele>2.831</ele>
<time>2026-05-30T21:36:42Z</time>
<extensions>
<gpxtpx:TrackPointExtension>
<gpxtpx:hr>149</gpxtpx:hr>
</gpxtpx:TrackPointExtension>
</extensions>
</trkpt>
<trkpt lat="33.5852324" lon="130.3912133">
<ele>2.795</ele>
<time>2026-05-30T21:36:43Z</time>
<extensions>
<gpxtpx:TrackPointExtension>
<gpxtpx:hr>150</gpxtpx:hr>
</gpxtpx:TrackPointExtension>
</extensions>
</trkpt>
<trkpt lat="33.5852202" lon="130.3911771">
<ele>2.562</ele>
<time>2026-05-30T21:36:44Z</time>
<extensions>
<gpxtpx:TrackPointExtension>
<gpxtpx:hr>150</gpxtpx:hr>
</gpxtpx:TrackPointExtension>
</extensions>
</trkpt>
<trkpt lat="33.5852077" lon="130.391141">
<ele>2.231</ele>
<time>2026-05-30T21:36:45Z</time>
<extensions>
<gpxtpx:TrackPointExtension>
<gpxtpx:hr>151</gpxtpx:hr>
<gpxtpx:cad>180</gpxtpx:cad>
</gpxtpx:TrackPointExtension>
</extensions>
</trkpt>
<trkpt lat="33.5851947" lon="130.3911067">
<ele>2.257</ele>
<time>2026-05-30T21:36:46Z</time>
<extensions>
<gpxtpx:TrackPointExtension>
<gpxtpx:hr>152</gpxtpx:hr>
</gpxtpx:TrackPointExtension>
</extensions>
</trkpt>
<trkpt lat="33.5851816" lon="130.3910711">
<ele>2.483</ele>
<time>2026-05-30T21:36:47Z</time>
<extensions>
<gpxtpx:TrackPointExtension>
<gpxtpx:hr>152</gpxtpx:hr>
</gpxtpx:TrackPointExtension>
</extensions>
</trkpt>
<trkpt lat="33.5851683" lon="130.3910375">
<ele>2.554</ele>
<time>2026-05-30T21:36:48Z</time>
<extensions>
<gpxtpx:TrackPointExtension>
<gpxtpx:hr>153</gpxtpx:hr>
</gpxtpx:TrackPointExtension>
</extensions>
</trkpt>
<trkpt lat="33.5851555" lon="130.3910038">
<ele>2.559</ele>
<time>2026-05-30T21:36:49Z</time>
<extensions>
<gpxtpx:TrackPointExtension>
<gpxtpx:hr>153</gpxtpx:hr>
<gpxtpx:cad>179</gpxtpx:cad>
</gpxtpx:TrackPointExtension>
</extensions>
</trkpt>
<trkpt lat="33.5851429" lon="130.3909687">
<ele>2.527</ele>
<time>2026-05-30T21:36:50Z</time>
<extensions>
<gpxtpx:TrackPointExtension>
<gpxtpx:hr>154</gpxtpx:hr>
<gpxtpx:cad>179</gpxtpx:cad>
</gpxtpx:TrackPointExtension>
</extensions>
</trkpt>
<trkpt lat="33.5851304" lon="130.3909336">
<ele>2.561</ele>
<time>2026-05-30T21:36:51Z</time>
<extensions>
<gpxtpx:TrackPointExtension>
<gpxtpx:hr>154</gpxtpx:hr>
</gpxtpx:TrackPointExtension>
</extensions>
</trkpt>
<trkpt lat="33.5851175" lon="130.3908978">
<ele>2.684</ele>
<time>2026-05-30T21:36:52Z</time>
<extensions>
<gpxtpx:TrackPointExtension>
<gpxtpx:hr>156</gpxtpx:hr>
</gpxtpx:TrackPointExtension>
</extensions>
</trkpt>
<trkpt lat="33.5851057" lon="130.3908639">
<ele>2.724</ele>
<time>2026-05-30T21:36:53Z</time>
<extensions>
<gpxtpx:TrackPointExtension>
<gpxtpx:hr>157</gpxtpx:hr>
</gpxtpx:TrackPointExtension>
</extensions>
</trkpt>
<trkpt lat="33.585093" lon="130.3908287">
<ele>2.723</ele>
<time>2026-05-30T21:36:54Z</time>
<extensions>
<gpxtpx:TrackPointExtension>
<gpxtpx:hr>157</gpxtpx:hr>
</gpxtpx:TrackPointExtension>
</extensions>
</trkpt>
<trkpt lat="33.5850807" lon="130.3907944">
<ele>2.667</ele>
<time>2026-05-30T21:36:55Z</time>
<extensions>
<gpxtpx:TrackPointExtension>
<gpxtpx:hr>158</gpxtpx:hr>
<gpxtpx:cad>177</gpxtpx:cad>
</gpxtpx:TrackPointExtension>
</extensions>
</trkpt>
<trkpt lat="33.585069" lon="130.3907602">
<ele>2.793</ele>
<time>2026-05-30T21:36:56Z</time>
<extensions>
<gpxtpx:TrackPointExtension>
<gpxtpx:hr>159</gpxtpx:hr>
</gpxtpx:TrackPointExtension>
</extensions>
</trkpt>
<trkpt lat="33.5850567" lon="130.3907271">
<ele>2.818</ele>
<time>2026-05-30T21:36:57Z</time>
<extensions>
<gpxtpx:TrackPointExtension>
<gpxtpx:hr>160</gpxtpx:hr>
</gpxtpx:TrackPointExtension>
</extensions>
</trkpt>
<trkpt lat="33.585045" lon="130.3906926">
<ele>2.78</ele>
<time>2026-05-30T21:36:58Z</time>
<extensions>
<gpxtpx:TrackPointExtension>
<gpxtpx:hr>160</gpxtpx:hr>
</gpxtpx:TrackPointExtension>
</extensions>
</trkpt>
<trkpt lat="33.5850325" lon="130.3906602">
<ele>2.831</ele>
<time>2026-05-30T21:36:59Z</time>
<extensions>
<gpxtpx:TrackPointExtension>
<gpxtpx:hr>160</gpxtpx:hr>
</gpxtpx:TrackPointExtension>
</extensions>
</trkpt>
<trkpt lat="33.5850208" lon="130.3906257">
<ele>2.835</ele>
<time>2026-05-30T21:37:00Z</time>
<extensions>
<gpxtpx:TrackPointExtension>
<gpxtpx:hr>161</gpxtpx:hr>
<gpxtpx:cad>176</gpxtpx:cad>
</gpxtpx:TrackPointExtension>
</extensions>
</trkpt>
<trkpt lat="33.5850082" lon="130.3905928">
<ele>2.792</ele>
<time>2026-05-30T21:37:01Z</time>
<extensions>
<gpxtpx:TrackPointExtension>
<gpxtpx:hr>161</gpxtpx:hr>
</gpxtpx:TrackPointExtension>
</extensions>
</trkpt>
<trkpt lat="33.5849962" lon="130.390559">
<ele>2.757</ele>
<time>2026-05-30T21:37:02Z</time>
<extensions>
<gpxtpx:TrackPointExtension>
<gpxtpx:hr>162</gpxtpx:hr>
</gpxtpx:TrackPointExtension>
</extensions>
</trkpt>
<trkpt lat="33.5849839" lon="130.390525">
<ele>2.782</ele>
<time>2026-05-30T21:37:03Z</time>
<extensions>
<gpxtpx:TrackPointExtension>
<gpxtpx:hr>162</gpxtpx:hr>
</gpxtpx:TrackPointExtension>
</extensions>
</trkpt>
<trkpt lat="33.5849725" lon="130.3904911">
<ele>2.779</ele>
<time>2026-05-30T21:37:04Z</time>
<extensions>
<gpxtpx:TrackPointExtension>
<gpxtpx:hr>163</gpxtpx:hr>
</gpxtpx:TrackPointExtension>
</extensions>
</trkpt>
<trkpt lat="33.5849608" lon="130.3904567">
<ele>2.839</ele>
<time>2026-05-30T21:37:05Z</time>
<extensions>
<gpxtpx:TrackPointExtension>
<gpxtpx:hr>163</gpxtpx:hr>
<gpxtpx:cad>178</gpxtpx:cad>
</gpxtpx:TrackPointExtension>
</extensions>
</trkpt>
<trkpt lat="33.5849491" lon="130.3904229">
<ele>2.907</ele>
<time>2026-05-30T21:37:06Z</time>
<extensions>
<gpxtpx:TrackPointExtension>
<gpxtpx:hr>163</gpxtpx:hr>
</gpxtpx:TrackPointExtension>
</extensions>
</trkpt>
<trkpt lat="33.5849375" lon="130.3903887">
<ele>2.968</ele>
<time>2026-05-30T21:37:07Z</time>
<extensions>
<gpxtpx:TrackPointExtension>
<gpxtpx:hr>163</gpxtpx:hr>
</gpxtpx:TrackPointExtension>
</extensions>
</trkpt>
<trkpt lat="33.584925" lon="130.3903552">
<ele>3.15</ele>
<time>2026-05-30T21:37:08Z</time>
<extensions>
<gpxtpx:TrackPointExtension>
<gpxtpx:hr>163</gpxtpx:hr>
</gpxtpx:TrackPointExtension>
</extensions>
</trkpt>
<trkpt lat="33.5849137" lon="130.3903207">
<ele>3.166</ele>
<time>2026-05-30T21:37:09Z</time>
<extensions>
<gpxtpx:TrackPointExtension>
<gpxtpx:hr>163</gpxtpx:hr>
</gpxtpx:TrackPointExtension>
</extensions>
</trkpt>
<trkpt lat="33.5849006" lon="130.3902887">
<ele>3.105</ele>
<time>2026-05-30T21:37:10Z</time>
<extensions>
<gpxtpx:TrackPointExtension>
<gpxtpx:hr>163</gpxtpx:hr>
<gpxtpx:cad>180</gpxtpx:cad>
</gpxtpx:TrackPointExtension>
</extensions>
</trkpt>
<trkpt lat="33.584888" lon="130.3902553">
<ele>3.098</ele>
<time>2026-05-30T21:37:11Z</time>
<extensions>
<gpxtpx:TrackPointExtension>
<gpxtpx:hr>163</gpxtpx:hr>
</gpxtpx:TrackPointExtension>
</extensions>
</trkpt>
<trkpt lat="33.5848741" lon="130.3902225">
<ele>3.179</ele>
<time>2026-05-30T21:37:12Z</time>
<extensions>
<gpxtpx:TrackPointExtension>
<gpxtpx:hr>163</gpxtpx:hr>
</gpxtpx:TrackPointExtension>
</extensions>
</trkpt>
<trkpt lat="33.5848618" lon="130.3901889">
<ele>3.202</ele>
<time>2026-05-30T21:37:13Z</time>
<extensions>
<gpxtpx:TrackPointExtension>
<gpxtpx:hr>164</gpxtpx:hr>
</gpxtpx:TrackPointExtension>
</extensions>
</trkpt>
<trkpt lat="33.5848483" lon="130.3901558">
<ele>3.241</ele>
<time>2026-05-30T21:37:14Z</time>
<extensions>
<gpxtpx:TrackPointExtension>
<gpxtpx:hr>164</gpxtpx:hr>
</gpxtpx:TrackPointExtension>
</extensions>
</trkpt>
<trkpt lat="33.5848352" lon="130.3901229">
<ele>3.188</ele>
<time>2026-05-30T21:37:15Z</time>
<extensions>
<gpxtpx:TrackPointExtension>
<gpxtpx:hr>164</gpxtpx:hr>
<gpxtpx:cad>180</gpxtpx:cad>
</gpxtpx:TrackPointExtension>
</extensions>
</trkpt>
<trkpt lat="33.5848212" lon="130.3900896">
<ele>3.035</ele>
<time>2026-05-30T21:37:16Z</time>
<extensions>
<gpxtpx:TrackPointExtension>
<gpxtpx:hr>164</gpxtpx:hr>
</gpxtpx:TrackPointExtension>
</extensions>
</trkpt>
<trkpt lat="33.5848076" lon="130.390057">
<ele>3.134</ele>
<time>2026-05-30T21:37:17Z</time>
<extensions>
<gpxtpx:TrackPointExtension>
<gpxtpx:hr>164</gpxtpx:hr>
</gpxtpx:TrackPointExtension>
</extensions>
</trkpt>
<trkpt lat="33.5847938" lon="130.3900236">
<ele>3.077</ele>
<time>2026-05-30T21:37:18Z</time>
<extensions>
<gpxtpx:TrackPointExtension>
<gpxtpx:hr>164</gpxtpx:hr>
</gpxtpx:TrackPointExtension>
</extensions>
</trkpt>
<trkpt lat="33.58478" lon="130.3899911">
<ele>3.178</ele>
<time>2026-05-30T21:37:19Z</time>
<extensions>
<gpxtpx:TrackPointExtension>
<gpxtpx:hr>165</gpxtpx:hr>
<gpxtpx:cad>180</gpxtpx:cad>
</gpxtpx:TrackPointExtension>
</extensions>
</trkpt>
<trkpt lat="33.5847664" lon="130.3899577">
<ele>3.126</ele>
<time>2026-05-30T21:37:20Z</time>
<extensions>
<gpxtpx:TrackPointExtension>
<gpxtpx:hr>165</gpxtpx:hr>
<gpxtpx:cad>180</gpxtpx:cad>
</gpxtpx:TrackPointExtension>
</extensions>
</trkpt>
<trkpt lat="33.5847524" lon="130.3899251">
<ele>3.165</ele>
<time>2026-05-30T21:37:21Z</time>
<extensions>
<gpxtpx:TrackPointExtension>
<gpxtpx:hr>165</gpxtpx:hr>
</gpxtpx:TrackPointExtension>
</extensions>
</trkpt>
<trkpt lat="33.5847381" lon="130.3898921">
<ele>3.146</ele>
<time>2026-05-30T21:37:22Z</time>
<extensions>
<gpxtpx:TrackPointExtension>
<gpxtpx:hr>165</gpxtpx:hr>
</gpxtpx:TrackPointExtension>
</extensions>
</trkpt>
<trkpt lat="33.5847249" lon="130.3898586">
<ele>3.106</ele>
<time>2026-05-30T21:37:23Z</time>
<extensions>
<gpxtpx:TrackPointExtension>
<gpxtpx:hr>165</gpxtpx:hr>
</gpxtpx:TrackPointExtension>
</extensions>
</trkpt>
<trkpt lat="33.5847114" lon="130.3898255">
<ele>3.122</ele>
<time>2026-05-30T21:37:24Z</time>
<extensions>
<gpxtpx:TrackPointExtension>
<gpxtpx:hr>166</gpxtpx:hr>
</gpxtpx:TrackPointExtension>
</extensions>
</trkpt>
<trkpt lat="33.5846981" lon="130.3897931">
<ele>3.146</ele>
<time>2026-05-30T21:37:25Z</time>
<extensions>
<gpxtpx:TrackPointExtension>
<gpxtpx:hr>166</gpxtpx:hr>
<gpxtpx:cad>181</gpxtpx:cad>
</gpxtpx:TrackPointExtension>
</extensions>
</trkpt>
<trkpt lat="33.5846843" lon="130.389761">
<ele>3.131</ele>
<time>2026-05-30T21:37:26Z</time>
<extensions>
<gpxtpx:TrackPointExtension>
<gpxtpx:hr>167</gpxtpx:hr>
</gpxtpx:TrackPointExtension>
</extensions>
</trkpt>
<trkpt lat="33.5846708" lon="130.3897303">
<ele>3.282</ele>
<time>2026-05-30T21:37:27Z</time>
<extensions>
<gpxtpx:TrackPointExtension>
<gpxtpx:hr>167</gpxtpx:hr>
</gpxtpx:TrackPointExtension>
</extensions>
</trkpt>
<trkpt lat="33.5846567" lon="130.3896977">
<ele>3.301</ele>
<time>2026-05-30T21:37:28Z</time>
<extensions>
<gpxtpx:TrackPointExtension>
<gpxtpx:hr>167</gpxtpx:hr>
</gpxtpx:TrackPointExtension>
</extensions>
</trkpt>
<trkpt lat="33.5846436" lon="130.3896674">
<ele>3.266</ele>
<time>2026-05-30T21:37:29Z</time>
<extensions>
<gpxtpx:TrackPointExtension>
<gpxtpx:hr>167</gpxtpx:hr>
</gpxtpx:TrackPointExtension>
</extensions>
</trkpt>
<trkpt lat="33.5846301" lon="130.3896347">
<ele>3.283</ele>
<time>2026-05-30T21:37:30Z</time>
<extensions>
<gpxtpx:TrackPointExtension>
<gpxtpx:hr>167</gpxtpx:hr>
<gpxtpx:cad>181</gpxtpx:cad>
</gpxtpx:TrackPointExtension>
</extensions>
</trkpt>
<trkpt lat="33.584617" lon="130.3896033">
<ele>3.404</ele>
<time>2026-05-30T21:37:31Z</time>
<extensions>
<gpxtpx:TrackPointExtension>
<gpxtpx:hr>167</gpxtpx:hr>
</gpxtpx:TrackPointExtension>
</extensions>
</trkpt>
<trkpt lat="33.5846034" lon="130.3895709">
<ele>3.289</ele>
<time>2026-05-30T21:37:32Z</time>
<extensions>
<gpxtpx:TrackPointExtension>
<gpxtpx:hr>166</gpxtpx:hr>
</gpxtpx:TrackPointExtension>
</extensions>
</trkpt>
<trkpt lat="33.5845904" lon="130.3895401">
<ele>3.288</ele>
<time>2026-05-30T21:37:33Z</time>
<extensions>
<gpxtpx:TrackPointExtension>
<gpxtpx:hr>166</gpxtpx:hr>
</gpxtpx:TrackPointExtension>
</extensions>
</trkpt>
<trkpt lat="33.584577" lon="130.389511">
<ele>3.226</ele>
<time>2026-05-30T21:37:34Z</time>
<extensions>
<gpxtpx:TrackPointExtension>
<gpxtpx:hr>166</gpxtpx:hr>
</gpxtpx:TrackPointExtension>
</extensions>
</trkpt>
<trkpt lat="33.5845643" lon="130.3894796">
<ele>3.249</ele>
<time>2026-05-30T21:37:35Z</time>
<extensions>
<gpxtpx:TrackPointExtension>
<gpxtpx:hr>166</gpxtpx:hr>
<gpxtpx:cad>180</gpxtpx:cad>
</gpxtpx:TrackPointExtension>
</extensions>
</trkpt>
<trkpt lat="33.5845506" lon="130.3894506">
<ele>3.264</ele>
<time>2026-05-30T21:37:36Z</time>
<extensions>
<gpxtpx:TrackPointExtension>
<gpxtpx:hr>165</gpxtpx:hr>
</gpxtpx:TrackPointExtension>
</extensions>
</trkpt>
<trkpt lat="33.5845373" lon="130.3894207">
<ele>3.24</ele>
<time>2026-05-30T21:37:37Z</time>
<extensions>
<gpxtpx:TrackPointExtension>
<gpxtpx:hr>165</gpxtpx:hr>
</gpxtpx:TrackPointExtension>
</extensions>
</trkpt>
<trkpt lat="33.5845239" lon="130.3893908">
<ele>3.26</ele>
<time>2026-05-30T21:37:38Z</time>
<extensions>
<gpxtpx:TrackPointExtension>
<gpxtpx:hr>165</gpxtpx:hr>
</gpxtpx:TrackPointExtension>
</extensions>
</trkpt>
<trkpt lat="33.5845104" lon="130.3893611">
<ele>3.311</ele>
<time>2026-05-30T21:37:39Z</time>
<extensions>
<gpxtpx:TrackPointExtension>
<gpxtpx:hr>165</gpxtpx:hr>
</gpxtpx:TrackPointExtension>
</extensions>
</trkpt>
<trkpt lat="33.5844966" lon="130.3893308">
<ele>3.322</ele>
<time>2026-05-30T21:37:40Z</time>
<extensions>
<gpxtpx:TrackPointExtension>
<gpxtpx:hr>164</gpxtpx:hr>
<gpxtpx:cad>181</gpxtpx:cad>
</gpxtpx:TrackPointExtension>
</extensions>
</trkpt>
<trkpt lat="33.5844829" lon="130.3893013">
<ele>3.259</ele>
<time>2026-05-30T21:37:41Z</time>
<extensions>
<gpxtpx:TrackPointExtension>
<gpxtpx:hr>164</gpxtpx:hr>
</gpxtpx:TrackPointExtension>
</extensions>
</trkpt>
<trkpt lat="33.584469" lon="130.3892699">
<ele>3.056</ele>
<time>2026-05-30T21:37:42Z</time>
<extensions>
<gpxtpx:TrackPointExtension>
<gpxtpx:hr>164</gpxtpx:hr>
</gpxtpx:TrackPointExtension>
</extensions>
</trkpt>
<trkpt lat="33.5844549" lon="130.389238">
<ele>3.17</ele>
<time>2026-05-30T21:37:43Z</time>
<extensions>
<gpxtpx:TrackPointExtension>
<gpxtpx:hr>165</gpxtpx:hr>
</gpxtpx:TrackPointExtension>
</extensions>
</trkpt>
<trkpt lat="33.5844411" lon="130.3892082">
<ele>3.268</ele>
<time>2026-05-30T21:37:44Z</time>
<extensions>
<gpxtpx:TrackPointExtension>
<gpxtpx:hr>165</gpxtpx:hr>
</gpxtpx:TrackPointExtension>
</extensions>
</trkpt>
<trkpt lat="33.5844269" lon="130.3891763">
<ele>3.337</ele>
<time>2026-05-30T21:37:45Z</time>
<extensions>
<gpxtpx:TrackPointExtension>
<gpxtpx:hr>165</gpxtpx:hr>
<gpxtpx:cad>177</gpxtpx:cad>
</gpxtpx:TrackPointExtension>
</extensions>
</trkpt>
<trkpt lat="33.5844133" lon="130.3891472">
<ele>3.36</ele>
<time>2026-05-30T21:37:46Z</time>
<extensions>
<gpxtpx:TrackPointExtension>
<gpxtpx:hr>165</gpxtpx:hr>
</gpxtpx:TrackPointExtension>
</extensions>
</trkpt>
<trkpt lat="33.5843995" lon="130.3891153">
<ele>3.467</ele>
<time>2026-05-30T21:37:47Z</time>
<extensions>
<gpxtpx:TrackPointExtension>
<gpxtpx:hr>165</gpxtpx:hr>
</gpxtpx:TrackPointExtension>
</extensions>
</trkpt>
<trkpt lat="33.584386" lon="130.3890859">
<ele>3.422</ele>
<time>2026-05-30T21:37:48Z</time>
<extensions>
<gpxtpx:TrackPointExtension>
<gpxtpx:hr>165</gpxtpx:hr>
</gpxtpx:TrackPointExtension>
</extensions>
</trkpt>
<trkpt lat="33.5843723" lon="130.389056">
<ele>3.522</ele>
<time>2026-05-30T21:37:49Z</time>
<extensions>
<gpxtpx:TrackPointExtension>
<gpxtpx:hr>165</gpxtpx:hr>
<gpxtpx:cad>176</gpxtpx:cad>
</gpxtpx:TrackPointExtension>
</extensions>
</trkpt>
<trkpt lat="33.5843585" lon="130.3890237">
<ele>3.541</ele>
<time>2026-05-30T21:37:50Z</time>
<extensions>
<gpxtpx:TrackPointExtension>
<gpxtpx:hr>165</gpxtpx:hr>
<gpxtpx:cad>176</gpxtpx:cad>
</gpxtpx:TrackPointExtension>
</extensions>
</trkpt>
<trkpt lat="33.5843444" lon="130.3889918">
<ele>3.578</ele>
<time>2026-05-30T21:37:51Z</time>
<extensions>
<gpxtpx:TrackPointExtension>
<gpxtpx:hr>165</gpxtpx:hr>
</gpxtpx:TrackPointExtension>
</extensions>
</trkpt>
<trkpt lat="33.5843316" lon="130.3889582">
<ele>3.434</ele>
<time>2026-05-30T21:37:52Z</time>
<extensions>
<gpxtpx:TrackPointExtension>
<gpxtpx:hr>166</gpxtpx:hr>
</gpxtpx:TrackPointExtension>
</extensions>
</trkpt>
<trkpt lat="33.5843174" lon="130.3889257">
<ele>3.206</ele>
<time>2026-05-30T21:37:53Z</time>
<extensions>
<gpxtpx:TrackPointExtension>
<gpxtpx:hr>166</gpxtpx:hr>
</gpxtpx:TrackPointExtension>
</extensions>
</trkpt>
<trkpt lat="33.5843063" lon="130.3888922">
<ele>3.26</ele>
<time>2026-05-30T21:37:54Z</time>
<extensions>
<gpxtpx:TrackPointExtension>
<gpxtpx:hr>166</gpxtpx:hr>
<gpxtpx:cad>178</gpxtpx:cad>
</gpxtpx:TrackPointExtension>
</extensions>
</trkpt>
<trkpt lat="33.5842925" lon="130.388859">
<ele>3.397</ele>
<time>2026-05-30T21:37:55Z</time>
<extensions>
<gpxtpx:TrackPointExtension>
<gpxtpx:hr>167</gpxtpx:hr>
</gpxtpx:TrackPointExtension>
</extensions>
</trkpt>
<trkpt lat="33.584283" lon="130.388826">
<ele>3.41</ele>
<time>2026-05-30T21:37:56Z</time>
<extensions>
<gpxtpx:TrackPointExtension>
<gpxtpx:hr>167</gpxtpx:hr>
</gpxtpx:TrackPointExtension>
</extensions>
</trkpt>
<trkpt lat="33.5842721" lon="130.388793">
<ele>3.444</ele>
<time>2026-05-30T21:37:57Z</time>
<extensions>
<gpxtpx:TrackPointExtension>
<gpxtpx:hr>167</gpxtpx:hr>
</gpxtpx:TrackPointExtension>
</extensions>
</trkpt>
<trkpt lat="33.5842639" lon="130.388761">
<ele>3.505</ele>
<time>2026-05-30T21:37:58Z</time>
<extensions>
<gpxtpx:TrackPointExtension>
<gpxtpx:hr>166</gpxtpx:hr>
</gpxtpx:TrackPointExtension>
</extensions>
</trkpt>
<trkpt lat="33.5842522" lon="130.3887274">
<ele>3.575</ele>
<time>2026-05-30T21:37:59Z</time>
<extensions>
<gpxtpx:TrackPointExtension>
<gpxtpx:hr>166</gpxtpx:hr>
<gpxtpx:cad>177</gpxtpx:cad>
</gpxtpx:TrackPointExtension>
</extensions>
</trkpt>
<trkpt lat="33.5842451" lon="130.388696">
<ele>3.69</ele>
<time>2026-05-30T21:38:00Z</time>
<extensions>
<gpxtpx:TrackPointExtension>
<gpxtpx:hr>166</gpxtpx:hr>
</gpxtpx:TrackPointExtension>
</extensions>
</trkpt>
<trkpt lat="33.5842364" lon="130.3886637">
<ele>3.78</ele>
<time>2026-05-30T21:38:01Z</time>
<extensions>
<gpxtpx:TrackPointExtension>
<gpxtpx:hr>166</gpxtpx:hr>
</gpxtpx:TrackPointExtension>
</extensions>
</trkpt>
<trkpt lat="33.5842282" lon="130.3886315">
<ele>3.848</ele>
<time>2026-05-30T21:38:02Z</time>
<extensions>
<gpxtpx:TrackPointExtension>
<gpxtpx:hr>166</gpxtpx:hr>
</gpxtpx:TrackPointExtension>
</extensions>
</trkpt>
<trkpt lat="33.5842204" lon="130.3885995">
<ele>3.966</ele>
<time>2026-05-30T21:38:03Z</time>
<extensions>
<gpxtpx:TrackPointExtension>
<gpxtpx:hr>166</gpxtpx:hr>
</gpxtpx:TrackPointExtension>
</extensions>
</trkpt>
<trkpt lat="33.5842129" lon="130.3885676">
<ele>4.021</ele>
<time>2026-05-30T21:38:04Z</time>
<extensions>
<gpxtpx:TrackPointExtension>
<gpxtpx:hr>166</gpxtpx:hr>
<gpxtpx:cad>172</gpxtpx:cad>
</gpxtpx:TrackPointExtension>
</extensions>
</trkpt>
<trkpt lat="33.5842065" lon="130.3885363">
<ele>4.041</ele>
<time>2026-05-30T21:38:05Z</time>
<extensions>
<gpxtpx:TrackPointExtension>
<gpxtpx:hr>166</gpxtpx:hr>
</gpxtpx:TrackPointExtension>
</extensions>
</trkpt>
<trkpt lat="33.5841993" lon="130.3885046">
<ele>3.715</ele>
<time>2026-05-30T21:38:06Z</time>
<extensions>
<gpxtpx:TrackPointExtension>
<gpxtpx:hr>167</gpxtpx:hr>
</gpxtpx:TrackPointExtension>
</extensions>
</trkpt>
<trkpt lat="33.5841926" lon="130.3884731">
<ele>3.75</ele>
<time>2026-05-30T21:38:07Z</time>
<extensions>
<gpxtpx:TrackPointExtension>
<gpxtpx:hr>167</gpxtpx:hr>
</gpxtpx:TrackPointExtension>
</extensions>
</trkpt>
<trkpt lat="33.5841853" lon="130.3884414">
<ele>3.882</ele>
<time>2026-05-30T21:38:08Z</time>
<extensions>
<gpxtpx:TrackPointExtension>
<gpxtpx:hr>167</gpxtpx:hr>
</gpxtpx:TrackPointExtension>
</extensions>
</trkpt>
<trkpt lat="33.5841785" lon="130.3884096">
<ele>3.846</ele>
<time>2026-05-30T21:38:09Z</time>
<extensions>
<gpxtpx:TrackPointExtension>
<gpxtpx:hr>167</gpxtpx:hr>
<gpxtpx:cad>170</gpxtpx:cad>
</gpxtpx:TrackPointExtension>
</extensions>
</trkpt>
<trkpt lat="33.5841715" lon="130.388378">
<ele>4.017</ele>
<time>2026-05-30T21:38:10Z</time>
<extensions>
<gpxtpx:TrackPointExtension>
<gpxtpx:hr>167</gpxtpx:hr>
</gpxtpx:TrackPointExtension>
</extensions>
</trkpt>
<trkpt lat="33.5841651" lon="130.3883464">
<ele>4.122</ele>
<time>2026-05-30T21:38:11Z</time>
<extensions>
<gpxtpx:TrackPointExtension>
<gpxtpx:hr>167</gpxtpx:hr>
</gpxtpx:TrackPointExtension>
</extensions>
</trkpt>
<trkpt lat="33.5841592" lon="130.388315">
<ele>4.294</ele>
<time>2026-05-30T21:38:12Z</time>
<extensions>
<gpxtpx:TrackPointExtension>
<gpxtpx:hr>167</gpxtpx:hr>
</gpxtpx:TrackPointExtension>
</extensions>
</trkpt>
<trkpt lat="33.5841525" lon="130.3882829">
<ele>4.27</ele>
<time>2026-05-30T21:38:13Z</time>
<extensions>
<gpxtpx:TrackPointExtension>
<gpxtpx:hr>167</gpxtpx:hr>
</gpxtpx:TrackPointExtension>
</extensions>
</trkpt>
<trkpt lat="33.584146" lon="130.3882508">
<ele>4.352</ele>
<time>2026-05-30T21:38:14Z</time>
<extensions>
<gpxtpx:TrackPointExtension>
<gpxtpx:hr>167</gpxtpx:hr>
<gpxtpx:cad>173</gpxtpx:cad>
</gpxtpx:TrackPointExtension>
</extensions>
</trkpt>
<trkpt lat="33.5841394" lon="130.3882187">
<ele>4.362</ele>
<time>2026-05-30T21:38:15Z</time>
<extensions>
<gpxtpx:TrackPointExtension>
<gpxtpx:hr>168</gpxtpx:hr>
</gpxtpx:TrackPointExtension>
</extensions>
</trkpt>
<trkpt lat="33.5841322" lon="130.3881852">
<ele>4.394</ele>
<time>2026-05-30T21:38:16Z</time>
<extensions>
<gpxtpx:TrackPointExtension>
<gpxtpx:hr>168</gpxtpx:hr>
</gpxtpx:TrackPointExtension>
</extensions>
</trkpt>
<trkpt lat="33.5841251" lon="130.3881511">
<ele>4.482</ele>
<time>2026-05-30T21:38:17Z</time>
<extensions>
<gpxtpx:TrackPointExtension>
<gpxtpx:hr>168</gpxtpx:hr>
</gpxtpx:TrackPointExtension>
</extensions>
</trkpt>
<trkpt lat="33.5841181" lon="130.3881195">
<ele>4.702</ele>
<time>2026-05-30T21:38:18Z</time>
<extensions>
<gpxtpx:TrackPointExtension>
<gpxtpx:hr>168</gpxtpx:hr>
</gpxtpx:TrackPointExtension>
</extensions>
</trkpt>
<trkpt lat="33.5841111" lon="130.3880841">
<ele>4.806</ele>
<time>2026-05-30T21:38:19Z</time>
<extensions>
<gpxtpx:TrackPointExtension>
<gpxtpx:hr>168</gpxtpx:hr>
<gpxtpx:cad>178</gpxtpx:cad>
</gpxtpx:TrackPointExtension>
</extensions>
</trkpt>
<trkpt lat="33.5841038" lon="130.3880512">
<ele>4.913</ele>
<time>2026-05-30T21:38:20Z</time>
<extensions>
<gpxtpx:TrackPointExtension>
<gpxtpx:hr>168</gpxtpx:hr>
</gpxtpx:TrackPointExtension>
</extensions>
</trkpt>
<trkpt lat="33.5840976" lon="130.388015">
<ele>4.923</ele>
<time>2026-05-30T21:38:21Z</time>
<extensions>
<gpxtpx:TrackPointExtension>
<gpxtpx:hr>168</gpxtpx:hr>
<gpxtpx:cad>180</gpxtpx:cad>
</gpxtpx:TrackPointExtension>
</extensions>
</trkpt>
<trkpt lat="33.5840903" lon="130.3879812">
<ele>4.947</ele>
<time>2026-05-30T21:38:22Z</time>
<extensions>
<gpxtpx:TrackPointExtension>
<gpxtpx:hr>168</gpxtpx:hr>
</gpxtpx:TrackPointExtension>
</extensions>
</trkpt>
<trkpt lat="33.584084" lon="130.3879457">
<ele>4.967</ele>
<time>2026-05-30T21:38:23Z</time>
<extensions>
<gpxtpx:TrackPointExtension>
<gpxtpx:hr>168</gpxtpx:hr>
</gpxtpx:TrackPointExtension>
</extensions>
</trkpt>
<trkpt lat="33.5840767" lon="130.3879109">
<ele>5.059</ele>
<time>2026-05-30T21:38:24Z</time>
<extensions>
<gpxtpx:TrackPointExtension>
<gpxtpx:hr>169</gpxtpx:hr>
<gpxtpx:cad>181</gpxtpx:cad>
</gpxtpx:TrackPointExtension>
</extensions>
</trkpt>
<trkpt lat="33.5840722" lon="130.3878742">
<ele>5.158</ele>
<time>2026-05-30T21:38:25Z</time>
<extensions>
<gpxtpx:TrackPointExtension>
<gpxtpx:hr>169</gpxtpx:hr>
</gpxtpx:TrackPointExtension>
</extensions>
</trkpt>
<trkpt lat="33.5840654" lon="130.3878389">
<ele>5.155</ele>
<time>2026-05-30T21:38:26Z</time>
<extensions>
<gpxtpx:TrackPointExtension>
<gpxtpx:hr>169</gpxtpx:hr>
</gpxtpx:TrackPointExtension>
</extensions>
</trkpt>
<trkpt lat="33.5840589" lon="130.3878032">
<ele>5.107</ele>
<time>2026-05-30T21:38:27Z</time>
<extensions>
<gpxtpx:TrackPointExtension>
<gpxtpx:hr>169</gpxtpx:hr>
</gpxtpx:TrackPointExtension>
</extensions>
</trkpt>
<trkpt lat="33.5840558" lon="130.3877665">
<ele>5.262</ele>
<time>2026-05-30T21:38:28Z</time>
<extensions>
<gpxtpx:TrackPointExtension>
<gpxtpx:hr>169</gpxtpx:hr>
</gpxtpx:TrackPointExtension>
</extensions>
</trkpt>
<trkpt lat="33.5840503" lon="130.38773">
<ele>5.355</ele>
<time>2026-05-30T21:38:29Z</time>
<extensions>
<gpxtpx:TrackPointExtension>
<gpxtpx:hr>169</gpxtpx:hr>
<gpxtpx:cad>178</gpxtpx:cad>
</gpxtpx:TrackPointExtension>
</extensions>
</trkpt>
<trkpt lat="33.5840484" lon="130.3876936">
<ele>5.492</ele>
<time>2026-05-30T21:38:30Z</time>
</trkpt>
<trkpt lat="33.5840453" lon="130.387657">
<ele>5.557</ele>
<time>2026-05-30T21:38:31Z</time>
<extensions>
<gpxtpx:TrackPointExtension>
<gpxtpx:hr>169</gpxtpx:hr>
</gpxtpx:TrackPointExtension>
</extensions>
</trkpt>
<trkpt lat="33.5840437" lon="130.3876206">
<ele>5.632</ele>
<time>2026-05-30T21:38:32Z</time>
<extensions>
<gpxtpx:TrackPointExtension>
<gpxtpx:hr>169</gpxtpx:hr>
</gpxtpx:TrackPointExtension>
</extensions>
</trkpt>
<trkpt lat="33.5840401" lon="130.3875836">
<ele>5.652</ele>
<time>2026-05-30T21:38:33Z</time>
<extensions>
<gpxtpx:TrackPointExtension>
<gpxtpx:hr>169</gpxtpx:hr>
</gpxtpx:TrackPointExtension>
</extensions>
</trkpt>
<trkpt lat="33.5840382" lon="130.3875474">
<ele>5.719</ele>
<time>2026-05-30T21:38:34Z</time>
<extensions>
<gpxtpx:TrackPointExtension>
<gpxtpx:hr>168</gpxtpx:hr>
<gpxtpx:cad>175</gpxtpx:cad>
</gpxtpx:TrackPointExtension>
</extensions>
</trkpt>
<trkpt lat="33.5840359" lon="130.3875114">
<ele>5.699</ele>
<time>2026-05-30T21:38:35Z</time>
<extensions>
<gpxtpx:TrackPointExtension>
<gpxtpx:hr>169</gpxtpx:hr>
</gpxtpx:TrackPointExtension>
</extensions>
</trkpt>
<trkpt lat="33.5840332" lon="130.3874752">
<ele>5.721</ele>
<time>2026-05-30T21:38:36Z</time>
<extensions>
<gpxtpx:TrackPointExtension>
<gpxtpx:hr>169</gpxtpx:hr>
</gpxtpx:TrackPointExtension>
</extensions>
</trkpt>
<trkpt lat="33.5840304" lon="130.3874393">
<ele>5.634</ele>
<time>2026-05-30T21:38:37Z</time>
<extensions>
<gpxtpx:TrackPointExtension>
<gpxtpx:hr>169</gpxtpx:hr>
</gpxtpx:TrackPointExtension>
</extensions>
</trkpt>
<trkpt lat="33.584028" lon="130.3874026">
<ele>5.611</ele>
<time>2026-05-30T21:38:38Z</time>
<extensions>
<gpxtpx:TrackPointExtension>
<gpxtpx:hr>169</gpxtpx:hr>
</gpxtpx:TrackPointExtension>
</extensions>
</trkpt>
<trkpt lat="33.5840261" lon="130.3873661">
<ele>5.453</ele>
<time>2026-05-30T21:38:39Z</time>
<extensions>
<gpxtpx:TrackPointExtension>
<gpxtpx:hr>169</gpxtpx:hr>
<gpxtpx:cad>179</gpxtpx:cad>
</gpxtpx:TrackPointExtension>
</extensions>
</trkpt>
<trkpt lat="33.5840236" lon="130.3873304">
<ele>5.469</ele>
<time>2026-05-30T21:38:40Z</time>
<extensions>
<gpxtpx:TrackPointExtension>
<gpxtpx:hr>169</gpxtpx:hr>
</gpxtpx:TrackPointExtension>
</extensions>
</trkpt>
<trkpt lat="33.5840221" lon="130.3872948">
<ele>5.482</ele>
<time>2026-05-30T21:38:41Z</time>
<extensions>
<gpxtpx:TrackPointExtension>
<gpxtpx:hr>169</gpxtpx:hr>
</gpxtpx:TrackPointExtension>
</extensions>
</trkpt>
<trkpt lat="33.5840199" lon="130.3872598">
<ele>5.602</ele>
<time>2026-05-30T21:38:42Z</time>
<extensions>
<gpxtpx:TrackPointExtension>
<gpxtpx:hr>168</gpxtpx:hr>
</gpxtpx:TrackPointExtension>
</extensions>
</trkpt>
<trkpt lat="33.584015" lon="130.3872251">
<ele>5.687</ele>
<time>2026-05-30T21:38:43Z</time>
<extensions>
<gpxtpx:TrackPointExtension>
<gpxtpx:hr>169</gpxtpx:hr>
</gpxtpx:TrackPointExtension>
</extensions>
</trkpt>
<trkpt lat="33.5840126" lon="130.38719">
<ele>5.686</ele>
<time>2026-05-30T21:38:44Z</time>
<extensions>
<gpxtpx:TrackPointExtension>
<gpxtpx:hr>169</gpxtpx:hr>
<gpxtpx:cad>180</gpxtpx:cad>
</gpxtpx:TrackPointExtension>
</extensions>
</trkpt>
<trkpt lat="33.5840067" lon="130.3871554">
<ele>5.617</ele>
<time>2026-05-30T21:38:45Z</time>
<extensions>
<gpxtpx:TrackPointExtension>
<gpxtpx:hr>169</gpxtpx:hr>
</gpxtpx:TrackPointExtension>
</extensions>
</trkpt>
<trkpt lat="33.5840003" lon="130.3871209">
<ele>5.577</ele>
<time>2026-05-30T21:38:46Z</time>
<extensions>
<gpxtpx:TrackPointExtension>
<gpxtpx:hr>169</gpxtpx:hr>
</gpxtpx:TrackPointExtension>
</extensions>
</trkpt>
<trkpt lat="33.5839936" lon="130.3870864">
<ele>5.62</ele>
<time>2026-05-30T21:38:47Z</time>
<extensions>
<gpxtpx:TrackPointExtension>
<gpxtpx:hr>170</gpxtpx:hr>
</gpxtpx:TrackPointExtension>
</extensions>
</trkpt>
<trkpt lat="33.5839894" lon="130.3870516">
<ele>5.629</ele>
<time>2026-05-30T21:38:48Z</time>
<extensions>
<gpxtpx:TrackPointExtension>
<gpxtpx:hr>170</gpxtpx:hr>
</gpxtpx:TrackPointExtension>
</extensions>
</trkpt>
<trkpt lat="33.5839834" lon="130.3870168">
<ele>5.593</ele>
<time>2026-05-30T21:38:49Z</time>
<extensions>
<gpxtpx:TrackPointExtension>
<gpxtpx:hr>170</gpxtpx:hr>
<gpxtpx:cad>180</gpxtpx:cad>
</gpxtpx:TrackPointExtension>
</extensions>
</trkpt>
<trkpt lat="33.5839771" lon="130.386982">
<ele>5.576</ele>
<time>2026-05-30T21:38:50Z</time>
<extensions>
<gpxtpx:TrackPointExtension>
<gpxtpx:hr>170</gpxtpx:hr>
<gpxtpx:cad>180</gpxtpx:cad>
</gpxtpx:TrackPointExtension>
</extensions>
</trkpt>
<trkpt lat="33.5839713" lon="130.3869471">
<ele>5.565</ele>
<time>2026-05-30T21:38:51Z</time>
<extensions>
<gpxtpx:TrackPointExtension>
<gpxtpx:hr>170</gpxtpx:hr>
</gpxtpx:TrackPointExtension>
</extensions>
</trkpt>
<trkpt lat="33.5839638" lon="130.3869121">
<ele>5.623</ele>
<time>2026-05-30T21:38:52Z</time>
<extensions>
<gpxtpx:TrackPointExtension>
<gpxtpx:hr>170</gpxtpx:hr>
</gpxtpx:TrackPointExtension>
</extensions>
</trkpt>
<trkpt lat="33.5839569" lon="130.3868775">
<ele>5.623</ele>
<time>2026-05-30T21:38:53Z</time>
<extensions>
<gpxtpx:TrackPointExtension>
<gpxtpx:hr>170</gpxtpx:hr>
</gpxtpx:TrackPointExtension>
</extensions>
</trkpt>
<trkpt lat="33.5839495" lon="130.3868426">
<ele>5.63</ele>
<time>2026-05-30T21:38:54Z</time>
<extensions>
<gpxtpx:TrackPointExtension>
<gpxtpx:hr>170</gpxtpx:hr>
<gpxtpx:cad>181</gpxtpx:cad>
</gpxtpx:TrackPointExtension>
</extensions>
</trkpt>
<trkpt lat="33.5839424" lon="130.3868073">
<ele>5.692</ele>
<time>2026-05-30T21:38:55Z</time>
<extensions>
<gpxtpx:TrackPointExtension>
<gpxtpx:hr>170</gpxtpx:hr>
</gpxtpx:TrackPointExtension>
</extensions>
</trkpt>
<trkpt lat="33.583935" lon="130.3867729">
<ele>5.73</ele>
<time>2026-05-30T21:38:56Z</time>
<extensions>
<gpxtpx:TrackPointExtension>
<gpxtpx:hr>171</gpxtpx:hr>
</gpxtpx:TrackPointExtension>
</extensions>
</trkpt>
<trkpt lat="33.5839284" lon="130.3867375">
<ele>5.696</ele>
<time>2026-05-30T21:38:57Z</time>
<extensions>
<gpxtpx:TrackPointExtension>
<gpxtpx:hr>171</gpxtpx:hr>
</gpxtpx:TrackPointExtension>
</extensions>
</trkpt>
<trkpt lat="33.5839216" lon="130.3867026">
<ele>5.696</ele>
<time>2026-05-30T21:38:58Z</time>
<extensions>
<gpxtpx:TrackPointExtension>
<gpxtpx:hr>171</gpxtpx:hr>
</gpxtpx:TrackPointExtension>
</extensions>
</trkpt>
<trkpt lat="33.5839148" lon="130.3866677">
<ele>5.638</ele>
<time>2026-05-30T21:38:59Z</time>
<extensions>
<gpxtpx:TrackPointExtension>
<gpxtpx:hr>171</gpxtpx:hr>
<gpxtpx:cad>181</gpxtpx:cad>
</gpxtpx:TrackPointExtension>
</extensions>
</trkpt>
<trkpt lat="33.5839087" lon="130.3866326">
<ele>5.493</ele>
<time>2026-05-30T21:39:00Z</time>
<extensions>
<gpxtpx:TrackPointExtension>
<gpxtpx:hr>171</gpxtpx:hr>
</gpxtpx:TrackPointExtension>
</extensions>
</trkpt>
<trkpt lat="33.5839016" lon="130.3865975">
<ele>5.642</ele>
<time>2026-05-30T21:39:01Z</time>
<extensions>
<gpxtpx:TrackPointExtension>
<gpxtpx:hr>171</gpxtpx:hr>
</gpxtpx:TrackPointExtension>
</extensions>
</trkpt>
<trkpt lat="33.5838963" lon="130.386563">
<ele>5.667</ele>
<time>2026-05-30T21:39:02Z</time>
<extensions>
<gpxtpx:TrackPointExtension>
<gpxtpx:hr>172</gpxtpx:hr>
</gpxtpx:TrackPointExtension>
</extensions>
</trkpt>
<trkpt lat="33.5838897" lon="130.3865284">
<ele>5.745</ele>
<time>2026-05-30T21:39:03Z</time>
<extensions>
<gpxtpx:TrackPointExtension>
<gpxtpx:hr>172</gpxtpx:hr>
</gpxtpx:TrackPointExtension>
</extensions>
</trkpt>
<trkpt lat="33.5838827" lon="130.3864937">
<ele>5.731</ele>
<time>2026-05-30T21:39:04Z</time>
<extensions>
<gpxtpx:TrackPointExtension>
<gpxtpx:hr>172</gpxtpx:hr>
<gpxtpx:cad>180</gpxtpx:cad>
</gpxtpx:TrackPointExtension>
</extensions>
</trkpt>
<trkpt lat="33.5838759" lon="130.3864595">
<ele>5.798</ele>
<time>2026-05-30T21:39:05Z</time>
<extensions>
<gpxtpx:TrackPointExtension>
<gpxtpx:hr>172</gpxtpx:hr>
</gpxtpx:TrackPointExtension>
</extensions>
</trkpt>
<trkpt lat="33.583869" lon="130.3864243">
<ele>5.876</ele>
<time>2026-05-30T21:39:06Z</time>
<extensions>
<gpxtpx:TrackPointExtension>
<gpxtpx:hr>172</gpxtpx:hr>
</gpxtpx:TrackPointExtension>
</extensions>
</trkpt>
<trkpt lat="33.5838622" lon="130.3863896">
<ele>5.892</ele>
<time>2026-05-30T21:39:07Z</time>
<extensions>
<gpxtpx:TrackPointExtension>
<gpxtpx:hr>172</gpxtpx:hr>
</gpxtpx:TrackPointExtension>
</extensions>
</trkpt>
<trkpt lat="33.5838553" lon="130.3863547">
<ele>5.868</ele>
<time>2026-05-30T21:39:08Z</time>
<extensions>
<gpxtpx:TrackPointExtension>
<gpxtpx:hr>172</gpxtpx:hr>
</gpxtpx:TrackPointExtension>
</extensions>
</trkpt>
<trkpt lat="33.5838489" lon="130.3863197">
<ele>5.891</ele>
<time>2026-05-30T21:39:09Z</time>
<extensions>
<gpxtpx:TrackPointExtension>
<gpxtpx:hr>173</gpxtpx:hr>
<gpxtpx:cad>180</gpxtpx:cad>
</gpxtpx:TrackPointExtension>
</extensions>
</trkpt>
<trkpt lat="33.583842" lon="130.3862851">
<ele>5.938</ele>
<time>2026-05-30T21:39:10Z</time>
<extensions>
<gpxtpx:TrackPointExtension>
<gpxtpx:hr>173</gpxtpx:hr>
</gpxtpx:TrackPointExtension>
</extensions>
</trkpt>
<trkpt lat="33.5838359" lon="130.38625">
<ele>5.781</ele>
<time>2026-05-30T21:39:11Z</time>
<extensions>
<gpxtpx:TrackPointExtension>
<gpxtpx:hr>173</gpxtpx:hr>
</gpxtpx:TrackPointExtension>
</extensions>
</trkpt>
<trkpt lat="33.5838294" lon="130.3862153">
<ele>5.664</ele>
<time>2026-05-30T21:39:12Z</time>
<extensions>
<gpxtpx:TrackPointExtension>
<gpxtpx:hr>173</gpxtpx:hr>
</gpxtpx:TrackPointExtension>
</extensions>
</trkpt>
<trkpt lat="33.5838231" lon="130.3861808">
<ele>5.63</ele>
<time>2026-05-30T21:39:13Z</time>
<extensions>
<gpxtpx:TrackPointExtension>
<gpxtpx:hr>173</gpxtpx:hr>
</gpxtpx:TrackPointExtension>
</extensions>
</trkpt>
<trkpt lat="33.5838171" lon="130.3861462">
<ele>5.505</ele>
<time>2026-05-30T21:39:14Z</time>
<extensions>
<gpxtpx:TrackPointExtension>
<gpxtpx:hr>172</gpxtpx:hr>
<gpxtpx:cad>180</gpxtpx:cad>
</gpxtpx:TrackPointExtension>
</extensions>
</trkpt>
<trkpt lat="33.5838108" lon="130.3861123">
<ele>5.445</ele>
<time>2026-05-30T21:39:15Z</time>
<extensions>
<gpxtpx:TrackPointExtension>
<gpxtpx:hr>172</gpxtpx:hr>
</gpxtpx:TrackPointExtension>
</extensions>
</trkpt>
<trkpt lat="33.5838048" lon="130.3860783">
<ele>5.566</ele>
<time>2026-05-30T21:39:16Z</time>
<extensions>
<gpxtpx:TrackPointExtension>
<gpxtpx:hr>172</gpxtpx:hr>
</gpxtpx:TrackPointExtension>
</extensions>
</trkpt>
<trkpt lat="33.5837986" lon="130.3860445">
<ele>5.682</ele>
<time>2026-05-30T21:39:17Z</time>
<extensions>
<gpxtpx:TrackPointExtension>
<gpxtpx:hr>172</gpxtpx:hr>
</gpxtpx:TrackPointExtension>
</extensions>
</trkpt>
<trkpt lat="33.583792" lon="130.3860108">
<ele>5.689</ele>
<time>2026-05-30T21:39:18Z</time>
<extensions>
<gpxtpx:TrackPointExtension>
<gpxtpx:hr>172</gpxtpx:hr>
</gpxtpx:TrackPointExtension>
</extensions>
</trkpt>
<trkpt lat="33.5837859" lon="130.385977">
<ele>5.655</ele>
<time>2026-05-30T21:39:19Z</time>
<extensions>
<gpxtpx:TrackPointExtension>
<gpxtpx:hr>172</gpxtpx:hr>
<gpxtpx:cad>180</gpxtpx:cad>
</gpxtpx:TrackPointExtension>
</extensions>
</trkpt>
<trkpt lat="33.5837792" lon="130.3859432">
<ele>5.664</ele>
<time>2026-05-30T21:39:20Z</time>
<extensions>
<gpxtpx:TrackPointExtension>
<gpxtpx:hr>171</gpxtpx:hr>
<gpxtpx:cad>179</gpxtpx:cad>
</gpxtpx:TrackPointExtension>
</extensions>
</trkpt>
<trkpt lat="33.5837724" lon="130.3859094">
<ele>5.461</ele>
<time>2026-05-30T21:39:21Z</time>
<extensions>
<gpxtpx:TrackPointExtension>
<gpxtpx:hr>172</gpxtpx:hr>
</gpxtpx:TrackPointExtension>
</extensions>
</trkpt>
<trkpt lat="33.5837651" lon="130.3858755">
<ele>5.255</ele>
<time>2026-05-30T21:39:22Z</time>
<extensions>
<gpxtpx:TrackPointExtension>
<gpxtpx:hr>173</gpxtpx:hr>
</gpxtpx:TrackPointExtension>
</extensions>
</trkpt>
<trkpt lat="33.5837575" lon="130.3858414">
<ele>5.353</ele>
<time>2026-05-30T21:39:23Z</time>
<extensions>
<gpxtpx:TrackPointExtension>
<gpxtpx:hr>174</gpxtpx:hr>
</gpxtpx:TrackPointExtension>
</extensions>
</trkpt>
<trkpt lat="33.5837497" lon="130.3858074">
<ele>5.492</ele>
<time>2026-05-30T21:39:24Z</time>
<extensions>
<gpxtpx:TrackPointExtension>
<gpxtpx:hr>174</gpxtpx:hr>
<gpxtpx:cad>176</gpxtpx:cad>
</gpxtpx:TrackPointExtension>
</extensions>
</trkpt>
<trkpt lat="33.5837419" lon="130.3857734">
<ele>5.549</ele>
<time>2026-05-30T21:39:25Z</time>
<extensions>
<gpxtpx:TrackPointExtension>
<gpxtpx:hr>174</gpxtpx:hr>
</gpxtpx:TrackPointExtension>
</extensions>
</trkpt>
<trkpt lat="33.5837343" lon="130.3857394">
<ele>5.679</ele>
<time>2026-05-30T21:39:26Z</time>
<extensions>
<gpxtpx:TrackPointExtension>
<gpxtpx:hr>174</gpxtpx:hr>
</gpxtpx:TrackPointExtension>
</extensions>
</trkpt>
<trkpt lat="33.5837274" lon="130.385705">
<ele>6.006</ele>
<time>2026-05-30T21:39:27Z</time>
<extensions>
<gpxtpx:TrackPointExtension>
<gpxtpx:hr>174</gpxtpx:hr>
</gpxtpx:TrackPointExtension>
</extensions>
</trkpt>
<trkpt lat="33.5837192" lon="130.3856721">
<ele>5.861</ele>
<time>2026-05-30T21:39:28Z</time>
<extensions>
<gpxtpx:TrackPointExtension>
<gpxtpx:hr>174</gpxtpx:hr>
</gpxtpx:TrackPointExtension>
</extensions>
</trkpt>
<trkpt lat="33.5837125" lon="130.3856379">
<ele>5.655</ele>
<time>2026-05-30T21:39:29Z</time>
<extensions>
<gpxtpx:TrackPointExtension>
<gpxtpx:hr>173</gpxtpx:hr>
<gpxtpx:cad>172</gpxtpx:cad>
</gpxtpx:TrackPointExtension>
</extensions>
</trkpt>
<trkpt lat="33.5837048" lon="130.385605">
<ele>5.593</ele>
<time>2026-05-30T21:39:30Z</time>
<extensions>
<gpxtpx:TrackPointExtension>
<gpxtpx:hr>173</gpxtpx:hr>
</gpxtpx:TrackPointExtension>
</extensions>
</trkpt>
<trkpt lat="33.5836969" lon="130.3855725">
<ele>5.547</ele>
<time>2026-05-30T21:39:31Z</time>
<extensions>
<gpxtpx:TrackPointExtension>
<gpxtpx:hr>172</gpxtpx:hr>
</gpxtpx:TrackPointExtension>
</extensions>
</trkpt>
<trkpt lat="33.5836889" lon="130.3855404">
<ele>5.534</ele>
<time>2026-05-30T21:39:32Z</time>
<extensions>
<gpxtpx:TrackPointExtension>
<gpxtpx:hr>172</gpxtpx:hr>
</gpxtpx:TrackPointExtension>
</extensions>
</trkpt>
<trkpt lat="33.5836809" lon="130.3855084">
<ele>5.508</ele>
<time>2026-05-30T21:39:33Z</time>
<extensions>
<gpxtpx:TrackPointExtension>
<gpxtpx:hr>172</gpxtpx:hr>
</gpxtpx:TrackPointExtension>
</extensions>
</trkpt>
<trkpt lat="33.583673" lon="130.3854762">
<ele>5.477</ele>
<time>2026-05-30T21:39:34Z</time>
<extensions>
<gpxtpx:TrackPointExtension>
<gpxtpx:hr>171</gpxtpx:hr>
<gpxtpx:cad>174</gpxtpx:cad>
</gpxtpx:TrackPointExtension>
</extensions>
</trkpt>
<trkpt lat="33.583665" lon="130.3854437">
<ele>5.454</ele>
<time>2026-05-30T21:39:35Z</time>
<extensions>
<gpxtpx:TrackPointExtension>
<gpxtpx:hr>171</gpxtpx:hr>
</gpxtpx:TrackPointExtension>
</extensions>
</trkpt>
<trkpt lat="33.583656" lon="130.3854115">
<ele>5.428</ele>
<time>2026-05-30T21:39:36Z</time>
<extensions>
<gpxtpx:TrackPointExtension>
<gpxtpx:hr>171</gpxtpx:hr>
</gpxtpx:TrackPointExtension>
</extensions>
</trkpt>
<trkpt lat="33.5836466" lon="130.3853791">
<ele>5.378</ele>
<time>2026-05-30T21:39:37Z</time>
<extensions>
<gpxtpx:TrackPointExtension>
<gpxtpx:hr>171</gpxtpx:hr>
</gpxtpx:TrackPointExtension>
</extensions>
</trkpt>
<trkpt lat="33.5836376" lon="130.3853466">
<ele>5.351</ele>
<time>2026-05-30T21:39:38Z</time>
<extensions>
<gpxtpx:TrackPointExtension>
<gpxtpx:hr>171</gpxtpx:hr>
</gpxtpx:TrackPointExtension>
</extensions>
</trkpt>
<trkpt lat="33.5836276" lon="130.3853144">
<ele>5.291</ele>
<time>2026-05-30T21:39:39Z</time>
<extensions>
<gpxtpx:TrackPointExtension>
<gpxtpx:hr>171</gpxtpx:hr>
<gpxtpx:cad>177</gpxtpx:cad>
</gpxtpx:TrackPointExtension>
</extensions>
</trkpt>
<trkpt lat="33.5836185" lon="130.3852821">
<ele>5.219</ele>
<time>2026-05-30T21:39:40Z</time>
<extensions>
<gpxtpx:TrackPointExtension>
<gpxtpx:hr>171</gpxtpx:hr>
</gpxtpx:TrackPointExtension>
</extensions>
</trkpt>
<trkpt lat="33.5836081" lon="130.3852498">
<ele>5.368</ele>
<time>2026-05-30T21:39:41Z</time>
<extensions>
<gpxtpx:TrackPointExtension>
<gpxtpx:hr>170</gpxtpx:hr>
</gpxtpx:TrackPointExtension>
</extensions>
</trkpt>
<trkpt lat="33.5835985" lon="130.3852177">
<ele>5.388</ele>
<time>2026-05-30T21:39:42Z</time>
<extensions>
<gpxtpx:TrackPointExtension>
<gpxtpx:hr>170</gpxtpx:hr>
</gpxtpx:TrackPointExtension>
</extensions>
</trkpt>
<trkpt lat="33.5835887" lon="130.3851857">
<ele>5.366</ele>
<time>2026-05-30T21:39:43Z</time>
<extensions>
<gpxtpx:TrackPointExtension>
<gpxtpx:hr>170</gpxtpx:hr>
</gpxtpx:TrackPointExtension>
</extensions>
</trkpt>
<trkpt lat="33.5835783" lon="130.3851535">
<ele>5.358</ele>
<time>2026-05-30T21:39:44Z</time>
<extensions>
<gpxtpx:TrackPointExtension>
<gpxtpx:hr>170</gpxtpx:hr>
<gpxtpx:cad>180</gpxtpx:cad>
</gpxtpx:TrackPointExtension>
</extensions>
</trkpt>
<trkpt lat="33.5835684" lon="130.3851218">
<ele>5.403</ele>
<time>2026-05-30T21:39:45Z</time>
<extensions>
<gpxtpx:TrackPointExtension>
<gpxtpx:hr>171</gpxtpx:hr>
</gpxtpx:TrackPointExtension>
</extensions>
</trkpt>
<trkpt lat="33.5835587" lon="130.3850903">
<ele>5.473</ele>
<time>2026-05-30T21:39:46Z</time>
<extensions>
<gpxtpx:TrackPointExtension>
<gpxtpx:hr>171</gpxtpx:hr>
</gpxtpx:TrackPointExtension>
</extensions>
</trkpt>
<trkpt lat="33.5835472" lon="130.3850572">
<ele>5.464</ele>
<time>2026-05-30T21:39:47Z</time>
<extensions>
<gpxtpx:TrackPointExtension>
<gpxtpx:hr>171</gpxtpx:hr>
</gpxtpx:TrackPointExtension>
</extensions>
</trkpt>
<trkpt lat="33.583537" lon="130.3850253">
<ele>5.515</ele>
<time>2026-05-30T21:39:48Z</time>
<extensions>
<gpxtpx:TrackPointExtension>
<gpxtpx:hr>171</gpxtpx:hr>
</gpxtpx:TrackPointExtension>
</extensions>
</trkpt>
<trkpt lat="33.5835252" lon="130.384992">
<ele>5.632</ele>
<time>2026-05-30T21:39:49Z</time>
<extensions>
<gpxtpx:TrackPointExtension>
<gpxtpx:hr>171</gpxtpx:hr>
<gpxtpx:cad>181</gpxtpx:cad>
</gpxtpx:TrackPointExtension>
</extensions>
</trkpt>
<trkpt lat="33.5835139" lon="130.3849593">
<ele>5.622</ele>
<time>2026-05-30T21:39:50Z</time>
<extensions>
<gpxtpx:TrackPointExtension>
<gpxtpx:hr>171</gpxtpx:hr>
</gpxtpx:TrackPointExtension>
</extensions>
</trkpt>
<trkpt lat="33.5835016" lon="130.3849267">
<ele>5.586</ele>
<time>2026-05-30T21:39:51Z</time>
<extensions>
<gpxtpx:TrackPointExtension>
<gpxtpx:hr>171</gpxtpx:hr>
</gpxtpx:TrackPointExtension>
</extensions>
</trkpt>
<trkpt lat="33.5834904" lon="130.3848939">
<ele>5.559</ele>
<time>2026-05-30T21:39:52Z</time>
<extensions>
<gpxtpx:TrackPointExtension>
<gpxtpx:hr>171</gpxtpx:hr>
<gpxtpx:cad>181</gpxtpx:cad>
</gpxtpx:TrackPointExtension>
</extensions>
</trkpt>
<trkpt lat="33.5834782" lon="130.3848613">
<ele>5.489</ele>
<time>2026-05-30T21:39:53Z</time>
<extensions>
<gpxtpx:TrackPointExtension>
<gpxtpx:hr>171</gpxtpx:hr>
</gpxtpx:TrackPointExtension>
</extensions>
</trkpt>
<trkpt lat="33.5834649" lon="130.3848298">
<ele>5.521</ele>
<time>2026-05-30T21:39:54Z</time>
<extensions>
<gpxtpx:TrackPointExtension>
<gpxtpx:hr>171</gpxtpx:hr>
<gpxtpx:cad>181</gpxtpx:cad>
</gpxtpx:TrackPointExtension>
</extensions>
</trkpt>
<trkpt lat="33.583453" lon="130.3847966">
<ele>5.484</ele>
<time>2026-05-30T21:39:55Z</time>
<extensions>
<gpxtpx:TrackPointExtension>
<gpxtpx:hr>172</gpxtpx:hr>
</gpxtpx:TrackPointExtension>
</extensions>
</trkpt>
<trkpt lat="33.5834392" lon="130.3847655">
<ele>5.479</ele>
<time>2026-05-30T21:39:56Z</time>
<extensions>
<gpxtpx:TrackPointExtension>
<gpxtpx:hr>172</gpxtpx:hr>
</gpxtpx:TrackPointExtension>
</extensions>
</trkpt>
<trkpt lat="33.5834264" lon="130.3847331">
<ele>5.514</ele>
<time>2026-05-30T21:39:57Z</time>
<extensions>
<gpxtpx:TrackPointExtension>
<gpxtpx:hr>172</gpxtpx:hr>
</gpxtpx:TrackPointExtension>
</extensions>
</trkpt>
<trkpt lat="33.5834121" lon="130.3847026">
<ele>5.556</ele>
<time>2026-05-30T21:39:58Z</time>
<extensions>
<gpxtpx:TrackPointExtension>
<gpxtpx:hr>172</gpxtpx:hr>
</gpxtpx:TrackPointExtension>
</extensions>
</trkpt>
<trkpt lat="33.5833987" lon="130.3846705">
<ele>5.454</ele>
<time>2026-05-30T21:39:59Z</time>
<extensions>
<gpxtpx:TrackPointExtension>
<gpxtpx:hr>172</gpxtpx:hr>
<gpxtpx:cad>181</gpxtpx:cad>
</gpxtpx:TrackPointExtension>
</extensions>
</trkpt>
<trkpt lat="33.5833847" lon="130.3846396">
<ele>5.551</ele>
<time>2026-05-30T21:40:00Z</time>
<extensions>
<gpxtpx:TrackPointExtension>
<gpxtpx:hr>172</gpxtpx:hr>
</gpxtpx:TrackPointExtension>
</extensions>
</trkpt>
<trkpt lat="33.5833712" lon="130.3846079">
<ele>5.573</ele>
<time>2026-05-30T21:40:01Z</time>
<extensions>
<gpxtpx:TrackPointExtension>
<gpxtpx:hr>172</gpxtpx:hr>
</gpxtpx:TrackPointExtension>
</extensions>
</trkpt>
<trkpt lat="33.5833579" lon="130.384576">
<ele>5.631</ele>
<time>2026-05-30T21:40:02Z</time>
<extensions>
<gpxtpx:TrackPointExtension>
<gpxtpx:hr>172</gpxtpx:hr>
</gpxtpx:TrackPointExtension>
</extensions>
</trkpt>
<trkpt lat="33.5833444" lon="130.3845444">
<ele>5.691</ele>
<time>2026-05-30T21:40:03Z</time>
<extensions>
<gpxtpx:TrackPointExtension>
<gpxtpx:hr>172</gpxtpx:hr>
</gpxtpx:TrackPointExtension>
</extensions>
</trkpt>
<trkpt lat="33.583331" lon="130.3845123">
<ele>5.705</ele>
<time>2026-05-30T21:40:04Z</time>
<extensions>
<gpxtpx:TrackPointExtension>
<gpxtpx:hr>171</gpxtpx:hr>
<gpxtpx:cad>179</gpxtpx:cad>
</gpxtpx:TrackPointExtension>
</extensions>
</trkpt>
<trkpt lat="33.5833176" lon="130.3844798">
<ele>5.701</ele>
<time>2026-05-30T21:40:05Z</time>
<extensions>
<gpxtpx:TrackPointExtension>
<gpxtpx:hr>172</gpxtpx:hr>
</gpxtpx:TrackPointExtension>
</extensions>
</trkpt>
<trkpt lat="33.5833041" lon="130.3844471">
<ele>5.738</ele>
<time>2026-05-30T21:40:06Z</time>
<extensions>
<gpxtpx:TrackPointExtension>
<gpxtpx:hr>172</gpxtpx:hr>
</gpxtpx:TrackPointExtension>
</extensions>
</trkpt>
<trkpt lat="33.583291" lon="130.3844125">
<ele>5.725</ele>
<time>2026-05-30T21:40:07Z</time>
<extensions>
<gpxtpx:TrackPointExtension>
<gpxtpx:hr>172</gpxtpx:hr>
</gpxtpx:TrackPointExtension>
</extensions>
</trkpt>
<trkpt lat="33.5832775" lon="130.3843809">
<ele>5.664</ele>
<time>2026-05-30T21:40:08Z</time>
<extensions>
<gpxtpx:TrackPointExtension>
<gpxtpx:hr>172</gpxtpx:hr>
</gpxtpx:TrackPointExtension>
</extensions>
</trkpt>
<trkpt lat="33.583265" lon="130.3843457">
<ele>5.649</ele>
<time>2026-05-30T21:40:09Z</time>
<extensions>
<gpxtpx:TrackPointExtension>
<gpxtpx:hr>171</gpxtpx:hr>
<gpxtpx:cad>177</gpxtpx:cad>
</gpxtpx:TrackPointExtension>
</extensions>
</trkpt>
<trkpt lat="33.5832512" lon="130.384314">
<ele>5.564</ele>
<time>2026-05-30T21:40:10Z</time>
<extensions>
<gpxtpx:TrackPointExtension>
<gpxtpx:hr>172</gpxtpx:hr>
</gpxtpx:TrackPointExtension>
</extensions>
</trkpt>
<trkpt lat="33.5832381" lon="130.3842802">
<ele>5.462</ele>
<time>2026-05-30T21:40:11Z</time>
<extensions>
<gpxtpx:TrackPointExtension>
<gpxtpx:hr>172</gpxtpx:hr>
</gpxtpx:TrackPointExtension>
</extensions>
</trkpt>
<trkpt lat="33.5832239" lon="130.3842483">
<ele>5.408</ele>
<time>2026-05-30T21:40:12Z</time>
<extensions>
<gpxtpx:TrackPointExtension>
<gpxtpx:hr>172</gpxtpx:hr>
</gpxtpx:TrackPointExtension>
</extensions>
</trkpt>
<trkpt lat="33.583211" lon="130.3842137">
<ele>5.451</ele>
<time>2026-05-30T21:40:13Z</time>
<extensions>
<gpxtpx:TrackPointExtension>
<gpxtpx:hr>172</gpxtpx:hr>
</gpxtpx:TrackPointExtension>
</extensions>
</trkpt>
<trkpt lat="33.5831977" lon="130.3841798">
<ele>5.444</ele>
<time>2026-05-30T21:40:14Z</time>
<extensions>
<gpxtpx:TrackPointExtension>
<gpxtpx:hr>172</gpxtpx:hr>
<gpxtpx:cad>176</gpxtpx:cad>
</gpxtpx:TrackPointExtension>
</extensions>
</trkpt>
<trkpt lat="33.5831855" lon="130.3841442">
<ele>5.424</ele>
<time>2026-05-30T21:40:15Z</time>
<extensions>
<gpxtpx:TrackPointExtension>
<gpxtpx:hr>172</gpxtpx:hr>
</gpxtpx:TrackPointExtension>
</extensions>
</trkpt>
<trkpt lat="33.5831736" lon="130.3841083">
<ele>5.468</ele>
<time>2026-05-30T21:40:16Z</time>
<extensions>
<gpxtpx:TrackPointExtension>
<gpxtpx:hr>173</gpxtpx:hr>
</gpxtpx:TrackPointExtension>
</extensions>
</trkpt>
<trkpt lat="33.5831616" lon="130.3840723">
<ele>5.493</ele>
<time>2026-05-30T21:40:17Z</time>
<extensions>
<gpxtpx:TrackPointExtension>
<gpxtpx:hr>173</gpxtpx:hr>
</gpxtpx:TrackPointExtension>
</extensions>
</trkpt>
<trkpt lat="33.5831495" lon="130.3840364">
<ele>5.571</ele>
<time>2026-05-30T21:40:18Z</time>
<extensions>
<gpxtpx:TrackPointExtension>
<gpxtpx:hr>173</gpxtpx:hr>
</gpxtpx:TrackPointExtension>
</extensions>
</trkpt>
<trkpt lat="33.5831369" lon="130.384001">
<ele>5.666</ele>
<time>2026-05-30T21:40:19Z</time>
<extensions>
<gpxtpx:TrackPointExtension>
<gpxtpx:hr>173</gpxtpx:hr>
<gpxtpx:cad>178</gpxtpx:cad>
</gpxtpx:TrackPointExtension>
</extensions>
</trkpt>
<trkpt lat="33.583125" lon="130.3839645">
<ele>5.727</ele>
<time>2026-05-30T21:40:20Z</time>
<extensions>
<gpxtpx:TrackPointExtension>
<gpxtpx:hr>173</gpxtpx:hr>
</gpxtpx:TrackPointExtension>
</extensions>
</trkpt>
<trkpt lat="33.5831123" lon="130.383929">
<ele>5.645</ele>
<time>2026-05-30T21:40:21Z</time>
<extensions>
<gpxtpx:TrackPointExtension>
<gpxtpx:hr>173</gpxtpx:hr>
<gpxtpx:cad>179</gpxtpx:cad>
</gpxtpx:TrackPointExtension>
</extensions>
</trkpt>
<trkpt lat="33.5830993" lon="130.3838936">
<ele>5.567</ele>
<time>2026-05-30T21:40:22Z</time>
<extensions>
<gpxtpx:TrackPointExtension>
<gpxtpx:hr>173</gpxtpx:hr>
</gpxtpx:TrackPointExtension>
</extensions>
</trkpt>
<trkpt lat="33.583086" lon="130.3838586">
<ele>5.574</ele>
<time>2026-05-30T21:40:23Z</time>
<extensions>
<gpxtpx:TrackPointExtension>
<gpxtpx:hr>173</gpxtpx:hr>
</gpxtpx:TrackPointExtension>
</extensions>
</trkpt>
<trkpt lat="33.5830722" lon="130.3838239">
<ele>5.627</ele>
<time>2026-05-30T21:40:24Z</time>
<extensions>
<gpxtpx:TrackPointExtension>
<gpxtpx:hr>173</gpxtpx:hr>
<gpxtpx:cad>180</gpxtpx:cad>
</gpxtpx:TrackPointExtension>
</extensions>
</trkpt>
<trkpt lat="33.5830576" lon="130.3837889">
<ele>5.711</ele>
<time>2026-05-30T21:40:25Z</time>
<extensions>
<gpxtpx:TrackPointExtension>
<gpxtpx:hr>173</gpxtpx:hr>
</gpxtpx:TrackPointExtension>
</extensions>
</trkpt>
<trkpt lat="33.5830425" lon="130.3837541">
<ele>5.712</ele>
<time>2026-05-30T21:40:26Z</time>
<extensions>
<gpxtpx:TrackPointExtension>
<gpxtpx:hr>173</gpxtpx:hr>
</gpxtpx:TrackPointExtension>
</extensions>
</trkpt>
<trkpt lat="33.5830273" lon="130.3837202">
<ele>5.723</ele>
<time>2026-05-30T21:40:27Z</time>
<extensions>
<gpxtpx:TrackPointExtension>
<gpxtpx:hr>173</gpxtpx:hr>
</gpxtpx:TrackPointExtension>
</extensions>
</trkpt>
<trkpt lat="33.5830112" lon="130.383686">
<ele>5.638</ele>
<time>2026-05-30T21:40:28Z</time>
<extensions>
<gpxtpx:TrackPointExtension>
<gpxtpx:hr>173</gpxtpx:hr>
</gpxtpx:TrackPointExtension>
</extensions>
</trkpt>
<trkpt lat="33.5829964" lon="130.3836522">
<ele>5.552</ele>
<time>2026-05-30T21:40:29Z</time>
<extensions>
<gpxtpx:TrackPointExtension>
<gpxtpx:hr>173</gpxtpx:hr>
<gpxtpx:cad>181</gpxtpx:cad>
</gpxtpx:TrackPointExtension>
</extensions>
</trkpt>
<trkpt lat="33.5829788" lon="130.3836184">
<ele>5.284</ele>
<time>2026-05-30T21:40:30Z</time>
<extensions>
<gpxtpx:TrackPointExtension>
<gpxtpx:hr>172</gpxtpx:hr>
</gpxtpx:TrackPointExtension>
</extensions>
</trkpt>
<trkpt lat="33.5829611" lon="130.3835854">
<ele>5.366</ele>
<time>2026-05-30T21:40:31Z</time>
<extensions>
<gpxtpx:TrackPointExtension>
<gpxtpx:hr>172</gpxtpx:hr>
</gpxtpx:TrackPointExtension>
</extensions>
</trkpt>
<trkpt lat="33.5829426" lon="130.3835522">
<ele>5.547</ele>
<time>2026-05-30T21:40:32Z</time>
<extensions>
<gpxtpx:TrackPointExtension>
<gpxtpx:hr>172</gpxtpx:hr>
</gpxtpx:TrackPointExtension>
</extensions>
</trkpt>
<trkpt lat="33.5829237" lon="130.3835193">
<ele>5.62</ele>
<time>2026-05-30T21:40:33Z</time>
<extensions>
<gpxtpx:TrackPointExtension>
<gpxtpx:hr>172</gpxtpx:hr>
</gpxtpx:TrackPointExtension>
</extensions>
</trkpt>
<trkpt lat="33.5829053" lon="130.3834881">
<ele>5.59</ele>
<time>2026-05-30T21:40:34Z</time>
<extensions>
<gpxtpx:TrackPointExtension>
<gpxtpx:hr>172</gpxtpx:hr>
<gpxtpx:cad>178</gpxtpx:cad>
</gpxtpx:TrackPointExtension>
</extensions>
</trkpt>
<trkpt lat="33.5828871" lon="130.3834556">
<ele>5.534</ele>
<time>2026-05-30T21:40:35Z</time>
<extensions>
<gpxtpx:TrackPointExtension>
<gpxtpx:hr>172</gpxtpx:hr>
</gpxtpx:TrackPointExtension>
</extensions>
</trkpt>
<trkpt lat="33.5828699" lon="130.3834228">
<ele>5.519</ele>
<time>2026-05-30T21:40:36Z</time>
<extensions>
<gpxtpx:TrackPointExtension>
<gpxtpx:hr>172</gpxtpx:hr>
</gpxtpx:TrackPointExtension>
</extensions>
</trkpt>
<trkpt lat="33.5828511" lon="130.3833899">
<ele>5.511</ele>
<time>2026-05-30T21:40:37Z</time>
<extensions>
<gpxtpx:TrackPointExtension>
<gpxtpx:hr>172</gpxtpx:hr>
</gpxtpx:TrackPointExtension>
</extensions>
</trkpt>
<trkpt lat="33.5828351" lon="130.3833568">
<ele>5.467</ele>
<time>2026-05-30T21:40:38Z</time>
<extensions>
<gpxtpx:TrackPointExtension>
<gpxtpx:hr>173</gpxtpx:hr>
</gpxtpx:TrackPointExtension>
</extensions>
</trkpt>
<trkpt lat="33.5828203" lon="130.3833241">
<ele>5.429</ele>
<time>2026-05-30T21:40:39Z</time>
<extensions>
<gpxtpx:TrackPointExtension>
<gpxtpx:hr>173</gpxtpx:hr>
<gpxtpx:cad>178</gpxtpx:cad>
</gpxtpx:TrackPointExtension>
</extensions>
</trkpt>
<trkpt lat="33.5828064" lon="130.3832917">
<ele>5.501</ele>
<time>2026-05-30T21:40:40Z</time>
<extensions>
<gpxtpx:TrackPointExtension>
<gpxtpx:hr>173</gpxtpx:hr>
</gpxtpx:TrackPointExtension>
</extensions>
</trkpt>
<trkpt lat="33.582789" lon="130.3832589">
<ele>5.472</ele>
<time>2026-05-30T21:40:41Z</time>
<extensions>
<gpxtpx:TrackPointExtension>
<gpxtpx:hr>173</gpxtpx:hr>
</gpxtpx:TrackPointExtension>
</extensions>
</trkpt>
<trkpt lat="33.5827752" lon="130.3832265">
<ele>5.42</ele>
<time>2026-05-30T21:40:42Z</time>
<extensions>
<gpxtpx:TrackPointExtension>
<gpxtpx:hr>173</gpxtpx:hr>
</gpxtpx:TrackPointExtension>
</extensions>
</trkpt>
<trkpt lat="33.5827622" lon="130.3831942">
<ele>5.412</ele>
<time>2026-05-30T21:40:43Z</time>
<extensions>
<gpxtpx:TrackPointExtension>
<gpxtpx:hr>173</gpxtpx:hr>
</gpxtpx:TrackPointExtension>
</extensions>
</trkpt>
<trkpt lat="33.5827501" lon="130.3831618">
<ele>5.411</ele>
<time>2026-05-30T21:40:44Z</time>
<extensions>
<gpxtpx:TrackPointExtension>
<gpxtpx:hr>173</gpxtpx:hr>
<gpxtpx:cad>181</gpxtpx:cad>
</gpxtpx:TrackPointExtension>
</extensions>
</trkpt>
<trkpt lat="33.5827419" lon="130.3831293">
<ele>5.261</ele>
<time>2026-05-30T21:40:45Z</time>
<extensions>
<gpxtpx:TrackPointExtension>
<gpxtpx:hr>173</gpxtpx:hr>
</gpxtpx:TrackPointExtension>
</extensions>
</trkpt>
<trkpt lat="33.5827312" lon="130.3830967">
<ele>5.254</ele>
<time>2026-05-30T21:40:46Z</time>
<extensions>
<gpxtpx:TrackPointExtension>
<gpxtpx:hr>174</gpxtpx:hr>
</gpxtpx:TrackPointExtension>
</extensions>
</trkpt>
<trkpt lat="33.5827241" lon="130.3830636">
<ele>5.184</ele>
<time>2026-05-30T21:40:47Z</time>
<extensions>
<gpxtpx:TrackPointExtension>
<gpxtpx:hr>174</gpxtpx:hr>
</gpxtpx:TrackPointExtension>
</extensions>
</trkpt>
<trkpt lat="33.5827148" lon="130.3830306">
<ele>5.146</ele>
<time>2026-05-30T21:40:48Z</time>
<extensions>
<gpxtpx:TrackPointExtension>
<gpxtpx:hr>174</gpxtpx:hr>
</gpxtpx:TrackPointExtension>
</extensions>
</trkpt>
<trkpt lat="33.5827089" lon="130.3829964">
<ele>5.077</ele>
<time>2026-05-30T21:40:49Z</time>
<extensions>
<gpxtpx:TrackPointExtension>
<gpxtpx:hr>174</gpxtpx:hr>
<gpxtpx:cad>181</gpxtpx:cad>
</gpxtpx:TrackPointExtension>
</extensions>
</trkpt>
<trkpt lat="33.5827011" lon="130.3829631">
<ele>5.21</ele>
<time>2026-05-30T21:40:50Z</time>
<extensions>
<gpxtpx:TrackPointExtension>
<gpxtpx:hr>174</gpxtpx:hr>
<gpxtpx:cad>181</gpxtpx:cad>
</gpxtpx:TrackPointExtension>
</extensions>
</trkpt>
<trkpt lat="33.5826918" lon="130.3829304">
<ele>5.038</ele>
<time>2026-05-30T21:40:51Z</time>
<extensions>
<gpxtpx:TrackPointExtension>
<gpxtpx:hr>173</gpxtpx:hr>
</gpxtpx:TrackPointExtension>
</extensions>
</trkpt>
<trkpt lat="33.5826855" lon="130.3828965">
<ele>5.005</ele>
<time>2026-05-30T21:40:52Z</time>
<extensions>
<gpxtpx:TrackPointExtension>
<gpxtpx:hr>173</gpxtpx:hr>
</gpxtpx:TrackPointExtension>
</extensions>
</trkpt>
<trkpt lat="33.5826797" lon="130.382862">
<ele>4.93</ele>
<time>2026-05-30T21:40:53Z</time>
<extensions>
<gpxtpx:TrackPointExtension>
<gpxtpx:hr>173</gpxtpx:hr>
</gpxtpx:TrackPointExtension>
</extensions>
</trkpt>
<trkpt lat="33.5826731" lon="130.3828281">
<ele>4.938</ele>
<time>2026-05-30T21:40:54Z</time>
<extensions>
<gpxtpx:TrackPointExtension>
<gpxtpx:hr>173</gpxtpx:hr>
<gpxtpx:cad>180</gpxtpx:cad>
</gpxtpx:TrackPointExtension>
</extensions>
</trkpt>
<trkpt lat="33.5826683" lon="130.3827928">
<ele>4.866</ele>
<time>2026-05-30T21:40:55Z</time>
<extensions>
<gpxtpx:TrackPointExtension>
<gpxtpx:hr>173</gpxtpx:hr>
</gpxtpx:TrackPointExtension>
</extensions>
</trkpt>
<trkpt lat="33.5826636" lon="130.3827567">
<ele>4.875</ele>
<time>2026-05-30T21:40:56Z</time>
<extensions>
<gpxtpx:TrackPointExtension>
<gpxtpx:hr>173</gpxtpx:hr>
</gpxtpx:TrackPointExtension>
</extensions>
</trkpt>
<trkpt lat="33.5826596" lon="130.3827199">
<ele>4.877</ele>
<time>2026-05-30T21:40:57Z</time>
<extensions>
<gpxtpx:TrackPointExtension>
<gpxtpx:hr>173</gpxtpx:hr>
</gpxtpx:TrackPointExtension>
</extensions>
</trkpt>
<trkpt lat="33.5826558" lon="130.3826815">
<ele>4.864</ele>
<time>2026-05-30T21:40:58Z</time>
<extensions>
<gpxtpx:TrackPointExtension>
<gpxtpx:hr>173</gpxtpx:hr>
</gpxtpx:TrackPointExtension>
</extensions>
</trkpt>
<trkpt lat="33.5826516" lon="130.3826461">
<ele>4.829</ele>
<time>2026-05-30T21:40:59Z</time>
<extensions>
<gpxtpx:TrackPointExtension>
<gpxtpx:hr>174</gpxtpx:hr>
<gpxtpx:cad>180</gpxtpx:cad>
</gpxtpx:TrackPointExtension>
</extensions>
</trkpt>
<trkpt lat="33.5826479" lon="130.3826108">
<ele>4.889</ele>
<time>2026-05-30T21:41:00Z</time>
<extensions>
<gpxtpx:TrackPointExtension>
<gpxtpx:hr>174</gpxtpx:hr>
</gpxtpx:TrackPointExtension>
</extensions>
</trkpt>
<trkpt lat="33.5826439" lon="130.3825739">
<ele>4.819</ele>
<time>2026-05-30T21:41:01Z</time>
<extensions>
<gpxtpx:TrackPointExtension>
<gpxtpx:hr>173</gpxtpx:hr>
</gpxtpx:TrackPointExtension>
</extensions>
</trkpt>
<trkpt lat="33.5826398" lon="130.3825371">
<ele>4.813</ele>
<time>2026-05-30T21:41:02Z</time>
<extensions>
<gpxtpx:TrackPointExtension>
<gpxtpx:hr>173</gpxtpx:hr>
</gpxtpx:TrackPointExtension>
</extensions>
</trkpt>
<trkpt lat="33.5826356" lon="130.3825001">
<ele>4.781</ele>
<time>2026-05-30T21:41:03Z</time>
<extensions>
<gpxtpx:TrackPointExtension>
<gpxtpx:hr>173</gpxtpx:hr>
</gpxtpx:TrackPointExtension>
</extensions>
</trkpt>
<trkpt lat="33.5826317" lon="130.3824637">
<ele>4.754</ele>
<time>2026-05-30T21:41:04Z</time>
<extensions>
<gpxtpx:TrackPointExtension>
<gpxtpx:hr>173</gpxtpx:hr>
<gpxtpx:cad>181</gpxtpx:cad>
</gpxtpx:TrackPointExtension>
</extensions>
</trkpt>
<trkpt lat="33.5826275" lon="130.3824264">
<ele>4.654</ele>
<time>2026-05-30T21:41:05Z</time>
<extensions>
<gpxtpx:TrackPointExtension>
<gpxtpx:hr>174</gpxtpx:hr>
</gpxtpx:TrackPointExtension>
</extensions>
</trkpt>
<trkpt lat="33.5826241" lon="130.3823914">
<ele>4.682</ele>
<time>2026-05-30T21:41:06Z</time>
<extensions>
<gpxtpx:TrackPointExtension>
<gpxtpx:hr>173</gpxtpx:hr>
</gpxtpx:TrackPointExtension>
</extensions>
</trkpt>
<trkpt lat="33.5826206" lon="130.3823553">
<ele>4.668</ele>
<time>2026-05-30T21:41:07Z</time>
<extensions>
<gpxtpx:TrackPointExtension>
<gpxtpx:hr>173</gpxtpx:hr>
</gpxtpx:TrackPointExtension>
</extensions>
</trkpt>
<trkpt lat="33.5826173" lon="130.3823194">
<ele>4.568</ele>
<time>2026-05-30T21:41:08Z</time>
<extensions>
<gpxtpx:TrackPointExtension>
<gpxtpx:hr>174</gpxtpx:hr>
</gpxtpx:TrackPointExtension>
</extensions>
</trkpt>
<trkpt lat="33.5826142" lon="130.3822829">
<ele>4.54</ele>
<time>2026-05-30T21:41:09Z</time>
<extensions>
<gpxtpx:TrackPointExtension>
<gpxtpx:hr>174</gpxtpx:hr>
<gpxtpx:cad>180</gpxtpx:cad>
</gpxtpx:TrackPointExtension>
</extensions>
</trkpt>
<trkpt lat="33.5826112" lon="130.3822465">
<ele>4.519</ele>
<time>2026-05-30T21:41:10Z</time>
<extensions>
<gpxtpx:TrackPointExtension>
<gpxtpx:hr>174</gpxtpx:hr>
</gpxtpx:TrackPointExtension>
</extensions>
</trkpt>
<trkpt lat="33.5826084" lon="130.3822101">
<ele>4.505</ele>
<time>2026-05-30T21:41:11Z</time>
<extensions>
<gpxtpx:TrackPointExtension>
<gpxtpx:hr>175</gpxtpx:hr>
</gpxtpx:TrackPointExtension>
</extensions>
</trkpt>
<trkpt lat="33.5826058" lon="130.3821753">
<ele>4.57</ele>
<time>2026-05-30T21:41:12Z</time>
<extensions>
<gpxtpx:TrackPointExtension>
<gpxtpx:hr>175</gpxtpx:hr>
</gpxtpx:TrackPointExtension>
</extensions>
</trkpt>
<trkpt lat="33.5826027" lon="130.3821393">
<ele>4.575</ele>
<time>2026-05-30T21:41:13Z</time>
<extensions>
<gpxtpx:TrackPointExtension>
<gpxtpx:hr>175</gpxtpx:hr>
</gpxtpx:TrackPointExtension>
</extensions>
</trkpt>
<trkpt lat="33.5826003" lon="130.3821052">
<ele>4.57</ele>
<time>2026-05-30T21:41:14Z</time>
<extensions>
<gpxtpx:TrackPointExtension>
<gpxtpx:hr>175</gpxtpx:hr>
<gpxtpx:cad>177</gpxtpx:cad>
</gpxtpx:TrackPointExtension>
</extensions>
</trkpt>
<trkpt lat="33.5825978" lon="130.3820711">
<ele>4.468</ele>
<time>2026-05-30T21:41:15Z</time>
<extensions>
<gpxtpx:TrackPointExtension>
<gpxtpx:hr>175</gpxtpx:hr>
</gpxtpx:TrackPointExtension>
</extensions>
</trkpt>
<trkpt lat="33.5825952" lon="130.3820369">
<ele>4.254</ele>
<time>2026-05-30T21:41:16Z</time>
<extensions>
<gpxtpx:TrackPointExtension>
<gpxtpx:hr>175</gpxtpx:hr>
</gpxtpx:TrackPointExtension>
</extensions>
</trkpt>
<trkpt lat="33.5825926" lon="130.3820021">
<ele>4.165</ele>
<time>2026-05-30T21:41:17Z</time>
<extensions>
<gpxtpx:TrackPointExtension>
<gpxtpx:hr>175</gpxtpx:hr>
</gpxtpx:TrackPointExtension>
</extensions>
</trkpt>
<trkpt lat="33.5825897" lon="130.381967">
<ele>4.163</ele>
<time>2026-05-30T21:41:18Z</time>
<extensions>
<gpxtpx:TrackPointExtension>
<gpxtpx:hr>175</gpxtpx:hr>
</gpxtpx:TrackPointExtension>
</extensions>
</trkpt>
<trkpt lat="33.5825868" lon="130.3819325">
<ele>4.101</ele>
<time>2026-05-30T21:41:19Z</time>
<extensions>
<gpxtpx:TrackPointExtension>
<gpxtpx:hr>175</gpxtpx:hr>
<gpxtpx:cad>168</gpxtpx:cad>
</gpxtpx:TrackPointExtension>
</extensions>
</trkpt>
<trkpt lat="33.582584" lon="130.3818987">
<ele>4.087</ele>
<time>2026-05-30T21:41:20Z</time>
<extensions>
<gpxtpx:TrackPointExtension>
<gpxtpx:hr>175</gpxtpx:hr>
<gpxtpx:cad>166</gpxtpx:cad>
</gpxtpx:TrackPointExtension>
</extensions>
</trkpt>
<trkpt lat="33.5825814" lon="130.3818652">
<ele>4.042</ele>
<time>2026-05-30T21:41:21Z</time>
<extensions>
<gpxtpx:TrackPointExtension>
<gpxtpx:hr>174</gpxtpx:hr>
</gpxtpx:TrackPointExtension>
</extensions>
</trkpt>
<trkpt lat="33.5825791" lon="130.3818316">
<ele>3.934</ele>
<time>2026-05-30T21:41:22Z</time>
<extensions>
<gpxtpx:TrackPointExtension>
<gpxtpx:hr>174</gpxtpx:hr>
</gpxtpx:TrackPointExtension>
</extensions>
</trkpt>
<trkpt lat="33.5825769" lon="130.3817983">
<ele>3.886</ele>
<time>2026-05-30T21:41:23Z</time>
<extensions>
<gpxtpx:TrackPointExtension>
<gpxtpx:hr>173</gpxtpx:hr>
</gpxtpx:TrackPointExtension>
</extensions>
</trkpt>
<trkpt lat="33.5825747" lon="130.3817652">
<ele>3.995</ele>
<time>2026-05-30T21:41:24Z</time>
<extensions>
<gpxtpx:TrackPointExtension>
<gpxtpx:hr>172</gpxtpx:hr>
<gpxtpx:cad>164</gpxtpx:cad>
</gpxtpx:TrackPointExtension>
</extensions>
</trkpt>
<trkpt lat="33.5825728" lon="130.381732">
<ele>4.082</ele>
<time>2026-05-30T21:41:25Z</time>
<extensions>
<gpxtpx:TrackPointExtension>
<gpxtpx:hr>171</gpxtpx:hr>
</gpxtpx:TrackPointExtension>
</extensions>
</trkpt>
<trkpt lat="33.58257" lon="130.3816998">
<ele>4.094</ele>
<time>2026-05-30T21:41:26Z</time>
<extensions>
<gpxtpx:TrackPointExtension>
<gpxtpx:hr>172</gpxtpx:hr>
</gpxtpx:TrackPointExtension>
</extensions>
</trkpt>
<trkpt lat="33.5825676" lon="130.3816674">
<ele>4.05</ele>
<time>2026-05-30T21:41:27Z</time>
<extensions>
<gpxtpx:TrackPointExtension>
<gpxtpx:hr>173</gpxtpx:hr>
</gpxtpx:TrackPointExtension>
</extensions>
</trkpt>
<trkpt lat="33.5825654" lon="130.3816329">
<ele>3.95</ele>
<time>2026-05-30T21:41:28Z</time>
<extensions>
<gpxtpx:TrackPointExtension>
<gpxtpx:hr>173</gpxtpx:hr>
</gpxtpx:TrackPointExtension>
</extensions>
</trkpt>
<trkpt lat="33.5825626" lon="130.381599">
<ele>4.004</ele>
<time>2026-05-30T21:41:29Z</time>
<extensions>
<gpxtpx:TrackPointExtension>
<gpxtpx:hr>174</gpxtpx:hr>
<gpxtpx:cad>170</gpxtpx:cad>
</gpxtpx:TrackPointExtension>
</extensions>
</trkpt>
<trkpt lat="33.5825599" lon="130.3815641">
<ele>4.039</ele>
<time>2026-05-30T21:41:30Z</time>
<extensions>
<gpxtpx:TrackPointExtension>
<gpxtpx:hr>174</gpxtpx:hr>
</gpxtpx:TrackPointExtension>
</extensions>
</trkpt>
<trkpt lat="33.5825569" lon="130.3815302">
<ele>4.001</ele>
<time>2026-05-30T21:41:31Z</time>
<extensions>
<gpxtpx:TrackPointExtension>
<gpxtpx:hr>175</gpxtpx:hr>
</gpxtpx:TrackPointExtension>
</extensions>
</trkpt>
<trkpt lat="33.5825539" lon="130.3814985">
<ele>3.99</ele>
<time>2026-05-30T21:41:32Z</time>
<extensions>
<gpxtpx:TrackPointExtension>
<gpxtpx:hr>175</gpxtpx:hr>
</gpxtpx:TrackPointExtension>
</extensions>
</trkpt>
<trkpt lat="33.5825508" lon="130.3814694">
<ele>3.899</ele>
<time>2026-05-30T21:41:33Z</time>
<extensions>
<gpxtpx:TrackPointExtension>
<gpxtpx:hr>174</gpxtpx:hr>
</gpxtpx:TrackPointExtension>
</extensions>
</trkpt>
<trkpt lat="33.5825475" lon="130.3814405">
<ele>3.913</ele>
<time>2026-05-30T21:41:34Z</time>
<extensions>
<gpxtpx:TrackPointExtension>
<gpxtpx:hr>174</gpxtpx:hr>
<gpxtpx:cad>173</gpxtpx:cad>
</gpxtpx:TrackPointExtension>
</extensions>
</trkpt>
<trkpt lat="33.5825442" lon="130.3814124">
<ele>3.916</ele>
<time>2026-05-30T21:41:35Z</time>
<extensions>
<gpxtpx:TrackPointExtension>
<gpxtpx:hr>174</gpxtpx:hr>
</gpxtpx:TrackPointExtension>
</extensions>
</trkpt>
<trkpt lat="33.5825411" lon="130.381384">
<ele>3.939</ele>
<time>2026-05-30T21:41:36Z</time>
<extensions>
<gpxtpx:TrackPointExtension>
<gpxtpx:hr>174</gpxtpx:hr>
</gpxtpx:TrackPointExtension>
</extensions>
</trkpt>
<trkpt lat="33.5825384" lon="130.3813561">
<ele>4.004</ele>
<time>2026-05-30T21:41:37Z</time>
<extensions>
<gpxtpx:TrackPointExtension>
<gpxtpx:hr>174</gpxtpx:hr>
</gpxtpx:TrackPointExtension>
</extensions>
</trkpt>
<trkpt lat="33.5825362" lon="130.3813288">
<ele>4.149</ele>
<time>2026-05-30T21:41:38Z</time>
<extensions>
<gpxtpx:TrackPointExtension>
<gpxtpx:hr>173</gpxtpx:hr>
</gpxtpx:TrackPointExtension>
</extensions>
</trkpt>
<trkpt lat="33.5825362" lon="130.3813092">
<ele>4.193</ele>
<time>2026-05-30T21:41:39Z</time>
<extensions>
<gpxtpx:TrackPointExtension>
<gpxtpx:hr>173</gpxtpx:hr>
<gpxtpx:cad>174</gpxtpx:cad>
</gpxtpx:TrackPointExtension>
</extensions>
</trkpt>
<trkpt lat="33.5825335" lon="130.3812805">
<ele>4.022</ele>
<time>2026-05-30T21:41:40Z</time>
<extensions>
<gpxtpx:TrackPointExtension>
<gpxtpx:hr>172</gpxtpx:hr>
</gpxtpx:TrackPointExtension>
</extensions>
</trkpt>
<trkpt lat="33.5825309" lon="130.3812528">
<ele>3.827</ele>
<time>2026-05-30T21:41:41Z</time>
<extensions>
<gpxtpx:TrackPointExtension>
<gpxtpx:hr>172</gpxtpx:hr>
</gpxtpx:TrackPointExtension>
</extensions>
</trkpt>
<trkpt lat="33.5825306" lon="130.3812344">
<ele>3.776</ele>
<time>2026-05-30T21:41:42Z</time>
<extensions>
<gpxtpx:TrackPointExtension>
<gpxtpx:hr>172</gpxtpx:hr>
</gpxtpx:TrackPointExtension>
</extensions>
</trkpt>
<trkpt lat="33.5825286" lon="130.3812107">
<ele>3.681</ele>
<time>2026-05-30T21:41:43Z</time>
<extensions>
<gpxtpx:TrackPointExtension>
<gpxtpx:hr>171</gpxtpx:hr>
</gpxtpx:TrackPointExtension>
</extensions>
</trkpt>
<trkpt lat="33.5825266" lon="130.3811862">
<ele>3.719</ele>
<time>2026-05-30T21:41:44Z</time>
<extensions>
<gpxtpx:TrackPointExtension>
<gpxtpx:hr>172</gpxtpx:hr>
<gpxtpx:cad>167</gpxtpx:cad>
</gpxtpx:TrackPointExtension>
</extensions>
</trkpt>
<trkpt lat="33.5825252" lon="130.3811621">
<ele>3.809</ele>
<time>2026-05-30T21:41:45Z</time>
<extensions>
<gpxtpx:TrackPointExtension>
<gpxtpx:hr>172</gpxtpx:hr>
</gpxtpx:TrackPointExtension>
</extensions>
</trkpt>
<trkpt lat="33.5825244" lon="130.3811399">
<ele>3.814</ele>
<time>2026-05-30T21:41:46Z</time>
<extensions>
<gpxtpx:TrackPointExtension>
<gpxtpx:hr>172</gpxtpx:hr>
</gpxtpx:TrackPointExtension>
</extensions>
</trkpt>
<trkpt lat="33.5825244" lon="130.3811203">
<ele>3.908</ele>
<time>2026-05-30T21:41:47Z</time>
<extensions>
<gpxtpx:TrackPointExtension>
<gpxtpx:hr>172</gpxtpx:hr>
</gpxtpx:TrackPointExtension>
</extensions>
</trkpt>
<trkpt lat="33.5825253" lon="130.3811097">
<ele>3.93</ele>
<time>2026-05-30T21:41:48Z</time>
<extensions>
<gpxtpx:TrackPointExtension>
<gpxtpx:hr>172</gpxtpx:hr>
</gpxtpx:TrackPointExtension>
</extensions>
</trkpt>
<trkpt lat="33.5825261" lon="130.3811009">
<ele>3.912</ele>
<time>2026-05-30T21:41:49Z</time>
<extensions>
<gpxtpx:TrackPointExtension>
<gpxtpx:hr>171</gpxtpx:hr>
<gpxtpx:cad>137</gpxtpx:cad>
</gpxtpx:TrackPointExtension>
</extensions>
</trkpt>
<trkpt lat="33.5825268" lon="130.3810885">
<ele>3.943</ele>
<time>2026-05-30T21:41:50Z</time>
<extensions>
<gpxtpx:TrackPointExtension>
<gpxtpx:hr>171</gpxtpx:hr>
</gpxtpx:TrackPointExtension>
</extensions>
</trkpt>
<trkpt lat="33.5825277" lon="130.3810788">
<ele>4.019</ele>
<time>2026-05-30T21:41:51Z</time>
<extensions>
<gpxtpx:TrackPointExtension>
<gpxtpx:hr>171</gpxtpx:hr>
</gpxtpx:TrackPointExtension>
</extensions>
</trkpt>
<trkpt lat="33.5825286" lon="130.3810716">
<ele>4.006</ele>
<time>2026-05-30T21:41:52Z</time>
<extensions>
<gpxtpx:TrackPointExtension>
<gpxtpx:hr>172</gpxtpx:hr>
</gpxtpx:TrackPointExtension>
</extensions>
</trkpt>
<trkpt lat="33.5825292" lon="130.3810663">
<ele>4.012</ele>
<time>2026-05-30T21:41:53Z</time>
<extensions>
<gpxtpx:TrackPointExtension>
<gpxtpx:hr>172</gpxtpx:hr>
</gpxtpx:TrackPointExtension>
</extensions>
</trkpt>
<trkpt lat="33.5825297" lon="130.3810625">
<ele>3.912</ele>
<time>2026-05-30T21:41:54Z</time>
<extensions>
<gpxtpx:TrackPointExtension>
<gpxtpx:hr>171</gpxtpx:hr>
<gpxtpx:cad>55</gpxtpx:cad>
</gpxtpx:TrackPointExtension>
</extensions>
</trkpt>
<trkpt lat="33.5825297" lon="130.3810605">
<ele>3.685</ele>
<time>2026-05-30T21:41:55Z</time>
<extensions>
<gpxtpx:TrackPointExtension>
<gpxtpx:hr>171</gpxtpx:hr>
</gpxtpx:TrackPointExtension>
</extensions>
</trkpt>
<trkpt lat="33.5825298" lon="130.3810581">
<ele>3.53</ele>
<time>2026-05-30T21:41:56Z</time>
<extensions>
<gpxtpx:TrackPointExtension>
<gpxtpx:hr>171</gpxtpx:hr>
</gpxtpx:TrackPointExtension>
</extensions>
</trkpt>
<trkpt lat="33.5825295" lon="130.3810567">
<ele>3.487</ele>
<time>2026-05-30T21:41:57Z</time>
<extensions>
<gpxtpx:TrackPointExtension>
<gpxtpx:hr>171</gpxtpx:hr>
</gpxtpx:TrackPointExtension>
</extensions>
</trkpt>
<trkpt lat="33.5825293" lon="130.3810552">
<ele>3.453</ele>
<time>2026-05-30T21:41:58Z</time>
<extensions>
<gpxtpx:TrackPointExtension>
<gpxtpx:hr>171</gpxtpx:hr>
</gpxtpx:TrackPointExtension>
</extensions>
</trkpt>
<trkpt lat="33.582529" lon="130.3810539">
<ele>3.511</ele>
<time>2026-05-30T21:41:59Z</time>
<extensions>
<gpxtpx:TrackPointExtension>
<gpxtpx:hr>170</gpxtpx:hr>
<gpxtpx:cad>18</gpxtpx:cad>
</gpxtpx:TrackPointExtension>
</extensions>
</trkpt>
<trkpt lat="33.5825287" lon="130.3810526">
<ele>3.481</ele>
<time>2026-05-30T21:42:00Z</time>
<extensions>
<gpxtpx:TrackPointExtension>
<gpxtpx:hr>170</gpxtpx:hr>
</gpxtpx:TrackPointExtension>
</extensions>
</trkpt>
<trkpt lat="33.5825287" lon="130.3810514">
<ele>3.434</ele>
<time>2026-05-30T21:42:01Z</time>
<extensions>
<gpxtpx:TrackPointExtension>
<gpxtpx:hr>170</gpxtpx:hr>
</gpxtpx:TrackPointExtension>
</extensions>
</trkpt>
<trkpt lat="33.5825285" lon="130.3810502">
<ele>3.479</ele>
<time>2026-05-30T21:42:02Z</time>
<extensions>
<gpxtpx:TrackPointExtension>
<gpxtpx:hr>170</gpxtpx:hr>
</gpxtpx:TrackPointExtension>
</extensions>
</trkpt>
<trkpt lat="33.582529" lon="130.381049">
<ele>3.478</ele>
<time>2026-05-30T21:42:03Z</time>
<extensions>
<gpxtpx:TrackPointExtension>
<gpxtpx:hr>169</gpxtpx:hr>
</gpxtpx:TrackPointExtension>
</extensions>
</trkpt>
<trkpt lat="33.5825301" lon="130.3810481">
<ele>3.499</ele>
<time>2026-05-30T21:42:04Z</time>
<extensions>
<gpxtpx:TrackPointExtension>
<gpxtpx:hr>170</gpxtpx:hr>
<gpxtpx:cad>30</gpxtpx:cad>
</gpxtpx:TrackPointExtension>
</extensions>
</trkpt>
<trkpt lat="33.582532" lon="130.3810478">
<ele>3.441</ele>
<time>2026-05-30T21:42:05Z</time>
<extensions>
<gpxtpx:TrackPointExtension>
<gpxtpx:hr>169</gpxtpx:hr>
</gpxtpx:TrackPointExtension>
</extensions>
</trkpt>
<trkpt lat="33.5825334" lon="130.3810478">
<ele>3.371</ele>
<time>2026-05-30T21:42:06Z</time>
<extensions>
<gpxtpx:TrackPointExtension>
<gpxtpx:hr>168</gpxtpx:hr>
</gpxtpx:TrackPointExtension>
</extensions>
</trkpt>
<trkpt lat="33.5825338" lon="130.3810492">
<ele>3.335</ele>
<time>2026-05-30T21:42:07Z</time>
<extensions>
<gpxtpx:TrackPointExtension>
<gpxtpx:hr>167</gpxtpx:hr>
</gpxtpx:TrackPointExtension>
</extensions>
</trkpt>
<trkpt lat="33.582533" lon="130.3810499">
<ele>3.294</ele>
<time>2026-05-30T21:42:08Z</time>
<extensions>
<gpxtpx:TrackPointExtension>
<gpxtpx:hr>165</gpxtpx:hr>
</gpxtpx:TrackPointExtension>
</extensions>
</trkpt>
<trkpt lat="33.5825324" lon="130.3810495">
<ele>3.291</ele>
<time>2026-05-30T21:42:09Z</time>
<extensions>
<gpxtpx:TrackPointExtension>
<gpxtpx:hr>163</gpxtpx:hr>
<gpxtpx:cad>69</gpxtpx:cad>
</gpxtpx:TrackPointExtension>
</extensions>
</trkpt>
<trkpt lat="33.5825325" lon="130.3810475">
<ele>3.147</ele>
<time>2026-05-30T21:42:10Z</time>
<extensions>
<gpxtpx:TrackPointExtension>
<gpxtpx:hr>162</gpxtpx:hr>
</gpxtpx:TrackPointExtension>
</extensions>
</trkpt>
<trkpt lat="33.5825321" lon="130.3810467">
<ele>2.787</ele>
<time>2026-05-30T21:42:11Z</time>
<extensions>
<gpxtpx:TrackPointExtension>
<gpxtpx:hr>161</gpxtpx:hr>
</gpxtpx:TrackPointExtension>
</extensions>
</trkpt>
<trkpt lat="33.5825325" lon="130.3810452">
<ele>2.612</ele>
<time>2026-05-30T21:42:12Z</time>
<extensions>
<gpxtpx:TrackPointExtension>
<gpxtpx:hr>160</gpxtpx:hr>
</gpxtpx:TrackPointExtension>
</extensions>
</trkpt>
<trkpt lat="33.5825321" lon="130.3810444">
<ele>2.525</ele>
<time>2026-05-30T21:42:13Z</time>
<extensions>
<gpxtpx:TrackPointExtension>
<gpxtpx:hr>160</gpxtpx:hr>
</gpxtpx:TrackPointExtension>
</extensions>
</trkpt>
<trkpt lat="33.5825323" lon="130.3810434">
<ele>2.59</ele>
<time>2026-05-30T21:42:14Z</time>
<extensions>
<gpxtpx:TrackPointExtension>
<gpxtpx:hr>160</gpxtpx:hr>
<gpxtpx:cad>118</gpxtpx:cad>
</gpxtpx:TrackPointExtension>
</extensions>
</trkpt>
<trkpt lat="33.5825318" lon="130.3810425">
<ele>2.58</ele>
<time>2026-05-30T21:42:15Z</time>
<extensions>
<gpxtpx:TrackPointExtension>
<gpxtpx:hr>160</gpxtpx:hr>
</gpxtpx:TrackPointExtension>
</extensions>
</trkpt>
<trkpt lat="33.5825318" lon="130.3810417">
<ele>2.573</ele>
<time>2026-05-30T21:42:16Z</time>
<extensions>
<gpxtpx:TrackPointExtension>
<gpxtpx:hr>160</gpxtpx:hr>
</gpxtpx:TrackPointExtension>
</extensions>
</trkpt>
<trkpt lat="33.5825314" lon="130.3810405">
<ele>2.581</ele>
<time>2026-05-30T21:42:17Z</time>
<extensions>
<gpxtpx:TrackPointExtension>
<gpxtpx:hr>161</gpxtpx:hr>
</gpxtpx:TrackPointExtension>
</extensions>
</trkpt>
<trkpt lat="33.5825313" lon="130.3810398">
<ele>2.525</ele>
<time>2026-05-30T21:42:18Z</time>
<extensions>
<gpxtpx:TrackPointExtension>
<gpxtpx:hr>161</gpxtpx:hr>
</gpxtpx:TrackPointExtension>
</extensions>
</trkpt>
<trkpt lat="33.5825307" lon="130.3810379">
<ele>2.429</ele>
<time>2026-05-30T21:42:19Z</time>
<extensions>
<gpxtpx:TrackPointExtension>
<gpxtpx:hr>161</gpxtpx:hr>
<gpxtpx:cad>109</gpxtpx:cad>
</gpxtpx:TrackPointExtension>
</extensions>
</trkpt>
<trkpt lat="33.5825306" lon="130.3810372">
<ele>2.444</ele>
<time>2026-05-30T21:42:20Z</time>
<extensions>
<gpxtpx:TrackPointExtension>
<gpxtpx:hr>161</gpxtpx:hr>
</gpxtpx:TrackPointExtension>
</extensions>
</trkpt>
<trkpt lat="33.5825298" lon="130.3810341">
<ele>2.479</ele>
<time>2026-05-30T21:42:21Z</time>
<extensions>
<gpxtpx:TrackPointExtension>
<gpxtpx:hr>161</gpxtpx:hr>
</gpxtpx:TrackPointExtension>
</extensions>
</trkpt>
<trkpt lat="33.5825296" lon="130.3810332">
<ele>2.439</ele>
<time>2026-05-30T21:42:22Z</time>
<extensions>
<gpxtpx:TrackPointExtension>
<gpxtpx:hr>161</gpxtpx:hr>
</gpxtpx:TrackPointExtension>
</extensions>
</trkpt>
<trkpt lat="33.5825284" lon="130.3810286">
<ele>2.405</ele>
<time>2026-05-30T21:42:23Z</time>
<extensions>
<gpxtpx:TrackPointExtension>
<gpxtpx:hr>161</gpxtpx:hr>
</gpxtpx:TrackPointExtension>
</extensions>
</trkpt>
<trkpt lat="33.5825282" lon="130.3810275">
<ele>2.387</ele>
<time>2026-05-30T21:42:24Z</time>
<extensions>
<gpxtpx:TrackPointExtension>
<gpxtpx:hr>160</gpxtpx:hr>
<gpxtpx:cad>78</gpxtpx:cad>
</gpxtpx:TrackPointExtension>
</extensions>
</trkpt>
<trkpt lat="33.5825268" lon="130.3810212">
<ele>2.395</ele>
<time>2026-05-30T21:42:25Z</time>
<extensions>
<gpxtpx:TrackPointExtension>
<gpxtpx:hr>158</gpxtpx:hr>
</gpxtpx:TrackPointExtension>
</extensions>
</trkpt>
<trkpt lat="33.5825264" lon="130.3810198">
<ele>2.378</ele>
<time>2026-05-30T21:42:26Z</time>
<extensions>
<gpxtpx:TrackPointExtension>
<gpxtpx:hr>157</gpxtpx:hr>
</gpxtpx:TrackPointExtension>
</extensions>
</trkpt>
<trkpt lat="33.5825248" lon="130.3810116">
<ele>2.32</ele>
<time>2026-05-30T21:42:27Z</time>
</trkpt>
<trkpt lat="33.5825243" lon="130.3810098">
<ele>2.293</ele>
<time>2026-05-30T21:42:28Z</time>
<extensions>
<gpxtpx:TrackPointExtension>
<gpxtpx:hr>156</gpxtpx:hr>
</gpxtpx:TrackPointExtension>
</extensions>
</trkpt>
<trkpt lat="33.5825224" lon="130.3809998">
<ele>2.273</ele>
<time>2026-05-30T21:42:29Z</time>
<extensions>
<gpxtpx:TrackPointExtension>
<gpxtpx:hr>155</gpxtpx:hr>
<gpxtpx:cad>102</gpxtpx:cad>
</gpxtpx:TrackPointExtension>
</extensions>
</trkpt>
<trkpt lat="33.5825218" lon="130.3809975">
<ele>2.258</ele>
<time>2026-05-30T21:42:30Z</time>
<extensions>
<gpxtpx:TrackPointExtension>
<gpxtpx:hr>153</gpxtpx:hr>
</gpxtpx:TrackPointExtension>
</extensions>
</trkpt>
<trkpt lat="33.5825194" lon="130.3809855">
<ele>2.299</ele>
<time>2026-05-30T21:42:31Z</time>
<extensions>
<gpxtpx:TrackPointExtension>
<gpxtpx:hr>152</gpxtpx:hr>
</gpxtpx:TrackPointExtension>
</extensions>
</trkpt>
<trkpt lat="33.5825187" lon="130.3809824">
<ele>2.461</ele>
<time>2026-05-30T21:42:32Z</time>
<extensions>
<gpxtpx:TrackPointExtension>
<gpxtpx:hr>149</gpxtpx:hr>
</gpxtpx:TrackPointExtension>
</extensions>
</trkpt>
<trkpt lat="33.582516" lon="130.3809683">
<ele>3.041</ele>
<time>2026-05-30T21:42:33Z</time>
<extensions>
<gpxtpx:TrackPointExtension>
<gpxtpx:hr>148</gpxtpx:hr>
</gpxtpx:TrackPointExtension>
</extensions>
</trkpt>
<trkpt lat="33.582515" lon="130.3809643">
<ele>3.324</ele>
<time>2026-05-30T21:42:34Z</time>
<extensions>
<gpxtpx:TrackPointExtension>
<gpxtpx:hr>146</gpxtpx:hr>
<gpxtpx:cad>141</gpxtpx:cad>
</gpxtpx:TrackPointExtension>
</extensions>
</trkpt>
<trkpt lat="33.5825126" lon="130.3809537">
<ele>3.522</ele>
<time>2026-05-30T21:42:35Z</time>
<extensions>
<gpxtpx:TrackPointExtension>
<gpxtpx:hr>144</gpxtpx:hr>
</gpxtpx:TrackPointExtension>
</extensions>
</trkpt>
<trkpt lat="33.5825119" lon="130.3809545">
<ele>3.53</ele>
<time>2026-05-30T21:42:36Z</time>
<extensions>
<gpxtpx:TrackPointExtension>
<gpxtpx:hr>143</gpxtpx:hr>
</gpxtpx:TrackPointExtension>
</extensions>
</trkpt>
<trkpt lat="33.5825096" lon="130.3809439">
<ele>3.515</ele>
<time>2026-05-30T21:42:37Z</time>
<extensions>
<gpxtpx:TrackPointExtension>
<gpxtpx:hr>141</gpxtpx:hr>
</gpxtpx:TrackPointExtension>
</extensions>
</trkpt>
<trkpt lat="33.582508" lon="130.3809375">
<ele>3.407</ele>
<time>2026-05-30T21:42:38Z</time>
<extensions>
<gpxtpx:TrackPointExtension>
<gpxtpx:hr>140</gpxtpx:hr>
</gpxtpx:TrackPointExtension>
</extensions>
</trkpt>
<trkpt lat="33.5825046" lon="130.3809188">
<ele>3.415</ele>
<time>2026-05-30T21:42:39Z</time>
<extensions>
<gpxtpx:TrackPointExtension>
<gpxtpx:hr>139</gpxtpx:hr>
<gpxtpx:cad>128</gpxtpx:cad>
</gpxtpx:TrackPointExtension>
</extensions>
</trkpt>
<trkpt lat="33.5825017" lon="130.3809037">
<ele>3.368</ele>
<time>2026-05-30T21:42:40Z</time>
<extensions>
<gpxtpx:TrackPointExtension>
<gpxtpx:hr>139</gpxtpx:hr>
</gpxtpx:TrackPointExtension>
</extensions>
</trkpt>
<trkpt lat="33.5824968" lon="130.380875">
<ele>3.286</ele>
<time>2026-05-30T21:42:41Z</time>
<extensions>
<gpxtpx:TrackPointExtension>
<gpxtpx:hr>139</gpxtpx:hr>
</gpxtpx:TrackPointExtension>
</extensions>
</trkpt>
<trkpt lat="33.5824936" lon="130.3808585">
<ele>3.406</ele>
<time>2026-05-30T21:42:42Z</time>
<extensions>
<gpxtpx:TrackPointExtension>
<gpxtpx:hr>139</gpxtpx:hr>
</gpxtpx:TrackPointExtension>
</extensions>
</trkpt>
<trkpt lat="33.5824914" lon="130.3808482">
<ele>3.501</ele>
<time>2026-05-30T21:42:43Z</time>
<extensions>
<gpxtpx:TrackPointExtension>
<gpxtpx:hr>139</gpxtpx:hr>
</gpxtpx:TrackPointExtension>
</extensions>
</trkpt>
<trkpt lat="33.5824891" lon="130.3808368">
<ele>3.463</ele>
<time>2026-05-30T21:42:44Z</time>
<extensions>
<gpxtpx:TrackPointExtension>
<gpxtpx:hr>140</gpxtpx:hr>
<gpxtpx:cad>130</gpxtpx:cad>
</gpxtpx:TrackPointExtension>
</extensions>
</trkpt>
<trkpt lat="33.5824899" lon="130.3808419">
<ele>3.471</ele>
<time>2026-05-30T21:42:45Z</time>
<extensions>
<gpxtpx:TrackPointExtension>
<gpxtpx:hr>141</gpxtpx:hr>
<gpxtpx:cad>135</gpxtpx:cad>
</gpxtpx:TrackPointExtension>
</extensions>
</trkpt>
<trkpt lat="33.5824904" lon="130.3808433">
<ele>3.493</ele>
<time>2026-05-30T21:42:46Z</time>
</trkpt>
<trkpt lat="33.58249" lon="130.3808383">
<ele>3.471</ele>
<time>2026-05-30T21:42:47Z</time>
<extensions>
<gpxtpx:TrackPointExtension>
<gpxtpx:hr>142</gpxtpx:hr>
</gpxtpx:TrackPointExtension>
</extensions>
</trkpt>
<trkpt lat="33.5824882" lon="130.3808254">
<ele>3.597</ele>
<time>2026-05-30T21:42:48Z</time>
<extensions>
<gpxtpx:TrackPointExtension>
<gpxtpx:hr>143</gpxtpx:hr>
</gpxtpx:TrackPointExtension>
</extensions>
</trkpt>
<trkpt lat="33.5824848" lon="130.3808047">
<ele>3.759</ele>
<time>2026-05-30T21:42:49Z</time>
<extensions>
<gpxtpx:TrackPointExtension>
<gpxtpx:hr>144</gpxtpx:hr>
<gpxtpx:cad>159</gpxtpx:cad>
</gpxtpx:TrackPointExtension>
</extensions>
</trkpt>
<trkpt lat="33.5824796" lon="130.3807753">
<ele>3.808</ele>
<time>2026-05-30T21:42:50Z</time>
<extensions>
<gpxtpx:TrackPointExtension>
<gpxtpx:hr>145</gpxtpx:hr>
</gpxtpx:TrackPointExtension>
</extensions>
</trkpt>
<trkpt lat="33.582474" lon="130.3807439">
<ele>3.825</ele>
<time>2026-05-30T21:42:51Z</time>
<extensions>
<gpxtpx:TrackPointExtension>
<gpxtpx:hr>145</gpxtpx:hr>
</gpxtpx:TrackPointExtension>
</extensions>
</trkpt>
<trkpt lat="33.5824681" lon="130.380711">
<ele>3.787</ele>
<time>2026-05-30T21:42:52Z</time>
<extensions>
<gpxtpx:TrackPointExtension>
<gpxtpx:hr>145</gpxtpx:hr>
</gpxtpx:TrackPointExtension>
</extensions>
</trkpt>
<trkpt lat="33.582462" lon="130.3806771">
<ele>3.547</ele>
<time>2026-05-30T21:42:53Z</time>
<extensions>
<gpxtpx:TrackPointExtension>
<gpxtpx:hr>145</gpxtpx:hr>
</gpxtpx:TrackPointExtension>
</extensions>
</trkpt>
<trkpt lat="33.5824558" lon="130.3806426">
<ele>3.41</ele>
<time>2026-05-30T21:42:54Z</time>
<extensions>
<gpxtpx:TrackPointExtension>
<gpxtpx:hr>144</gpxtpx:hr>
<gpxtpx:cad>179</gpxtpx:cad>
</gpxtpx:TrackPointExtension>
</extensions>
</trkpt>
<trkpt lat="33.5824493" lon="130.3806078">
<ele>3.44</ele>
<time>2026-05-30T21:42:55Z</time>
<extensions>
<gpxtpx:TrackPointExtension>
<gpxtpx:hr>144</gpxtpx:hr>
</gpxtpx:TrackPointExtension>
</extensions>
</trkpt>
<trkpt lat="33.5824425" lon="130.380573">
<ele>3.29</ele>
<time>2026-05-30T21:42:56Z</time>
<extensions>
<gpxtpx:TrackPointExtension>
<gpxtpx:hr>145</gpxtpx:hr>
</gpxtpx:TrackPointExtension>
</extensions>
</trkpt>
<trkpt lat="33.5824354" lon="130.380538">
<ele>3.044</ele>
<time>2026-05-30T21:42:57Z</time>
<extensions>
<gpxtpx:TrackPointExtension>
<gpxtpx:hr>146</gpxtpx:hr>
</gpxtpx:TrackPointExtension>
</extensions>
</trkpt>
<trkpt lat="33.5824281" lon="130.3805028">
<ele>3.041</ele>
<time>2026-05-30T21:42:58Z</time>
<extensions>
<gpxtpx:TrackPointExtension>
<gpxtpx:hr>145</gpxtpx:hr>
</gpxtpx:TrackPointExtension>
</extensions>
</trkpt>
<trkpt lat="33.5824211" lon="130.3804677">
<ele>3.003</ele>
<time>2026-05-30T21:42:59Z</time>
<extensions>
<gpxtpx:TrackPointExtension>
<gpxtpx:hr>148</gpxtpx:hr>
<gpxtpx:cad>180</gpxtpx:cad>
</gpxtpx:TrackPointExtension>
</extensions>
</trkpt>
<trkpt lat="33.5824152" lon="130.3804332">
<ele>3.067</ele>
<time>2026-05-30T21:43:00Z</time>
<extensions>
<gpxtpx:TrackPointExtension>
<gpxtpx:hr>149</gpxtpx:hr>
</gpxtpx:TrackPointExtension>
</extensions>
</trkpt>
<trkpt lat="33.5824094" lon="130.3803988">
<ele>3.144</ele>
<time>2026-05-30T21:43:01Z</time>
<extensions>
<gpxtpx:TrackPointExtension>
<gpxtpx:hr>149</gpxtpx:hr>
</gpxtpx:TrackPointExtension>
</extensions>
</trkpt>
<trkpt lat="33.5824046" lon="130.3803652">
<ele>3.103</ele>
<time>2026-05-30T21:43:02Z</time>
<extensions>
<gpxtpx:TrackPointExtension>
<gpxtpx:hr>151</gpxtpx:hr>
</gpxtpx:TrackPointExtension>
</extensions>
</trkpt>
<trkpt lat="33.5823994" lon="130.3803313">
<ele>3.144</ele>
<time>2026-05-30T21:43:03Z</time>
<extensions>
<gpxtpx:TrackPointExtension>
<gpxtpx:hr>154</gpxtpx:hr>
</gpxtpx:TrackPointExtension>
</extensions>
</trkpt>
<trkpt lat="33.5823953" lon="130.3802985">
<ele>3.15</ele>
<time>2026-05-30T21:43:04Z</time>
<extensions>
<gpxtpx:TrackPointExtension>
<gpxtpx:hr>155</gpxtpx:hr>
<gpxtpx:cad>181</gpxtpx:cad>
</gpxtpx:TrackPointExtension>
</extensions>
</trkpt>
<trkpt lat="33.582391" lon="130.3802654">
<ele>3.116</ele>
<time>2026-05-30T21:43:05Z</time>
<extensions>
<gpxtpx:TrackPointExtension>
<gpxtpx:hr>156</gpxtpx:hr>
</gpxtpx:TrackPointExtension>
</extensions>
</trkpt>
<trkpt lat="33.5823874" lon="130.3802332">
<ele>3.097</ele>
<time>2026-05-30T21:43:06Z</time>
<extensions>
<gpxtpx:TrackPointExtension>
<gpxtpx:hr>157</gpxtpx:hr>
</gpxtpx:TrackPointExtension>
</extensions>
</trkpt>
<trkpt lat="33.582384" lon="130.3802009">
<ele>3.107</ele>
<time>2026-05-30T21:43:07Z</time>
<extensions>
<gpxtpx:TrackPointExtension>
<gpxtpx:hr>157</gpxtpx:hr>
</gpxtpx:TrackPointExtension>
</extensions>
</trkpt>
<trkpt lat="33.5823806" lon="130.3801684">
<ele>3.128</ele>
<time>2026-05-30T21:43:08Z</time>
<extensions>
<gpxtpx:TrackPointExtension>
<gpxtpx:hr>158</gpxtpx:hr>
</gpxtpx:TrackPointExtension>
</extensions>
</trkpt>
<trkpt lat="33.5823775" lon="130.3801357">
<ele>3.122</ele>
<time>2026-05-30T21:43:09Z</time>
<extensions>
<gpxtpx:TrackPointExtension>
<gpxtpx:hr>158</gpxtpx:hr>
<gpxtpx:cad>181</gpxtpx:cad>
</gpxtpx:TrackPointExtension>
</extensions>
</trkpt>
<trkpt lat="33.5823741" lon="130.3801037">
<ele>3.145</ele>
<time>2026-05-30T21:43:10Z</time>
<extensions>
<gpxtpx:TrackPointExtension>
<gpxtpx:hr>158</gpxtpx:hr>
</gpxtpx:TrackPointExtension>
</extensions>
</trkpt>
<trkpt lat="33.5823713" lon="130.3800708">
<ele>3.162</ele>
<time>2026-05-30T21:43:11Z</time>
<extensions>
<gpxtpx:TrackPointExtension>
<gpxtpx:hr>159</gpxtpx:hr>
</gpxtpx:TrackPointExtension>
</extensions>
</trkpt>
<trkpt lat="33.5823692" lon="130.3800366">
<ele>3.225</ele>
<time>2026-05-30T21:43:12Z</time>
<extensions>
<gpxtpx:TrackPointExtension>
<gpxtpx:hr>159</gpxtpx:hr>
</gpxtpx:TrackPointExtension>
</extensions>
</trkpt>
<trkpt lat="33.5823674" lon="130.3800017">
<ele>3.246</ele>
<time>2026-05-30T21:43:13Z</time>
<extensions>
<gpxtpx:TrackPointExtension>
<gpxtpx:hr>159</gpxtpx:hr>
</gpxtpx:TrackPointExtension>
</extensions>
</trkpt>
<trkpt lat="33.5823657" lon="130.3799666">
<ele>3.01</ele>
<time>2026-05-30T21:43:14Z</time>
<extensions>
<gpxtpx:TrackPointExtension>
<gpxtpx:hr>159</gpxtpx:hr>
<gpxtpx:cad>181</gpxtpx:cad>
</gpxtpx:TrackPointExtension>
</extensions>
</trkpt>
<trkpt lat="33.5823645" lon="130.3799307">
<ele>2.889</ele>
<time>2026-05-30T21:43:15Z</time>
<extensions>
<gpxtpx:TrackPointExtension>
<gpxtpx:hr>159</gpxtpx:hr>
</gpxtpx:TrackPointExtension>
</extensions>
</trkpt>
<trkpt lat="33.5823633" lon="130.3798948">
<ele>2.8</ele>
<time>2026-05-30T21:43:16Z</time>
<extensions>
<gpxtpx:TrackPointExtension>
<gpxtpx:hr>159</gpxtpx:hr>
<gpxtpx:cad>181</gpxtpx:cad>
</gpxtpx:TrackPointExtension>
</extensions>
</trkpt>
<trkpt lat="33.5823623" lon="130.3798593">
<ele>2.719</ele>
<time>2026-05-30T21:43:17Z</time>
<extensions>
<gpxtpx:TrackPointExtension>
<gpxtpx:hr>158</gpxtpx:hr>
</gpxtpx:TrackPointExtension>
</extensions>
</trkpt>
<trkpt lat="33.5823613" lon="130.3798238">
<ele>2.574</ele>
<time>2026-05-30T21:43:18Z</time>
<extensions>
<gpxtpx:TrackPointExtension>
<gpxtpx:hr>158</gpxtpx:hr>
</gpxtpx:TrackPointExtension>
</extensions>
</trkpt>
<trkpt lat="33.5823607" lon="130.3797886">
<ele>2.573</ele>
<time>2026-05-30T21:43:19Z</time>
<extensions>
<gpxtpx:TrackPointExtension>
<gpxtpx:hr>157</gpxtpx:hr>
<gpxtpx:cad>181</gpxtpx:cad>
</gpxtpx:TrackPointExtension>
</extensions>
</trkpt>
<trkpt lat="33.5823602" lon="130.3797534">
<ele>2.604</ele>
<time>2026-05-30T21:43:20Z</time>
<extensions>
<gpxtpx:TrackPointExtension>
<gpxtpx:hr>157</gpxtpx:hr>
</gpxtpx:TrackPointExtension>
</extensions>
</trkpt>
<trkpt lat="33.5823613" lon="130.3797186">
<ele>2.569</ele>
<time>2026-05-30T21:43:21Z</time>
<extensions>
<gpxtpx:TrackPointExtension>
<gpxtpx:hr>157</gpxtpx:hr>
</gpxtpx:TrackPointExtension>
</extensions>
</trkpt>
<trkpt lat="33.5823629" lon="130.3796839">
<ele>2.56</ele>
<time>2026-05-30T21:43:22Z</time>
<extensions>
<gpxtpx:TrackPointExtension>
<gpxtpx:hr>157</gpxtpx:hr>
</gpxtpx:TrackPointExtension>
</extensions>
</trkpt>
<trkpt lat="33.5823696" lon="130.3796529">
<ele>2.618</ele>
<time>2026-05-30T21:43:23Z</time>
<extensions>
<gpxtpx:TrackPointExtension>
<gpxtpx:hr>158</gpxtpx:hr>
</gpxtpx:TrackPointExtension>
</extensions>
</trkpt>
<trkpt lat="33.582381" lon="130.3796264">
<ele>2.611</ele>
<time>2026-05-30T21:43:24Z</time>
<extensions>
<gpxtpx:TrackPointExtension>
<gpxtpx:hr>159</gpxtpx:hr>
<gpxtpx:cad>178</gpxtpx:cad>
</gpxtpx:TrackPointExtension>
</extensions>
</trkpt>
<trkpt lat="33.5823935" lon="130.3796008">
<ele>2.593</ele>
<time>2026-05-30T21:43:25Z</time>
<extensions>
<gpxtpx:TrackPointExtension>
<gpxtpx:hr>159</gpxtpx:hr>
</gpxtpx:TrackPointExtension>
</extensions>
</trkpt>
<trkpt lat="33.5824108" lon="130.3795802">
<ele>2.625</ele>
<time>2026-05-30T21:43:26Z</time>
<extensions>
<gpxtpx:TrackPointExtension>
<gpxtpx:hr>160</gpxtpx:hr>
</gpxtpx:TrackPointExtension>
</extensions>
</trkpt>
<trkpt lat="33.5824332" lon="130.3795649">
<ele>2.538</ele>
<time>2026-05-30T21:43:27Z</time>
<extensions>
<gpxtpx:TrackPointExtension>
<gpxtpx:hr>160</gpxtpx:hr>
</gpxtpx:TrackPointExtension>
</extensions>
</trkpt>
<trkpt lat="33.5824599" lon="130.379554">
<ele>2.434</ele>
<time>2026-05-30T21:43:28Z</time>
<extensions>
<gpxtpx:TrackPointExtension>
<gpxtpx:hr>161</gpxtpx:hr>
</gpxtpx:TrackPointExtension>
</extensions>
</trkpt>
<trkpt lat="33.58249" lon="130.3795453">
<ele>2.459</ele>
<time>2026-05-30T21:43:29Z</time>
<extensions>
<gpxtpx:TrackPointExtension>
<gpxtpx:hr>161</gpxtpx:hr>
<gpxtpx:cad>175</gpxtpx:cad>
</gpxtpx:TrackPointExtension>
</extensions>
</trkpt>
<trkpt lat="33.582522" lon="130.3795361">
<ele>2.403</ele>
<time>2026-05-30T21:43:30Z</time>
<extensions>
<gpxtpx:TrackPointExtension>
<gpxtpx:hr>161</gpxtpx:hr>
</gpxtpx:TrackPointExtension>
</extensions>
</trkpt>
<trkpt lat="33.5825546" lon="130.3795263">
<ele>2.349</ele>
<time>2026-05-30T21:43:31Z</time>
<extensions>
<gpxtpx:TrackPointExtension>
<gpxtpx:hr>162</gpxtpx:hr>
</gpxtpx:TrackPointExtension>
</extensions>
</trkpt>
<trkpt lat="33.5825888" lon="130.379516">
<ele>2.323</ele>
<time>2026-05-30T21:43:32Z</time>
<extensions>
<gpxtpx:TrackPointExtension>
<gpxtpx:hr>162</gpxtpx:hr>
</gpxtpx:TrackPointExtension>
</extensions>
</trkpt>
<trkpt lat="33.5826231" lon="130.3795061">
<ele>2.264</ele>
<time>2026-05-30T21:43:33Z</time>
<extensions>
<gpxtpx:TrackPointExtension>
<gpxtpx:hr>163</gpxtpx:hr>
</gpxtpx:TrackPointExtension>
</extensions>
</trkpt>
<trkpt lat="33.5826576" lon="130.3794961">
<ele>2.237</ele>
<time>2026-05-30T21:43:34Z</time>
<extensions>
<gpxtpx:TrackPointExtension>
<gpxtpx:hr>163</gpxtpx:hr>
<gpxtpx:cad>174</gpxtpx:cad>
</gpxtpx:TrackPointExtension>
</extensions>
</trkpt>
<trkpt lat="33.5826919" lon="130.3794861">
<ele>2.181</ele>
<time>2026-05-30T21:43:35Z</time>
<extensions>
<gpxtpx:TrackPointExtension>
<gpxtpx:hr>163</gpxtpx:hr>
</gpxtpx:TrackPointExtension>
</extensions>
</trkpt>
<trkpt lat="33.5827254" lon="130.3794742">
<ele>2.127</ele>
<time>2026-05-30T21:43:36Z</time>
<extensions>
<gpxtpx:TrackPointExtension>
<gpxtpx:hr>164</gpxtpx:hr>
</gpxtpx:TrackPointExtension>
</extensions>
</trkpt>
<trkpt lat="33.582759" lon="130.3794629">
<ele>2.081</ele>
<time>2026-05-30T21:43:37Z</time>
<extensions>
<gpxtpx:TrackPointExtension>
<gpxtpx:hr>164</gpxtpx:hr>
</gpxtpx:TrackPointExtension>
</extensions>
</trkpt>
<trkpt lat="33.5827924" lon="130.3794511">
<ele>1.996</ele>
<time>2026-05-30T21:43:38Z</time>
<extensions>
<gpxtpx:TrackPointExtension>
<gpxtpx:hr>164</gpxtpx:hr>
</gpxtpx:TrackPointExtension>
</extensions>
</trkpt>
<trkpt lat="33.5828269" lon="130.3794408">
<ele>1.946</ele>
<time>2026-05-30T21:43:39Z</time>
<extensions>
<gpxtpx:TrackPointExtension>
<gpxtpx:hr>164</gpxtpx:hr>
<gpxtpx:cad>177</gpxtpx:cad>
</gpxtpx:TrackPointExtension>
</extensions>
</trkpt>
<trkpt lat="33.5828595" lon="130.3794279">
<ele>1.982</ele>
<time>2026-05-30T21:43:40Z</time>
<extensions>
<gpxtpx:TrackPointExtension>
<gpxtpx:hr>164</gpxtpx:hr>
</gpxtpx:TrackPointExtension>
</extensions>
</trkpt>
<trkpt lat="33.5828923" lon="130.3794152">
<ele>1.902</ele>
<time>2026-05-30T21:43:41Z</time>
<extensions>
<gpxtpx:TrackPointExtension>
<gpxtpx:hr>164</gpxtpx:hr>
</gpxtpx:TrackPointExtension>
</extensions>
</trkpt>
<trkpt lat="33.5829238" lon="130.3794008">
<ele>1.786</ele>
<time>2026-05-30T21:43:42Z</time>
<extensions>
<gpxtpx:TrackPointExtension>
<gpxtpx:hr>164</gpxtpx:hr>
</gpxtpx:TrackPointExtension>
</extensions>
</trkpt>
<trkpt lat="33.5829551" lon="130.3793863">
<ele>1.728</ele>
<time>2026-05-30T21:43:43Z</time>
<extensions>
<gpxtpx:TrackPointExtension>
<gpxtpx:hr>163</gpxtpx:hr>
</gpxtpx:TrackPointExtension>
</extensions>
</trkpt>
<trkpt lat="33.5829853" lon="130.3793706">
<ele>1.683</ele>
<time>2026-05-30T21:43:44Z</time>
<extensions>
<gpxtpx:TrackPointExtension>
<gpxtpx:hr>163</gpxtpx:hr>
<gpxtpx:cad>179</gpxtpx:cad>
</gpxtpx:TrackPointExtension>
</extensions>
</trkpt>
<trkpt lat="33.5830151" lon="130.3793544">
<ele>1.761</ele>
<time>2026-05-30T21:43:45Z</time>
<extensions>
<gpxtpx:TrackPointExtension>
<gpxtpx:hr>163</gpxtpx:hr>
<gpxtpx:cad>179</gpxtpx:cad>
</gpxtpx:TrackPointExtension>
</extensions>
</trkpt>
<trkpt lat="33.5830441" lon="130.3793371">
<ele>1.774</ele>
<time>2026-05-30T21:43:46Z</time>
<extensions>
<gpxtpx:TrackPointExtension>
<gpxtpx:hr>162</gpxtpx:hr>
</gpxtpx:TrackPointExtension>
</extensions>
</trkpt>
<trkpt lat="33.5830712" lon="130.3793178">
<ele>1.792</ele>
<time>2026-05-30T21:43:47Z</time>
<extensions>
<gpxtpx:TrackPointExtension>
<gpxtpx:hr>162</gpxtpx:hr>
</gpxtpx:TrackPointExtension>
</extensions>
</trkpt>
<trkpt lat="33.5830987" lon="130.3792988">
<ele>1.783</ele>
<time>2026-05-30T21:43:48Z</time>
<extensions>
<gpxtpx:TrackPointExtension>
<gpxtpx:hr>162</gpxtpx:hr>
</gpxtpx:TrackPointExtension>
</extensions>
</trkpt>
<trkpt lat="33.5831234" lon="130.3792771">
<ele>1.796</ele>
<time>2026-05-30T21:43:49Z</time>
<extensions>
<gpxtpx:TrackPointExtension>
<gpxtpx:hr>162</gpxtpx:hr>
<gpxtpx:cad>179</gpxtpx:cad>
</gpxtpx:TrackPointExtension>
</extensions>
</trkpt>
<trkpt lat="33.5831477" lon="130.3792548">
<ele>1.813</ele>
<time>2026-05-30T21:43:50Z</time>
<extensions>
<gpxtpx:TrackPointExtension>
<gpxtpx:hr>162</gpxtpx:hr>
</gpxtpx:TrackPointExtension>
</extensions>
</trkpt>
<trkpt lat="33.5831709" lon="130.3792312">
<ele>1.81</ele>
<time>2026-05-30T21:43:51Z</time>
<extensions>
<gpxtpx:TrackPointExtension>
<gpxtpx:hr>162</gpxtpx:hr>
</gpxtpx:TrackPointExtension>
</extensions>
</trkpt>
<trkpt lat="33.583193" lon="130.379206">
<ele>1.826</ele>
<time>2026-05-30T21:43:52Z</time>
<extensions>
<gpxtpx:TrackPointExtension>
<gpxtpx:hr>162</gpxtpx:hr>
</gpxtpx:TrackPointExtension>
</extensions>
</trkpt>
<trkpt lat="33.5832143" lon="130.3791793">
<ele>1.806</ele>
<time>2026-05-30T21:43:53Z</time>
<extensions>
<gpxtpx:TrackPointExtension>
<gpxtpx:hr>163</gpxtpx:hr>
</gpxtpx:TrackPointExtension>
</extensions>
</trkpt>
<trkpt lat="33.5832348" lon="130.3791512">
<ele>1.779</ele>
<time>2026-05-30T21:43:54Z</time>
<extensions>
<gpxtpx:TrackPointExtension>
<gpxtpx:hr>163</gpxtpx:hr>
<gpxtpx:cad>181</gpxtpx:cad>
</gpxtpx:TrackPointExtension>
</extensions>
</trkpt>
<trkpt lat="33.5832544" lon="130.3791216">
<ele>1.659</ele>
<time>2026-05-30T21:43:55Z</time>
<extensions>
<gpxtpx:TrackPointExtension>
<gpxtpx:hr>164</gpxtpx:hr>
</gpxtpx:TrackPointExtension>
</extensions>
</trkpt>
<trkpt lat="33.5832727" lon="130.3790905">
<ele>1.649</ele>
<time>2026-05-30T21:43:56Z</time>
<extensions>
<gpxtpx:TrackPointExtension>
<gpxtpx:hr>165</gpxtpx:hr>
</gpxtpx:TrackPointExtension>
</extensions>
</trkpt>
<trkpt lat="33.5832915" lon="130.3790598">
<ele>1.624</ele>
<time>2026-05-30T21:43:57Z</time>
<extensions>
<gpxtpx:TrackPointExtension>
<gpxtpx:hr>165</gpxtpx:hr>
</gpxtpx:TrackPointExtension>
</extensions>
</trkpt>
<trkpt lat="33.5833088" lon="130.3790282">
<ele>1.438</ele>
<time>2026-05-30T21:43:58Z</time>
<extensions>
<gpxtpx:TrackPointExtension>
<gpxtpx:hr>165</gpxtpx:hr>
</gpxtpx:TrackPointExtension>
</extensions>
</trkpt>
<trkpt lat="33.5833263" lon="130.3789969">
<ele>1.412</ele>
<time>2026-05-30T21:43:59Z</time>
<extensions>
<gpxtpx:TrackPointExtension>
<gpxtpx:hr>165</gpxtpx:hr>
<gpxtpx:cad>181</gpxtpx:cad>
</gpxtpx:TrackPointExtension>
</extensions>
</trkpt>
<trkpt lat="33.5833434" lon="130.3789653">
<ele>1.401</ele>
<time>2026-05-30T21:44:00Z</time>
<extensions>
<gpxtpx:TrackPointExtension>
<gpxtpx:hr>165</gpxtpx:hr>
</gpxtpx:TrackPointExtension>
</extensions>
</trkpt>
<trkpt lat="33.5833607" lon="130.3789351">
<ele>1.435</ele>
<time>2026-05-30T21:44:01Z</time>
<extensions>
<gpxtpx:TrackPointExtension>
<gpxtpx:hr>165</gpxtpx:hr>
</gpxtpx:TrackPointExtension>
</extensions>
</trkpt>
<trkpt lat="33.5833785" lon="130.3789061">
<ele>1.456</ele>
<time>2026-05-30T21:44:02Z</time>
<extensions>
<gpxtpx:TrackPointExtension>
<gpxtpx:hr>166</gpxtpx:hr>
</gpxtpx:TrackPointExtension>
</extensions>
</trkpt>
<trkpt lat="33.583396" lon="130.3788769">
<ele>1.459</ele>
<time>2026-05-30T21:44:03Z</time>
<extensions>
<gpxtpx:TrackPointExtension>
<gpxtpx:hr>166</gpxtpx:hr>
</gpxtpx:TrackPointExtension>
</extensions>
</trkpt>
<trkpt lat="33.5834153" lon="130.378851">
<ele>1.404</ele>
<time>2026-05-30T21:44:04Z</time>
<extensions>
<gpxtpx:TrackPointExtension>
<gpxtpx:hr>166</gpxtpx:hr>
<gpxtpx:cad>181</gpxtpx:cad>
</gpxtpx:TrackPointExtension>
</extensions>
</trkpt>
<trkpt lat="33.5834348" lon="130.3788255">
<ele>1.404</ele>
<time>2026-05-30T21:44:05Z</time>
<extensions>
<gpxtpx:TrackPointExtension>
<gpxtpx:hr>167</gpxtpx:hr>
</gpxtpx:TrackPointExtension>
</extensions>
</trkpt>
<trkpt lat="33.5834562" lon="130.3788024">
<ele>1.398</ele>
<time>2026-05-30T21:44:06Z</time>
<extensions>
<gpxtpx:TrackPointExtension>
<gpxtpx:hr>166</gpxtpx:hr>
</gpxtpx:TrackPointExtension>
</extensions>
</trkpt>
<trkpt lat="33.5834784" lon="130.3787802">
<ele>1.396</ele>
<time>2026-05-30T21:44:07Z</time>
<extensions>
<gpxtpx:TrackPointExtension>
<gpxtpx:hr>166</gpxtpx:hr>
</gpxtpx:TrackPointExtension>
</extensions>
</trkpt>
<trkpt lat="33.5835021" lon="130.3787598">
<ele>1.389</ele>
<time>2026-05-30T21:44:08Z</time>
<extensions>
<gpxtpx:TrackPointExtension>
<gpxtpx:hr>167</gpxtpx:hr>
</gpxtpx:TrackPointExtension>
</extensions>
</trkpt>
<trkpt lat="33.583527" lon="130.3787416">
<ele>1.319</ele>
<time>2026-05-30T21:44:09Z</time>
<extensions>
<gpxtpx:TrackPointExtension>
<gpxtpx:hr>167</gpxtpx:hr>
<gpxtpx:cad>180</gpxtpx:cad>
</gpxtpx:TrackPointExtension>
</extensions>
</trkpt>
<trkpt lat="33.5835523" lon="130.3787243">
<ele>1.312</ele>
<time>2026-05-30T21:44:10Z</time>
<extensions>
<gpxtpx:TrackPointExtension>
<gpxtpx:hr>167</gpxtpx:hr>
</gpxtpx:TrackPointExtension>
</extensions>
</trkpt>
<trkpt lat="33.5835789" lon="130.3787105">
<ele>1.267</ele>
<time>2026-05-30T21:44:11Z</time>
<extensions>
<gpxtpx:TrackPointExtension>
<gpxtpx:hr>167</gpxtpx:hr>
</gpxtpx:TrackPointExtension>
</extensions>
</trkpt>
<trkpt lat="33.5836059" lon="130.3786976">
<ele>1.338</ele>
<time>2026-05-30T21:44:12Z</time>
<extensions>
<gpxtpx:TrackPointExtension>
<gpxtpx:hr>167</gpxtpx:hr>
</gpxtpx:TrackPointExtension>
</extensions>
</trkpt>
<trkpt lat="33.583634" lon="130.3786882">
<ele>1.353</ele>
<time>2026-05-30T21:44:13Z</time>
<extensions>
<gpxtpx:TrackPointExtension>
<gpxtpx:hr>167</gpxtpx:hr>
</gpxtpx:TrackPointExtension>
</extensions>
</trkpt>
<trkpt lat="33.5836632" lon="130.3786821">
<ele>1.326</ele>
<time>2026-05-30T21:44:14Z</time>
<extensions>
<gpxtpx:TrackPointExtension>
<gpxtpx:hr>167</gpxtpx:hr>
<gpxtpx:cad>180</gpxtpx:cad>
</gpxtpx:TrackPointExtension>
</extensions>
</trkpt>
<trkpt lat="33.5836931" lon="130.3786785">
<ele>1.384</ele>
<time>2026-05-30T21:44:15Z</time>
<extensions>
<gpxtpx:TrackPointExtension>
<gpxtpx:hr>167</gpxtpx:hr>
<gpxtpx:cad>180</gpxtpx:cad>
</gpxtpx:TrackPointExtension>
</extensions>
</trkpt>
<trkpt lat="33.5837237" lon="130.3786801">
<ele>1.389</ele>
<time>2026-05-30T21:44:16Z</time>
<extensions>
<gpxtpx:TrackPointExtension>
<gpxtpx:hr>168</gpxtpx:hr>
</gpxtpx:TrackPointExtension>
</extensions>
</trkpt>
<trkpt lat="33.5837543" lon="130.378683">
<ele>1.364</ele>
<time>2026-05-30T21:44:17Z</time>
<extensions>
<gpxtpx:TrackPointExtension>
<gpxtpx:hr>168</gpxtpx:hr>
</gpxtpx:TrackPointExtension>
</extensions>
</trkpt>
<trkpt lat="33.5837841" lon="130.3786889">
<ele>1.381</ele>
<time>2026-05-30T21:44:18Z</time>
<extensions>
<gpxtpx:TrackPointExtension>
<gpxtpx:hr>168</gpxtpx:hr>
</gpxtpx:TrackPointExtension>
</extensions>
</trkpt>
<trkpt lat="33.5838136" lon="130.3786953">
<ele>1.4</ele>
<time>2026-05-30T21:44:19Z</time>
<extensions>
<gpxtpx:TrackPointExtension>
<gpxtpx:hr>168</gpxtpx:hr>
<gpxtpx:cad>181</gpxtpx:cad>
</gpxtpx:TrackPointExtension>
</extensions>
</trkpt>
<trkpt lat="33.5838422" lon="130.3787029">
<ele>1.386</ele>
<time>2026-05-30T21:44:20Z</time>
<extensions>
<gpxtpx:TrackPointExtension>
<gpxtpx:hr>168</gpxtpx:hr>
</gpxtpx:TrackPointExtension>
</extensions>
</trkpt>
<trkpt lat="33.5838707" lon="130.3787111">
<ele>1.343</ele>
<time>2026-05-30T21:44:21Z</time>
<extensions>
<gpxtpx:TrackPointExtension>
<gpxtpx:hr>168</gpxtpx:hr>
</gpxtpx:TrackPointExtension>
</extensions>
</trkpt>
<trkpt lat="33.5838991" lon="130.3787217">
<ele>1.315</ele>
<time>2026-05-30T21:44:22Z</time>
<extensions>
<gpxtpx:TrackPointExtension>
<gpxtpx:hr>168</gpxtpx:hr>
</gpxtpx:TrackPointExtension>
</extensions>
</trkpt>
<trkpt lat="33.5839275" lon="130.3787331">
<ele>1.278</ele>
<time>2026-05-30T21:44:23Z</time>
</trkpt>
<trkpt lat="33.5839561" lon="130.3787472">
<ele>1.302</ele>
<time>2026-05-30T21:44:24Z</time>
<extensions>
<gpxtpx:TrackPointExtension>
<gpxtpx:hr>168</gpxtpx:hr>
<gpxtpx:cad>182</gpxtpx:cad>
</gpxtpx:TrackPointExtension>
</extensions>
</trkpt>
<trkpt lat="33.5839849" lon="130.3787629">
<ele>1.322</ele>
<time>2026-05-30T21:44:25Z</time>
<extensions>
<gpxtpx:TrackPointExtension>
<gpxtpx:hr>169</gpxtpx:hr>
</gpxtpx:TrackPointExtension>
</extensions>
</trkpt>
<trkpt lat="33.5840137" lon="130.3787787">
<ele>1.352</ele>
<time>2026-05-30T21:44:26Z</time>
<extensions>
<gpxtpx:TrackPointExtension>
<gpxtpx:hr>169</gpxtpx:hr>
</gpxtpx:TrackPointExtension>
</extensions>
</trkpt>
<trkpt lat="33.5840426" lon="130.3787962">
<ele>1.377</ele>
<time>2026-05-30T21:44:27Z</time>
<extensions>
<gpxtpx:TrackPointExtension>
<gpxtpx:hr>169</gpxtpx:hr>
</gpxtpx:TrackPointExtension>
</extensions>
</trkpt>
<trkpt lat="33.5840714" lon="130.3788136">
<ele>1.36</ele>
<time>2026-05-30T21:44:29Z</time>
<extensions>
<gpxtpx:TrackPointExtension>
<gpxtpx:hr>170</gpxtpx:hr>
</gpxtpx:TrackPointExtension>
</extensions>
</trkpt>
<trkpt lat="33.5841003" lon="130.3788306">
<ele>1.281</ele>
<time>2026-05-30T21:44:30Z</time>
<extensions>
<gpxtpx:TrackPointExtension>
<gpxtpx:hr>170</gpxtpx:hr>
<gpxtpx:cad>182</gpxtpx:cad>
</gpxtpx:TrackPointExtension>
</extensions>
</trkpt>
<trkpt lat="33.5841297" lon="130.3788466">
<ele>1.276</ele>
<time>2026-05-30T21:44:31Z</time>
<extensions>
<gpxtpx:TrackPointExtension>
<gpxtpx:hr>169</gpxtpx:hr>
</gpxtpx:TrackPointExtension>
</extensions>
</trkpt>
<trkpt lat="33.5841599" lon="130.3788617">
<ele>1.284</ele>
<time>2026-05-30T21:44:32Z</time>
<extensions>
<gpxtpx:TrackPointExtension>
<gpxtpx:hr>169</gpxtpx:hr>
</gpxtpx:TrackPointExtension>
</extensions>
</trkpt>
<trkpt lat="33.5841908" lon="130.3788759">
<ele>1.303</ele>
<time>2026-05-30T21:44:33Z</time>
<extensions>
<gpxtpx:TrackPointExtension>
<gpxtpx:hr>170</gpxtpx:hr>
</gpxtpx:TrackPointExtension>
</extensions>
</trkpt>
<trkpt lat="33.5842213" lon="130.3788905">
<ele>1.287</ele>
<time>2026-05-30T21:44:34Z</time>
<extensions>
<gpxtpx:TrackPointExtension>
<gpxtpx:hr>170</gpxtpx:hr>
</gpxtpx:TrackPointExtension>
</extensions>
</trkpt>
<trkpt lat="33.5842509" lon="130.3789065">
<ele>1.263</ele>
<time>2026-05-30T21:44:35Z</time>
<extensions>
<gpxtpx:TrackPointExtension>
<gpxtpx:hr>170</gpxtpx:hr>
<gpxtpx:cad>181</gpxtpx:cad>
</gpxtpx:TrackPointExtension>
</extensions>
</trkpt>
<trkpt lat="33.5842823" lon="130.3789198">
<ele>1.286</ele>
<time>2026-05-30T21:44:36Z</time>
<extensions>
<gpxtpx:TrackPointExtension>
<gpxtpx:hr>171</gpxtpx:hr>
</gpxtpx:TrackPointExtension>
</extensions>
</trkpt>
<trkpt lat="33.5843139" lon="130.3789335">
<ele>1.264</ele>
<time>2026-05-30T21:44:37Z</time>
<extensions>
<gpxtpx:TrackPointExtension>
<gpxtpx:hr>171</gpxtpx:hr>
</gpxtpx:TrackPointExtension>
</extensions>
</trkpt>
<trkpt lat="33.5843461" lon="130.3789456">
<ele>1.252</ele>
<time>2026-05-30T21:44:38Z</time>
<extensions>
<gpxtpx:TrackPointExtension>
<gpxtpx:hr>172</gpxtpx:hr>
</gpxtpx:TrackPointExtension>
</extensions>
</trkpt>
<trkpt lat="33.5843784" lon="130.3789575">
<ele>1.269</ele>
<time>2026-05-30T21:44:39Z</time>
<extensions>
<gpxtpx:TrackPointExtension>
<gpxtpx:hr>172</gpxtpx:hr>
</gpxtpx:TrackPointExtension>
</extensions>
</trkpt>
<trkpt lat="33.5844097" lon="130.3789673">
<ele>1.259</ele>
<time>2026-05-30T21:44:40Z</time>
<extensions>
<gpxtpx:TrackPointExtension>
<gpxtpx:hr>172</gpxtpx:hr>
<gpxtpx:cad>181</gpxtpx:cad>
</gpxtpx:TrackPointExtension>
</extensions>
</trkpt>
<trkpt lat="33.5844408" lon="130.3789763">
<ele>1.206</ele>
<time>2026-05-30T21:44:41Z</time>
<extensions>
<gpxtpx:TrackPointExtension>
<gpxtpx:hr>172</gpxtpx:hr>
</gpxtpx:TrackPointExtension>
</extensions>
</trkpt>
<trkpt lat="33.584471" lon="130.3789827">
<ele>1.236</ele>
<time>2026-05-30T21:44:42Z</time>
<extensions>
<gpxtpx:TrackPointExtension>
<gpxtpx:hr>172</gpxtpx:hr>
</gpxtpx:TrackPointExtension>
</extensions>
</trkpt>
<trkpt lat="33.584501" lon="130.3789884">
<ele>1.261</ele>
<time>2026-05-30T21:44:43Z</time>
<extensions>
<gpxtpx:TrackPointExtension>
<gpxtpx:hr>171</gpxtpx:hr>
<gpxtpx:cad>181</gpxtpx:cad>
</gpxtpx:TrackPointExtension>
</extensions>
</trkpt>
<trkpt lat="33.5845308" lon="130.3789926">
<ele>1.29</ele>
<time>2026-05-30T21:44:44Z</time>
<extensions>
<gpxtpx:TrackPointExtension>
<gpxtpx:hr>171</gpxtpx:hr>
</gpxtpx:TrackPointExtension>
</extensions>
</trkpt>
<trkpt lat="33.5845604" lon="130.3789954">
<ele>1.286</ele>
<time>2026-05-30T21:44:45Z</time>
<extensions>
<gpxtpx:TrackPointExtension>
<gpxtpx:hr>171</gpxtpx:hr>
<gpxtpx:cad>181</gpxtpx:cad>
</gpxtpx:TrackPointExtension>
</extensions>
</trkpt>
<trkpt lat="33.5845899" lon="130.3789971">
<ele>1.255</ele>
<time>2026-05-30T21:44:46Z</time>
<extensions>
<gpxtpx:TrackPointExtension>
<gpxtpx:hr>171</gpxtpx:hr>
</gpxtpx:TrackPointExtension>
</extensions>
</trkpt>
<trkpt lat="33.5846195" lon="130.3789978">
<ele>1.243</ele>
<time>2026-05-30T21:44:47Z</time>
<extensions>
<gpxtpx:TrackPointExtension>
<gpxtpx:hr>171</gpxtpx:hr>
</gpxtpx:TrackPointExtension>
</extensions>
</trkpt>
<trkpt lat="33.5846494" lon="130.3789981">
<ele>1.269</ele>
<time>2026-05-30T21:44:48Z</time>
<extensions>
<gpxtpx:TrackPointExtension>
<gpxtpx:hr>171</gpxtpx:hr>
</gpxtpx:TrackPointExtension>
</extensions>
</trkpt>
<trkpt lat="33.5846793" lon="130.378998">
<ele>1.272</ele>
<time>2026-05-30T21:44:49Z</time>
<extensions>
<gpxtpx:TrackPointExtension>
<gpxtpx:hr>171</gpxtpx:hr>
</gpxtpx:TrackPointExtension>
</extensions>
</trkpt>
<trkpt lat="33.5847106" lon="130.3789982">
<ele>1.187</ele>
<time>2026-05-30T21:44:50Z</time>
<extensions>
<gpxtpx:TrackPointExtension>
<gpxtpx:hr>171</gpxtpx:hr>
<gpxtpx:cad>181</gpxtpx:cad>
</gpxtpx:TrackPointExtension>
</extensions>
</trkpt>
<trkpt lat="33.5847417" lon="130.3789984">
<ele>1.217</ele>
<time>2026-05-30T21:44:51Z</time>
<extensions>
<gpxtpx:TrackPointExtension>
<gpxtpx:hr>171</gpxtpx:hr>
</gpxtpx:TrackPointExtension>
</extensions>
</trkpt>
<trkpt lat="33.5847738" lon="130.3789989">
<ele>1.264</ele>
<time>2026-05-30T21:44:52Z</time>
<extensions>
<gpxtpx:TrackPointExtension>
<gpxtpx:hr>172</gpxtpx:hr>
</gpxtpx:TrackPointExtension>
</extensions>
</trkpt>
<trkpt lat="33.5848059" lon="130.3789992">
<ele>1.217</ele>
<time>2026-05-30T21:44:53Z</time>
<extensions>
<gpxtpx:TrackPointExtension>
<gpxtpx:hr>171</gpxtpx:hr>
</gpxtpx:TrackPointExtension>
</extensions>
</trkpt>
<trkpt lat="33.5848379" lon="130.3789991">
<ele>1.202</ele>
<time>2026-05-30T21:44:54Z</time>
<extensions>
<gpxtpx:TrackPointExtension>
<gpxtpx:hr>171</gpxtpx:hr>
</gpxtpx:TrackPointExtension>
</extensions>
</trkpt>
<trkpt lat="33.5848696" lon="130.3789989">
<ele>1.279</ele>
<time>2026-05-30T21:44:55Z</time>
<extensions>
<gpxtpx:TrackPointExtension>
<gpxtpx:hr>171</gpxtpx:hr>
<gpxtpx:cad>181</gpxtpx:cad>
</gpxtpx:TrackPointExtension>
</extensions>
</trkpt>
<trkpt lat="33.5849013" lon="130.3789985">
<ele>1.327</ele>
<time>2026-05-30T21:44:56Z</time>
<extensions>
<gpxtpx:TrackPointExtension>
<gpxtpx:hr>171</gpxtpx:hr>
</gpxtpx:TrackPointExtension>
</extensions>
</trkpt>
<trkpt lat="33.5849331" lon="130.378998">
<ele>1.271</ele>
<time>2026-05-30T21:44:57Z</time>
<extensions>
<gpxtpx:TrackPointExtension>
<gpxtpx:hr>171</gpxtpx:hr>
</gpxtpx:TrackPointExtension>
</extensions>
</trkpt>
<trkpt lat="33.5849649" lon="130.3789973">
<ele>1.274</ele>
<time>2026-05-30T21:44:58Z</time>
<extensions>
<gpxtpx:TrackPointExtension>
<gpxtpx:hr>171</gpxtpx:hr>
</gpxtpx:TrackPointExtension>
</extensions>
</trkpt>
<trkpt lat="33.5849965" lon="130.3789954">
<ele>1.288</ele>
<time>2026-05-30T21:44:59Z</time>
<extensions>
<gpxtpx:TrackPointExtension>
<gpxtpx:hr>171</gpxtpx:hr>
</gpxtpx:TrackPointExtension>
</extensions>
</trkpt>
<trkpt lat="33.5850284" lon="130.3789948">
<ele>1.27</ele>
<time>2026-05-30T21:45:00Z</time>
<extensions>
<gpxtpx:TrackPointExtension>
<gpxtpx:hr>171</gpxtpx:hr>
<gpxtpx:cad>181</gpxtpx:cad>
</gpxtpx:TrackPointExtension>
</extensions>
</trkpt>
<trkpt lat="33.5850597" lon="130.378992">
<ele>1.263</ele>
<time>2026-05-30T21:45:01Z</time>
<extensions>
<gpxtpx:TrackPointExtension>
<gpxtpx:hr>171</gpxtpx:hr>
</gpxtpx:TrackPointExtension>
</extensions>
</trkpt>
<trkpt lat="33.5850915" lon="130.3789908">
<ele>1.219</ele>
<time>2026-05-30T21:45:02Z</time>
<extensions>
<gpxtpx:TrackPointExtension>
<gpxtpx:hr>171</gpxtpx:hr>
</gpxtpx:TrackPointExtension>
</extensions>
</trkpt>
<trkpt lat="33.5851226" lon="130.3789872">
<ele>1.203</ele>
<time>2026-05-30T21:45:03Z</time>
<extensions>
<gpxtpx:TrackPointExtension>
<gpxtpx:hr>171</gpxtpx:hr>
</gpxtpx:TrackPointExtension>
</extensions>
</trkpt>
<trkpt lat="33.585154" lon="130.3789851">
<ele>1.227</ele>
<time>2026-05-30T21:45:04Z</time>
<extensions>
<gpxtpx:TrackPointExtension>
<gpxtpx:hr>171</gpxtpx:hr>
</gpxtpx:TrackPointExtension>
</extensions>
</trkpt>
<trkpt lat="33.5851849" lon="130.3789808">
<ele>1.335</ele>
<time>2026-05-30T21:45:05Z</time>
<extensions>
<gpxtpx:TrackPointExtension>
<gpxtpx:hr>171</gpxtpx:hr>
<gpxtpx:cad>181</gpxtpx:cad>
</gpxtpx:TrackPointExtension>
</extensions>
</trkpt>
<trkpt lat="33.585216" lon="130.3789779">
<ele>1.319</ele>
<time>2026-05-30T21:45:06Z</time>
<extensions>
<gpxtpx:TrackPointExtension>
<gpxtpx:hr>171</gpxtpx:hr>
</gpxtpx:TrackPointExtension>
</extensions>
</trkpt>
<trkpt lat="33.5852471" lon="130.3789743">
<ele>1.313</ele>
<time>2026-05-30T21:45:07Z</time>
<extensions>
<gpxtpx:TrackPointExtension>
<gpxtpx:hr>171</gpxtpx:hr>
</gpxtpx:TrackPointExtension>
</extensions>
</trkpt>
<trkpt lat="33.5852782" lon="130.3789703">
<ele>1.251</ele>
<time>2026-05-30T21:45:08Z</time>
<extensions>
<gpxtpx:TrackPointExtension>
<gpxtpx:hr>171</gpxtpx:hr>
</gpxtpx:TrackPointExtension>
</extensions>
</trkpt>
<trkpt lat="33.5853089" lon="130.3789654">
<ele>1.23</ele>
<time>2026-05-30T21:45:09Z</time>
<extensions>
<gpxtpx:TrackPointExtension>
<gpxtpx:hr>171</gpxtpx:hr>
</gpxtpx:TrackPointExtension>
</extensions>
</trkpt>
<trkpt lat="33.5853399" lon="130.3789605">
<ele>1.274</ele>
<time>2026-05-30T21:45:10Z</time>
<extensions>
<gpxtpx:TrackPointExtension>
<gpxtpx:hr>171</gpxtpx:hr>
<gpxtpx:cad>180</gpxtpx:cad>
</gpxtpx:TrackPointExtension>
</extensions>
</trkpt>
<trkpt lat="33.5853702" lon="130.3789549">
<ele>1.384</ele>
<time>2026-05-30T21:45:11Z</time>
<extensions>
<gpxtpx:TrackPointExtension>
<gpxtpx:hr>171</gpxtpx:hr>
</gpxtpx:TrackPointExtension>
</extensions>
</trkpt>
<trkpt lat="33.5854005" lon="130.3789493">
<ele>1.381</ele>
<time>2026-05-30T21:45:12Z</time>
<extensions>
<gpxtpx:TrackPointExtension>
<gpxtpx:hr>171</gpxtpx:hr>
<gpxtpx:cad>181</gpxtpx:cad>
</gpxtpx:TrackPointExtension>
</extensions>
</trkpt>
<trkpt lat="33.5854303" lon="130.3789433">
<ele>1.314</ele>
<time>2026-05-30T21:45:13Z</time>
<extensions>
<gpxtpx:TrackPointExtension>
<gpxtpx:hr>171</gpxtpx:hr>
</gpxtpx:TrackPointExtension>
</extensions>
</trkpt>
<trkpt lat="33.5854602" lon="130.3789373">
<ele>1.292</ele>
<time>2026-05-30T21:45:14Z</time>
<extensions>
<gpxtpx:TrackPointExtension>
<gpxtpx:hr>172</gpxtpx:hr>
</gpxtpx:TrackPointExtension>
</extensions>
</trkpt>
<trkpt lat="33.5854893" lon="130.3789307">
<ele>1.292</ele>
<time>2026-05-30T21:45:15Z</time>
<extensions>
<gpxtpx:TrackPointExtension>
<gpxtpx:hr>172</gpxtpx:hr>
<gpxtpx:cad>181</gpxtpx:cad>
</gpxtpx:TrackPointExtension>
</extensions>
</trkpt>
<trkpt lat="33.5855183" lon="130.3789239">
<ele>1.339</ele>
<time>2026-05-30T21:45:16Z</time>
<extensions>
<gpxtpx:TrackPointExtension>
<gpxtpx:hr>172</gpxtpx:hr>
</gpxtpx:TrackPointExtension>
</extensions>
</trkpt>
<trkpt lat="33.5855471" lon="130.3789164">
<ele>1.323</ele>
<time>2026-05-30T21:45:17Z</time>
<extensions>
<gpxtpx:TrackPointExtension>
<gpxtpx:hr>172</gpxtpx:hr>
</gpxtpx:TrackPointExtension>
</extensions>
</trkpt>
<trkpt lat="33.585576" lon="130.3789083">
<ele>1.219</ele>
<time>2026-05-30T21:45:18Z</time>
<extensions>
<gpxtpx:TrackPointExtension>
<gpxtpx:hr>172</gpxtpx:hr>
</gpxtpx:TrackPointExtension>
</extensions>
</trkpt>
<trkpt lat="33.5856048" lon="130.3788999">
<ele>1.186</ele>
<time>2026-05-30T21:45:19Z</time>
<extensions>
<gpxtpx:TrackPointExtension>
<gpxtpx:hr>172</gpxtpx:hr>
</gpxtpx:TrackPointExtension>
</extensions>
</trkpt>
<trkpt lat="33.5856342" lon="130.37889">
<ele>1.212</ele>
<time>2026-05-30T21:45:20Z</time>
<extensions>
<gpxtpx:TrackPointExtension>
<gpxtpx:hr>172</gpxtpx:hr>
<gpxtpx:cad>181</gpxtpx:cad>
</gpxtpx:TrackPointExtension>
</extensions>
</trkpt>
<trkpt lat="33.5856636" lon="130.3788802">
<ele>1.256</ele>
<time>2026-05-30T21:45:21Z</time>
<extensions>
<gpxtpx:TrackPointExtension>
<gpxtpx:hr>172</gpxtpx:hr>
</gpxtpx:TrackPointExtension>
</extensions>
</trkpt>
<trkpt lat="33.5856934" lon="130.37887">
<ele>1.214</ele>
<time>2026-05-30T21:45:22Z</time>
<extensions>
<gpxtpx:TrackPointExtension>
<gpxtpx:hr>171</gpxtpx:hr>
</gpxtpx:TrackPointExtension>
</extensions>
</trkpt>
<trkpt lat="33.5857232" lon="130.3788598">
<ele>1.227</ele>
<time>2026-05-30T21:45:23Z</time>
<extensions>
<gpxtpx:TrackPointExtension>
<gpxtpx:hr>171</gpxtpx:hr>
</gpxtpx:TrackPointExtension>
</extensions>
</trkpt>
<trkpt lat="33.5857535" lon="130.3788497">
<ele>1.31</ele>
<time>2026-05-30T21:45:24Z</time>
<extensions>
<gpxtpx:TrackPointExtension>
<gpxtpx:hr>172</gpxtpx:hr>
</gpxtpx:TrackPointExtension>
</extensions>
</trkpt>
<trkpt lat="33.585784" lon="130.3788395">
<ele>1.233</ele>
<time>2026-05-30T21:45:25Z</time>
<extensions>
<gpxtpx:TrackPointExtension>
<gpxtpx:hr>172</gpxtpx:hr>
<gpxtpx:cad>180</gpxtpx:cad>
</gpxtpx:TrackPointExtension>
</extensions>
</trkpt>
<trkpt lat="33.5858149" lon="130.3788277">
<ele>1.179</ele>
<time>2026-05-30T21:45:26Z</time>
<extensions>
<gpxtpx:TrackPointExtension>
<gpxtpx:hr>172</gpxtpx:hr>
</gpxtpx:TrackPointExtension>
</extensions>
</trkpt>
<trkpt lat="33.5858455" lon="130.3788159">
<ele>1.237</ele>
<time>2026-05-30T21:45:27Z</time>
<extensions>
<gpxtpx:TrackPointExtension>
<gpxtpx:hr>172</gpxtpx:hr>
</gpxtpx:TrackPointExtension>
</extensions>
</trkpt>
<trkpt lat="33.5858759" lon="130.3788027">
<ele>1.222</ele>
<time>2026-05-30T21:45:28Z</time>
<extensions>
<gpxtpx:TrackPointExtension>
<gpxtpx:hr>172</gpxtpx:hr>
</gpxtpx:TrackPointExtension>
</extensions>
</trkpt>
<trkpt lat="33.5859065" lon="130.3787908">
<ele>1.222</ele>
<time>2026-05-30T21:45:29Z</time>
<extensions>
<gpxtpx:TrackPointExtension>
<gpxtpx:hr>172</gpxtpx:hr>
</gpxtpx:TrackPointExtension>
</extensions>
</trkpt>
<trkpt lat="33.5859368" lon="130.3787774">
<ele>1.221</ele>
<time>2026-05-30T21:45:30Z</time>
<extensions>
<gpxtpx:TrackPointExtension>
<gpxtpx:hr>172</gpxtpx:hr>
<gpxtpx:cad>181</gpxtpx:cad>
</gpxtpx:TrackPointExtension>
</extensions>
</trkpt>
<trkpt lat="33.5859677" lon="130.3787643">
<ele>1.172</ele>
<time>2026-05-30T21:45:31Z</time>
<extensions>
<gpxtpx:TrackPointExtension>
<gpxtpx:hr>173</gpxtpx:hr>
</gpxtpx:TrackPointExtension>
</extensions>
</trkpt>
<trkpt lat="33.5859972" lon="130.3787491">
<ele>1.182</ele>
<time>2026-05-30T21:45:32Z</time>
<extensions>
<gpxtpx:TrackPointExtension>
<gpxtpx:hr>173</gpxtpx:hr>
</gpxtpx:TrackPointExtension>
</extensions>
</trkpt>
<trkpt lat="33.5860265" lon="130.3787336">
<ele>1.202</ele>
<time>2026-05-30T21:45:33Z</time>
<extensions>
<gpxtpx:TrackPointExtension>
<gpxtpx:hr>173</gpxtpx:hr>
</gpxtpx:TrackPointExtension>
</extensions>
</trkpt>
<trkpt lat="33.5860544" lon="130.378717">
<ele>1.202</ele>
<time>2026-05-30T21:45:34Z</time>
<extensions>
<gpxtpx:TrackPointExtension>
<gpxtpx:hr>173</gpxtpx:hr>
</gpxtpx:TrackPointExtension>
</extensions>
</trkpt>
<trkpt lat="33.5860825" lon="130.3787006">
<ele>1.211</ele>
<time>2026-05-30T21:45:35Z</time>
<extensions>
<gpxtpx:TrackPointExtension>
<gpxtpx:hr>173</gpxtpx:hr>
<gpxtpx:cad>181</gpxtpx:cad>
</gpxtpx:TrackPointExtension>
</extensions>
</trkpt>
<trkpt lat="33.5861097" lon="130.3786825">
<ele>1.162</ele>
<time>2026-05-30T21:45:36Z</time>
<extensions>
<gpxtpx:TrackPointExtension>
<gpxtpx:hr>173</gpxtpx:hr>
</gpxtpx:TrackPointExtension>
</extensions>
</trkpt>
<trkpt lat="33.586137" lon="130.3786646">
<ele>1.112</ele>
<time>2026-05-30T21:45:37Z</time>
<extensions>
<gpxtpx:TrackPointExtension>
<gpxtpx:hr>173</gpxtpx:hr>
</gpxtpx:TrackPointExtension>
</extensions>
</trkpt>
<trkpt lat="33.5861635" lon="130.3786446">
<ele>1.139</ele>
<time>2026-05-30T21:45:38Z</time>
<extensions>
<gpxtpx:TrackPointExtension>
<gpxtpx:hr>174</gpxtpx:hr>
</gpxtpx:TrackPointExtension>
</extensions>
</trkpt>
<trkpt lat="33.58619" lon="130.3786247">
<ele>1.133</ele>
<time>2026-05-30T21:45:39Z</time>
<extensions>
<gpxtpx:TrackPointExtension>
<gpxtpx:hr>174</gpxtpx:hr>
</gpxtpx:TrackPointExtension>
</extensions>
</trkpt>
<trkpt lat="33.586215" lon="130.3786033">
<ele>1.127</ele>
<time>2026-05-30T21:45:40Z</time>
<extensions>
<gpxtpx:TrackPointExtension>
<gpxtpx:hr>174</gpxtpx:hr>
<gpxtpx:cad>180</gpxtpx:cad>
</gpxtpx:TrackPointExtension>
</extensions>
</trkpt>
<trkpt lat="33.5862403" lon="130.3785821">
<ele>1.129</ele>
<time>2026-05-30T21:45:41Z</time>
<extensions>
<gpxtpx:TrackPointExtension>
<gpxtpx:hr>174</gpxtpx:hr>
<gpxtpx:cad>180</gpxtpx:cad>
</gpxtpx:TrackPointExtension>
</extensions>
</trkpt>
<trkpt lat="33.5862638" lon="130.3785611">
<ele>1.169</ele>
<time>2026-05-30T21:45:42Z</time>
<extensions>
<gpxtpx:TrackPointExtension>
<gpxtpx:hr>173</gpxtpx:hr>
</gpxtpx:TrackPointExtension>
</extensions>
</trkpt>
<trkpt lat="33.5862872" lon="130.3785404">
<ele>1.211</ele>
<time>2026-05-30T21:45:43Z</time>
<extensions>
<gpxtpx:TrackPointExtension>
<gpxtpx:hr>173</gpxtpx:hr>
</gpxtpx:TrackPointExtension>
</extensions>
</trkpt>
<trkpt lat="33.5863098" lon="130.3785205">
<ele>1.207</ele>
<time>2026-05-30T21:45:44Z</time>
<extensions>
<gpxtpx:TrackPointExtension>
<gpxtpx:hr>173</gpxtpx:hr>
</gpxtpx:TrackPointExtension>
</extensions>
</trkpt>
<trkpt lat="33.5863326" lon="130.3785009">
<ele>1.246</ele>
<time>2026-05-30T21:45:45Z</time>
<extensions>
<gpxtpx:TrackPointExtension>
<gpxtpx:hr>173</gpxtpx:hr>
<gpxtpx:cad>180</gpxtpx:cad>
</gpxtpx:TrackPointExtension>
</extensions>
</trkpt>
<trkpt lat="33.5863553" lon="130.3784813">
<ele>1.215</ele>
<time>2026-05-30T21:45:46Z</time>
<extensions>
<gpxtpx:TrackPointExtension>
<gpxtpx:hr>173</gpxtpx:hr>
</gpxtpx:TrackPointExtension>
</extensions>
</trkpt>
<trkpt lat="33.5863779" lon="130.3784617">
<ele>1.193</ele>
<time>2026-05-30T21:45:47Z</time>
<extensions>
<gpxtpx:TrackPointExtension>
<gpxtpx:hr>173</gpxtpx:hr>
</gpxtpx:TrackPointExtension>
</extensions>
</trkpt>
<trkpt lat="33.586401" lon="130.3784412">
<ele>1.202</ele>
<time>2026-05-30T21:45:48Z</time>
<extensions>
<gpxtpx:TrackPointExtension>
<gpxtpx:hr>173</gpxtpx:hr>
</gpxtpx:TrackPointExtension>
</extensions>
</trkpt>
<trkpt lat="33.5864239" lon="130.3784211">
<ele>1.182</ele>
<time>2026-05-30T21:45:49Z</time>
<extensions>
<gpxtpx:TrackPointExtension>
<gpxtpx:hr>173</gpxtpx:hr>
</gpxtpx:TrackPointExtension>
</extensions>
</trkpt>
<trkpt lat="33.5864469" lon="130.3784005">
<ele>1.175</ele>
<time>2026-05-30T21:45:50Z</time>
<extensions>
<gpxtpx:TrackPointExtension>
<gpxtpx:hr>173</gpxtpx:hr>
<gpxtpx:cad>181</gpxtpx:cad>
</gpxtpx:TrackPointExtension>
</extensions>
</trkpt>
<trkpt lat="33.5864704" lon="130.3783785">
<ele>1.115</ele>
<time>2026-05-30T21:45:51Z</time>
<extensions>
<gpxtpx:TrackPointExtension>
<gpxtpx:hr>173</gpxtpx:hr>
</gpxtpx:TrackPointExtension>
</extensions>
</trkpt>
<trkpt lat="33.5864947" lon="130.3783546">
<ele>1.119</ele>
<time>2026-05-30T21:45:52Z</time>
<extensions>
<gpxtpx:TrackPointExtension>
<gpxtpx:hr>172</gpxtpx:hr>
</gpxtpx:TrackPointExtension>
</extensions>
</trkpt>
<trkpt lat="33.5865189" lon="130.3783309">
<ele>1.113</ele>
<time>2026-05-30T21:45:53Z</time>
<extensions>
<gpxtpx:TrackPointExtension>
<gpxtpx:hr>172</gpxtpx:hr>
</gpxtpx:TrackPointExtension>
</extensions>
</trkpt>
<trkpt lat="33.5865443" lon="130.3783076">
<ele>1.143</ele>
<time>2026-05-30T21:45:54Z</time>
<extensions>
<gpxtpx:TrackPointExtension>
<gpxtpx:hr>173</gpxtpx:hr>
</gpxtpx:TrackPointExtension>
</extensions>
</trkpt>
<trkpt lat="33.5865695" lon="130.3782842">
<ele>1.163</ele>
<time>2026-05-30T21:45:55Z</time>
<extensions>
<gpxtpx:TrackPointExtension>
<gpxtpx:hr>173</gpxtpx:hr>
<gpxtpx:cad>181</gpxtpx:cad>
</gpxtpx:TrackPointExtension>
</extensions>
</trkpt>
<trkpt lat="33.5865959" lon="130.3782631">
<ele>1.122</ele>
<time>2026-05-30T21:45:56Z</time>
<extensions>
<gpxtpx:TrackPointExtension>
<gpxtpx:hr>173</gpxtpx:hr>
</gpxtpx:TrackPointExtension>
</extensions>
</trkpt>
<trkpt lat="33.5866221" lon="130.3782417">
<ele>1.107</ele>
<time>2026-05-30T21:45:57Z</time>
<extensions>
<gpxtpx:TrackPointExtension>
<gpxtpx:hr>173</gpxtpx:hr>
</gpxtpx:TrackPointExtension>
</extensions>
</trkpt>
<trkpt lat="33.5866491" lon="130.3782229">
<ele>1.09</ele>
<time>2026-05-30T21:45:58Z</time>
<extensions>
<gpxtpx:TrackPointExtension>
<gpxtpx:hr>173</gpxtpx:hr>
</gpxtpx:TrackPointExtension>
</extensions>
</trkpt>
<trkpt lat="33.5866761" lon="130.3782039">
<ele>1.052</ele>
<time>2026-05-30T21:45:59Z</time>
<extensions>
<gpxtpx:TrackPointExtension>
<gpxtpx:hr>173</gpxtpx:hr>
</gpxtpx:TrackPointExtension>
</extensions>
</trkpt>
<trkpt lat="33.5867034" lon="130.3781869">
<ele>1.099</ele>
<time>2026-05-30T21:46:00Z</time>
<extensions>
<gpxtpx:TrackPointExtension>
<gpxtpx:hr>173</gpxtpx:hr>
<gpxtpx:cad>180</gpxtpx:cad>
</gpxtpx:TrackPointExtension>
</extensions>
</trkpt>
<trkpt lat="33.5867308" lon="130.3781697">
<ele>1.108</ele>
<time>2026-05-30T21:46:01Z</time>
<extensions>
<gpxtpx:TrackPointExtension>
<gpxtpx:hr>173</gpxtpx:hr>
</gpxtpx:TrackPointExtension>
</extensions>
</trkpt>
<trkpt lat="33.5867582" lon="130.3781536">
<ele>1.131</ele>
<time>2026-05-30T21:46:02Z</time>
<extensions>
<gpxtpx:TrackPointExtension>
<gpxtpx:hr>173</gpxtpx:hr>
</gpxtpx:TrackPointExtension>
</extensions>
</trkpt>
<trkpt lat="33.5867857" lon="130.3781376">
<ele>1.089</ele>
<time>2026-05-30T21:46:03Z</time>
<extensions>
<gpxtpx:TrackPointExtension>
<gpxtpx:hr>172</gpxtpx:hr>
</gpxtpx:TrackPointExtension>
</extensions>
</trkpt>
<trkpt lat="33.5868129" lon="130.3781223">
<ele>1.086</ele>
<time>2026-05-30T21:46:04Z</time>
<extensions>
<gpxtpx:TrackPointExtension>
<gpxtpx:hr>172</gpxtpx:hr>
</gpxtpx:TrackPointExtension>
</extensions>
</trkpt>
<trkpt lat="33.58684" lon="130.3781069">
<ele>1.111</ele>
<time>2026-05-30T21:46:05Z</time>
<extensions>
<gpxtpx:TrackPointExtension>
<gpxtpx:hr>172</gpxtpx:hr>
<gpxtpx:cad>180</gpxtpx:cad>
</gpxtpx:TrackPointExtension>
</extensions>
</trkpt>
<trkpt lat="33.5868669" lon="130.3780916">
<ele>1.117</ele>
<time>2026-05-30T21:46:06Z</time>
<extensions>
<gpxtpx:TrackPointExtension>
<gpxtpx:hr>172</gpxtpx:hr>
</gpxtpx:TrackPointExtension>
</extensions>
</trkpt>
<trkpt lat="33.5868938" lon="130.3780761">
<ele>1.116</ele>
<time>2026-05-30T21:46:07Z</time>
<extensions>
<gpxtpx:TrackPointExtension>
<gpxtpx:hr>172</gpxtpx:hr>
</gpxtpx:TrackPointExtension>
</extensions>
</trkpt>
<trkpt lat="33.5869211" lon="130.3780608">
<ele>1.158</ele>
<time>2026-05-30T21:46:08Z</time>
<extensions>
<gpxtpx:TrackPointExtension>
<gpxtpx:hr>172</gpxtpx:hr>
</gpxtpx:TrackPointExtension>
</extensions>
</trkpt>
<trkpt lat="33.5869487" lon="130.3780458">
<ele>1.178</ele>
<time>2026-05-30T21:46:09Z</time>
<extensions>
<gpxtpx:TrackPointExtension>
<gpxtpx:hr>172</gpxtpx:hr>
</gpxtpx:TrackPointExtension>
</extensions>
</trkpt>
<trkpt lat="33.5869763" lon="130.3780308">
<ele>1.176</ele>
<time>2026-05-30T21:46:10Z</time>
<extensions>
<gpxtpx:TrackPointExtension>
<gpxtpx:hr>173</gpxtpx:hr>
<gpxtpx:cad>180</gpxtpx:cad>
</gpxtpx:TrackPointExtension>
</extensions>
</trkpt>
<trkpt lat="33.5870051" lon="130.3780177">
<ele>1.178</ele>
<time>2026-05-30T21:46:11Z</time>
<extensions>
<gpxtpx:TrackPointExtension>
<gpxtpx:hr>173</gpxtpx:hr>
<gpxtpx:cad>180</gpxtpx:cad>
</gpxtpx:TrackPointExtension>
</extensions>
</trkpt>
<trkpt lat="33.5870338" lon="130.3780043">
<ele>1.171</ele>
<time>2026-05-30T21:46:12Z</time>
<extensions>
<gpxtpx:TrackPointExtension>
<gpxtpx:hr>173</gpxtpx:hr>
</gpxtpx:TrackPointExtension>
</extensions>
</trkpt>
<trkpt lat="33.5870641" lon="130.377993">
<ele>1.15</ele>
<time>2026-05-30T21:46:13Z</time>
<extensions>
<gpxtpx:TrackPointExtension>
<gpxtpx:hr>173</gpxtpx:hr>
</gpxtpx:TrackPointExtension>
</extensions>
</trkpt>
<trkpt lat="33.5870941" lon="130.3779815">
<ele>1.164</ele>
<time>2026-05-30T21:46:14Z</time>
<extensions>
<gpxtpx:TrackPointExtension>
<gpxtpx:hr>173</gpxtpx:hr>
</gpxtpx:TrackPointExtension>
</extensions>
</trkpt>
<trkpt lat="33.5871254" lon="130.377971">
<ele>1.103</ele>
<time>2026-05-30T21:46:15Z</time>
<extensions>
<gpxtpx:TrackPointExtension>
<gpxtpx:hr>173</gpxtpx:hr>
<gpxtpx:cad>181</gpxtpx:cad>
</gpxtpx:TrackPointExtension>
</extensions>
</trkpt>
<trkpt lat="33.5871573" lon="130.3779607">
<ele>1.107</ele>
<time>2026-05-30T21:46:16Z</time>
<extensions>
<gpxtpx:TrackPointExtension>
<gpxtpx:hr>173</gpxtpx:hr>
</gpxtpx:TrackPointExtension>
</extensions>
</trkpt>
<trkpt lat="33.5871898" lon="130.3779504">
<ele>1.101</ele>
<time>2026-05-30T21:46:17Z</time>
<extensions>
<gpxtpx:TrackPointExtension>
<gpxtpx:hr>173</gpxtpx:hr>
</gpxtpx:TrackPointExtension>
</extensions>
</trkpt>
<trkpt lat="33.587224" lon="130.3779389">
<ele>1.122</ele>
<time>2026-05-30T21:46:18Z</time>
<extensions>
<gpxtpx:TrackPointExtension>
<gpxtpx:hr>174</gpxtpx:hr>
</gpxtpx:TrackPointExtension>
</extensions>
</trkpt>
<trkpt lat="33.5872577" lon="130.3779274">
<ele>1.117</ele>
<time>2026-05-30T21:46:19Z</time>
<extensions>
<gpxtpx:TrackPointExtension>
<gpxtpx:hr>174</gpxtpx:hr>
</gpxtpx:TrackPointExtension>
</extensions>
</trkpt>
<trkpt lat="33.5872923" lon="130.3779149">
<ele>1.119</ele>
<time>2026-05-30T21:46:20Z</time>
<extensions>
<gpxtpx:TrackPointExtension>
<gpxtpx:hr>174</gpxtpx:hr>
<gpxtpx:cad>182</gpxtpx:cad>
</gpxtpx:TrackPointExtension>
</extensions>
</trkpt>
<trkpt lat="33.5873271" lon="130.3779025">
<ele>1.118</ele>
<time>2026-05-30T21:46:21Z</time>
<extensions>
<gpxtpx:TrackPointExtension>
<gpxtpx:hr>174</gpxtpx:hr>
</gpxtpx:TrackPointExtension>
</extensions>
</trkpt>
<trkpt lat="33.5873616" lon="130.3778907">
<ele>1.133</ele>
<time>2026-05-30T21:46:22Z</time>
<extensions>
<gpxtpx:TrackPointExtension>
<gpxtpx:hr>174</gpxtpx:hr>
</gpxtpx:TrackPointExtension>
</extensions>
</trkpt>
<trkpt lat="33.5873962" lon="130.3778791">
<ele>1.131</ele>
<time>2026-05-30T21:46:23Z</time>
<extensions>
<gpxtpx:TrackPointExtension>
<gpxtpx:hr>174</gpxtpx:hr>
</gpxtpx:TrackPointExtension>
</extensions>
</trkpt>
<trkpt lat="33.5874308" lon="130.3778676">
<ele>1.212</ele>
<time>2026-05-30T21:46:24Z</time>
<extensions>
<gpxtpx:TrackPointExtension>
<gpxtpx:hr>175</gpxtpx:hr>
</gpxtpx:TrackPointExtension>
</extensions>
</trkpt>
<trkpt lat="33.5874653" lon="130.3778565">
<ele>1.256</ele>
<time>2026-05-30T21:46:25Z</time>
<extensions>
<gpxtpx:TrackPointExtension>
<gpxtpx:hr>175</gpxtpx:hr>
<gpxtpx:cad>180</gpxtpx:cad>
</gpxtpx:TrackPointExtension>
</extensions>
</trkpt>
<trkpt lat="33.5874998" lon="130.3778457">
<ele>1.255</ele>
<time>2026-05-30T21:46:26Z</time>
<extensions>
<gpxtpx:TrackPointExtension>
<gpxtpx:hr>175</gpxtpx:hr>
</gpxtpx:TrackPointExtension>
</extensions>
</trkpt>
<trkpt lat="33.5875343" lon="130.3778355">
<ele>1.315</ele>
<time>2026-05-30T21:46:27Z</time>
<extensions>
<gpxtpx:TrackPointExtension>
<gpxtpx:hr>175</gpxtpx:hr>
</gpxtpx:TrackPointExtension>
</extensions>
</trkpt>
<trkpt lat="33.5875688" lon="130.3778257">
<ele>1.263</ele>
<time>2026-05-30T21:46:28Z</time>
<extensions>
<gpxtpx:TrackPointExtension>
<gpxtpx:hr>175</gpxtpx:hr>
</gpxtpx:TrackPointExtension>
</extensions>
</trkpt>
<trkpt lat="33.5876033" lon="130.3778163">
<ele>1.234</ele>
<time>2026-05-30T21:46:29Z</time>
<extensions>
<gpxtpx:TrackPointExtension>
<gpxtpx:hr>175</gpxtpx:hr>
</gpxtpx:TrackPointExtension>
</extensions>
</trkpt>
<trkpt lat="33.5876382" lon="130.3778078">
<ele>1.276</ele>
<time>2026-05-30T21:46:30Z</time>
<extensions>
<gpxtpx:TrackPointExtension>
<gpxtpx:hr>175</gpxtpx:hr>
<gpxtpx:cad>180</gpxtpx:cad>
</gpxtpx:TrackPointExtension>
</extensions>
</trkpt>
<trkpt lat="33.5876726" lon="130.3777985">
<ele>1.232</ele>
<time>2026-05-30T21:46:31Z</time>
<extensions>
<gpxtpx:TrackPointExtension>
<gpxtpx:hr>175</gpxtpx:hr>
</gpxtpx:TrackPointExtension>
</extensions>
</trkpt>
<trkpt lat="33.5877074" lon="130.3777899">
<ele>1.16</ele>
<time>2026-05-30T21:46:32Z</time>
<extensions>
<gpxtpx:TrackPointExtension>
<gpxtpx:hr>175</gpxtpx:hr>
</gpxtpx:TrackPointExtension>
</extensions>
</trkpt>
<trkpt lat="33.5877423" lon="130.3777813">
<ele>1.216</ele>
<time>2026-05-30T21:46:33Z</time>
<extensions>
<gpxtpx:TrackPointExtension>
<gpxtpx:hr>175</gpxtpx:hr>
</gpxtpx:TrackPointExtension>
</extensions>
</trkpt>
<trkpt lat="33.5877773" lon="130.3777726">
<ele>1.289</ele>
<time>2026-05-30T21:46:34Z</time>
<extensions>
<gpxtpx:TrackPointExtension>
<gpxtpx:hr>176</gpxtpx:hr>
</gpxtpx:TrackPointExtension>
</extensions>
</trkpt>
<trkpt lat="33.5878123" lon="130.3777637">
<ele>1.319</ele>
<time>2026-05-30T21:46:35Z</time>
<extensions>
<gpxtpx:TrackPointExtension>
<gpxtpx:hr>176</gpxtpx:hr>
<gpxtpx:cad>181</gpxtpx:cad>
</gpxtpx:TrackPointExtension>
</extensions>
</trkpt>
<trkpt lat="33.5878475" lon="130.3777545">
<ele>1.258</ele>
<time>2026-05-30T21:46:36Z</time>
<extensions>
<gpxtpx:TrackPointExtension>
<gpxtpx:hr>176</gpxtpx:hr>
</gpxtpx:TrackPointExtension>
</extensions>
</trkpt>
<trkpt lat="33.5878826" lon="130.377745">
<ele>1.281</ele>
<time>2026-05-30T21:46:37Z</time>
<extensions>
<gpxtpx:TrackPointExtension>
<gpxtpx:hr>176</gpxtpx:hr>
<gpxtpx:cad>182</gpxtpx:cad>
</gpxtpx:TrackPointExtension>
</extensions>
</trkpt>
<trkpt lat="33.5879177" lon="130.3777352">
<ele>1.261</ele>
<time>2026-05-30T21:46:38Z</time>
<extensions>
<gpxtpx:TrackPointExtension>
<gpxtpx:hr>176</gpxtpx:hr>
</gpxtpx:TrackPointExtension>
</extensions>
</trkpt>
<trkpt lat="33.5879528" lon="130.3777251">
<ele>1.206</ele>
<time>2026-05-30T21:46:39Z</time>
<extensions>
<gpxtpx:TrackPointExtension>
<gpxtpx:hr>177</gpxtpx:hr>
</gpxtpx:TrackPointExtension>
</extensions>
</trkpt>
<trkpt lat="33.5879877" lon="130.3777147">
<ele>1.191</ele>
<time>2026-05-30T21:46:40Z</time>
<extensions>
<gpxtpx:TrackPointExtension>
<gpxtpx:hr>176</gpxtpx:hr>
<gpxtpx:cad>183</gpxtpx:cad>
</gpxtpx:TrackPointExtension>
</extensions>
</trkpt>
<trkpt lat="33.5880223" lon="130.3777042">
<ele>1.164</ele>
<time>2026-05-30T21:46:41Z</time>
<extensions>
<gpxtpx:TrackPointExtension>
<gpxtpx:hr>176</gpxtpx:hr>
</gpxtpx:TrackPointExtension>
</extensions>
</trkpt>
<trkpt lat="33.5880567" lon="130.3776936">
<ele>1.167</ele>
<time>2026-05-30T21:46:42Z</time>
<extensions>
<gpxtpx:TrackPointExtension>
<gpxtpx:hr>176</gpxtpx:hr>
</gpxtpx:TrackPointExtension>
</extensions>
</trkpt>
<trkpt lat="33.5880908" lon="130.377683">
<ele>0.989</ele>
<time>2026-05-30T21:46:43Z</time>
<extensions>
<gpxtpx:TrackPointExtension>
<gpxtpx:hr>176</gpxtpx:hr>
</gpxtpx:TrackPointExtension>
</extensions>
</trkpt>
<trkpt lat="33.5881245" lon="130.3776725">
<ele>0.931</ele>
<time>2026-05-30T21:46:44Z</time>
<extensions>
<gpxtpx:TrackPointExtension>
<gpxtpx:hr>177</gpxtpx:hr>
</gpxtpx:TrackPointExtension>
</extensions>
</trkpt>
<trkpt lat="33.588158" lon="130.3776622">
<ele>1.052</ele>
<time>2026-05-30T21:46:45Z</time>
<extensions>
<gpxtpx:TrackPointExtension>
<gpxtpx:hr>176</gpxtpx:hr>
<gpxtpx:cad>180</gpxtpx:cad>
</gpxtpx:TrackPointExtension>
</extensions>
</trkpt>
<trkpt lat="33.5881906" lon="130.3776527">
<ele>1.063</ele>
<time>2026-05-30T21:46:46Z</time>
<extensions>
<gpxtpx:TrackPointExtension>
<gpxtpx:hr>177</gpxtpx:hr>
</gpxtpx:TrackPointExtension>
</extensions>
</trkpt>
<trkpt lat="33.588224" lon="130.3776423">
<ele>1.085</ele>
<time>2026-05-30T21:46:47Z</time>
<extensions>
<gpxtpx:TrackPointExtension>
<gpxtpx:hr>177</gpxtpx:hr>
</gpxtpx:TrackPointExtension>
</extensions>
</trkpt>
<trkpt lat="33.5882559" lon="130.3776331">
<ele>1.104</ele>
<time>2026-05-30T21:46:48Z</time>
<extensions>
<gpxtpx:TrackPointExtension>
<gpxtpx:hr>177</gpxtpx:hr>
</gpxtpx:TrackPointExtension>
</extensions>
</trkpt>
<trkpt lat="33.5882888" lon="130.3776231">
<ele>1.107</ele>
<time>2026-05-30T21:46:49Z</time>
<extensions>
<gpxtpx:TrackPointExtension>
<gpxtpx:hr>176</gpxtpx:hr>
<gpxtpx:cad>176</gpxtpx:cad>
</gpxtpx:TrackPointExtension>
</extensions>
</trkpt>
<trkpt lat="33.5883202" lon="130.3776142">
<ele>1.092</ele>
<time>2026-05-30T21:46:50Z</time>
</trkpt>
<trkpt lat="33.5883519" lon="130.3776049">
<ele>1.007</ele>
<time>2026-05-30T21:46:51Z</time>
<extensions>
<gpxtpx:TrackPointExtension>
<gpxtpx:hr>176</gpxtpx:hr>
</gpxtpx:TrackPointExtension>
</extensions>
</trkpt>
<trkpt lat="33.5883834" lon="130.3775957">
<ele>1.001</ele>
<time>2026-05-30T21:46:52Z</time>
<extensions>
<gpxtpx:TrackPointExtension>
<gpxtpx:hr>176</gpxtpx:hr>
</gpxtpx:TrackPointExtension>
</extensions>
</trkpt>
<trkpt lat="33.5884148" lon="130.3775867">
<ele>1.023</ele>
<time>2026-05-30T21:46:53Z</time>
<extensions>
<gpxtpx:TrackPointExtension>
<gpxtpx:hr>176</gpxtpx:hr>
</gpxtpx:TrackPointExtension>
</extensions>
</trkpt>
<trkpt lat="33.5884464" lon="130.3775781">
<ele>1.071</ele>
<time>2026-05-30T21:46:54Z</time>
<extensions>
<gpxtpx:TrackPointExtension>
<gpxtpx:hr>176</gpxtpx:hr>
<gpxtpx:cad>176</gpxtpx:cad>
</gpxtpx:TrackPointExtension>
</extensions>
</trkpt>
<trkpt lat="33.5884772" lon="130.3775694">
<ele>1.103</ele>
<time>2026-05-30T21:46:55Z</time>
<extensions>
<gpxtpx:TrackPointExtension>
<gpxtpx:hr>175</gpxtpx:hr>
</gpxtpx:TrackPointExtension>
</extensions>
</trkpt>
<trkpt lat="33.5885076" lon="130.3775605">
<ele>1.035</ele>
<time>2026-05-30T21:46:56Z</time>
<extensions>
<gpxtpx:TrackPointExtension>
<gpxtpx:hr>175</gpxtpx:hr>
</gpxtpx:TrackPointExtension>
</extensions>
</trkpt>
<trkpt lat="33.588538" lon="130.3775514">
<ele>1.073</ele>
<time>2026-05-30T21:46:57Z</time>
<extensions>
<gpxtpx:TrackPointExtension>
<gpxtpx:hr>175</gpxtpx:hr>
</gpxtpx:TrackPointExtension>
</extensions>
</trkpt>
<trkpt lat="33.5885688" lon="130.3775418">
<ele>1.048</ele>
<time>2026-05-30T21:46:58Z</time>
<extensions>
<gpxtpx:TrackPointExtension>
<gpxtpx:hr>175</gpxtpx:hr>
</gpxtpx:TrackPointExtension>
</extensions>
</trkpt>
<trkpt lat="33.5885998" lon="130.377532">
<ele>1.041</ele>
<time>2026-05-30T21:46:59Z</time>
<extensions>
<gpxtpx:TrackPointExtension>
<gpxtpx:hr>176</gpxtpx:hr>
<gpxtpx:cad>180</gpxtpx:cad>
</gpxtpx:TrackPointExtension>
</extensions>
</trkpt>
<trkpt lat="33.5886309" lon="130.3775222">
<ele>1.06</ele>
<time>2026-05-30T21:47:00Z</time>
<extensions>
<gpxtpx:TrackPointExtension>
<gpxtpx:hr>177</gpxtpx:hr>
</gpxtpx:TrackPointExtension>
</extensions>
</trkpt>
<trkpt lat="33.5886623" lon="130.3775107">
<ele>1.014</ele>
<time>2026-05-30T21:47:01Z</time>
<extensions>
<gpxtpx:TrackPointExtension>
<gpxtpx:hr>177</gpxtpx:hr>
</gpxtpx:TrackPointExtension>
</extensions>
</trkpt>
<trkpt lat="33.5886936" lon="130.3774992">
<ele>1.035</ele>
<time>2026-05-30T21:47:02Z</time>
<extensions>
<gpxtpx:TrackPointExtension>
<gpxtpx:hr>177</gpxtpx:hr>
</gpxtpx:TrackPointExtension>
</extensions>
</trkpt>
<trkpt lat="33.5887246" lon="130.377486">
<ele>1.113</ele>
<time>2026-05-30T21:47:03Z</time>
<extensions>
<gpxtpx:TrackPointExtension>
<gpxtpx:hr>176</gpxtpx:hr>
</gpxtpx:TrackPointExtension>
</extensions>
</trkpt>
<trkpt lat="33.588755" lon="130.3774708">
<ele>1.133</ele>
<time>2026-05-30T21:47:04Z</time>
<extensions>
<gpxtpx:TrackPointExtension>
<gpxtpx:hr>176</gpxtpx:hr>
<gpxtpx:cad>180</gpxtpx:cad>
</gpxtpx:TrackPointExtension>
</extensions>
</trkpt>
<trkpt lat="33.588785" lon="130.3774534">
<ele>1.078</ele>
<time>2026-05-30T21:47:05Z</time>
<extensions>
<gpxtpx:TrackPointExtension>
<gpxtpx:hr>176</gpxtpx:hr>
<gpxtpx:cad>180</gpxtpx:cad>
</gpxtpx:TrackPointExtension>
</extensions>
</trkpt>
<trkpt lat="33.5888145" lon="130.377434">
<ele>0.992</ele>
<time>2026-05-30T21:47:06Z</time>
<extensions>
<gpxtpx:TrackPointExtension>
<gpxtpx:hr>176</gpxtpx:hr>
</gpxtpx:TrackPointExtension>
</extensions>
</trkpt>
<trkpt lat="33.5888436" lon="130.3774131">
<ele>0.993</ele>
<time>2026-05-30T21:47:07Z</time>
<extensions>
<gpxtpx:TrackPointExtension>
<gpxtpx:hr>177</gpxtpx:hr>
</gpxtpx:TrackPointExtension>
</extensions>
</trkpt>
<trkpt lat="33.5888725" lon="130.3773913">
<ele>0.991</ele>
<time>2026-05-30T21:47:08Z</time>
<extensions>
<gpxtpx:TrackPointExtension>
<gpxtpx:hr>176</gpxtpx:hr>
</gpxtpx:TrackPointExtension>
</extensions>
</trkpt>
<trkpt lat="33.5889009" lon="130.3773685">
<ele>0.948</ele>
<time>2026-05-30T21:47:09Z</time>
<extensions>
<gpxtpx:TrackPointExtension>
<gpxtpx:hr>176</gpxtpx:hr>
<gpxtpx:cad>181</gpxtpx:cad>
</gpxtpx:TrackPointExtension>
</extensions>
</trkpt>
<trkpt lat="33.5889281" lon="130.3773444">
<ele>0.966</ele>
<time>2026-05-30T21:47:10Z</time>
<extensions>
<gpxtpx:TrackPointExtension>
<gpxtpx:hr>176</gpxtpx:hr>
</gpxtpx:TrackPointExtension>
</extensions>
</trkpt>
<trkpt lat="33.5889536" lon="130.3773185">
<ele>0.989</ele>
<time>2026-05-30T21:47:11Z</time>
<extensions>
<gpxtpx:TrackPointExtension>
<gpxtpx:hr>177</gpxtpx:hr>
</gpxtpx:TrackPointExtension>
</extensions>
</trkpt>
<trkpt lat="33.5889773" lon="130.3772905">
<ele>1.004</ele>
<time>2026-05-30T21:47:12Z</time>
<extensions>
<gpxtpx:TrackPointExtension>
<gpxtpx:hr>177</gpxtpx:hr>
</gpxtpx:TrackPointExtension>
</extensions>
</trkpt>
<trkpt lat="33.5889994" lon="130.3772607">
<ele>1.052</ele>
<time>2026-05-30T21:47:13Z</time>
<extensions>
<gpxtpx:TrackPointExtension>
<gpxtpx:hr>177</gpxtpx:hr>
</gpxtpx:TrackPointExtension>
</extensions>
</trkpt>
<trkpt lat="33.5890203" lon="130.3772297">
<ele>1.013</ele>
<time>2026-05-30T21:47:14Z</time>
<extensions>
<gpxtpx:TrackPointExtension>
<gpxtpx:hr>177</gpxtpx:hr>
<gpxtpx:cad>182</gpxtpx:cad>
</gpxtpx:TrackPointExtension>
</extensions>
</trkpt>
<trkpt lat="33.5890414" lon="130.3771989">
<ele>0.969</ele>
<time>2026-05-30T21:47:15Z</time>
<extensions>
<gpxtpx:TrackPointExtension>
<gpxtpx:hr>177</gpxtpx:hr>
</gpxtpx:TrackPointExtension>
</extensions>
</trkpt>
<trkpt lat="33.5890608" lon="130.3771663">
<ele>0.945</ele>
<time>2026-05-30T21:47:16Z</time>
<extensions>
<gpxtpx:TrackPointExtension>
<gpxtpx:hr>177</gpxtpx:hr>
</gpxtpx:TrackPointExtension>
</extensions>
</trkpt>
<trkpt lat="33.5890804" lon="130.3771339">
<ele>0.976</ele>
<time>2026-05-30T21:47:17Z</time>
<extensions>
<gpxtpx:TrackPointExtension>
<gpxtpx:hr>177</gpxtpx:hr>
</gpxtpx:TrackPointExtension>
</extensions>
</trkpt>
<trkpt lat="33.589099" lon="130.3771004">
<ele>1.027</ele>
<time>2026-05-30T21:47:18Z</time>
<extensions>
<gpxtpx:TrackPointExtension>
<gpxtpx:hr>176</gpxtpx:hr>
</gpxtpx:TrackPointExtension>
</extensions>
</trkpt>
<trkpt lat="33.5891168" lon="130.3770666">
<ele>1.049</ele>
<time>2026-05-30T21:47:19Z</time>
<extensions>
<gpxtpx:TrackPointExtension>
<gpxtpx:hr>176</gpxtpx:hr>
<gpxtpx:cad>182</gpxtpx:cad>
</gpxtpx:TrackPointExtension>
</extensions>
</trkpt>
<trkpt lat="33.5891338" lon="130.3770332">
<ele>1.037</ele>
<time>2026-05-30T21:47:20Z</time>
<extensions>
<gpxtpx:TrackPointExtension>
<gpxtpx:hr>176</gpxtpx:hr>
</gpxtpx:TrackPointExtension>
</extensions>
</trkpt>
<trkpt lat="33.589151" lon="130.3770001">
<ele>1.005</ele>
<time>2026-05-30T21:47:21Z</time>
<extensions>
<gpxtpx:TrackPointExtension>
<gpxtpx:hr>176</gpxtpx:hr>
</gpxtpx:TrackPointExtension>
</extensions>
</trkpt>
<trkpt lat="33.5891669" lon="130.3769679">
<ele>1.034</ele>
<time>2026-05-30T21:47:22Z</time>
<extensions>
<gpxtpx:TrackPointExtension>
<gpxtpx:hr>177</gpxtpx:hr>
</gpxtpx:TrackPointExtension>
</extensions>
</trkpt>
<trkpt lat="33.5891839" lon="130.3769346">
<ele>0.978</ele>
<time>2026-05-30T21:47:23Z</time>
<extensions>
<gpxtpx:TrackPointExtension>
<gpxtpx:hr>177</gpxtpx:hr>
</gpxtpx:TrackPointExtension>
</extensions>
</trkpt>
<trkpt lat="33.5892" lon="130.376902">
<ele>0.915</ele>
<time>2026-05-30T21:47:24Z</time>
<extensions>
<gpxtpx:TrackPointExtension>
<gpxtpx:hr>176</gpxtpx:hr>
<gpxtpx:cad>181</gpxtpx:cad>
</gpxtpx:TrackPointExtension>
</extensions>
</trkpt>
<trkpt lat="33.5892152" lon="130.3768707">
<ele>0.884</ele>
<time>2026-05-30T21:47:25Z</time>
<extensions>
<gpxtpx:TrackPointExtension>
<gpxtpx:hr>176</gpxtpx:hr>
</gpxtpx:TrackPointExtension>
</extensions>
</trkpt>
<trkpt lat="33.5892302" lon="130.3768399">
<ele>0.922</ele>
<time>2026-05-30T21:47:26Z</time>
<extensions>
<gpxtpx:TrackPointExtension>
<gpxtpx:hr>176</gpxtpx:hr>
</gpxtpx:TrackPointExtension>
</extensions>
</trkpt>
<trkpt lat="33.5892446" lon="130.3768097">
<ele>0.911</ele>
<time>2026-05-30T21:47:27Z</time>
<extensions>
<gpxtpx:TrackPointExtension>
<gpxtpx:hr>177</gpxtpx:hr>
</gpxtpx:TrackPointExtension>
</extensions>
</trkpt>
<trkpt lat="33.5892591" lon="130.3767796">
<ele>0.86</ele>
<time>2026-05-30T21:47:28Z</time>
<extensions>
<gpxtpx:TrackPointExtension>
<gpxtpx:hr>177</gpxtpx:hr>
</gpxtpx:TrackPointExtension>
</extensions>
</trkpt>
<trkpt lat="33.5892729" lon="130.3767487">
<ele>0.812</ele>
<time>2026-05-30T21:47:29Z</time>
<extensions>
<gpxtpx:TrackPointExtension>
<gpxtpx:hr>177</gpxtpx:hr>
<gpxtpx:cad>181</gpxtpx:cad>
</gpxtpx:TrackPointExtension>
</extensions>
</trkpt>
<trkpt lat="33.5892868" lon="130.376718">
<ele>0.778</ele>
<time>2026-05-30T21:47:30Z</time>
<extensions>
<gpxtpx:TrackPointExtension>
<gpxtpx:hr>177</gpxtpx:hr>
</gpxtpx:TrackPointExtension>
</extensions>
</trkpt>
<trkpt lat="33.5892991" lon="130.3766858">
<ele>0.871</ele>
<time>2026-05-30T21:47:31Z</time>
<extensions>
<gpxtpx:TrackPointExtension>
<gpxtpx:hr>177</gpxtpx:hr>
</gpxtpx:TrackPointExtension>
</extensions>
</trkpt>
<trkpt lat="33.5893118" lon="130.3766538">
<ele>0.935</ele>
<time>2026-05-30T21:47:32Z</time>
<extensions>
<gpxtpx:TrackPointExtension>
<gpxtpx:hr>177</gpxtpx:hr>
<gpxtpx:cad>177</gpxtpx:cad>
</gpxtpx:TrackPointExtension>
</extensions>
</trkpt>
<trkpt lat="33.5893223" lon="130.3766199">
<ele>0.991</ele>
<time>2026-05-30T21:47:33Z</time>
<extensions>
<gpxtpx:TrackPointExtension>
<gpxtpx:hr>176</gpxtpx:hr>
</gpxtpx:TrackPointExtension>
</extensions>
</trkpt>
<trkpt lat="33.5893336" lon="130.3765867">
<ele>0.999</ele>
<time>2026-05-30T21:47:34Z</time>
<extensions>
<gpxtpx:TrackPointExtension>
<gpxtpx:hr>177</gpxtpx:hr>
<gpxtpx:cad>175</gpxtpx:cad>
</gpxtpx:TrackPointExtension>
</extensions>
</trkpt>
<trkpt lat="33.5893433" lon="130.376552">
<ele>0.937</ele>
<time>2026-05-30T21:47:35Z</time>
<extensions>
<gpxtpx:TrackPointExtension>
<gpxtpx:hr>177</gpxtpx:hr>
</gpxtpx:TrackPointExtension>
</extensions>
</trkpt>
<trkpt lat="33.5893521" lon="130.3765167">
<ele>0.965</ele>
<time>2026-05-30T21:47:36Z</time>
<extensions>
<gpxtpx:TrackPointExtension>
<gpxtpx:hr>177</gpxtpx:hr>
</gpxtpx:TrackPointExtension>
</extensions>
</trkpt>
<trkpt lat="33.5893598" lon="130.3764814">
<ele>0.989</ele>
<time>2026-05-30T21:47:37Z</time>
<extensions>
<gpxtpx:TrackPointExtension>
<gpxtpx:hr>177</gpxtpx:hr>
</gpxtpx:TrackPointExtension>
</extensions>
</trkpt>
<trkpt lat="33.5893671" lon="130.3764462">
<ele>0.998</ele>
<time>2026-05-30T21:47:38Z</time>
<extensions>
<gpxtpx:TrackPointExtension>
<gpxtpx:hr>177</gpxtpx:hr>
</gpxtpx:TrackPointExtension>
</extensions>
</trkpt>
<trkpt lat="33.5893729" lon="130.3764121">
<ele>0.945</ele>
<time>2026-05-30T21:47:39Z</time>
<extensions>
<gpxtpx:TrackPointExtension>
<gpxtpx:hr>177</gpxtpx:hr>
<gpxtpx:cad>175</gpxtpx:cad>
</gpxtpx:TrackPointExtension>
</extensions>
</trkpt>
<trkpt lat="33.5893784" lon="130.3763784">
<ele>0.956</ele>
<time>2026-05-30T21:47:40Z</time>
<extensions>
<gpxtpx:TrackPointExtension>
<gpxtpx:hr>177</gpxtpx:hr>
</gpxtpx:TrackPointExtension>
</extensions>
</trkpt>
<trkpt lat="33.5893837" lon="130.3763447">
<ele>0.996</ele>
<time>2026-05-30T21:47:41Z</time>
<extensions>
<gpxtpx:TrackPointExtension>
<gpxtpx:hr>177</gpxtpx:hr>
</gpxtpx:TrackPointExtension>
</extensions>
</trkpt>
<trkpt lat="33.5893891" lon="130.3763108">
<ele>1.247</ele>
<time>2026-05-30T21:47:42Z</time>
<extensions>
<gpxtpx:TrackPointExtension>
<gpxtpx:hr>177</gpxtpx:hr>
</gpxtpx:TrackPointExtension>
</extensions>
</trkpt>
<trkpt lat="33.5893941" lon="130.3762754">
<ele>1.221</ele>
<time>2026-05-30T21:47:43Z</time>
<extensions>
<gpxtpx:TrackPointExtension>
<gpxtpx:hr>178</gpxtpx:hr>
</gpxtpx:TrackPointExtension>
</extensions>
</trkpt>
<trkpt lat="33.5893989" lon="130.3762399">
<ele>1.125</ele>
<time>2026-05-30T21:47:44Z</time>
<extensions>
<gpxtpx:TrackPointExtension>
<gpxtpx:hr>178</gpxtpx:hr>
<gpxtpx:cad>180</gpxtpx:cad>
</gpxtpx:TrackPointExtension>
</extensions>
</trkpt>
<trkpt lat="33.5894038" lon="130.3762043">
<ele>1.082</ele>
<time>2026-05-30T21:47:45Z</time>
<extensions>
<gpxtpx:TrackPointExtension>
<gpxtpx:hr>178</gpxtpx:hr>
</gpxtpx:TrackPointExtension>
</extensions>
</trkpt>
<trkpt lat="33.5894068" lon="130.3761664">
<ele>1.278</ele>
<time>2026-05-30T21:47:46Z</time>
<extensions>
<gpxtpx:TrackPointExtension>
<gpxtpx:hr>177</gpxtpx:hr>
</gpxtpx:TrackPointExtension>
</extensions>
</trkpt>
<trkpt lat="33.5894102" lon="130.3761288">
<ele>1.332</ele>
<time>2026-05-30T21:47:47Z</time>
<extensions>
<gpxtpx:TrackPointExtension>
<gpxtpx:hr>177</gpxtpx:hr>
</gpxtpx:TrackPointExtension>
</extensions>
</trkpt>
<trkpt lat="33.5894126" lon="130.3760902">
<ele>1.146</ele>
<time>2026-05-30T21:47:48Z</time>
<extensions>
<gpxtpx:TrackPointExtension>
<gpxtpx:hr>177</gpxtpx:hr>
</gpxtpx:TrackPointExtension>
</extensions>
</trkpt>
<trkpt lat="33.5894123" lon="130.3760503">
<ele>0.933</ele>
<time>2026-05-30T21:47:49Z</time>
<extensions>
<gpxtpx:TrackPointExtension>
<gpxtpx:hr>177</gpxtpx:hr>
<gpxtpx:cad>182</gpxtpx:cad>
</gpxtpx:TrackPointExtension>
</extensions>
</trkpt>
<trkpt lat="33.5894123" lon="130.3760104">
<ele>0.856</ele>
<time>2026-05-30T21:47:50Z</time>
<extensions>
<gpxtpx:TrackPointExtension>
<gpxtpx:hr>177</gpxtpx:hr>
</gpxtpx:TrackPointExtension>
</extensions>
</trkpt>
<trkpt lat="33.5894097" lon="130.3759701">
<ele>0.84</ele>
<time>2026-05-30T21:47:51Z</time>
</trkpt>
<trkpt lat="33.5894054" lon="130.3759308">
<ele>0.871</ele>
<time>2026-05-30T21:47:52Z</time>
<extensions>
<gpxtpx:TrackPointExtension>
<gpxtpx:hr>178</gpxtpx:hr>
</gpxtpx:TrackPointExtension>
</extensions>
</trkpt>
<trkpt lat="33.5894022" lon="130.3758917">
<ele>0.915</ele>
<time>2026-05-30T21:47:53Z</time>
<extensions>
<gpxtpx:TrackPointExtension>
<gpxtpx:hr>178</gpxtpx:hr>
</gpxtpx:TrackPointExtension>
</extensions>
</trkpt>
<trkpt lat="33.5893976" lon="130.3758548">
<ele>0.984</ele>
<time>2026-05-30T21:47:54Z</time>
<extensions>
<gpxtpx:TrackPointExtension>
<gpxtpx:hr>179</gpxtpx:hr>
<gpxtpx:cad>181</gpxtpx:cad>
</gpxtpx:TrackPointExtension>
</extensions>
</trkpt>
<trkpt lat="33.5893928" lon="130.3758188">
<ele>0.976</ele>
<time>2026-05-30T21:47:55Z</time>
<extensions>
<gpxtpx:TrackPointExtension>
<gpxtpx:hr>178</gpxtpx:hr>
</gpxtpx:TrackPointExtension>
</extensions>
</trkpt>
<trkpt lat="33.5893902" lon="130.3757802">
<ele>0.971</ele>
<time>2026-05-30T21:47:56Z</time>
<extensions>
<gpxtpx:TrackPointExtension>
<gpxtpx:hr>178</gpxtpx:hr>
</gpxtpx:TrackPointExtension>
</extensions>
</trkpt>
<trkpt lat="33.5893852" lon="130.3757435">
<ele>0.99</ele>
<time>2026-05-30T21:47:57Z</time>
<extensions>
<gpxtpx:TrackPointExtension>
<gpxtpx:hr>178</gpxtpx:hr>
</gpxtpx:TrackPointExtension>
</extensions>
</trkpt>
<trkpt lat="33.5893805" lon="130.375706">
<ele>1.038</ele>
<time>2026-05-30T21:47:58Z</time>
<extensions>
<gpxtpx:TrackPointExtension>
<gpxtpx:hr>177</gpxtpx:hr>
</gpxtpx:TrackPointExtension>
</extensions>
</trkpt>
<trkpt lat="33.5893755" lon="130.3756687">
<ele>1.058</ele>
<time>2026-05-30T21:47:59Z</time>
<extensions>
<gpxtpx:TrackPointExtension>
<gpxtpx:hr>177</gpxtpx:hr>
<gpxtpx:cad>181</gpxtpx:cad>
</gpxtpx:TrackPointExtension>
</extensions>
</trkpt>
<trkpt lat="33.5893711" lon="130.3756313">
<ele>1.154</ele>
<time>2026-05-30T21:48:00Z</time>
<extensions>
<gpxtpx:TrackPointExtension>
<gpxtpx:hr>177</gpxtpx:hr>
</gpxtpx:TrackPointExtension>
</extensions>
</trkpt>
<trkpt lat="33.5893667" lon="130.3755947">
<ele>1.224</ele>
<time>2026-05-30T21:48:01Z</time>
<extensions>
<gpxtpx:TrackPointExtension>
<gpxtpx:hr>176</gpxtpx:hr>
<gpxtpx:cad>181</gpxtpx:cad>
</gpxtpx:TrackPointExtension>
</extensions>
</trkpt>
<trkpt lat="33.589362" lon="130.3755588">
<ele>1.172</ele>
<time>2026-05-30T21:48:02Z</time>
<extensions>
<gpxtpx:TrackPointExtension>
<gpxtpx:hr>176</gpxtpx:hr>
</gpxtpx:TrackPointExtension>
</extensions>
</trkpt>
<trkpt lat="33.5893568" lon="130.375523">
<ele>1.144</ele>
<time>2026-05-30T21:48:03Z</time>
<extensions>
<gpxtpx:TrackPointExtension>
<gpxtpx:hr>175</gpxtpx:hr>
</gpxtpx:TrackPointExtension>
</extensions>
</trkpt>
<trkpt lat="33.5893506" lon="130.3754869">
<ele>1.147</ele>
<time>2026-05-30T21:48:04Z</time>
<extensions>
<gpxtpx:TrackPointExtension>
<gpxtpx:hr>175</gpxtpx:hr>
<gpxtpx:cad>181</gpxtpx:cad>
</gpxtpx:TrackPointExtension>
</extensions>
</trkpt>
<trkpt lat="33.5893431" lon="130.3754502">
<ele>1.138</ele>
<time>2026-05-30T21:48:05Z</time>
<extensions>
<gpxtpx:TrackPointExtension>
<gpxtpx:hr>175</gpxtpx:hr>
</gpxtpx:TrackPointExtension>
</extensions>
</trkpt>
<trkpt lat="33.5893336" lon="130.3754125">
<ele>1.126</ele>
<time>2026-05-30T21:48:06Z</time>
<extensions>
<gpxtpx:TrackPointExtension>
<gpxtpx:hr>176</gpxtpx:hr>
</gpxtpx:TrackPointExtension>
</extensions>
</trkpt>
<trkpt lat="33.5893244" lon="130.3753749">
<ele>1.169</ele>
<time>2026-05-30T21:48:07Z</time>
<extensions>
<gpxtpx:TrackPointExtension>
<gpxtpx:hr>176</gpxtpx:hr>
</gpxtpx:TrackPointExtension>
</extensions>
</trkpt>
<trkpt lat="33.5893143" lon="130.3753371">
<ele>1.137</ele>
<time>2026-05-30T21:48:08Z</time>
<extensions>
<gpxtpx:TrackPointExtension>
<gpxtpx:hr>176</gpxtpx:hr>
</gpxtpx:TrackPointExtension>
</extensions>
</trkpt>
<trkpt lat="33.5893038" lon="130.3753003">
<ele>1.107</ele>
<time>2026-05-30T21:48:09Z</time>
<extensions>
<gpxtpx:TrackPointExtension>
<gpxtpx:hr>176</gpxtpx:hr>
<gpxtpx:cad>181</gpxtpx:cad>
</gpxtpx:TrackPointExtension>
</extensions>
</trkpt>
<trkpt lat="33.5892935" lon="130.3752632">
<ele>1.104</ele>
<time>2026-05-30T21:48:10Z</time>
<extensions>
<gpxtpx:TrackPointExtension>
<gpxtpx:hr>176</gpxtpx:hr>
</gpxtpx:TrackPointExtension>
</extensions>
</trkpt>
<trkpt lat="33.5892826" lon="130.3752279">
<ele>1.154</ele>
<time>2026-05-30T21:48:11Z</time>
<extensions>
<gpxtpx:TrackPointExtension>
<gpxtpx:hr>176</gpxtpx:hr>
</gpxtpx:TrackPointExtension>
</extensions>
</trkpt>
<trkpt lat="33.5892716" lon="130.3751928">
<ele>1.189</ele>
<time>2026-05-30T21:48:12Z</time>
<extensions>
<gpxtpx:TrackPointExtension>
<gpxtpx:hr>176</gpxtpx:hr>
</gpxtpx:TrackPointExtension>
</extensions>
</trkpt>
<trkpt lat="33.5892606" lon="130.375158">
<ele>1.239</ele>
<time>2026-05-30T21:48:13Z</time>
<extensions>
<gpxtpx:TrackPointExtension>
<gpxtpx:hr>176</gpxtpx:hr>
</gpxtpx:TrackPointExtension>
</extensions>
</trkpt>
<trkpt lat="33.5892492" lon="130.3751239">
<ele>1.28</ele>
<time>2026-05-30T21:48:14Z</time>
<extensions>
<gpxtpx:TrackPointExtension>
<gpxtpx:hr>176</gpxtpx:hr>
<gpxtpx:cad>181</gpxtpx:cad>
</gpxtpx:TrackPointExtension>
</extensions>
</trkpt>
<trkpt lat="33.5892376" lon="130.3750902">
<ele>1.274</ele>
<time>2026-05-30T21:48:15Z</time>
<extensions>
<gpxtpx:TrackPointExtension>
<gpxtpx:hr>177</gpxtpx:hr>
</gpxtpx:TrackPointExtension>
</extensions>
</trkpt>
<trkpt lat="33.5892258" lon="130.3750566">
<ele>1.26</ele>
<time>2026-05-30T21:48:16Z</time>
<extensions>
<gpxtpx:TrackPointExtension>
<gpxtpx:hr>177</gpxtpx:hr>
</gpxtpx:TrackPointExtension>
</extensions>
</trkpt>
<trkpt lat="33.5892142" lon="130.3750228">
<ele>1.21</ele>
<time>2026-05-30T21:48:17Z</time>
<extensions>
<gpxtpx:TrackPointExtension>
<gpxtpx:hr>177</gpxtpx:hr>
</gpxtpx:TrackPointExtension>
</extensions>
</trkpt>
<trkpt lat="33.5892028" lon="130.3749891">
<ele>1.266</ele>
<time>2026-05-30T21:48:18Z</time>
<extensions>
<gpxtpx:TrackPointExtension>
<gpxtpx:hr>177</gpxtpx:hr>
</gpxtpx:TrackPointExtension>
</extensions>
</trkpt>
<trkpt lat="33.5891915" lon="130.3749554">
<ele>1.273</ele>
<time>2026-05-30T21:48:19Z</time>
<extensions>
<gpxtpx:TrackPointExtension>
<gpxtpx:hr>177</gpxtpx:hr>
<gpxtpx:cad>181</gpxtpx:cad>
</gpxtpx:TrackPointExtension>
</extensions>
</trkpt>
<trkpt lat="33.5891798" lon="130.3749218">
<ele>1.23</ele>
<time>2026-05-30T21:48:20Z</time>
<extensions>
<gpxtpx:TrackPointExtension>
<gpxtpx:hr>177</gpxtpx:hr>
</gpxtpx:TrackPointExtension>
</extensions>
</trkpt>
<trkpt lat="33.5891664" lon="130.3748885">
<ele>1.234</ele>
<time>2026-05-30T21:48:21Z</time>
<extensions>
<gpxtpx:TrackPointExtension>
<gpxtpx:hr>177</gpxtpx:hr>
</gpxtpx:TrackPointExtension>
</extensions>
</trkpt>
<trkpt lat="33.5891525" lon="130.3748552">
<ele>1.239</ele>
<time>2026-05-30T21:48:22Z</time>
<extensions>
<gpxtpx:TrackPointExtension>
<gpxtpx:hr>177</gpxtpx:hr>
</gpxtpx:TrackPointExtension>
</extensions>
</trkpt>
<trkpt lat="33.589136" lon="130.3748219">
<ele>1.279</ele>
<time>2026-05-30T21:48:23Z</time>
<extensions>
<gpxtpx:TrackPointExtension>
<gpxtpx:hr>177</gpxtpx:hr>
</gpxtpx:TrackPointExtension>
</extensions>
</trkpt>
<trkpt lat="33.5891196" lon="130.3747886">
<ele>1.211</ele>
<time>2026-05-30T21:48:24Z</time>
<extensions>
<gpxtpx:TrackPointExtension>
<gpxtpx:hr>177</gpxtpx:hr>
<gpxtpx:cad>181</gpxtpx:cad>
</gpxtpx:TrackPointExtension>
</extensions>
</trkpt>
<trkpt lat="33.5891023" lon="130.3747555">
<ele>1.216</ele>
<time>2026-05-30T21:48:25Z</time>
<extensions>
<gpxtpx:TrackPointExtension>
<gpxtpx:hr>177</gpxtpx:hr>
</gpxtpx:TrackPointExtension>
</extensions>
</trkpt>
<trkpt lat="33.5890842" lon="130.3747225">
<ele>1.249</ele>
<time>2026-05-30T21:48:26Z</time>
<extensions>
<gpxtpx:TrackPointExtension>
<gpxtpx:hr>176</gpxtpx:hr>
</gpxtpx:TrackPointExtension>
</extensions>
</trkpt>
<trkpt lat="33.5890656" lon="130.3746897">
<ele>1.183</ele>
<time>2026-05-30T21:48:27Z</time>
<extensions>
<gpxtpx:TrackPointExtension>
<gpxtpx:hr>176</gpxtpx:hr>
</gpxtpx:TrackPointExtension>
</extensions>
</trkpt>
<trkpt lat="33.5890466" lon="130.3746573">
<ele>1.076</ele>
<time>2026-05-30T21:48:28Z</time>
<extensions>
<gpxtpx:TrackPointExtension>
<gpxtpx:hr>176</gpxtpx:hr>
</gpxtpx:TrackPointExtension>
</extensions>
</trkpt>
<trkpt lat="33.5890274" lon="130.3746252">
<ele>1.203</ele>
<time>2026-05-30T21:48:29Z</time>
<extensions>
<gpxtpx:TrackPointExtension>
<gpxtpx:hr>177</gpxtpx:hr>
<gpxtpx:cad>183</gpxtpx:cad>
</gpxtpx:TrackPointExtension>
</extensions>
</trkpt>
<trkpt lat="33.5890081" lon="130.3745933">
<ele>1.218</ele>
<time>2026-05-30T21:48:30Z</time>
<extensions>
<gpxtpx:TrackPointExtension>
<gpxtpx:hr>177</gpxtpx:hr>
<gpxtpx:cad>184</gpxtpx:cad>
</gpxtpx:TrackPointExtension>
</extensions>
</trkpt>
<trkpt lat="33.5889887" lon="130.3745619">
<ele>1.289</ele>
<time>2026-05-30T21:48:31Z</time>
<extensions>
<gpxtpx:TrackPointExtension>
<gpxtpx:hr>178</gpxtpx:hr>
</gpxtpx:TrackPointExtension>
</extensions>
</trkpt>
<trkpt lat="33.5889694" lon="130.3745309">
<ele>1.4</ele>
<time>2026-05-30T21:48:32Z</time>
<extensions>
<gpxtpx:TrackPointExtension>
<gpxtpx:hr>178</gpxtpx:hr>
</gpxtpx:TrackPointExtension>
</extensions>
</trkpt>
<trkpt lat="33.58895" lon="130.3745003">
<ele>1.416</ele>
<time>2026-05-30T21:48:33Z</time>
<extensions>
<gpxtpx:TrackPointExtension>
<gpxtpx:hr>178</gpxtpx:hr>
</gpxtpx:TrackPointExtension>
</extensions>
</trkpt>
<trkpt lat="33.5889304" lon="130.3744703">
<ele>1.448</ele>
<time>2026-05-30T21:48:34Z</time>
<extensions>
<gpxtpx:TrackPointExtension>
<gpxtpx:hr>178</gpxtpx:hr>
<gpxtpx:cad>187</gpxtpx:cad>
</gpxtpx:TrackPointExtension>
</extensions>
</trkpt>
<trkpt lat="33.5889107" lon="130.3744405">
<ele>1.477</ele>
<time>2026-05-30T21:48:35Z</time>
<extensions>
<gpxtpx:TrackPointExtension>
<gpxtpx:hr>178</gpxtpx:hr>
<gpxtpx:cad>188</gpxtpx:cad>
</gpxtpx:TrackPointExtension>
</extensions>
</trkpt>
<trkpt lat="33.5888901" lon="130.374412">
<ele>1.494</ele>
<time>2026-05-30T21:48:36Z</time>
<extensions>
<gpxtpx:TrackPointExtension>
<gpxtpx:hr>178</gpxtpx:hr>
</gpxtpx:TrackPointExtension>
</extensions>
</trkpt>
<trkpt lat="33.5888695" lon="130.3743834">
<ele>1.593</ele>
<time>2026-05-30T21:48:37Z</time>
<extensions>
<gpxtpx:TrackPointExtension>
<gpxtpx:hr>178</gpxtpx:hr>
</gpxtpx:TrackPointExtension>
</extensions>
</trkpt>
<trkpt lat="33.5888484" lon="130.3743553">
<ele>1.632</ele>
<time>2026-05-30T21:48:38Z</time>
<extensions>
<gpxtpx:TrackPointExtension>
<gpxtpx:hr>177</gpxtpx:hr>
</gpxtpx:TrackPointExtension>
</extensions>
</trkpt>
<trkpt lat="33.5888269" lon="130.3743277">
<ele>1.691</ele>
<time>2026-05-30T21:48:39Z</time>
<extensions>
<gpxtpx:TrackPointExtension>
<gpxtpx:hr>178</gpxtpx:hr>
<gpxtpx:cad>186</gpxtpx:cad>
</gpxtpx:TrackPointExtension>
</extensions>
</trkpt>
<trkpt lat="33.5888049" lon="130.3743005">
<ele>1.781</ele>
<time>2026-05-30T21:48:40Z</time>
<extensions>
<gpxtpx:TrackPointExtension>
<gpxtpx:hr>178</gpxtpx:hr>
</gpxtpx:TrackPointExtension>
</extensions>
</trkpt>
<trkpt lat="33.5887825" lon="130.3742738">
<ele>1.827</ele>
<time>2026-05-30T21:48:41Z</time>
<extensions>
<gpxtpx:TrackPointExtension>
<gpxtpx:hr>179</gpxtpx:hr>
</gpxtpx:TrackPointExtension>
</extensions>
</trkpt>
<trkpt lat="33.5887597" lon="130.3742475">
<ele>1.876</ele>
<time>2026-05-30T21:48:42Z</time>
<extensions>
<gpxtpx:TrackPointExtension>
<gpxtpx:hr>179</gpxtpx:hr>
</gpxtpx:TrackPointExtension>
</extensions>
</trkpt>
<trkpt lat="33.5887364" lon="130.3742219">
<ele>1.982</ele>
<time>2026-05-30T21:48:43Z</time>
<extensions>
<gpxtpx:TrackPointExtension>
<gpxtpx:hr>180</gpxtpx:hr>
</gpxtpx:TrackPointExtension>
</extensions>
</trkpt>
<trkpt lat="33.5887123" lon="130.3741974">
<ele>1.942</ele>
<time>2026-05-30T21:48:44Z</time>
<extensions>
<gpxtpx:TrackPointExtension>
<gpxtpx:hr>181</gpxtpx:hr>
<gpxtpx:cad>182</gpxtpx:cad>
</gpxtpx:TrackPointExtension>
</extensions>
</trkpt>
<trkpt lat="33.5886885" lon="130.3741726">
<ele>1.902</ele>
<time>2026-05-30T21:48:45Z</time>
<extensions>
<gpxtpx:TrackPointExtension>
<gpxtpx:hr>181</gpxtpx:hr>
</gpxtpx:TrackPointExtension>
</extensions>
</trkpt>
<trkpt lat="33.5886635" lon="130.37415">
<ele>1.931</ele>
<time>2026-05-30T21:48:46Z</time>
<extensions>
<gpxtpx:TrackPointExtension>
<gpxtpx:hr>181</gpxtpx:hr>
</gpxtpx:TrackPointExtension>
</extensions>
</trkpt>
<trkpt lat="33.5886387" lon="130.3741269">
<ele>2.178</ele>
<time>2026-05-30T21:48:47Z</time>
<extensions>
<gpxtpx:TrackPointExtension>
<gpxtpx:hr>180</gpxtpx:hr>
</gpxtpx:TrackPointExtension>
</extensions>
</trkpt>
<trkpt lat="33.5886132" lon="130.3741061">
<ele>2.263</ele>
<time>2026-05-30T21:48:48Z</time>
<extensions>
<gpxtpx:TrackPointExtension>
<gpxtpx:hr>180</gpxtpx:hr>
</gpxtpx:TrackPointExtension>
</extensions>
</trkpt>
<trkpt lat="33.5885875" lon="130.3740862">
<ele>2.351</ele>
<time>2026-05-30T21:48:49Z</time>
<extensions>
<gpxtpx:TrackPointExtension>
<gpxtpx:hr>179</gpxtpx:hr>
<gpxtpx:cad>177</gpxtpx:cad>
</gpxtpx:TrackPointExtension>
</extensions>
</trkpt>
<trkpt lat="33.5885614" lon="130.374067">
<ele>2.492</ele>
<time>2026-05-30T21:48:50Z</time>
<extensions>
<gpxtpx:TrackPointExtension>
<gpxtpx:hr>180</gpxtpx:hr>
</gpxtpx:TrackPointExtension>
</extensions>
</trkpt>
<trkpt lat="33.5885355" lon="130.3740466">
<ele>2.741</ele>
<time>2026-05-30T21:48:51Z</time>
<extensions>
<gpxtpx:TrackPointExtension>
<gpxtpx:hr>180</gpxtpx:hr>
</gpxtpx:TrackPointExtension>
</extensions>
</trkpt>
<trkpt lat="33.5885087" lon="130.3740255">
<ele>2.862</ele>
<time>2026-05-30T21:48:52Z</time>
<extensions>
<gpxtpx:TrackPointExtension>
<gpxtpx:hr>181</gpxtpx:hr>
</gpxtpx:TrackPointExtension>
</extensions>
</trkpt>
<trkpt lat="33.5884826" lon="130.3740036">
<ele>3.012</ele>
<time>2026-05-30T21:48:53Z</time>
<extensions>
<gpxtpx:TrackPointExtension>
<gpxtpx:hr>181</gpxtpx:hr>
</gpxtpx:TrackPointExtension>
</extensions>
</trkpt>
<trkpt lat="33.5884567" lon="130.3739827">
<ele>3.018</ele>
<time>2026-05-30T21:48:54Z</time>
<extensions>
<gpxtpx:TrackPointExtension>
<gpxtpx:hr>181</gpxtpx:hr>
<gpxtpx:cad>176</gpxtpx:cad>
</gpxtpx:TrackPointExtension>
</extensions>
</trkpt>
<trkpt lat="33.5884305" lon="130.3739597">
<ele>3.059</ele>
<time>2026-05-30T21:48:55Z</time>
<extensions>
<gpxtpx:TrackPointExtension>
<gpxtpx:hr>181</gpxtpx:hr>
</gpxtpx:TrackPointExtension>
</extensions>
</trkpt>
<trkpt lat="33.5884043" lon="130.3739388">
<ele>3.065</ele>
<time>2026-05-30T21:48:56Z</time>
<extensions>
<gpxtpx:TrackPointExtension>
<gpxtpx:hr>181</gpxtpx:hr>
</gpxtpx:TrackPointExtension>
</extensions>
</trkpt>
<trkpt lat="33.588378" lon="130.3739172">
<ele>2.939</ele>
<time>2026-05-30T21:48:57Z</time>
<extensions>
<gpxtpx:TrackPointExtension>
<gpxtpx:hr>182</gpxtpx:hr>
</gpxtpx:TrackPointExtension>
</extensions>
</trkpt>
<trkpt lat="33.5883524" lon="130.373892">
<ele>2.765</ele>
<time>2026-05-30T21:48:58Z</time>
<extensions>
<gpxtpx:TrackPointExtension>
<gpxtpx:hr>182</gpxtpx:hr>
<gpxtpx:cad>179</gpxtpx:cad>
</gpxtpx:TrackPointExtension>
</extensions>
</trkpt>
<trkpt lat="33.5883268" lon="130.3738681">
<ele>2.731</ele>
<time>2026-05-30T21:48:59Z</time>
<extensions>
<gpxtpx:TrackPointExtension>
<gpxtpx:hr>182</gpxtpx:hr>
<gpxtpx:cad>180</gpxtpx:cad>
</gpxtpx:TrackPointExtension>
</extensions>
</trkpt>
<trkpt lat="33.5883012" lon="130.3738443">
<ele>2.476</ele>
<time>2026-05-30T21:49:00Z</time>
<extensions>
<gpxtpx:TrackPointExtension>
<gpxtpx:hr>181</gpxtpx:hr>
</gpxtpx:TrackPointExtension>
</extensions>
</trkpt>
<trkpt lat="33.5882759" lon="130.3738201">
<ele>2.275</ele>
<time>2026-05-30T21:49:01Z</time>
<extensions>
<gpxtpx:TrackPointExtension>
<gpxtpx:hr>181</gpxtpx:hr>
</gpxtpx:TrackPointExtension>
</extensions>
</trkpt>
<trkpt lat="33.5882512" lon="130.3737952">
<ele>2.173</ele>
<time>2026-05-30T21:49:02Z</time>
<extensions>
<gpxtpx:TrackPointExtension>
<gpxtpx:hr>180</gpxtpx:hr>
</gpxtpx:TrackPointExtension>
</extensions>
</trkpt>
<trkpt lat="33.5882251" lon="130.3737712">
<ele>2.128</ele>
<time>2026-05-30T21:49:03Z</time>
<extensions>
<gpxtpx:TrackPointExtension>
<gpxtpx:hr>179</gpxtpx:hr>
</gpxtpx:TrackPointExtension>
</extensions>
</trkpt>
<trkpt lat="33.5882006" lon="130.3737466">
<ele>2.043</ele>
<time>2026-05-30T21:49:04Z</time>
<extensions>
<gpxtpx:TrackPointExtension>
<gpxtpx:hr>179</gpxtpx:hr>
<gpxtpx:cad>180</gpxtpx:cad>
</gpxtpx:TrackPointExtension>
</extensions>
</trkpt>
<trkpt lat="33.5881752" lon="130.3737214">
<ele>2.03</ele>
<time>2026-05-30T21:49:05Z</time>
<extensions>
<gpxtpx:TrackPointExtension>
<gpxtpx:hr>178</gpxtpx:hr>
</gpxtpx:TrackPointExtension>
</extensions>
</trkpt>
<trkpt lat="33.5881507" lon="130.3736981">
<ele>1.961</ele>
<time>2026-05-30T21:49:06Z</time>
<extensions>
<gpxtpx:TrackPointExtension>
<gpxtpx:hr>177</gpxtpx:hr>
</gpxtpx:TrackPointExtension>
</extensions>
</trkpt>
<trkpt lat="33.5881261" lon="130.3736721">
<ele>1.817</ele>
<time>2026-05-30T21:49:07Z</time>
</trkpt>
<trkpt lat="33.5881014" lon="130.3736502">
<ele>1.752</ele>
<time>2026-05-30T21:49:08Z</time>
<extensions>
<gpxtpx:TrackPointExtension>
<gpxtpx:hr>177</gpxtpx:hr>
</gpxtpx:TrackPointExtension>
</extensions>
</trkpt>
<trkpt lat="33.5880769" lon="130.3736271">
<ele>1.756</ele>
<time>2026-05-30T21:49:09Z</time>
<extensions>
<gpxtpx:TrackPointExtension>
<gpxtpx:hr>176</gpxtpx:hr>
<gpxtpx:cad>179</gpxtpx:cad>
</gpxtpx:TrackPointExtension>
</extensions>
</trkpt>
<trkpt lat="33.5880515" lon="130.3736076">
<ele>1.778</ele>
<time>2026-05-30T21:49:10Z</time>
<extensions>
<gpxtpx:TrackPointExtension>
<gpxtpx:hr>176</gpxtpx:hr>
</gpxtpx:TrackPointExtension>
</extensions>
</trkpt>
<trkpt lat="33.588027" lon="130.3735853">
<ele>1.702</ele>
<time>2026-05-30T21:49:11Z</time>
<extensions>
<gpxtpx:TrackPointExtension>
<gpxtpx:hr>175</gpxtpx:hr>
</gpxtpx:TrackPointExtension>
</extensions>
</trkpt>
<trkpt lat="33.5879998" lon="130.3735707">
<ele>1.654</ele>
<time>2026-05-30T21:49:12Z</time>
<extensions>
<gpxtpx:TrackPointExtension>
<gpxtpx:hr>175</gpxtpx:hr>
</gpxtpx:TrackPointExtension>
</extensions>
</trkpt>
<trkpt lat="33.5879745" lon="130.3735513">
<ele>1.652</ele>
<time>2026-05-30T21:49:13Z</time>
<extensions>
<gpxtpx:TrackPointExtension>
<gpxtpx:hr>176</gpxtpx:hr>
</gpxtpx:TrackPointExtension>
</extensions>
</trkpt>
<trkpt lat="33.5879472" lon="130.3735371">
<ele>1.615</ele>
<time>2026-05-30T21:49:14Z</time>
<extensions>
<gpxtpx:TrackPointExtension>
<gpxtpx:hr>176</gpxtpx:hr>
<gpxtpx:cad>180</gpxtpx:cad>
</gpxtpx:TrackPointExtension>
</extensions>
</trkpt>
<trkpt lat="33.5879205" lon="130.3735215">
<ele>1.576</ele>
<time>2026-05-30T21:49:15Z</time>
<extensions>
<gpxtpx:TrackPointExtension>
<gpxtpx:hr>176</gpxtpx:hr>
</gpxtpx:TrackPointExtension>
</extensions>
</trkpt>
<trkpt lat="33.5878916" lon="130.3735113">
<ele>1.539</ele>
<time>2026-05-30T21:49:16Z</time>
<extensions>
<gpxtpx:TrackPointExtension>
<gpxtpx:hr>176</gpxtpx:hr>
</gpxtpx:TrackPointExtension>
</extensions>
</trkpt>
<trkpt lat="33.5878619" lon="130.373503">
<ele>1.469</ele>
<time>2026-05-30T21:49:17Z</time>
<extensions>
<gpxtpx:TrackPointExtension>
<gpxtpx:hr>176</gpxtpx:hr>
</gpxtpx:TrackPointExtension>
</extensions>
</trkpt>
<trkpt lat="33.587832" lon="130.373495">
<ele>1.396</ele>
<time>2026-05-30T21:49:18Z</time>
<extensions>
<gpxtpx:TrackPointExtension>
<gpxtpx:hr>175</gpxtpx:hr>
</gpxtpx:TrackPointExtension>
</extensions>
</trkpt>
<trkpt lat="33.5878005" lon="130.3734934">
<ele>1.317</ele>
<time>2026-05-30T21:49:19Z</time>
<extensions>
<gpxtpx:TrackPointExtension>
<gpxtpx:hr>175</gpxtpx:hr>
<gpxtpx:cad>180</gpxtpx:cad>
</gpxtpx:TrackPointExtension>
</extensions>
</trkpt>
<trkpt lat="33.5877699" lon="130.3734881">
<ele>1.258</ele>
<time>2026-05-30T21:49:20Z</time>
<extensions>
<gpxtpx:TrackPointExtension>
<gpxtpx:hr>175</gpxtpx:hr>
</gpxtpx:TrackPointExtension>
</extensions>
</trkpt>
<trkpt lat="33.5877394" lon="130.3734874">
<ele>1.256</ele>
<time>2026-05-30T21:49:21Z</time>
<extensions>
<gpxtpx:TrackPointExtension>
<gpxtpx:hr>175</gpxtpx:hr>
</gpxtpx:TrackPointExtension>
</extensions>
</trkpt>
<trkpt lat="33.5877093" lon="130.3734854">
<ele>1.261</ele>
<time>2026-05-30T21:49:22Z</time>
<extensions>
<gpxtpx:TrackPointExtension>
<gpxtpx:hr>174</gpxtpx:hr>
</gpxtpx:TrackPointExtension>
</extensions>
</trkpt>
<trkpt lat="33.58768" lon="130.3734852">
<ele>1.248</ele>
<time>2026-05-30T21:49:23Z</time>
<extensions>
<gpxtpx:TrackPointExtension>
<gpxtpx:hr>175</gpxtpx:hr>
</gpxtpx:TrackPointExtension>
</extensions>
</trkpt>
<trkpt lat="33.5876493" lon="130.3734827">
<ele>1.236</ele>
<time>2026-05-30T21:49:24Z</time>
<extensions>
<gpxtpx:TrackPointExtension>
<gpxtpx:hr>175</gpxtpx:hr>
<gpxtpx:cad>180</gpxtpx:cad>
</gpxtpx:TrackPointExtension>
</extensions>
</trkpt>
<trkpt lat="33.5876205" lon="130.3734837">
<ele>1.251</ele>
<time>2026-05-30T21:49:25Z</time>
<extensions>
<gpxtpx:TrackPointExtension>
<gpxtpx:hr>175</gpxtpx:hr>
</gpxtpx:TrackPointExtension>
</extensions>
</trkpt>
<trkpt lat="33.5875914" lon="130.3734844">
<ele>1.225</ele>
<time>2026-05-30T21:49:26Z</time>
<extensions>
<gpxtpx:TrackPointExtension>
<gpxtpx:hr>175</gpxtpx:hr>
<gpxtpx:cad>181</gpxtpx:cad>
</gpxtpx:TrackPointExtension>
</extensions>
</trkpt>
<trkpt lat="33.5875622" lon="130.3734856">
<ele>1.205</ele>
<time>2026-05-30T21:49:27Z</time>
<extensions>
<gpxtpx:TrackPointExtension>
<gpxtpx:hr>175</gpxtpx:hr>
</gpxtpx:TrackPointExtension>
</extensions>
</trkpt>
<trkpt lat="33.5875328" lon="130.3734872">
<ele>1.21</ele>
<time>2026-05-30T21:49:28Z</time>
<extensions>
<gpxtpx:TrackPointExtension>
<gpxtpx:hr>175</gpxtpx:hr>
</gpxtpx:TrackPointExtension>
</extensions>
</trkpt>
<trkpt lat="33.5875034" lon="130.373489">
<ele>1.174</ele>
<time>2026-05-30T21:49:29Z</time>
<extensions>
<gpxtpx:TrackPointExtension>
<gpxtpx:hr>176</gpxtpx:hr>
<gpxtpx:cad>181</gpxtpx:cad>
</gpxtpx:TrackPointExtension>
</extensions>
</trkpt>
<trkpt lat="33.5874743" lon="130.373491">
<ele>1.19</ele>
<time>2026-05-30T21:49:30Z</time>
<extensions>
<gpxtpx:TrackPointExtension>
<gpxtpx:hr>176</gpxtpx:hr>
</gpxtpx:TrackPointExtension>
</extensions>
</trkpt>
<trkpt lat="33.5874455" lon="130.3734932">
<ele>1.162</ele>
<time>2026-05-30T21:49:31Z</time>
<extensions>
<gpxtpx:TrackPointExtension>
<gpxtpx:hr>176</gpxtpx:hr>
</gpxtpx:TrackPointExtension>
</extensions>
</trkpt>
<trkpt lat="33.587417" lon="130.3734943">
<ele>1.203</ele>
<time>2026-05-30T21:49:32Z</time>
<extensions>
<gpxtpx:TrackPointExtension>
<gpxtpx:hr>176</gpxtpx:hr>
</gpxtpx:TrackPointExtension>
</extensions>
</trkpt>
<trkpt lat="33.5873889" lon="130.3734984">
<ele>1.23</ele>
<time>2026-05-30T21:49:33Z</time>
<extensions>
<gpxtpx:TrackPointExtension>
<gpxtpx:hr>176</gpxtpx:hr>
</gpxtpx:TrackPointExtension>
</extensions>
</trkpt>
<trkpt lat="33.5873606" lon="130.3735009">
<ele>1.207</ele>
<time>2026-05-30T21:49:34Z</time>
<extensions>
<gpxtpx:TrackPointExtension>
<gpxtpx:hr>176</gpxtpx:hr>
<gpxtpx:cad>181</gpxtpx:cad>
</gpxtpx:TrackPointExtension>
</extensions>
</trkpt>
<trkpt lat="33.5873325" lon="130.3735069">
<ele>1.186</ele>
<time>2026-05-30T21:49:35Z</time>
<extensions>
<gpxtpx:TrackPointExtension>
<gpxtpx:hr>176</gpxtpx:hr>
</gpxtpx:TrackPointExtension>
</extensions>
</trkpt>
<trkpt lat="33.5873043" lon="130.3735105">
<ele>1.18</ele>
<time>2026-05-30T21:49:36Z</time>
<extensions>
<gpxtpx:TrackPointExtension>
<gpxtpx:hr>176</gpxtpx:hr>
</gpxtpx:TrackPointExtension>
</extensions>
</trkpt>
<trkpt lat="33.5872764" lon="130.3735179">
<ele>1.131</ele>
<time>2026-05-30T21:49:37Z</time>
<extensions>
<gpxtpx:TrackPointExtension>
<gpxtpx:hr>176</gpxtpx:hr>
</gpxtpx:TrackPointExtension>
</extensions>
</trkpt>
<trkpt lat="33.5872485" lon="130.3735243">
<ele>1.095</ele>
<time>2026-05-30T21:49:38Z</time>
<extensions>
<gpxtpx:TrackPointExtension>
<gpxtpx:hr>176</gpxtpx:hr>
</gpxtpx:TrackPointExtension>
</extensions>
</trkpt>
<trkpt lat="33.587221" lon="130.3735332">
<ele>1.137</ele>
<time>2026-05-30T21:49:39Z</time>
<extensions>
<gpxtpx:TrackPointExtension>
<gpxtpx:hr>176</gpxtpx:hr>
<gpxtpx:cad>181</gpxtpx:cad>
</gpxtpx:TrackPointExtension>
</extensions>
</trkpt>
<trkpt lat="33.5871929" lon="130.3735393">
<ele>1.109</ele>
<time>2026-05-30T21:49:40Z</time>
<extensions>
<gpxtpx:TrackPointExtension>
<gpxtpx:hr>176</gpxtpx:hr>
</gpxtpx:TrackPointExtension>
</extensions>
</trkpt>
<trkpt lat="33.587165" lon="130.373547">
<ele>1.107</ele>
<time>2026-05-30T21:49:41Z</time>
<extensions>
<gpxtpx:TrackPointExtension>
<gpxtpx:hr>176</gpxtpx:hr>
</gpxtpx:TrackPointExtension>
</extensions>
</trkpt>
<trkpt lat="33.5871368" lon="130.3735537">
<ele>1.139</ele>
<time>2026-05-30T21:49:42Z</time>
<extensions>
<gpxtpx:TrackPointExtension>
<gpxtpx:hr>175</gpxtpx:hr>
</gpxtpx:TrackPointExtension>
</extensions>
</trkpt>
<trkpt lat="33.5871096" lon="130.373564">
<ele>1.105</ele>
<time>2026-05-30T21:49:43Z</time>
<extensions>
<gpxtpx:TrackPointExtension>
<gpxtpx:hr>175</gpxtpx:hr>
</gpxtpx:TrackPointExtension>
</extensions>
</trkpt>
<trkpt lat="33.5870821" lon="130.3735725">
<ele>1.093</ele>
<time>2026-05-30T21:49:44Z</time>
<extensions>
<gpxtpx:TrackPointExtension>
<gpxtpx:hr>176</gpxtpx:hr>
<gpxtpx:cad>181</gpxtpx:cad>
</gpxtpx:TrackPointExtension>
</extensions>
</trkpt>
<trkpt lat="33.5870552" lon="130.3735836">
<ele>1.144</ele>
<time>2026-05-30T21:49:45Z</time>
<extensions>
<gpxtpx:TrackPointExtension>
<gpxtpx:hr>176</gpxtpx:hr>
</gpxtpx:TrackPointExtension>
</extensions>
</trkpt>
<trkpt lat="33.5870282" lon="130.3735946">
<ele>1.252</ele>
<time>2026-05-30T21:49:46Z</time>
<extensions>
<gpxtpx:TrackPointExtension>
<gpxtpx:hr>176</gpxtpx:hr>
</gpxtpx:TrackPointExtension>
</extensions>
</trkpt>
<trkpt lat="33.587001" lon="130.3736054">
<ele>1.285</ele>
<time>2026-05-30T21:49:47Z</time>
<extensions>
<gpxtpx:TrackPointExtension>
<gpxtpx:hr>176</gpxtpx:hr>
</gpxtpx:TrackPointExtension>
</extensions>
</trkpt>
<trkpt lat="33.586974" lon="130.3736161">
<ele>1.299</ele>
<time>2026-05-30T21:49:48Z</time>
<extensions>
<gpxtpx:TrackPointExtension>
<gpxtpx:hr>176</gpxtpx:hr>
</gpxtpx:TrackPointExtension>
</extensions>
</trkpt>
<trkpt lat="33.5869466" lon="130.3736258">
<ele>1.292</ele>
<time>2026-05-30T21:49:49Z</time>
<extensions>
<gpxtpx:TrackPointExtension>
<gpxtpx:hr>176</gpxtpx:hr>
<gpxtpx:cad>181</gpxtpx:cad>
</gpxtpx:TrackPointExtension>
</extensions>
</trkpt>
<trkpt lat="33.5869195" lon="130.3736364">
<ele>1.338</ele>
<time>2026-05-30T21:49:50Z</time>
<extensions>
<gpxtpx:TrackPointExtension>
<gpxtpx:hr>176</gpxtpx:hr>
</gpxtpx:TrackPointExtension>
</extensions>
</trkpt>
<trkpt lat="33.5868913" lon="130.3736427">
<ele>1.37</ele>
<time>2026-05-30T21:49:51Z</time>
<extensions>
<gpxtpx:TrackPointExtension>
<gpxtpx:hr>175</gpxtpx:hr>
</gpxtpx:TrackPointExtension>
</extensions>
</trkpt>
<trkpt lat="33.5868632" lon="130.37365">
<ele>1.368</ele>
<time>2026-05-30T21:49:52Z</time>
<extensions>
<gpxtpx:TrackPointExtension>
<gpxtpx:hr>175</gpxtpx:hr>
</gpxtpx:TrackPointExtension>
</extensions>
</trkpt>
<trkpt lat="33.586835" lon="130.3736574">
<ele>1.452</ele>
<time>2026-05-30T21:49:53Z</time>
<extensions>
<gpxtpx:TrackPointExtension>
<gpxtpx:hr>175</gpxtpx:hr>
</gpxtpx:TrackPointExtension>
</extensions>
</trkpt>
<trkpt lat="33.5868061" lon="130.3736631">
<ele>1.457</ele>
<time>2026-05-30T21:49:54Z</time>
<extensions>
<gpxtpx:TrackPointExtension>
<gpxtpx:hr>176</gpxtpx:hr>
<gpxtpx:cad>180</gpxtpx:cad>
</gpxtpx:TrackPointExtension>
</extensions>
</trkpt>
<trkpt lat="33.5867785" lon="130.373672">
<ele>1.476</ele>
<time>2026-05-30T21:49:55Z</time>
<extensions>
<gpxtpx:TrackPointExtension>
<gpxtpx:hr>176</gpxtpx:hr>
</gpxtpx:TrackPointExtension>
</extensions>
</trkpt>
<trkpt lat="33.5867493" lon="130.3736768">
<ele>1.479</ele>
<time>2026-05-30T21:49:56Z</time>
<extensions>
<gpxtpx:TrackPointExtension>
<gpxtpx:hr>176</gpxtpx:hr>
</gpxtpx:TrackPointExtension>
</extensions>
</trkpt>
<trkpt lat="33.5867211" lon="130.3736832">
<ele>1.42</ele>
<time>2026-05-30T21:49:57Z</time>
<extensions>
<gpxtpx:TrackPointExtension>
<gpxtpx:hr>176</gpxtpx:hr>
</gpxtpx:TrackPointExtension>
</extensions>
</trkpt>
<trkpt lat="33.5866919" lon="130.3736876">
<ele>1.459</ele>
<time>2026-05-30T21:49:58Z</time>
<extensions>
<gpxtpx:TrackPointExtension>
<gpxtpx:hr>176</gpxtpx:hr>
<gpxtpx:cad>180</gpxtpx:cad>
</gpxtpx:TrackPointExtension>
</extensions>
</trkpt>
<trkpt lat="33.586662" lon="130.3736914">
<ele>1.506</ele>
<time>2026-05-30T21:49:59Z</time>
<extensions>
<gpxtpx:TrackPointExtension>
<gpxtpx:hr>177</gpxtpx:hr>
<gpxtpx:cad>180</gpxtpx:cad>
</gpxtpx:TrackPointExtension>
</extensions>
</trkpt>
<trkpt lat="33.586632" lon="130.373695">
<ele>1.649</ele>
<time>2026-05-30T21:50:00Z</time>
<extensions>
<gpxtpx:TrackPointExtension>
<gpxtpx:hr>177</gpxtpx:hr>
</gpxtpx:TrackPointExtension>
</extensions>
</trkpt>
<trkpt lat="33.5866013" lon="130.3736995">
<ele>1.696</ele>
<time>2026-05-30T21:50:01Z</time>
<extensions>
<gpxtpx:TrackPointExtension>
<gpxtpx:hr>177</gpxtpx:hr>
</gpxtpx:TrackPointExtension>
</extensions>
</trkpt>
<trkpt lat="33.5865703" lon="130.373705">
<ele>1.694</ele>
<time>2026-05-30T21:50:02Z</time>
<extensions>
<gpxtpx:TrackPointExtension>
<gpxtpx:hr>176</gpxtpx:hr>
</gpxtpx:TrackPointExtension>
</extensions>
</trkpt>
<trkpt lat="33.5865393" lon="130.3737115">
<ele>1.701</ele>
<time>2026-05-30T21:50:03Z</time>
<extensions>
<gpxtpx:TrackPointExtension>
<gpxtpx:hr>177</gpxtpx:hr>
</gpxtpx:TrackPointExtension>
</extensions>
</trkpt>
<trkpt lat="33.5865079" lon="130.3737209">
<ele>1.681</ele>
<time>2026-05-30T21:50:04Z</time>
<extensions>
<gpxtpx:TrackPointExtension>
<gpxtpx:hr>177</gpxtpx:hr>
<gpxtpx:cad>181</gpxtpx:cad>
</gpxtpx:TrackPointExtension>
</extensions>
</trkpt>
<trkpt lat="33.5864771" lon="130.373726">
<ele>1.684</ele>
<time>2026-05-30T21:50:05Z</time>
<extensions>
<gpxtpx:TrackPointExtension>
<gpxtpx:hr>177</gpxtpx:hr>
</gpxtpx:TrackPointExtension>
</extensions>
</trkpt>
<trkpt lat="33.5864458" lon="130.3737337">
<ele>1.631</ele>
<time>2026-05-30T21:50:06Z</time>
<extensions>
<gpxtpx:TrackPointExtension>
<gpxtpx:hr>176</gpxtpx:hr>
</gpxtpx:TrackPointExtension>
</extensions>
</trkpt>
<trkpt lat="33.5864137" lon="130.3737422">
<ele>1.645</ele>
<time>2026-05-30T21:50:07Z</time>
<extensions>
<gpxtpx:TrackPointExtension>
<gpxtpx:hr>176</gpxtpx:hr>
</gpxtpx:TrackPointExtension>
</extensions>
</trkpt>
<trkpt lat="33.5863821" lon="130.3737511">
<ele>1.656</ele>
<time>2026-05-30T21:50:08Z</time>
<extensions>
<gpxtpx:TrackPointExtension>
<gpxtpx:hr>176</gpxtpx:hr>
</gpxtpx:TrackPointExtension>
</extensions>
</trkpt>
<trkpt lat="33.5863499" lon="130.3737608">
<ele>1.681</ele>
<time>2026-05-30T21:50:09Z</time>
<extensions>
<gpxtpx:TrackPointExtension>
<gpxtpx:hr>177</gpxtpx:hr>
<gpxtpx:cad>180</gpxtpx:cad>
</gpxtpx:TrackPointExtension>
</extensions>
</trkpt>
<trkpt lat="33.5863182" lon="130.3737707">
<ele>1.697</ele>
<time>2026-05-30T21:50:10Z</time>
<extensions>
<gpxtpx:TrackPointExtension>
<gpxtpx:hr>177</gpxtpx:hr>
</gpxtpx:TrackPointExtension>
</extensions>
</trkpt>
<trkpt lat="33.5862853" lon="130.373782">
<ele>1.709</ele>
<time>2026-05-30T21:50:11Z</time>
<extensions>
<gpxtpx:TrackPointExtension>
<gpxtpx:hr>177</gpxtpx:hr>
</gpxtpx:TrackPointExtension>
</extensions>
</trkpt>
<trkpt lat="33.5862533" lon="130.3737922">
<ele>1.855</ele>
<time>2026-05-30T21:50:12Z</time>
<extensions>
<gpxtpx:TrackPointExtension>
<gpxtpx:hr>176</gpxtpx:hr>
</gpxtpx:TrackPointExtension>
</extensions>
</trkpt>
<trkpt lat="33.5862209" lon="130.3738034">
<ele>1.971</ele>
<time>2026-05-30T21:50:13Z</time>
<extensions>
<gpxtpx:TrackPointExtension>
<gpxtpx:hr>176</gpxtpx:hr>
</gpxtpx:TrackPointExtension>
</extensions>
</trkpt>
<trkpt lat="33.5861887" lon="130.3738145">
<ele>1.647</ele>
<time>2026-05-30T21:50:14Z</time>
<extensions>
<gpxtpx:TrackPointExtension>
<gpxtpx:hr>176</gpxtpx:hr>
<gpxtpx:cad>181</gpxtpx:cad>
</gpxtpx:TrackPointExtension>
</extensions>
</trkpt>
<trkpt lat="33.5861557" lon="130.3738255">
<ele>1.577</ele>
<time>2026-05-30T21:50:15Z</time>
<extensions>
<gpxtpx:TrackPointExtension>
<gpxtpx:hr>176</gpxtpx:hr>
</gpxtpx:TrackPointExtension>
</extensions>
</trkpt>
<trkpt lat="33.5861233" lon="130.3738371">
<ele>1.818</ele>
<time>2026-05-30T21:50:16Z</time>
<extensions>
<gpxtpx:TrackPointExtension>
<gpxtpx:hr>175</gpxtpx:hr>
</gpxtpx:TrackPointExtension>
</extensions>
</trkpt>
<trkpt lat="33.5860905" lon="130.3738472">
<ele>2.008</ele>
<time>2026-05-30T21:50:17Z</time>
<extensions>
<gpxtpx:TrackPointExtension>
<gpxtpx:hr>174</gpxtpx:hr>
</gpxtpx:TrackPointExtension>
</extensions>
</trkpt>
<trkpt lat="33.5860578" lon="130.3738585">
<ele>1.797</ele>
<time>2026-05-30T21:50:18Z</time>
<extensions>
<gpxtpx:TrackPointExtension>
<gpxtpx:hr>174</gpxtpx:hr>
</gpxtpx:TrackPointExtension>
</extensions>
</trkpt>
<trkpt lat="33.586025" lon="130.3738686">
<ele>1.651</ele>
<time>2026-05-30T21:50:19Z</time>
<extensions>
<gpxtpx:TrackPointExtension>
<gpxtpx:cad>183</gpxtpx:cad>
</gpxtpx:TrackPointExtension>
</extensions>
</trkpt>
<trkpt lat="33.5859922" lon="130.3738781">
<ele>1.634</ele>
<time>2026-05-30T21:50:20Z</time>
<extensions>
<gpxtpx:TrackPointExtension>
<gpxtpx:hr>174</gpxtpx:hr>
</gpxtpx:TrackPointExtension>
</extensions>
</trkpt>
<trkpt lat="33.5859594" lon="130.373887">
<ele>1.617</ele>
<time>2026-05-30T21:50:21Z</time>
<extensions>
<gpxtpx:TrackPointExtension>
<gpxtpx:hr>176</gpxtpx:hr>
</gpxtpx:TrackPointExtension>
</extensions>
</trkpt>
<trkpt lat="33.5859269" lon="130.3738936">
<ele>1.637</ele>
<time>2026-05-30T21:50:22Z</time>
<extensions>
<gpxtpx:TrackPointExtension>
<gpxtpx:hr>177</gpxtpx:hr>
</gpxtpx:TrackPointExtension>
</extensions>
</trkpt>
<trkpt lat="33.585894" lon="130.3739031">
<ele>1.565</ele>
<time>2026-05-30T21:50:23Z</time>
<extensions>
<gpxtpx:TrackPointExtension>
<gpxtpx:hr>177</gpxtpx:hr>
</gpxtpx:TrackPointExtension>
</extensions>
</trkpt>
<trkpt lat="33.585862" lon="130.3739079">
<ele>1.497</ele>
<time>2026-05-30T21:50:24Z</time>
<extensions>
<gpxtpx:TrackPointExtension>
<gpxtpx:hr>177</gpxtpx:hr>
<gpxtpx:cad>181</gpxtpx:cad>
</gpxtpx:TrackPointExtension>
</extensions>
</trkpt>
<trkpt lat="33.5858292" lon="130.3739164">
<ele>1.579</ele>
<time>2026-05-30T21:50:25Z</time>
<extensions>
<gpxtpx:TrackPointExtension>
<gpxtpx:hr>177</gpxtpx:hr>
<gpxtpx:cad>181</gpxtpx:cad>
</gpxtpx:TrackPointExtension>
</extensions>
</trkpt>
<trkpt lat="33.5857982" lon="130.3739196">
<ele>1.626</ele>
<time>2026-05-30T21:50:26Z</time>
<extensions>
<gpxtpx:TrackPointExtension>
<gpxtpx:hr>176</gpxtpx:hr>
</gpxtpx:TrackPointExtension>
</extensions>
</trkpt>
<trkpt lat="33.5857661" lon="130.3739267">
<ele>1.655</ele>
<time>2026-05-30T21:50:27Z</time>
<extensions>
<gpxtpx:TrackPointExtension>
<gpxtpx:hr>177</gpxtpx:hr>
</gpxtpx:TrackPointExtension>
</extensions>
</trkpt>
<trkpt lat="33.5857353" lon="130.3739305">
<ele>1.625</ele>
<time>2026-05-30T21:50:28Z</time>
<extensions>
<gpxtpx:TrackPointExtension>
<gpxtpx:hr>176</gpxtpx:hr>
</gpxtpx:TrackPointExtension>
</extensions>
</trkpt>
<trkpt lat="33.5857043" lon="130.3739338">
<ele>1.732</ele>
<time>2026-05-30T21:50:29Z</time>
<extensions>
<gpxtpx:TrackPointExtension>
<gpxtpx:hr>176</gpxtpx:hr>
<gpxtpx:cad>182</gpxtpx:cad>
</gpxtpx:TrackPointExtension>
</extensions>
</trkpt>
<trkpt lat="33.5856753" lon="130.3739347">
<ele>1.753</ele>
<time>2026-05-30T21:50:30Z</time>
<extensions>
<gpxtpx:TrackPointExtension>
<gpxtpx:hr>176</gpxtpx:hr>
</gpxtpx:TrackPointExtension>
</extensions>
</trkpt>
<trkpt lat="33.5856456" lon="130.3739367">
<ele>1.732</ele>
<time>2026-05-30T21:50:31Z</time>
<extensions>
<gpxtpx:TrackPointExtension>
<gpxtpx:hr>176</gpxtpx:hr>
</gpxtpx:TrackPointExtension>
</extensions>
</trkpt>
<trkpt lat="33.5856161" lon="130.3739382">
<ele>1.598</ele>
<time>2026-05-30T21:50:32Z</time>
<extensions>
<gpxtpx:TrackPointExtension>
<gpxtpx:hr>176</gpxtpx:hr>
</gpxtpx:TrackPointExtension>
</extensions>
</trkpt>
<trkpt lat="33.585586" lon="130.3739394">
<ele>1.582</ele>
<time>2026-05-30T21:50:33Z</time>
<extensions>
<gpxtpx:TrackPointExtension>
<gpxtpx:hr>176</gpxtpx:hr>
</gpxtpx:TrackPointExtension>
</extensions>
</trkpt>
<trkpt lat="33.5855561" lon="130.3739406">
<ele>1.631</ele>
<time>2026-05-30T21:50:34Z</time>
<extensions>
<gpxtpx:TrackPointExtension>
<gpxtpx:hr>176</gpxtpx:hr>
<gpxtpx:cad>182</gpxtpx:cad>
</gpxtpx:TrackPointExtension>
</extensions>
</trkpt>
<trkpt lat="33.5855275" lon="130.3739411">
<ele>1.648</ele>
<time>2026-05-30T21:50:35Z</time>
<extensions>
<gpxtpx:TrackPointExtension>
<gpxtpx:hr>176</gpxtpx:hr>
</gpxtpx:TrackPointExtension>
</extensions>
</trkpt>
<trkpt lat="33.5854991" lon="130.3739414">
<ele>1.665</ele>
<time>2026-05-30T21:50:36Z</time>
<extensions>
<gpxtpx:TrackPointExtension>
<gpxtpx:hr>176</gpxtpx:hr>
</gpxtpx:TrackPointExtension>
</extensions>
</trkpt>
<trkpt lat="33.5854706" lon="130.3739416">
<ele>1.665</ele>
<time>2026-05-30T21:50:37Z</time>
<extensions>
<gpxtpx:TrackPointExtension>
<gpxtpx:hr>176</gpxtpx:hr>
</gpxtpx:TrackPointExtension>
</extensions>
</trkpt>
<trkpt lat="33.5854415" lon="130.373942">
<ele>1.639</ele>
<time>2026-05-30T21:50:38Z</time>
<extensions>
<gpxtpx:TrackPointExtension>
<gpxtpx:hr>176</gpxtpx:hr>
</gpxtpx:TrackPointExtension>
</extensions>
</trkpt>
<trkpt lat="33.5854122" lon="130.3739424">
<ele>1.599</ele>
<time>2026-05-30T21:50:39Z</time>
<extensions>
<gpxtpx:TrackPointExtension>
<gpxtpx:hr>176</gpxtpx:hr>
<gpxtpx:cad>180</gpxtpx:cad>
</gpxtpx:TrackPointExtension>
</extensions>
</trkpt>
<trkpt lat="33.5853829" lon="130.3739427">
<ele>1.572</ele>
<time>2026-05-30T21:50:40Z</time>
<extensions>
<gpxtpx:TrackPointExtension>
<gpxtpx:hr>176</gpxtpx:hr>
</gpxtpx:TrackPointExtension>
</extensions>
</trkpt>
<trkpt lat="33.5853534" lon="130.3739431">
<ele>1.532</ele>
<time>2026-05-30T21:50:41Z</time>
<extensions>
<gpxtpx:TrackPointExtension>
<gpxtpx:hr>176</gpxtpx:hr>
</gpxtpx:TrackPointExtension>
</extensions>
</trkpt>
<trkpt lat="33.5853235" lon="130.3739436">
<ele>1.463</ele>
<time>2026-05-30T21:50:42Z</time>
<extensions>
<gpxtpx:TrackPointExtension>
<gpxtpx:hr>176</gpxtpx:hr>
</gpxtpx:TrackPointExtension>
</extensions>
</trkpt>
<trkpt lat="33.5852922" lon="130.3739443">
<ele>1.47</ele>
<time>2026-05-30T21:50:43Z</time>
<extensions>
<gpxtpx:TrackPointExtension>
<gpxtpx:hr>175</gpxtpx:hr>
</gpxtpx:TrackPointExtension>
</extensions>
</trkpt>
<trkpt lat="33.5852627" lon="130.3739448">
<ele>1.496</ele>
<time>2026-05-30T21:50:44Z</time>
<extensions>
<gpxtpx:TrackPointExtension>
<gpxtpx:hr>175</gpxtpx:hr>
<gpxtpx:cad>180</gpxtpx:cad>
</gpxtpx:TrackPointExtension>
</extensions>
</trkpt>
<trkpt lat="33.585231" lon="130.3739459">
<ele>1.509</ele>
<time>2026-05-30T21:50:45Z</time>
<extensions>
<gpxtpx:TrackPointExtension>
<gpxtpx:hr>175</gpxtpx:hr>
</gpxtpx:TrackPointExtension>
</extensions>
</trkpt>
<trkpt lat="33.5852004" lon="130.3739466">
<ele>1.568</ele>
<time>2026-05-30T21:50:46Z</time>
<extensions>
<gpxtpx:TrackPointExtension>
<gpxtpx:hr>175</gpxtpx:hr>
</gpxtpx:TrackPointExtension>
</extensions>
</trkpt>
<trkpt lat="33.5851688" lon="130.3739477">
<ele>1.603</ele>
<time>2026-05-30T21:50:47Z</time>
<extensions>
<gpxtpx:TrackPointExtension>
<gpxtpx:hr>176</gpxtpx:hr>
</gpxtpx:TrackPointExtension>
</extensions>
</trkpt>
<trkpt lat="33.5851371" lon="130.3739487">
<ele>1.692</ele>
<time>2026-05-30T21:50:48Z</time>
<extensions>
<gpxtpx:TrackPointExtension>
<gpxtpx:hr>176</gpxtpx:hr>
</gpxtpx:TrackPointExtension>
</extensions>
</trkpt>
<trkpt lat="33.5851052" lon="130.3739497">
<ele>1.653</ele>
<time>2026-05-30T21:50:49Z</time>
<extensions>
<gpxtpx:TrackPointExtension>
<gpxtpx:hr>176</gpxtpx:hr>
<gpxtpx:cad>180</gpxtpx:cad>
</gpxtpx:TrackPointExtension>
</extensions>
</trkpt>
<trkpt lat="33.5850731" lon="130.3739506">
<ele>1.631</ele>
<time>2026-05-30T21:50:50Z</time>
<extensions>
<gpxtpx:TrackPointExtension>
<gpxtpx:hr>176</gpxtpx:hr>
</gpxtpx:TrackPointExtension>
</extensions>
</trkpt>
<trkpt lat="33.5850409" lon="130.3739517">
<ele>1.703</ele>
<time>2026-05-30T21:50:51Z</time>
<extensions>
<gpxtpx:TrackPointExtension>
<gpxtpx:hr>176</gpxtpx:hr>
</gpxtpx:TrackPointExtension>
</extensions>
</trkpt>
<trkpt lat="33.5850086" lon="130.3739533">
<ele>1.777</ele>
<time>2026-05-30T21:50:52Z</time>
<extensions>
<gpxtpx:TrackPointExtension>
<gpxtpx:hr>176</gpxtpx:hr>
</gpxtpx:TrackPointExtension>
</extensions>
</trkpt>
<trkpt lat="33.5849767" lon="130.3739561">
<ele>1.761</ele>
<time>2026-05-30T21:50:53Z</time>
<extensions>
<gpxtpx:TrackPointExtension>
<gpxtpx:hr>176</gpxtpx:hr>
</gpxtpx:TrackPointExtension>
</extensions>
</trkpt>
<trkpt lat="33.5849448" lon="130.3739596">
<ele>1.743</ele>
<time>2026-05-30T21:50:54Z</time>
<extensions>
<gpxtpx:TrackPointExtension>
<gpxtpx:hr>176</gpxtpx:hr>
<gpxtpx:cad>181</gpxtpx:cad>
</gpxtpx:TrackPointExtension>
</extensions>
</trkpt>
<trkpt lat="33.584913" lon="130.3739638">
<ele>1.642</ele>
<time>2026-05-30T21:50:55Z</time>
<extensions>
<gpxtpx:TrackPointExtension>
<gpxtpx:hr>176</gpxtpx:hr>
<gpxtpx:cad>181</gpxtpx:cad>
</gpxtpx:TrackPointExtension>
</extensions>
</trkpt>
<trkpt lat="33.5848812" lon="130.3739688">
<ele>1.632</ele>
<time>2026-05-30T21:50:56Z</time>
<extensions>
<gpxtpx:TrackPointExtension>
<gpxtpx:hr>176</gpxtpx:hr>
</gpxtpx:TrackPointExtension>
</extensions>
</trkpt>
<trkpt lat="33.5848493" lon="130.3739747">
<ele>1.68</ele>
<time>2026-05-30T21:50:57Z</time>
<extensions>
<gpxtpx:TrackPointExtension>
<gpxtpx:hr>176</gpxtpx:hr>
</gpxtpx:TrackPointExtension>
</extensions>
</trkpt>
<trkpt lat="33.5848174" lon="130.3739809">
<ele>1.697</ele>
<time>2026-05-30T21:50:58Z</time>
<extensions>
<gpxtpx:TrackPointExtension>
<gpxtpx:hr>175</gpxtpx:hr>
</gpxtpx:TrackPointExtension>
</extensions>
</trkpt>
<trkpt lat="33.584786" lon="130.3739898">
<ele>1.686</ele>
<time>2026-05-30T21:50:59Z</time>
<extensions>
<gpxtpx:TrackPointExtension>
<gpxtpx:hr>176</gpxtpx:hr>
<gpxtpx:cad>181</gpxtpx:cad>
</gpxtpx:TrackPointExtension>
</extensions>
</trkpt>
<trkpt lat="33.5847547" lon="130.3739981">
<ele>1.709</ele>
<time>2026-05-30T21:51:00Z</time>
<extensions>
<gpxtpx:TrackPointExtension>
<gpxtpx:hr>176</gpxtpx:hr>
</gpxtpx:TrackPointExtension>
</extensions>
</trkpt>
<trkpt lat="33.5847246" lon="130.3740077">
<ele>1.655</ele>
<time>2026-05-30T21:51:01Z</time>
<extensions>
<gpxtpx:TrackPointExtension>
<gpxtpx:hr>176</gpxtpx:hr>
</gpxtpx:TrackPointExtension>
</extensions>
</trkpt>
<trkpt lat="33.5846943" lon="130.3740164">
<ele>1.634</ele>
<time>2026-05-30T21:51:02Z</time>
<extensions>
<gpxtpx:TrackPointExtension>
<gpxtpx:hr>176</gpxtpx:hr>
</gpxtpx:TrackPointExtension>
</extensions>
</trkpt>
<trkpt lat="33.5846653" lon="130.374026">
<ele>1.64</ele>
<time>2026-05-30T21:51:03Z</time>
<extensions>
<gpxtpx:TrackPointExtension>
<gpxtpx:hr>176</gpxtpx:hr>
</gpxtpx:TrackPointExtension>
</extensions>
</trkpt>
<trkpt lat="33.5846351" lon="130.374035">
<ele>1.688</ele>
<time>2026-05-30T21:51:04Z</time>
<extensions>
<gpxtpx:TrackPointExtension>
<gpxtpx:hr>176</gpxtpx:hr>
<gpxtpx:cad>181</gpxtpx:cad>
</gpxtpx:TrackPointExtension>
</extensions>
</trkpt>
<trkpt lat="33.584605" lon="130.3740444">
<ele>1.819</ele>
<time>2026-05-30T21:51:05Z</time>
<extensions>
<gpxtpx:TrackPointExtension>
<gpxtpx:hr>175</gpxtpx:hr>
</gpxtpx:TrackPointExtension>
</extensions>
</trkpt>
<trkpt lat="33.5845752" lon="130.3740551">
<ele>2.043</ele>
<time>2026-05-30T21:51:06Z</time>
<extensions>
<gpxtpx:TrackPointExtension>
<gpxtpx:hr>175</gpxtpx:hr>
</gpxtpx:TrackPointExtension>
</extensions>
</trkpt>
<trkpt lat="33.584545" lon="130.3740646">
<ele>2.011</ele>
<time>2026-05-30T21:51:07Z</time>
<extensions>
<gpxtpx:TrackPointExtension>
<gpxtpx:hr>175</gpxtpx:hr>
</gpxtpx:TrackPointExtension>
</extensions>
</trkpt>
<trkpt lat="33.5845149" lon="130.3740751">
<ele>2.046</ele>
<time>2026-05-30T21:51:08Z</time>
<extensions>
<gpxtpx:TrackPointExtension>
<gpxtpx:hr>175</gpxtpx:hr>
</gpxtpx:TrackPointExtension>
</extensions>
</trkpt>
<trkpt lat="33.5844851" lon="130.374085">
<ele>2.015</ele>
<time>2026-05-30T21:51:09Z</time>
<extensions>
<gpxtpx:TrackPointExtension>
<gpxtpx:hr>175</gpxtpx:hr>
<gpxtpx:cad>181</gpxtpx:cad>
</gpxtpx:TrackPointExtension>
</extensions>
</trkpt>
<trkpt lat="33.5844552" lon="130.3740961">
<ele>2.041</ele>
<time>2026-05-30T21:51:10Z</time>
<extensions>
<gpxtpx:TrackPointExtension>
<gpxtpx:hr>175</gpxtpx:hr>
</gpxtpx:TrackPointExtension>
</extensions>
</trkpt>
<trkpt lat="33.5844255" lon="130.3741072">
<ele>2.076</ele>
<time>2026-05-30T21:51:11Z</time>
<extensions>
<gpxtpx:TrackPointExtension>
<gpxtpx:hr>176</gpxtpx:hr>
</gpxtpx:TrackPointExtension>
</extensions>
</trkpt>
<trkpt lat="33.5843957" lon="130.3741188">
<ele>2.035</ele>
<time>2026-05-30T21:51:12Z</time>
<extensions>
<gpxtpx:TrackPointExtension>
<gpxtpx:hr>176</gpxtpx:hr>
</gpxtpx:TrackPointExtension>
</extensions>
</trkpt>
<trkpt lat="33.5843656" lon="130.3741313">
<ele>2.048</ele>
<time>2026-05-30T21:51:13Z</time>
<extensions>
<gpxtpx:TrackPointExtension>
<gpxtpx:hr>176</gpxtpx:hr>
</gpxtpx:TrackPointExtension>
</extensions>
</trkpt>
<trkpt lat="33.5843354" lon="130.3741444">
<ele>2.002</ele>
<time>2026-05-30T21:51:14Z</time>
<extensions>
<gpxtpx:TrackPointExtension>
<gpxtpx:hr>176</gpxtpx:hr>
<gpxtpx:cad>181</gpxtpx:cad>
</gpxtpx:TrackPointExtension>
</extensions>
</trkpt>
<trkpt lat="33.5843051" lon="130.3741581">
<ele>1.914</ele>
<time>2026-05-30T21:51:15Z</time>
<extensions>
<gpxtpx:TrackPointExtension>
<gpxtpx:hr>176</gpxtpx:hr>
</gpxtpx:TrackPointExtension>
</extensions>
</trkpt>
<trkpt lat="33.5842748" lon="130.3741726">
<ele>1.85</ele>
<time>2026-05-30T21:51:16Z</time>
<extensions>
<gpxtpx:TrackPointExtension>
<gpxtpx:hr>176</gpxtpx:hr>
</gpxtpx:TrackPointExtension>
</extensions>
</trkpt>
<trkpt lat="33.5842446" lon="130.3741878">
<ele>1.822</ele>
<time>2026-05-30T21:51:17Z</time>
<extensions>
<gpxtpx:TrackPointExtension>
<gpxtpx:hr>177</gpxtpx:hr>
</gpxtpx:TrackPointExtension>
</extensions>
</trkpt>
<trkpt lat="33.5842151" lon="130.3742048">
<ele>1.738</ele>
<time>2026-05-30T21:51:18Z</time>
<extensions>
<gpxtpx:TrackPointExtension>
<gpxtpx:hr>176</gpxtpx:hr>
</gpxtpx:TrackPointExtension>
</extensions>
</trkpt>
<trkpt lat="33.5841847" lon="130.3742198">
<ele>1.745</ele>
<time>2026-05-30T21:51:19Z</time>
<extensions>
<gpxtpx:TrackPointExtension>
<gpxtpx:hr>176</gpxtpx:hr>
<gpxtpx:cad>180</gpxtpx:cad>
</gpxtpx:TrackPointExtension>
</extensions>
</trkpt>
<trkpt lat="33.5841552" lon="130.3742364">
<ele>1.814</ele>
<time>2026-05-30T21:51:20Z</time>
<extensions>
<gpxtpx:TrackPointExtension>
<gpxtpx:hr>176</gpxtpx:hr>
</gpxtpx:TrackPointExtension>
</extensions>
</trkpt>
<trkpt lat="33.5841259" lon="130.3742534">
<ele>1.818</ele>
<time>2026-05-30T21:51:21Z</time>
<extensions>
<gpxtpx:TrackPointExtension>
<gpxtpx:hr>176</gpxtpx:hr>
</gpxtpx:TrackPointExtension>
</extensions>
</trkpt>
<trkpt lat="33.584097" lon="130.3742705">
<ele>1.781</ele>
<time>2026-05-30T21:51:22Z</time>
<extensions>
<gpxtpx:TrackPointExtension>
<gpxtpx:hr>176</gpxtpx:hr>
<gpxtpx:cad>180</gpxtpx:cad>
</gpxtpx:TrackPointExtension>
</extensions>
</trkpt>
<trkpt lat="33.584069" lon="130.3742882">
<ele>1.777</ele>
<time>2026-05-30T21:51:23Z</time>
<extensions>
<gpxtpx:TrackPointExtension>
<gpxtpx:hr>176</gpxtpx:hr>
</gpxtpx:TrackPointExtension>
</extensions>
</trkpt>
<trkpt lat="33.5840397" lon="130.3743058">
<ele>1.8</ele>
<time>2026-05-30T21:51:24Z</time>
<extensions>
<gpxtpx:TrackPointExtension>
<gpxtpx:hr>176</gpxtpx:hr>
<gpxtpx:cad>180</gpxtpx:cad>
</gpxtpx:TrackPointExtension>
</extensions>
</trkpt>
<trkpt lat="33.5840129" lon="130.3743236">
<ele>1.821</ele>
<time>2026-05-30T21:51:25Z</time>
<extensions>
<gpxtpx:TrackPointExtension>
<gpxtpx:hr>176</gpxtpx:hr>
</gpxtpx:TrackPointExtension>
</extensions>
</trkpt>
<trkpt lat="33.5839868" lon="130.374342">
<ele>1.797</ele>
<time>2026-05-30T21:51:26Z</time>
<extensions>
<gpxtpx:TrackPointExtension>
<gpxtpx:hr>176</gpxtpx:hr>
</gpxtpx:TrackPointExtension>
</extensions>
</trkpt>
<trkpt lat="33.583959" lon="130.3743599">
<ele>1.777</ele>
<time>2026-05-30T21:51:27Z</time>
<extensions>
<gpxtpx:TrackPointExtension>
<gpxtpx:hr>176</gpxtpx:hr>
</gpxtpx:TrackPointExtension>
</extensions>
</trkpt>
<trkpt lat="33.5839346" lon="130.3743796">
<ele>1.813</ele>
<time>2026-05-30T21:51:28Z</time>
<extensions>
<gpxtpx:TrackPointExtension>
<gpxtpx:hr>175</gpxtpx:hr>
</gpxtpx:TrackPointExtension>
</extensions>
</trkpt>
<trkpt lat="33.5839082" lon="130.3743983">
<ele>1.797</ele>
<time>2026-05-30T21:51:29Z</time>
<extensions>
<gpxtpx:TrackPointExtension>
<gpxtpx:hr>175</gpxtpx:hr>
<gpxtpx:cad>180</gpxtpx:cad>
</gpxtpx:TrackPointExtension>
</extensions>
</trkpt>
<trkpt lat="33.5838845" lon="130.3744196">
<ele>1.797</ele>
<time>2026-05-30T21:51:30Z</time>
<extensions>
<gpxtpx:TrackPointExtension>
<gpxtpx:hr>175</gpxtpx:hr>
</gpxtpx:TrackPointExtension>
</extensions>
</trkpt>
<trkpt lat="33.5838611" lon="130.3744422">
<ele>1.758</ele>
<time>2026-05-30T21:51:31Z</time>
<extensions>
<gpxtpx:TrackPointExtension>
<gpxtpx:hr>175</gpxtpx:hr>
</gpxtpx:TrackPointExtension>
</extensions>
</trkpt>
<trkpt lat="33.5838367" lon="130.3744637">
<ele>1.794</ele>
<time>2026-05-30T21:51:32Z</time>
<extensions>
<gpxtpx:TrackPointExtension>
<gpxtpx:hr>175</gpxtpx:hr>
</gpxtpx:TrackPointExtension>
</extensions>
</trkpt>
<trkpt lat="33.5838127" lon="130.374486">
<ele>1.888</ele>
<time>2026-05-30T21:51:33Z</time>
<extensions>
<gpxtpx:TrackPointExtension>
<gpxtpx:hr>176</gpxtpx:hr>
</gpxtpx:TrackPointExtension>
</extensions>
</trkpt>
<trkpt lat="33.5837882" lon="130.3745064">
<ele>1.899</ele>
<time>2026-05-30T21:51:34Z</time>
<extensions>
<gpxtpx:TrackPointExtension>
<gpxtpx:hr>176</gpxtpx:hr>
<gpxtpx:cad>181</gpxtpx:cad>
</gpxtpx:TrackPointExtension>
</extensions>
</trkpt>
<trkpt lat="33.5837658" lon="130.3745324">
<ele>1.872</ele>
<time>2026-05-30T21:51:35Z</time>
<extensions>
<gpxtpx:TrackPointExtension>
<gpxtpx:hr>176</gpxtpx:hr>
</gpxtpx:TrackPointExtension>
</extensions>
</trkpt>
<trkpt lat="33.5837421" lon="130.3745542">
<ele>1.876</ele>
<time>2026-05-30T21:51:36Z</time>
<extensions>
<gpxtpx:TrackPointExtension>
<gpxtpx:hr>176</gpxtpx:hr>
</gpxtpx:TrackPointExtension>
</extensions>
</trkpt>
<trkpt lat="33.58372" lon="130.3745815">
<ele>1.854</ele>
<time>2026-05-30T21:51:37Z</time>
<extensions>
<gpxtpx:TrackPointExtension>
<gpxtpx:hr>176</gpxtpx:hr>
</gpxtpx:TrackPointExtension>
</extensions>
</trkpt>
<trkpt lat="33.5836971" lon="130.3746049">
<ele>1.872</ele>
<time>2026-05-30T21:51:38Z</time>
<extensions>
<gpxtpx:TrackPointExtension>
<gpxtpx:hr>176</gpxtpx:hr>
</gpxtpx:TrackPointExtension>
</extensions>
</trkpt>
<trkpt lat="33.5836749" lon="130.3746314">
<ele>1.862</ele>
<time>2026-05-30T21:51:39Z</time>
<extensions>
<gpxtpx:TrackPointExtension>
<gpxtpx:hr>175</gpxtpx:hr>
<gpxtpx:cad>181</gpxtpx:cad>
</gpxtpx:TrackPointExtension>
</extensions>
</trkpt>
<trkpt lat="33.5836529" lon="130.3746586">
<ele>1.832</ele>
<time>2026-05-30T21:51:40Z</time>
<extensions>
<gpxtpx:TrackPointExtension>
<gpxtpx:hr>175</gpxtpx:hr>
</gpxtpx:TrackPointExtension>
</extensions>
</trkpt>
<trkpt lat="33.5836309" lon="130.3746856">
<ele>1.829</ele>
<time>2026-05-30T21:51:41Z</time>
<extensions>
<gpxtpx:TrackPointExtension>
<gpxtpx:hr>175</gpxtpx:hr>
</gpxtpx:TrackPointExtension>
</extensions>
</trkpt>
<trkpt lat="33.5836096" lon="130.374715">
<ele>1.823</ele>
<time>2026-05-30T21:51:42Z</time>
<extensions>
<gpxtpx:TrackPointExtension>
<gpxtpx:hr>175</gpxtpx:hr>
</gpxtpx:TrackPointExtension>
</extensions>
</trkpt>
<trkpt lat="33.5835878" lon="130.3747429">
<ele>1.888</ele>
<time>2026-05-30T21:51:43Z</time>
<extensions>
<gpxtpx:TrackPointExtension>
<gpxtpx:hr>175</gpxtpx:hr>
</gpxtpx:TrackPointExtension>
</extensions>
</trkpt>
<trkpt lat="33.5835668" lon="130.3747725">
<ele>1.83</ele>
<time>2026-05-30T21:51:44Z</time>
<extensions>
<gpxtpx:TrackPointExtension>
<gpxtpx:hr>176</gpxtpx:hr>
<gpxtpx:cad>180</gpxtpx:cad>
</gpxtpx:TrackPointExtension>
</extensions>
</trkpt>
<trkpt lat="33.5835457" lon="130.374802">
<ele>1.945</ele>
<time>2026-05-30T21:51:45Z</time>
<extensions>
<gpxtpx:TrackPointExtension>
<gpxtpx:hr>177</gpxtpx:hr>
</gpxtpx:TrackPointExtension>
</extensions>
</trkpt>
<trkpt lat="33.5835245" lon="130.3748318">
<ele>2.032</ele>
<time>2026-05-30T21:51:46Z</time>
<extensions>
<gpxtpx:TrackPointExtension>
<gpxtpx:hr>177</gpxtpx:hr>
</gpxtpx:TrackPointExtension>
</extensions>
</trkpt>
<trkpt lat="33.5835033" lon="130.3748619">
<ele>2.123</ele>
<time>2026-05-30T21:51:47Z</time>
<extensions>
<gpxtpx:TrackPointExtension>
<gpxtpx:hr>178</gpxtpx:hr>
</gpxtpx:TrackPointExtension>
</extensions>
</trkpt>
<trkpt lat="33.5834825" lon="130.3748926">
<ele>2.013</ele>
<time>2026-05-30T21:51:48Z</time>
<extensions>
<gpxtpx:TrackPointExtension>
<gpxtpx:hr>179</gpxtpx:hr>
</gpxtpx:TrackPointExtension>
</extensions>
</trkpt>
<trkpt lat="33.5834627" lon="130.374925">
<ele>2.124</ele>
<time>2026-05-30T21:51:49Z</time>
<extensions>
<gpxtpx:TrackPointExtension>
<gpxtpx:hr>180</gpxtpx:hr>
<gpxtpx:cad>181</gpxtpx:cad>
</gpxtpx:TrackPointExtension>
</extensions>
</trkpt>
<trkpt lat="33.5834416" lon="130.3749554">
<ele>2.246</ele>
<time>2026-05-30T21:51:50Z</time>
<extensions>
<gpxtpx:TrackPointExtension>
<gpxtpx:hr>180</gpxtpx:hr>
</gpxtpx:TrackPointExtension>
</extensions>
</trkpt>
<trkpt lat="33.5834216" lon="130.3749874">
<ele>2.342</ele>
<time>2026-05-30T21:51:51Z</time>
<extensions>
<gpxtpx:TrackPointExtension>
<gpxtpx:hr>180</gpxtpx:hr>
<gpxtpx:cad>181</gpxtpx:cad>
</gpxtpx:TrackPointExtension>
</extensions>
</trkpt>
<trkpt lat="33.5834012" lon="130.3750184">
<ele>2.305</ele>
<time>2026-05-30T21:51:52Z</time>
<extensions>
<gpxtpx:TrackPointExtension>
<gpxtpx:hr>180</gpxtpx:hr>
</gpxtpx:TrackPointExtension>
</extensions>
</trkpt>
<trkpt lat="33.5833817" lon="130.3750512">
<ele>2.257</ele>
<time>2026-05-30T21:51:53Z</time>
<extensions>
<gpxtpx:TrackPointExtension>
<gpxtpx:hr>179</gpxtpx:hr>
</gpxtpx:TrackPointExtension>
</extensions>
</trkpt>
<trkpt lat="33.5833616" lon="130.3750815">
<ele>2.212</ele>
<time>2026-05-30T21:51:54Z</time>
<extensions>
<gpxtpx:TrackPointExtension>
<gpxtpx:hr>179</gpxtpx:hr>
<gpxtpx:cad>181</gpxtpx:cad>
</gpxtpx:TrackPointExtension>
</extensions>
</trkpt>
<trkpt lat="33.5833426" lon="130.3751154">
<ele>2.156</ele>
<time>2026-05-30T21:51:55Z</time>
<extensions>
<gpxtpx:TrackPointExtension>
<gpxtpx:hr>178</gpxtpx:hr>
</gpxtpx:TrackPointExtension>
</extensions>
</trkpt>
<trkpt lat="33.5833232" lon="130.3751489">
<ele>2.13</ele>
<time>2026-05-30T21:51:56Z</time>
<extensions>
<gpxtpx:TrackPointExtension>
<gpxtpx:hr>178</gpxtpx:hr>
</gpxtpx:TrackPointExtension>
</extensions>
</trkpt>
<trkpt lat="33.5833044" lon="130.3751848">
<ele>2.091</ele>
<time>2026-05-30T21:51:57Z</time>
<extensions>
<gpxtpx:TrackPointExtension>
<gpxtpx:hr>177</gpxtpx:hr>
</gpxtpx:TrackPointExtension>
</extensions>
</trkpt>
<trkpt lat="33.5832858" lon="130.3752215">
<ele>2.068</ele>
<time>2026-05-30T21:51:58Z</time>
<extensions>
<gpxtpx:TrackPointExtension>
<gpxtpx:hr>177</gpxtpx:hr>
</gpxtpx:TrackPointExtension>
</extensions>
</trkpt>
<trkpt lat="33.5832678" lon="130.3752579">
<ele>2.044</ele>
<time>2026-05-30T21:51:59Z</time>
<extensions>
<gpxtpx:TrackPointExtension>
<gpxtpx:hr>177</gpxtpx:hr>
<gpxtpx:cad>181</gpxtpx:cad>
</gpxtpx:TrackPointExtension>
</extensions>
</trkpt>
<trkpt lat="33.5832501" lon="130.3752937">
<ele>2.073</ele>
<time>2026-05-30T21:52:00Z</time>
<extensions>
<gpxtpx:TrackPointExtension>
<gpxtpx:hr>176</gpxtpx:hr>
</gpxtpx:TrackPointExtension>
</extensions>
</trkpt>
<trkpt lat="33.583233" lon="130.3753285">
<ele>2.034</ele>
<time>2026-05-30T21:52:01Z</time>
<extensions>
<gpxtpx:TrackPointExtension>
<gpxtpx:hr>176</gpxtpx:hr>
</gpxtpx:TrackPointExtension>
</extensions>
</trkpt>
<trkpt lat="33.5832159" lon="130.3753632">
<ele>1.999</ele>
<time>2026-05-30T21:52:02Z</time>
<extensions>
<gpxtpx:TrackPointExtension>
<gpxtpx:hr>176</gpxtpx:hr>
</gpxtpx:TrackPointExtension>
</extensions>
</trkpt>
<trkpt lat="33.583199" lon="130.3753974">
<ele>2.074</ele>
<time>2026-05-30T21:52:03Z</time>
<extensions>
<gpxtpx:TrackPointExtension>
<gpxtpx:hr>177</gpxtpx:hr>
</gpxtpx:TrackPointExtension>
</extensions>
</trkpt>
<trkpt lat="33.5831821" lon="130.3754316">
<ele>2.197</ele>
<time>2026-05-30T21:52:04Z</time>
<extensions>
<gpxtpx:TrackPointExtension>
<gpxtpx:hr>177</gpxtpx:hr>
<gpxtpx:cad>180</gpxtpx:cad>
</gpxtpx:TrackPointExtension>
</extensions>
</trkpt>
<trkpt lat="33.5831651" lon="130.3754658">
<ele>2.22</ele>
<time>2026-05-30T21:52:05Z</time>
<extensions>
<gpxtpx:TrackPointExtension>
<gpxtpx:hr>178</gpxtpx:hr>
</gpxtpx:TrackPointExtension>
</extensions>
</trkpt>
<trkpt lat="33.5831482" lon="130.3754999">
<ele>2.125</ele>
<time>2026-05-30T21:52:06Z</time>
<extensions>
<gpxtpx:TrackPointExtension>
<gpxtpx:hr>178</gpxtpx:hr>
</gpxtpx:TrackPointExtension>
</extensions>
</trkpt>
<trkpt lat="33.5831313" lon="130.3755346">
<ele>2.004</ele>
<time>2026-05-30T21:52:07Z</time>
<extensions>
<gpxtpx:TrackPointExtension>
<gpxtpx:hr>177</gpxtpx:hr>
</gpxtpx:TrackPointExtension>
</extensions>
</trkpt>
<trkpt lat="33.5831143" lon="130.3755695">
<ele>1.458</ele>
<time>2026-05-30T21:52:08Z</time>
<extensions>
<gpxtpx:TrackPointExtension>
<gpxtpx:hr>177</gpxtpx:hr>
</gpxtpx:TrackPointExtension>
</extensions>
</trkpt>
<trkpt lat="33.583098" lon="130.3756053">
<ele>1.588</ele>
<time>2026-05-30T21:52:09Z</time>
<extensions>
<gpxtpx:TrackPointExtension>
<gpxtpx:hr>177</gpxtpx:hr>
<gpxtpx:cad>180</gpxtpx:cad>
</gpxtpx:TrackPointExtension>
</extensions>
</trkpt>
<trkpt lat="33.5830823" lon="130.3756415">
<ele>1.835</ele>
<time>2026-05-30T21:52:10Z</time>
<extensions>
<gpxtpx:TrackPointExtension>
<gpxtpx:hr>177</gpxtpx:hr>
</gpxtpx:TrackPointExtension>
</extensions>
</trkpt>
<trkpt lat="33.583068" lon="130.3756778">
<ele>1.887</ele>
<time>2026-05-30T21:52:11Z</time>
<extensions>
<gpxtpx:TrackPointExtension>
<gpxtpx:hr>178</gpxtpx:hr>
</gpxtpx:TrackPointExtension>
</extensions>
</trkpt>
<trkpt lat="33.5830534" lon="130.3757141">
<ele>1.909</ele>
<time>2026-05-30T21:52:12Z</time>
<extensions>
<gpxtpx:TrackPointExtension>
<gpxtpx:hr>178</gpxtpx:hr>
</gpxtpx:TrackPointExtension>
</extensions>
</trkpt>
<trkpt lat="33.583041" lon="130.37575">
<ele>2.002</ele>
<time>2026-05-30T21:52:13Z</time>
<extensions>
<gpxtpx:TrackPointExtension>
<gpxtpx:hr>179</gpxtpx:hr>
</gpxtpx:TrackPointExtension>
</extensions>
</trkpt>
<trkpt lat="33.5830289" lon="130.3757859">
<ele>1.998</ele>
<time>2026-05-30T21:52:14Z</time>
<extensions>
<gpxtpx:TrackPointExtension>
<gpxtpx:hr>179</gpxtpx:hr>
<gpxtpx:cad>180</gpxtpx:cad>
</gpxtpx:TrackPointExtension>
</extensions>
</trkpt>
<trkpt lat="33.5830174" lon="130.3758218">
<ele>2.059</ele>
<time>2026-05-30T21:52:15Z</time>
<extensions>
<gpxtpx:TrackPointExtension>
<gpxtpx:hr>179</gpxtpx:hr>
</gpxtpx:TrackPointExtension>
</extensions>
</trkpt>
<trkpt lat="33.5830063" lon="130.3758575">
<ele>2.023</ele>
<time>2026-05-30T21:52:16Z</time>
<extensions>
<gpxtpx:TrackPointExtension>
<gpxtpx:hr>179</gpxtpx:hr>
</gpxtpx:TrackPointExtension>
</extensions>
</trkpt>
<trkpt lat="33.5829957" lon="130.3758932">
<ele>2.009</ele>
<time>2026-05-30T21:52:17Z</time>
<extensions>
<gpxtpx:TrackPointExtension>
<gpxtpx:hr>178</gpxtpx:hr>
</gpxtpx:TrackPointExtension>
</extensions>
</trkpt>
<trkpt lat="33.5829855" lon="130.3759285">
<ele>2.003</ele>
<time>2026-05-30T21:52:18Z</time>
<extensions>
<gpxtpx:TrackPointExtension>
<gpxtpx:hr>178</gpxtpx:hr>
<gpxtpx:cad>181</gpxtpx:cad>
</gpxtpx:TrackPointExtension>
</extensions>
</trkpt>
<trkpt lat="33.5829753" lon="130.3759637">
<ele>2.042</ele>
<time>2026-05-30T21:52:19Z</time>
<extensions>
<gpxtpx:TrackPointExtension>
<gpxtpx:hr>178</gpxtpx:hr>
<gpxtpx:cad>181</gpxtpx:cad>
</gpxtpx:TrackPointExtension>
</extensions>
</trkpt>
<trkpt lat="33.5829652" lon="130.3759987">
<ele>2.098</ele>
<time>2026-05-30T21:52:20Z</time>
<extensions>
<gpxtpx:TrackPointExtension>
<gpxtpx:hr>178</gpxtpx:hr>
</gpxtpx:TrackPointExtension>
</extensions>
</trkpt>
<trkpt lat="33.5829551" lon="130.3760336">
<ele>2.124</ele>
<time>2026-05-30T21:52:21Z</time>
<extensions>
<gpxtpx:TrackPointExtension>
<gpxtpx:hr>178</gpxtpx:hr>
</gpxtpx:TrackPointExtension>
</extensions>
</trkpt>
<trkpt lat="33.5829449" lon="130.3760685">
<ele>2.127</ele>
<time>2026-05-30T21:52:22Z</time>
<extensions>
<gpxtpx:TrackPointExtension>
<gpxtpx:hr>178</gpxtpx:hr>
</gpxtpx:TrackPointExtension>
</extensions>
</trkpt>
<trkpt lat="33.5829345" lon="130.3761033">
<ele>2.147</ele>
<time>2026-05-30T21:52:23Z</time>
<extensions>
<gpxtpx:TrackPointExtension>
<gpxtpx:hr>178</gpxtpx:hr>
</gpxtpx:TrackPointExtension>
</extensions>
</trkpt>
<trkpt lat="33.5829244" lon="130.3761382">
<ele>2.183</ele>
<time>2026-05-30T21:52:24Z</time>
<extensions>
<gpxtpx:TrackPointExtension>
<gpxtpx:hr>178</gpxtpx:hr>
<gpxtpx:cad>180</gpxtpx:cad>
</gpxtpx:TrackPointExtension>
</extensions>
</trkpt>
<trkpt lat="33.5829146" lon="130.3761733">
<ele>2.175</ele>
<time>2026-05-30T21:52:25Z</time>
<extensions>
<gpxtpx:TrackPointExtension>
<gpxtpx:hr>178</gpxtpx:hr>
</gpxtpx:TrackPointExtension>
</extensions>
</trkpt>
<trkpt lat="33.5829062" lon="130.3762091">
<ele>2.15</ele>
<time>2026-05-30T21:52:26Z</time>
<extensions>
<gpxtpx:TrackPointExtension>
<gpxtpx:hr>178</gpxtpx:hr>
</gpxtpx:TrackPointExtension>
</extensions>
</trkpt>
<trkpt lat="33.5828974" lon="130.3762446">
<ele>2.155</ele>
<time>2026-05-30T21:52:27Z</time>
<extensions>
<gpxtpx:TrackPointExtension>
<gpxtpx:hr>178</gpxtpx:hr>
</gpxtpx:TrackPointExtension>
</extensions>
</trkpt>
<trkpt lat="33.5828907" lon="130.3762812">
<ele>2.154</ele>
<time>2026-05-30T21:52:28Z</time>
<extensions>
<gpxtpx:TrackPointExtension>
<gpxtpx:hr>178</gpxtpx:hr>
</gpxtpx:TrackPointExtension>
</extensions>
</trkpt>
<trkpt lat="33.5828854" lon="130.3763183">
<ele>2.13</ele>
<time>2026-05-30T21:52:29Z</time>
<extensions>
<gpxtpx:TrackPointExtension>
<gpxtpx:hr>178</gpxtpx:hr>
<gpxtpx:cad>180</gpxtpx:cad>
</gpxtpx:TrackPointExtension>
</extensions>
</trkpt>
<trkpt lat="33.5828808" lon="130.3763557">
<ele>2.133</ele>
<time>2026-05-30T21:52:30Z</time>
<extensions>
<gpxtpx:TrackPointExtension>
<gpxtpx:hr>178</gpxtpx:hr>
</gpxtpx:TrackPointExtension>
</extensions>
</trkpt>
<trkpt lat="33.5828787" lon="130.3763933">
<ele>2.079</ele>
<time>2026-05-30T21:52:31Z</time>
<extensions>
<gpxtpx:TrackPointExtension>
<gpxtpx:hr>178</gpxtpx:hr>
</gpxtpx:TrackPointExtension>
</extensions>
</trkpt>
<trkpt lat="33.5828767" lon="130.3764308">
<ele>2.008</ele>
<time>2026-05-30T21:52:32Z</time>
<extensions>
<gpxtpx:TrackPointExtension>
<gpxtpx:hr>178</gpxtpx:hr>
</gpxtpx:TrackPointExtension>
</extensions>
</trkpt>
<trkpt lat="33.5828755" lon="130.3764681">
<ele>2.024</ele>
<time>2026-05-30T21:52:33Z</time>
<extensions>
<gpxtpx:TrackPointExtension>
<gpxtpx:hr>178</gpxtpx:hr>
</gpxtpx:TrackPointExtension>
</extensions>
</trkpt>
<trkpt lat="33.582875" lon="130.3765053">
<ele>2.007</ele>
<time>2026-05-30T21:52:34Z</time>
<extensions>
<gpxtpx:TrackPointExtension>
<gpxtpx:hr>178</gpxtpx:hr>
<gpxtpx:cad>181</gpxtpx:cad>
</gpxtpx:TrackPointExtension>
</extensions>
</trkpt>
<trkpt lat="33.5828756" lon="130.3765423">
<ele>2.038</ele>
<time>2026-05-30T21:52:35Z</time>
<extensions>
<gpxtpx:TrackPointExtension>
<gpxtpx:hr>178</gpxtpx:hr>
</gpxtpx:TrackPointExtension>
</extensions>
</trkpt>
<trkpt lat="33.5828765" lon="130.3765794">
<ele>2.005</ele>
<time>2026-05-30T21:52:36Z</time>
<extensions>
<gpxtpx:TrackPointExtension>
<gpxtpx:hr>178</gpxtpx:hr>
</gpxtpx:TrackPointExtension>
</extensions>
</trkpt>
<trkpt lat="33.5828792" lon="130.3766162">
<ele>2.007</ele>
<time>2026-05-30T21:52:37Z</time>
<extensions>
<gpxtpx:TrackPointExtension>
<gpxtpx:hr>177</gpxtpx:hr>
</gpxtpx:TrackPointExtension>
</extensions>
</trkpt>
<trkpt lat="33.582881" lon="130.3766531">
<ele>2.0</ele>
<time>2026-05-30T21:52:38Z</time>
<extensions>
<gpxtpx:TrackPointExtension>
<gpxtpx:hr>177</gpxtpx:hr>
</gpxtpx:TrackPointExtension>
</extensions>
</trkpt>
<trkpt lat="33.5828837" lon="130.3766898">
<ele>2.012</ele>
<time>2026-05-30T21:52:39Z</time>
<extensions>
<gpxtpx:TrackPointExtension>
<gpxtpx:hr>177</gpxtpx:hr>
<gpxtpx:cad>180</gpxtpx:cad>
</gpxtpx:TrackPointExtension>
</extensions>
</trkpt>
<trkpt lat="33.5828851" lon="130.3767267">
<ele>2.042</ele>
<time>2026-05-30T21:52:40Z</time>
<extensions>
<gpxtpx:TrackPointExtension>
<gpxtpx:hr>178</gpxtpx:hr>
</gpxtpx:TrackPointExtension>
</extensions>
</trkpt>
<trkpt lat="33.5828872" lon="130.3767636">
<ele>2.008</ele>
<time>2026-05-30T21:52:41Z</time>
<extensions>
<gpxtpx:TrackPointExtension>
<gpxtpx:hr>178</gpxtpx:hr>
</gpxtpx:TrackPointExtension>
</extensions>
</trkpt>
<trkpt lat="33.5828895" lon="130.3768003">
<ele>2.031</ele>
<time>2026-05-30T21:52:42Z</time>
<extensions>
<gpxtpx:TrackPointExtension>
<gpxtpx:hr>178</gpxtpx:hr>
</gpxtpx:TrackPointExtension>
</extensions>
</trkpt>
<trkpt lat="33.5828922" lon="130.3768367">
<ele>2.067</ele>
<time>2026-05-30T21:52:43Z</time>
<extensions>
<gpxtpx:TrackPointExtension>
<gpxtpx:hr>178</gpxtpx:hr>
</gpxtpx:TrackPointExtension>
</extensions>
</trkpt>
<trkpt lat="33.5828941" lon="130.3768735">
<ele>2.049</ele>
<time>2026-05-30T21:52:44Z</time>
<extensions>
<gpxtpx:TrackPointExtension>
<gpxtpx:hr>178</gpxtpx:hr>
<gpxtpx:cad>181</gpxtpx:cad>
</gpxtpx:TrackPointExtension>
</extensions>
</trkpt>
<trkpt lat="33.5828956" lon="130.3769104">
<ele>2.062</ele>
<time>2026-05-30T21:52:45Z</time>
<extensions>
<gpxtpx:TrackPointExtension>
<gpxtpx:hr>178</gpxtpx:hr>
</gpxtpx:TrackPointExtension>
</extensions>
</trkpt>
<trkpt lat="33.582897" lon="130.3769481">
<ele>2.076</ele>
<time>2026-05-30T21:52:46Z</time>
<extensions>
<gpxtpx:TrackPointExtension>
<gpxtpx:hr>178</gpxtpx:hr>
</gpxtpx:TrackPointExtension>
</extensions>
</trkpt>
<trkpt lat="33.5828986" lon="130.3769862">
<ele>2.115</ele>
<time>2026-05-30T21:52:47Z</time>
<extensions>
<gpxtpx:TrackPointExtension>
<gpxtpx:hr>178</gpxtpx:hr>
<gpxtpx:cad>181</gpxtpx:cad>
</gpxtpx:TrackPointExtension>
</extensions>
</trkpt>
<trkpt lat="33.5829008" lon="130.3770246">
<ele>2.047</ele>
<time>2026-05-30T21:52:48Z</time>
<extensions>
<gpxtpx:TrackPointExtension>
<gpxtpx:hr>179</gpxtpx:hr>
</gpxtpx:TrackPointExtension>
</extensions>
</trkpt>
<trkpt lat="33.5829036" lon="130.3770633">
<ele>2.061</ele>
<time>2026-05-30T21:52:49Z</time>
<extensions>
<gpxtpx:TrackPointExtension>
<gpxtpx:hr>179</gpxtpx:hr>
<gpxtpx:cad>181</gpxtpx:cad>
</gpxtpx:TrackPointExtension>
</extensions>
</trkpt>
<trkpt lat="33.5829067" lon="130.3771021">
<ele>2.085</ele>
<time>2026-05-30T21:52:50Z</time>
<extensions>
<gpxtpx:TrackPointExtension>
<gpxtpx:hr>179</gpxtpx:hr>
</gpxtpx:TrackPointExtension>
</extensions>
</trkpt>
<trkpt lat="33.5829117" lon="130.3771414">
<ele>2.084</ele>
<time>2026-05-30T21:52:51Z</time>
<extensions>
<gpxtpx:TrackPointExtension>
<gpxtpx:hr>179</gpxtpx:hr>
</gpxtpx:TrackPointExtension>
</extensions>
</trkpt>
<trkpt lat="33.5829164" lon="130.3771807">
<ele>2.098</ele>
<time>2026-05-30T21:52:52Z</time>
<extensions>
<gpxtpx:TrackPointExtension>
<gpxtpx:hr>179</gpxtpx:hr>
</gpxtpx:TrackPointExtension>
</extensions>
</trkpt>
<trkpt lat="33.5829228" lon="130.37722">
<ele>2.104</ele>
<time>2026-05-30T21:52:53Z</time>
<extensions>
<gpxtpx:TrackPointExtension>
<gpxtpx:hr>179</gpxtpx:hr>
</gpxtpx:TrackPointExtension>
</extensions>
</trkpt>
<trkpt lat="33.5829294" lon="130.3772595">
<ele>2.095</ele>
<time>2026-05-30T21:52:54Z</time>
<extensions>
<gpxtpx:TrackPointExtension>
<gpxtpx:hr>179</gpxtpx:hr>
<gpxtpx:cad>182</gpxtpx:cad>
</gpxtpx:TrackPointExtension>
</extensions>
</trkpt>
<trkpt lat="33.5829374" lon="130.3772981">
<ele>2.089</ele>
<time>2026-05-30T21:52:55Z</time>
<extensions>
<gpxtpx:TrackPointExtension>
<gpxtpx:hr>179</gpxtpx:hr>
</gpxtpx:TrackPointExtension>
</extensions>
</trkpt>
<trkpt lat="33.5829456" lon="130.3773362">
<ele>2.249</ele>
<time>2026-05-30T21:52:56Z</time>
<extensions>
<gpxtpx:TrackPointExtension>
<gpxtpx:hr>179</gpxtpx:hr>
</gpxtpx:TrackPointExtension>
</extensions>
</trkpt>
<trkpt lat="33.5829541" lon="130.3773736">
<ele>2.269</ele>
<time>2026-05-30T21:52:57Z</time>
<extensions>
<gpxtpx:TrackPointExtension>
<gpxtpx:hr>179</gpxtpx:hr>
</gpxtpx:TrackPointExtension>
</extensions>
</trkpt>
<trkpt lat="33.5829629" lon="130.3774108">
<ele>2.256</ele>
<time>2026-05-30T21:52:58Z</time>
<extensions>
<gpxtpx:TrackPointExtension>
<gpxtpx:hr>179</gpxtpx:hr>
</gpxtpx:TrackPointExtension>
</extensions>
</trkpt>
<trkpt lat="33.5829723" lon="130.3774484">
<ele>2.211</ele>
<time>2026-05-30T21:52:59Z</time>
<extensions>
<gpxtpx:TrackPointExtension>
<gpxtpx:hr>179</gpxtpx:hr>
<gpxtpx:cad>182</gpxtpx:cad>
</gpxtpx:TrackPointExtension>
</extensions>
</trkpt>
<trkpt lat="33.5829821" lon="130.3774863">
<ele>2.191</ele>
<time>2026-05-30T21:53:00Z</time>
<extensions>
<gpxtpx:TrackPointExtension>
<gpxtpx:hr>179</gpxtpx:hr>
</gpxtpx:TrackPointExtension>
</extensions>
</trkpt>
<trkpt lat="33.5829931" lon="130.3775243">
<ele>2.105</ele>
<time>2026-05-30T21:53:01Z</time>
<extensions>
<gpxtpx:TrackPointExtension>
<gpxtpx:hr>179</gpxtpx:hr>
</gpxtpx:TrackPointExtension>
</extensions>
</trkpt>
<trkpt lat="33.5830042" lon="130.3775621">
<ele>2.179</ele>
<time>2026-05-30T21:53:02Z</time>
<extensions>
<gpxtpx:TrackPointExtension>
<gpxtpx:hr>179</gpxtpx:hr>
</gpxtpx:TrackPointExtension>
</extensions>
</trkpt>
<trkpt lat="33.5830168" lon="130.3775989">
<ele>2.215</ele>
<time>2026-05-30T21:53:03Z</time>
<extensions>
<gpxtpx:TrackPointExtension>
<gpxtpx:hr>179</gpxtpx:hr>
</gpxtpx:TrackPointExtension>
</extensions>
</trkpt>
<trkpt lat="33.5830291" lon="130.3776359">
<ele>2.239</ele>
<time>2026-05-30T21:53:04Z</time>
<extensions>
<gpxtpx:TrackPointExtension>
<gpxtpx:hr>179</gpxtpx:hr>
<gpxtpx:cad>180</gpxtpx:cad>
</gpxtpx:TrackPointExtension>
</extensions>
</trkpt>
<trkpt lat="33.5830432" lon="130.3776707">
<ele>2.141</ele>
<time>2026-05-30T21:53:05Z</time>
<extensions>
<gpxtpx:TrackPointExtension>
<gpxtpx:hr>179</gpxtpx:hr>
</gpxtpx:TrackPointExtension>
</extensions>
</trkpt>
<trkpt lat="33.5830573" lon="130.3777049">
<ele>2.133</ele>
<time>2026-05-30T21:53:06Z</time>
<extensions>
<gpxtpx:TrackPointExtension>
<gpxtpx:hr>179</gpxtpx:hr>
</gpxtpx:TrackPointExtension>
</extensions>
</trkpt>
<trkpt lat="33.5830724" lon="130.3777373">
<ele>2.104</ele>
<time>2026-05-30T21:53:07Z</time>
<extensions>
<gpxtpx:TrackPointExtension>
<gpxtpx:hr>179</gpxtpx:hr>
</gpxtpx:TrackPointExtension>
</extensions>
</trkpt>
<trkpt lat="33.5830872" lon="130.3777701">
<ele>2.066</ele>
<time>2026-05-30T21:53:08Z</time>
<extensions>
<gpxtpx:TrackPointExtension>
<gpxtpx:hr>179</gpxtpx:hr>
</gpxtpx:TrackPointExtension>
</extensions>
</trkpt>
<trkpt lat="33.583103" lon="130.3778004">
<ele>2.066</ele>
<time>2026-05-30T21:53:09Z</time>
<extensions>
<gpxtpx:TrackPointExtension>
<gpxtpx:hr>179</gpxtpx:hr>
<gpxtpx:cad>179</gpxtpx:cad>
</gpxtpx:TrackPointExtension>
</extensions>
</trkpt>
<trkpt lat="33.5831186" lon="130.3778311">
<ele>2.065</ele>
<time>2026-05-30T21:53:10Z</time>
<extensions>
<gpxtpx:TrackPointExtension>
<gpxtpx:hr>179</gpxtpx:hr>
</gpxtpx:TrackPointExtension>
</extensions>
</trkpt>
<trkpt lat="33.5831348" lon="130.3778603">
<ele>2.109</ele>
<time>2026-05-30T21:53:11Z</time>
<extensions>
<gpxtpx:TrackPointExtension>
<gpxtpx:hr>179</gpxtpx:hr>
</gpxtpx:TrackPointExtension>
</extensions>
</trkpt>
<trkpt lat="33.5831516" lon="130.3778881">
<ele>2.134</ele>
<time>2026-05-30T21:53:12Z</time>
<extensions>
<gpxtpx:TrackPointExtension>
<gpxtpx:hr>179</gpxtpx:hr>
</gpxtpx:TrackPointExtension>
</extensions>
</trkpt>
<trkpt lat="33.5831682" lon="130.3779161">
<ele>2.033</ele>
<time>2026-05-30T21:53:13Z</time>
<extensions>
<gpxtpx:TrackPointExtension>
<gpxtpx:hr>179</gpxtpx:hr>
</gpxtpx:TrackPointExtension>
</extensions>
</trkpt>
<trkpt lat="33.5831856" lon="130.3779428">
<ele>2.069</ele>
<time>2026-05-30T21:53:14Z</time>
<extensions>
<gpxtpx:TrackPointExtension>
<gpxtpx:hr>179</gpxtpx:hr>
<gpxtpx:cad>180</gpxtpx:cad>
</gpxtpx:TrackPointExtension>
</extensions>
</trkpt>
<trkpt lat="33.5832032" lon="130.3779694">
<ele>2.078</ele>
<time>2026-05-30T21:53:15Z</time>
<extensions>
<gpxtpx:TrackPointExtension>
<gpxtpx:hr>178</gpxtpx:hr>
<gpxtpx:cad>180</gpxtpx:cad>
</gpxtpx:TrackPointExtension>
</extensions>
</trkpt>
<trkpt lat="33.5832214" lon="130.3779958">
<ele>2.091</ele>
<time>2026-05-30T21:53:16Z</time>
<extensions>
<gpxtpx:TrackPointExtension>
<gpxtpx:hr>178</gpxtpx:hr>
</gpxtpx:TrackPointExtension>
</extensions>
</trkpt>
<trkpt lat="33.5832394" lon="130.3780222">
<ele>2.116</ele>
<time>2026-05-30T21:53:17Z</time>
<extensions>
<gpxtpx:TrackPointExtension>
<gpxtpx:hr>178</gpxtpx:hr>
</gpxtpx:TrackPointExtension>
</extensions>
</trkpt>
<trkpt lat="33.5832587" lon="130.3780488">
<ele>2.098</ele>
<time>2026-05-30T21:53:18Z</time>
<extensions>
<gpxtpx:TrackPointExtension>
<gpxtpx:hr>178</gpxtpx:hr>
</gpxtpx:TrackPointExtension>
</extensions>
</trkpt>
<trkpt lat="33.5832777" lon="130.3780752">
<ele>2.092</ele>
<time>2026-05-30T21:53:19Z</time>
<extensions>
<gpxtpx:TrackPointExtension>
<gpxtpx:hr>177</gpxtpx:hr>
<gpxtpx:cad>180</gpxtpx:cad>
</gpxtpx:TrackPointExtension>
</extensions>
</trkpt>
<trkpt lat="33.583298" lon="130.3781019">
<ele>2.087</ele>
<time>2026-05-30T21:53:20Z</time>
<extensions>
<gpxtpx:TrackPointExtension>
<gpxtpx:hr>177</gpxtpx:hr>
</gpxtpx:TrackPointExtension>
</extensions>
</trkpt>
<trkpt lat="33.5833184" lon="130.3781286">
<ele>2.059</ele>
<time>2026-05-30T21:53:21Z</time>
<extensions>
<gpxtpx:TrackPointExtension>
<gpxtpx:hr>177</gpxtpx:hr>
</gpxtpx:TrackPointExtension>
</extensions>
</trkpt>
<trkpt lat="33.5833409" lon="130.3781549">
<ele>2.037</ele>
<time>2026-05-30T21:53:22Z</time>
<extensions>
<gpxtpx:TrackPointExtension>
<gpxtpx:hr>177</gpxtpx:hr>
</gpxtpx:TrackPointExtension>
</extensions>
</trkpt>
<trkpt lat="33.5833631" lon="130.3781814">
<ele>1.978</ele>
<time>2026-05-30T21:53:23Z</time>
<extensions>
<gpxtpx:TrackPointExtension>
<gpxtpx:hr>176</gpxtpx:hr>
</gpxtpx:TrackPointExtension>
</extensions>
</trkpt>
<trkpt lat="33.5833867" lon="130.3782071">
<ele>1.955</ele>
<time>2026-05-30T21:53:24Z</time>
<extensions>
<gpxtpx:TrackPointExtension>
<gpxtpx:hr>176</gpxtpx:hr>
<gpxtpx:cad>181</gpxtpx:cad>
</gpxtpx:TrackPointExtension>
</extensions>
</trkpt>
<trkpt lat="33.583411" lon="130.3782322">
<ele>1.991</ele>
<time>2026-05-30T21:53:25Z</time>
<extensions>
<gpxtpx:TrackPointExtension>
<gpxtpx:hr>176</gpxtpx:hr>
</gpxtpx:TrackPointExtension>
</extensions>
</trkpt>
<trkpt lat="33.5834358" lon="130.378257">
<ele>1.949</ele>
<time>2026-05-30T21:53:26Z</time>
<extensions>
<gpxtpx:TrackPointExtension>
<gpxtpx:hr>176</gpxtpx:hr>
</gpxtpx:TrackPointExtension>
</extensions>
</trkpt>
<trkpt lat="33.5834609" lon="130.3782815">
<ele>1.901</ele>
<time>2026-05-30T21:53:27Z</time>
<extensions>
<gpxtpx:TrackPointExtension>
<gpxtpx:hr>176</gpxtpx:hr>
</gpxtpx:TrackPointExtension>
</extensions>
</trkpt>
<trkpt lat="33.5834861" lon="130.3783059">
<ele>1.898</ele>
<time>2026-05-30T21:53:28Z</time>
<extensions>
<gpxtpx:TrackPointExtension>
<gpxtpx:hr>176</gpxtpx:hr>
</gpxtpx:TrackPointExtension>
</extensions>
</trkpt>
<trkpt lat="33.5835114" lon="130.3783304">
<ele>1.993</ele>
<time>2026-05-30T21:53:29Z</time>
<extensions>
<gpxtpx:TrackPointExtension>
<gpxtpx:hr>176</gpxtpx:hr>
<gpxtpx:cad>181</gpxtpx:cad>
</gpxtpx:TrackPointExtension>
</extensions>
</trkpt>
<trkpt lat="33.5835367" lon="130.3783551">
<ele>1.998</ele>
<time>2026-05-30T21:53:30Z</time>
<extensions>
<gpxtpx:TrackPointExtension>
<gpxtpx:hr>176</gpxtpx:hr>
</gpxtpx:TrackPointExtension>
</extensions>
</trkpt>
<trkpt lat="33.583562" lon="130.3783799">
<ele>1.95</ele>
<time>2026-05-30T21:53:31Z</time>
<extensions>
<gpxtpx:TrackPointExtension>
<gpxtpx:hr>176</gpxtpx:hr>
</gpxtpx:TrackPointExtension>
</extensions>
</trkpt>
<trkpt lat="33.5835871" lon="130.3784043">
<ele>1.944</ele>
<time>2026-05-30T21:53:32Z</time>
<extensions>
<gpxtpx:TrackPointExtension>
<gpxtpx:hr>176</gpxtpx:hr>
</gpxtpx:TrackPointExtension>
</extensions>
</trkpt>
<trkpt lat="33.5836121" lon="130.378428">
<ele>1.951</ele>
<time>2026-05-30T21:53:33Z</time>
<extensions>
<gpxtpx:TrackPointExtension>
<gpxtpx:hr>176</gpxtpx:hr>
</gpxtpx:TrackPointExtension>
</extensions>
</trkpt>
<trkpt lat="33.583637" lon="130.3784517">
<ele>1.957</ele>
<time>2026-05-30T21:53:34Z</time>
<extensions>
<gpxtpx:TrackPointExtension>
<gpxtpx:hr>176</gpxtpx:hr>
<gpxtpx:cad>181</gpxtpx:cad>
</gpxtpx:TrackPointExtension>
</extensions>
</trkpt>
<trkpt lat="33.5836617" lon="130.3784751">
<ele>1.947</ele>
<time>2026-05-30T21:53:35Z</time>
<extensions>
<gpxtpx:TrackPointExtension>
<gpxtpx:hr>176</gpxtpx:hr>
</gpxtpx:TrackPointExtension>
</extensions>
</trkpt>
<trkpt lat="33.5836869" lon="130.3784993">
<ele>1.984</ele>
<time>2026-05-30T21:53:36Z</time>
<extensions>
<gpxtpx:TrackPointExtension>
<gpxtpx:hr>176</gpxtpx:hr>
</gpxtpx:TrackPointExtension>
</extensions>
</trkpt>
<trkpt lat="33.5837119" lon="130.3785231">
<ele>1.973</ele>
<time>2026-05-30T21:53:37Z</time>
<extensions>
<gpxtpx:TrackPointExtension>
<gpxtpx:hr>177</gpxtpx:hr>
</gpxtpx:TrackPointExtension>
</extensions>
</trkpt>
<trkpt lat="33.5837366" lon="130.378546">
<ele>1.782</ele>
<time>2026-05-30T21:53:38Z</time>
<extensions>
<gpxtpx:TrackPointExtension>
<gpxtpx:hr>177</gpxtpx:hr>
</gpxtpx:TrackPointExtension>
</extensions>
</trkpt>
<trkpt lat="33.5837609" lon="130.3785679">
<ele>1.746</ele>
<time>2026-05-30T21:53:39Z</time>
<extensions>
<gpxtpx:TrackPointExtension>
<gpxtpx:hr>178</gpxtpx:hr>
<gpxtpx:cad>179</gpxtpx:cad>
</gpxtpx:TrackPointExtension>
</extensions>
</trkpt>
<trkpt lat="33.5837845" lon="130.3785882">
<ele>1.818</ele>
<time>2026-05-30T21:53:40Z</time>
<extensions>
<gpxtpx:TrackPointExtension>
<gpxtpx:hr>178</gpxtpx:hr>
</gpxtpx:TrackPointExtension>
</extensions>
</trkpt>
<trkpt lat="33.5838081" lon="130.3786088">
<ele>1.877</ele>
<time>2026-05-30T21:53:41Z</time>
<extensions>
<gpxtpx:TrackPointExtension>
<gpxtpx:hr>178</gpxtpx:hr>
</gpxtpx:TrackPointExtension>
</extensions>
</trkpt>
<trkpt lat="33.5838323" lon="130.3786281">
<ele>1.872</ele>
<time>2026-05-30T21:53:42Z</time>
<extensions>
<gpxtpx:TrackPointExtension>
<gpxtpx:hr>177</gpxtpx:hr>
</gpxtpx:TrackPointExtension>
</extensions>
</trkpt>
<trkpt lat="33.5838563" lon="130.3786477">
<ele>1.964</ele>
<time>2026-05-30T21:53:43Z</time>
<extensions>
<gpxtpx:TrackPointExtension>
<gpxtpx:hr>177</gpxtpx:hr>
</gpxtpx:TrackPointExtension>
</extensions>
</trkpt>
<trkpt lat="33.5838808" lon="130.3786667">
<ele>1.972</ele>
<time>2026-05-30T21:53:44Z</time>
<extensions>
<gpxtpx:TrackPointExtension>
<gpxtpx:cad>177</gpxtpx:cad>
</gpxtpx:TrackPointExtension>
</extensions>
</trkpt>
<trkpt lat="33.5839076" lon="130.3786846">
<ele>1.919</ele>
<time>2026-05-30T21:53:45Z</time>
<extensions>
<gpxtpx:TrackPointExtension>
<gpxtpx:hr>176</gpxtpx:hr>
<gpxtpx:cad>177</gpxtpx:cad>
</gpxtpx:TrackPointExtension>
</extensions>
</trkpt>
<trkpt lat="33.5839341" lon="130.3787026">
<ele>1.883</ele>
<time>2026-05-30T21:53:46Z</time>
<extensions>
<gpxtpx:TrackPointExtension>
<gpxtpx:hr>176</gpxtpx:hr>
</gpxtpx:TrackPointExtension>
</extensions>
</trkpt>
<trkpt lat="33.5839621" lon="130.3787195">
<ele>1.862</ele>
<time>2026-05-30T21:53:47Z</time>
<extensions>
<gpxtpx:TrackPointExtension>
<gpxtpx:hr>176</gpxtpx:hr>
</gpxtpx:TrackPointExtension>
</extensions>
</trkpt>
<trkpt lat="33.5839899" lon="130.3787366">
<ele>1.884</ele>
<time>2026-05-30T21:53:48Z</time>
<extensions>
<gpxtpx:TrackPointExtension>
<gpxtpx:hr>176</gpxtpx:hr>
</gpxtpx:TrackPointExtension>
</extensions>
</trkpt>
<trkpt lat="33.5840183" lon="130.3787531">
<ele>1.895</ele>
<time>2026-05-30T21:53:49Z</time>
<extensions>
<gpxtpx:TrackPointExtension>
<gpxtpx:hr>175</gpxtpx:hr>
<gpxtpx:cad>177</gpxtpx:cad>
</gpxtpx:TrackPointExtension>
</extensions>
</trkpt>
<trkpt lat="33.5840469" lon="130.3787694">
<ele>1.869</ele>
<time>2026-05-30T21:53:50Z</time>
<extensions>
<gpxtpx:TrackPointExtension>
<gpxtpx:hr>176</gpxtpx:hr>
</gpxtpx:TrackPointExtension>
</extensions>
</trkpt>
<trkpt lat="33.5840756" lon="130.3787854">
<ele>1.919</ele>
<time>2026-05-30T21:53:51Z</time>
<extensions>
<gpxtpx:TrackPointExtension>
<gpxtpx:hr>176</gpxtpx:hr>
</gpxtpx:TrackPointExtension>
</extensions>
</trkpt>
<trkpt lat="33.5841045" lon="130.3788011">
<ele>1.949</ele>
<time>2026-05-30T21:53:52Z</time>
<extensions>
<gpxtpx:TrackPointExtension>
<gpxtpx:hr>176</gpxtpx:hr>
</gpxtpx:TrackPointExtension>
</extensions>
</trkpt>
<trkpt lat="33.5841341" lon="130.3788153">
<ele>1.882</ele>
<time>2026-05-30T21:53:53Z</time>
<extensions>
<gpxtpx:TrackPointExtension>
<gpxtpx:hr>176</gpxtpx:hr>
</gpxtpx:TrackPointExtension>
</extensions>
</trkpt>
<trkpt lat="33.5841635" lon="130.3788297">
<ele>1.83</ele>
<time>2026-05-30T21:53:54Z</time>
<extensions>
<gpxtpx:TrackPointExtension>
<gpxtpx:hr>176</gpxtpx:hr>
<gpxtpx:cad>178</gpxtpx:cad>
</gpxtpx:TrackPointExtension>
</extensions>
</trkpt>
<trkpt lat="33.5841927" lon="130.3788429">
<ele>1.773</ele>
<time>2026-05-30T21:53:55Z</time>
<extensions>
<gpxtpx:TrackPointExtension>
<gpxtpx:hr>177</gpxtpx:hr>
</gpxtpx:TrackPointExtension>
</extensions>
</trkpt>
<trkpt lat="33.584222" lon="130.3788571">
<ele>1.847</ele>
<time>2026-05-30T21:53:56Z</time>
<extensions>
<gpxtpx:TrackPointExtension>
<gpxtpx:hr>177</gpxtpx:hr>
</gpxtpx:TrackPointExtension>
</extensions>
</trkpt>
<trkpt lat="33.5842516" lon="130.3788708">
<ele>2.013</ele>
<time>2026-05-30T21:53:57Z</time>
<extensions>
<gpxtpx:TrackPointExtension>
<gpxtpx:hr>177</gpxtpx:hr>
</gpxtpx:TrackPointExtension>
</extensions>
</trkpt>
<trkpt lat="33.5842807" lon="130.3788829">
<ele>1.977</ele>
<time>2026-05-30T21:53:58Z</time>
<extensions>
<gpxtpx:TrackPointExtension>
<gpxtpx:hr>176</gpxtpx:hr>
</gpxtpx:TrackPointExtension>
</extensions>
</trkpt>
<trkpt lat="33.5843098" lon="130.3788949">
<ele>1.81</ele>
<time>2026-05-30T21:53:59Z</time>
<extensions>
<gpxtpx:TrackPointExtension>
<gpxtpx:hr>176</gpxtpx:hr>
<gpxtpx:cad>180</gpxtpx:cad>
</gpxtpx:TrackPointExtension>
</extensions>
</trkpt>
<trkpt lat="33.5843374" lon="130.3789053">
<ele>1.814</ele>
<time>2026-05-30T21:54:00Z</time>
<extensions>
<gpxtpx:TrackPointExtension>
<gpxtpx:hr>176</gpxtpx:hr>
</gpxtpx:TrackPointExtension>
</extensions>
</trkpt>
<trkpt lat="33.5843638" lon="130.3789143">
<ele>2.067</ele>
<time>2026-05-30T21:54:01Z</time>
<extensions>
<gpxtpx:TrackPointExtension>
<gpxtpx:hr>176</gpxtpx:hr>
</gpxtpx:TrackPointExtension>
</extensions>
</trkpt>
<trkpt lat="33.5843901" lon="130.3789229">
<ele>2.119</ele>
<time>2026-05-30T21:54:02Z</time>
<extensions>
<gpxtpx:TrackPointExtension>
<gpxtpx:hr>176</gpxtpx:hr>
</gpxtpx:TrackPointExtension>
</extensions>
</trkpt>
<trkpt lat="33.5844161" lon="130.3789307">
<ele>1.885</ele>
<time>2026-05-30T21:54:03Z</time>
<extensions>
<gpxtpx:TrackPointExtension>
<gpxtpx:hr>176</gpxtpx:hr>
</gpxtpx:TrackPointExtension>
</extensions>
</trkpt>
<trkpt lat="33.5844421" lon="130.3789376">
<ele>1.827</ele>
<time>2026-05-30T21:54:04Z</time>
<extensions>
<gpxtpx:TrackPointExtension>
<gpxtpx:hr>176</gpxtpx:hr>
<gpxtpx:cad>181</gpxtpx:cad>
</gpxtpx:TrackPointExtension>
</extensions>
</trkpt>
<trkpt lat="33.5844682" lon="130.3789436">
<ele>1.85</ele>
<time>2026-05-30T21:54:05Z</time>
<extensions>
<gpxtpx:TrackPointExtension>
<gpxtpx:hr>176</gpxtpx:hr>
</gpxtpx:TrackPointExtension>
</extensions>
</trkpt>
<trkpt lat="33.5844947" lon="130.3789489">
<ele>1.862</ele>
<time>2026-05-30T21:54:06Z</time>
<extensions>
<gpxtpx:TrackPointExtension>
<gpxtpx:hr>177</gpxtpx:hr>
</gpxtpx:TrackPointExtension>
</extensions>
</trkpt>
<trkpt lat="33.5845215" lon="130.3789536">
<ele>1.888</ele>
<time>2026-05-30T21:54:07Z</time>
<extensions>
<gpxtpx:TrackPointExtension>
<gpxtpx:hr>177</gpxtpx:hr>
</gpxtpx:TrackPointExtension>
</extensions>
</trkpt>
<trkpt lat="33.5845486" lon="130.3789578">
<ele>1.882</ele>
<time>2026-05-30T21:54:08Z</time>
<extensions>
<gpxtpx:TrackPointExtension>
<gpxtpx:hr>178</gpxtpx:hr>
</gpxtpx:TrackPointExtension>
</extensions>
</trkpt>
<trkpt lat="33.5845761" lon="130.3789618">
<ele>1.883</ele>
<time>2026-05-30T21:54:09Z</time>
<extensions>
<gpxtpx:TrackPointExtension>
<gpxtpx:hr>178</gpxtpx:hr>
<gpxtpx:cad>177</gpxtpx:cad>
</gpxtpx:TrackPointExtension>
</extensions>
</trkpt>
<trkpt lat="33.5846037" lon="130.3789656">
<ele>1.875</ele>
<time>2026-05-30T21:54:10Z</time>
<extensions>
<gpxtpx:TrackPointExtension>
<gpxtpx:hr>179</gpxtpx:hr>
</gpxtpx:TrackPointExtension>
</extensions>
</trkpt>
<trkpt lat="33.5846314" lon="130.3789695">
<ele>1.926</ele>
<time>2026-05-30T21:54:11Z</time>
<extensions>
<gpxtpx:TrackPointExtension>
<gpxtpx:hr>179</gpxtpx:hr>
</gpxtpx:TrackPointExtension>
</extensions>
</trkpt>
<trkpt lat="33.5846598" lon="130.3789733">
<ele>1.925</ele>
<time>2026-05-30T21:54:12Z</time>
<extensions>
<gpxtpx:TrackPointExtension>
<gpxtpx:hr>179</gpxtpx:hr>
</gpxtpx:TrackPointExtension>
</extensions>
</trkpt>
<trkpt lat="33.5846887" lon="130.3789767">
<ele>1.91</ele>
<time>2026-05-30T21:54:13Z</time>
<extensions>
<gpxtpx:TrackPointExtension>
<gpxtpx:hr>179</gpxtpx:hr>
</gpxtpx:TrackPointExtension>
</extensions>
</trkpt>
<trkpt lat="33.5847176" lon="130.3789799">
<ele>1.875</ele>
<time>2026-05-30T21:54:14Z</time>
<extensions>
<gpxtpx:TrackPointExtension>
<gpxtpx:hr>179</gpxtpx:hr>
<gpxtpx:cad>176</gpxtpx:cad>
</gpxtpx:TrackPointExtension>
</extensions>
</trkpt>
<trkpt lat="33.5847472" lon="130.3789815">
<ele>1.892</ele>
<time>2026-05-30T21:54:15Z</time>
<extensions>
<gpxtpx:TrackPointExtension>
<gpxtpx:hr>179</gpxtpx:hr>
<gpxtpx:cad>177</gpxtpx:cad>
</gpxtpx:TrackPointExtension>
</extensions>
</trkpt>
<trkpt lat="33.5847762" lon="130.3789838">
<ele>1.788</ele>
<time>2026-05-30T21:54:16Z</time>
<extensions>
<gpxtpx:TrackPointExtension>
<gpxtpx:hr>179</gpxtpx:hr>
</gpxtpx:TrackPointExtension>
</extensions>
</trkpt>
<trkpt lat="33.584805" lon="130.3789869">
<ele>1.791</ele>
<time>2026-05-30T21:54:17Z</time>
<extensions>
<gpxtpx:TrackPointExtension>
<gpxtpx:hr>178</gpxtpx:hr>
</gpxtpx:TrackPointExtension>
</extensions>
</trkpt>
<trkpt lat="33.5848341" lon="130.3789897">
<ele>1.908</ele>
<time>2026-05-30T21:54:18Z</time>
<extensions>
<gpxtpx:TrackPointExtension>
<gpxtpx:hr>178</gpxtpx:hr>
</gpxtpx:TrackPointExtension>
</extensions>
</trkpt>
<trkpt lat="33.5848635" lon="130.3789914">
<ele>1.953</ele>
<time>2026-05-30T21:54:19Z</time>
<extensions>
<gpxtpx:TrackPointExtension>
<gpxtpx:hr>178</gpxtpx:hr>
<gpxtpx:cad>179</gpxtpx:cad>
</gpxtpx:TrackPointExtension>
</extensions>
</trkpt>
<trkpt lat="33.5848932" lon="130.3789931">
<ele>1.873</ele>
<time>2026-05-30T21:54:20Z</time>
<extensions>
<gpxtpx:TrackPointExtension>
<gpxtpx:hr>177</gpxtpx:hr>
</gpxtpx:TrackPointExtension>
</extensions>
</trkpt>
<trkpt lat="33.5849222" lon="130.3789938">
<ele>1.831</ele>
<time>2026-05-30T21:54:21Z</time>
<extensions>
<gpxtpx:TrackPointExtension>
<gpxtpx:hr>177</gpxtpx:hr>
</gpxtpx:TrackPointExtension>
</extensions>
</trkpt>
<trkpt lat="33.5849512" lon="130.3789943">
<ele>1.759</ele>
<time>2026-05-30T21:54:22Z</time>
<extensions>
<gpxtpx:TrackPointExtension>
<gpxtpx:hr>177</gpxtpx:hr>
</gpxtpx:TrackPointExtension>
</extensions>
</trkpt>
<trkpt lat="33.5849798" lon="130.3789947">
<ele>1.792</ele>
<time>2026-05-30T21:54:23Z</time>
<extensions>
<gpxtpx:TrackPointExtension>
<gpxtpx:hr>177</gpxtpx:hr>
</gpxtpx:TrackPointExtension>
</extensions>
</trkpt>
<trkpt lat="33.5850084" lon="130.3789951">
<ele>1.788</ele>
<time>2026-05-30T21:54:24Z</time>
<extensions>
<gpxtpx:TrackPointExtension>
<gpxtpx:hr>176</gpxtpx:hr>
<gpxtpx:cad>181</gpxtpx:cad>
</gpxtpx:TrackPointExtension>
</extensions>
</trkpt>
<trkpt lat="33.5850372" lon="130.378995">
<ele>1.85</ele>
<time>2026-05-30T21:54:25Z</time>
<extensions>
<gpxtpx:TrackPointExtension>
<gpxtpx:hr>176</gpxtpx:hr>
</gpxtpx:TrackPointExtension>
</extensions>
</trkpt>
<trkpt lat="33.5850659" lon="130.378995">
<ele>1.947</ele>
<time>2026-05-30T21:54:26Z</time>
<extensions>
<gpxtpx:TrackPointExtension>
<gpxtpx:hr>176</gpxtpx:hr>
</gpxtpx:TrackPointExtension>
</extensions>
</trkpt>
<trkpt lat="33.5850949" lon="130.3789942">
<ele>1.966</ele>
<time>2026-05-30T21:54:27Z</time>
<extensions>
<gpxtpx:TrackPointExtension>
<gpxtpx:hr>176</gpxtpx:hr>
</gpxtpx:TrackPointExtension>
</extensions>
</trkpt>
<trkpt lat="33.5851242" lon="130.3789927">
<ele>1.948</ele>
<time>2026-05-30T21:54:28Z</time>
<extensions>
<gpxtpx:TrackPointExtension>
<gpxtpx:hr>176</gpxtpx:hr>
</gpxtpx:TrackPointExtension>
</extensions>
</trkpt>
<trkpt lat="33.5851538" lon="130.3789903">
<ele>1.941</ele>
<time>2026-05-30T21:54:29Z</time>
<extensions>
<gpxtpx:TrackPointExtension>
<gpxtpx:hr>176</gpxtpx:hr>
<gpxtpx:cad>181</gpxtpx:cad>
</gpxtpx:TrackPointExtension>
</extensions>
</trkpt>
<trkpt lat="33.5851837" lon="130.3789871">
<ele>1.864</ele>
<time>2026-05-30T21:54:30Z</time>
<extensions>
<gpxtpx:TrackPointExtension>
<gpxtpx:hr>176</gpxtpx:hr>
</gpxtpx:TrackPointExtension>
</extensions>
</trkpt>
<trkpt lat="33.5852138" lon="130.3789832">
<ele>1.824</ele>
<time>2026-05-30T21:54:31Z</time>
<extensions>
<gpxtpx:TrackPointExtension>
<gpxtpx:hr>175</gpxtpx:hr>
</gpxtpx:TrackPointExtension>
</extensions>
</trkpt>
<trkpt lat="33.5852441" lon="130.3789785">
<ele>1.802</ele>
<time>2026-05-30T21:54:32Z</time>
<extensions>
<gpxtpx:TrackPointExtension>
<gpxtpx:hr>176</gpxtpx:hr>
</gpxtpx:TrackPointExtension>
</extensions>
</trkpt>
<trkpt lat="33.5852745" lon="130.3789736">
<ele>1.817</ele>
<time>2026-05-30T21:54:33Z</time>
<extensions>
<gpxtpx:TrackPointExtension>
<gpxtpx:hr>176</gpxtpx:hr>
</gpxtpx:TrackPointExtension>
</extensions>
</trkpt>
<trkpt lat="33.5853047" lon="130.3789673">
<ele>1.788</ele>
<time>2026-05-30T21:54:34Z</time>
<extensions>
<gpxtpx:TrackPointExtension>
<gpxtpx:hr>176</gpxtpx:hr>
<gpxtpx:cad>181</gpxtpx:cad>
</gpxtpx:TrackPointExtension>
</extensions>
</trkpt>
<trkpt lat="33.5853348" lon="130.3789607">
<ele>1.762</ele>
<time>2026-05-30T21:54:35Z</time>
<extensions>
<gpxtpx:TrackPointExtension>
<gpxtpx:hr>176</gpxtpx:hr>
</gpxtpx:TrackPointExtension>
</extensions>
</trkpt>
<trkpt lat="33.5853643" lon="130.3789533">
<ele>1.791</ele>
<time>2026-05-30T21:54:36Z</time>
<extensions>
<gpxtpx:TrackPointExtension>
<gpxtpx:hr>176</gpxtpx:hr>
</gpxtpx:TrackPointExtension>
</extensions>
</trkpt>
<trkpt lat="33.5853929" lon="130.3789452">
<ele>1.818</ele>
<time>2026-05-30T21:54:37Z</time>
<extensions>
<gpxtpx:TrackPointExtension>
<gpxtpx:hr>176</gpxtpx:hr>
</gpxtpx:TrackPointExtension>
</extensions>
</trkpt>
<trkpt lat="33.5854218" lon="130.3789376">
<ele>1.837</ele>
<time>2026-05-30T21:54:38Z</time>
<extensions>
<gpxtpx:TrackPointExtension>
<gpxtpx:hr>176</gpxtpx:hr>
</gpxtpx:TrackPointExtension>
</extensions>
</trkpt>
<trkpt lat="33.5854499" lon="130.3789287">
<ele>1.892</ele>
<time>2026-05-30T21:54:39Z</time>
<extensions>
<gpxtpx:TrackPointExtension>
<gpxtpx:hr>176</gpxtpx:hr>
<gpxtpx:cad>181</gpxtpx:cad>
</gpxtpx:TrackPointExtension>
</extensions>
</trkpt>
<trkpt lat="33.5854786" lon="130.37892">
<ele>1.902</ele>
<time>2026-05-30T21:54:40Z</time>
<extensions>
<gpxtpx:TrackPointExtension>
<gpxtpx:hr>176</gpxtpx:hr>
</gpxtpx:TrackPointExtension>
</extensions>
</trkpt>
<trkpt lat="33.5855076" lon="130.3789119">
<ele>1.912</ele>
<time>2026-05-30T21:54:41Z</time>
<extensions>
<gpxtpx:TrackPointExtension>
<gpxtpx:hr>176</gpxtpx:hr>
</gpxtpx:TrackPointExtension>
</extensions>
</trkpt>
<trkpt lat="33.5855366" lon="130.378904">
<ele>1.867</ele>
<time>2026-05-30T21:54:42Z</time>
<extensions>
<gpxtpx:TrackPointExtension>
<gpxtpx:hr>176</gpxtpx:hr>
</gpxtpx:TrackPointExtension>
</extensions>
</trkpt>
<trkpt lat="33.5855656" lon="130.3788952">
<ele>1.873</ele>
<time>2026-05-30T21:54:43Z</time>
<extensions>
<gpxtpx:TrackPointExtension>
<gpxtpx:hr>176</gpxtpx:hr>
</gpxtpx:TrackPointExtension>
</extensions>
</trkpt>
<trkpt lat="33.5855944" lon="130.3788868">
<ele>1.868</ele>
<time>2026-05-30T21:54:44Z</time>
<extensions>
<gpxtpx:TrackPointExtension>
<gpxtpx:hr>176</gpxtpx:hr>
<gpxtpx:cad>181</gpxtpx:cad>
</gpxtpx:TrackPointExtension>
</extensions>
</trkpt>
<trkpt lat="33.5856233" lon="130.378878">
<ele>1.927</ele>
<time>2026-05-30T21:54:45Z</time>
<extensions>
<gpxtpx:TrackPointExtension>
<gpxtpx:hr>176</gpxtpx:hr>
<gpxtpx:cad>181</gpxtpx:cad>
</gpxtpx:TrackPointExtension>
</extensions>
</trkpt>
<trkpt lat="33.5856521" lon="130.3788693">
<ele>1.852</ele>
<time>2026-05-30T21:54:46Z</time>
<extensions>
<gpxtpx:TrackPointExtension>
<gpxtpx:hr>176</gpxtpx:hr>
</gpxtpx:TrackPointExtension>
</extensions>
</trkpt>
<trkpt lat="33.585681" lon="130.3788604">
<ele>1.883</ele>
<time>2026-05-30T21:54:47Z</time>
<extensions>
<gpxtpx:TrackPointExtension>
<gpxtpx:hr>176</gpxtpx:hr>
</gpxtpx:TrackPointExtension>
</extensions>
</trkpt>
<trkpt lat="33.5857386" lon="130.3788424">
<ele>1.884</ele>
<time>2026-05-30T21:54:49Z</time>
<extensions>
<gpxtpx:TrackPointExtension>
<gpxtpx:hr>176</gpxtpx:hr>
<gpxtpx:cad>180</gpxtpx:cad>
</gpxtpx:TrackPointExtension>
</extensions>
</trkpt>
<trkpt lat="33.5857676" lon="130.3788331">
<ele>1.897</ele>
<time>2026-05-30T21:54:51Z</time>
<extensions>
<gpxtpx:TrackPointExtension>
<gpxtpx:hr>176</gpxtpx:hr>
</gpxtpx:TrackPointExtension>
</extensions>
</trkpt>
<trkpt lat="33.5857969" lon="130.378824">
<ele>1.895</ele>
<time>2026-05-30T21:54:52Z</time>
<extensions>
<gpxtpx:TrackPointExtension>
<gpxtpx:hr>176</gpxtpx:hr>
</gpxtpx:TrackPointExtension>
</extensions>
</trkpt>
<trkpt lat="33.5858262" lon="130.3788152">
<ele>1.826</ele>
<time>2026-05-30T21:54:53Z</time>
<extensions>
<gpxtpx:TrackPointExtension>
<gpxtpx:hr>177</gpxtpx:hr>
</gpxtpx:TrackPointExtension>
</extensions>
</trkpt>
<trkpt lat="33.5858552" lon="130.3788064">
<ele>1.851</ele>
<time>2026-05-30T21:54:54Z</time>
<extensions>
<gpxtpx:TrackPointExtension>
<gpxtpx:hr>177</gpxtpx:hr>
</gpxtpx:TrackPointExtension>
</extensions>
</trkpt>
<trkpt lat="33.5858844" lon="130.3787982">
<ele>1.841</ele>
<time>2026-05-30T21:54:55Z</time>
<extensions>
<gpxtpx:TrackPointExtension>
<gpxtpx:hr>178</gpxtpx:hr>
<gpxtpx:cad>180</gpxtpx:cad>
</gpxtpx:TrackPointExtension>
</extensions>
</trkpt>
<trkpt lat="33.5859122" lon="130.3787881">
<ele>1.848</ele>
<time>2026-05-30T21:54:56Z</time>
<extensions>
<gpxtpx:TrackPointExtension>
<gpxtpx:hr>178</gpxtpx:hr>
</gpxtpx:TrackPointExtension>
</extensions>
</trkpt>
<trkpt lat="33.5859402" lon="130.3787782">
<ele>1.798</ele>
<time>2026-05-30T21:54:57Z</time>
<extensions>
<gpxtpx:TrackPointExtension>
<gpxtpx:hr>178</gpxtpx:hr>
</gpxtpx:TrackPointExtension>
</extensions>
</trkpt>
<trkpt lat="33.5859675" lon="130.3787663">
<ele>1.764</ele>
<time>2026-05-30T21:54:58Z</time>
<extensions>
<gpxtpx:TrackPointExtension>
<gpxtpx:hr>179</gpxtpx:hr>
</gpxtpx:TrackPointExtension>
</extensions>
</trkpt>
<trkpt lat="33.5859949" lon="130.3787547">
<ele>1.753</ele>
<time>2026-05-30T21:54:59Z</time>
<extensions>
<gpxtpx:TrackPointExtension>
<gpxtpx:hr>179</gpxtpx:hr>
</gpxtpx:TrackPointExtension>
</extensions>
</trkpt>
<trkpt lat="33.5860221" lon="130.3787414">
<ele>1.788</ele>
<time>2026-05-30T21:55:00Z</time>
<extensions>
<gpxtpx:TrackPointExtension>
<gpxtpx:hr>180</gpxtpx:hr>
<gpxtpx:cad>180</gpxtpx:cad>
</gpxtpx:TrackPointExtension>
</extensions>
</trkpt>
<trkpt lat="33.5860489" lon="130.378727">
<ele>1.759</ele>
<time>2026-05-30T21:55:01Z</time>
</trkpt>
<trkpt lat="33.5860754" lon="130.3787112">
<ele>1.765</ele>
<time>2026-05-30T21:55:02Z</time>
<extensions>
<gpxtpx:TrackPointExtension>
<gpxtpx:hr>180</gpxtpx:hr>
</gpxtpx:TrackPointExtension>
</extensions>
</trkpt>
<trkpt lat="33.5861009" lon="130.3786935">
<ele>1.783</ele>
<time>2026-05-30T21:55:03Z</time>
<extensions>
<gpxtpx:TrackPointExtension>
<gpxtpx:hr>181</gpxtpx:hr>
</gpxtpx:TrackPointExtension>
</extensions>
</trkpt>
<trkpt lat="33.5861266" lon="130.3786762">
<ele>1.805</ele>
<time>2026-05-30T21:55:04Z</time>
<extensions>
<gpxtpx:TrackPointExtension>
<gpxtpx:hr>181</gpxtpx:hr>
</gpxtpx:TrackPointExtension>
</extensions>
</trkpt>
<trkpt lat="33.5861511" lon="130.3786569">
<ele>1.795</ele>
<time>2026-05-30T21:55:05Z</time>
<extensions>
<gpxtpx:TrackPointExtension>
<gpxtpx:hr>181</gpxtpx:hr>
<gpxtpx:cad>181</gpxtpx:cad>
</gpxtpx:TrackPointExtension>
</extensions>
</trkpt>
<trkpt lat="33.5861758" lon="130.3786379">
<ele>1.837</ele>
<time>2026-05-30T21:55:06Z</time>
<extensions>
<gpxtpx:TrackPointExtension>
<gpxtpx:hr>181</gpxtpx:hr>
</gpxtpx:TrackPointExtension>
</extensions>
</trkpt>
<trkpt lat="33.5861996" lon="130.3786182">
<ele>1.852</ele>
<time>2026-05-30T21:55:07Z</time>
<extensions>
<gpxtpx:TrackPointExtension>
<gpxtpx:hr>181</gpxtpx:hr>
</gpxtpx:TrackPointExtension>
</extensions>
</trkpt>
<trkpt lat="33.5862237" lon="130.3785986">
<ele>1.832</ele>
<time>2026-05-30T21:55:08Z</time>
<extensions>
<gpxtpx:TrackPointExtension>
<gpxtpx:hr>181</gpxtpx:hr>
</gpxtpx:TrackPointExtension>
</extensions>
</trkpt>
<trkpt lat="33.5862472" lon="130.3785785">
<ele>1.814</ele>
<time>2026-05-30T21:55:09Z</time>
<extensions>
<gpxtpx:TrackPointExtension>
<gpxtpx:hr>180</gpxtpx:hr>
</gpxtpx:TrackPointExtension>
</extensions>
</trkpt>
<trkpt lat="33.5862704" lon="130.3785577">
<ele>1.841</ele>
<time>2026-05-30T21:55:10Z</time>
<extensions>
<gpxtpx:TrackPointExtension>
<gpxtpx:hr>180</gpxtpx:hr>
<gpxtpx:cad>181</gpxtpx:cad>
</gpxtpx:TrackPointExtension>
</extensions>
</trkpt>
<trkpt lat="33.5862937" lon="130.3785363">
<ele>1.859</ele>
<time>2026-05-30T21:55:11Z</time>
<extensions>
<gpxtpx:TrackPointExtension>
<gpxtpx:hr>179</gpxtpx:hr>
</gpxtpx:TrackPointExtension>
</extensions>
</trkpt>
<trkpt lat="33.5863172" lon="130.3785144">
<ele>1.859</ele>
<time>2026-05-30T21:55:12Z</time>
<extensions>
<gpxtpx:TrackPointExtension>
<gpxtpx:hr>179</gpxtpx:hr>
</gpxtpx:TrackPointExtension>
</extensions>
</trkpt>
<trkpt lat="33.5863409" lon="130.3784929">
<ele>1.824</ele>
<time>2026-05-30T21:55:13Z</time>
<extensions>
<gpxtpx:TrackPointExtension>
<gpxtpx:hr>179</gpxtpx:hr>
</gpxtpx:TrackPointExtension>
</extensions>
</trkpt>
<trkpt lat="33.5863653" lon="130.3784712">
<ele>1.757</ele>
<time>2026-05-30T21:55:14Z</time>
<extensions>
<gpxtpx:TrackPointExtension>
<gpxtpx:hr>179</gpxtpx:hr>
</gpxtpx:TrackPointExtension>
</extensions>
</trkpt>
<trkpt lat="33.586389" lon="130.3784501">
<ele>1.715</ele>
<time>2026-05-30T21:55:15Z</time>
<extensions>
<gpxtpx:TrackPointExtension>
<gpxtpx:hr>179</gpxtpx:hr>
<gpxtpx:cad>180</gpxtpx:cad>
</gpxtpx:TrackPointExtension>
</extensions>
</trkpt>
<trkpt lat="33.5864126" lon="130.3784286">
<ele>1.709</ele>
<time>2026-05-30T21:55:16Z</time>
<extensions>
<gpxtpx:TrackPointExtension>
<gpxtpx:hr>178</gpxtpx:hr>
</gpxtpx:TrackPointExtension>
</extensions>
</trkpt>
<trkpt lat="33.5864362" lon="130.3784067">
<ele>1.718</ele>
<time>2026-05-30T21:55:17Z</time>
<extensions>
<gpxtpx:TrackPointExtension>
<gpxtpx:hr>178</gpxtpx:hr>
<gpxtpx:cad>179</gpxtpx:cad>
</gpxtpx:TrackPointExtension>
</extensions>
</trkpt>
<trkpt lat="33.5864602" lon="130.3783846">
<ele>1.68</ele>
<time>2026-05-30T21:55:18Z</time>
<extensions>
<gpxtpx:TrackPointExtension>
<gpxtpx:hr>178</gpxtpx:hr>
</gpxtpx:TrackPointExtension>
</extensions>
</trkpt>
<trkpt lat="33.5864847" lon="130.3783629">
<ele>1.716</ele>
<time>2026-05-30T21:55:19Z</time>
<extensions>
<gpxtpx:TrackPointExtension>
<gpxtpx:hr>178</gpxtpx:hr>
</gpxtpx:TrackPointExtension>
</extensions>
</trkpt>
<trkpt lat="33.5865096" lon="130.3783418">
<ele>1.747</ele>
<time>2026-05-30T21:55:20Z</time>
<extensions>
<gpxtpx:TrackPointExtension>
<gpxtpx:hr>177</gpxtpx:hr>
<gpxtpx:cad>180</gpxtpx:cad>
</gpxtpx:TrackPointExtension>
</extensions>
</trkpt>
<trkpt lat="33.586535" lon="130.378322">
<ele>1.738</ele>
<time>2026-05-30T21:55:21Z</time>
<extensions>
<gpxtpx:TrackPointExtension>
<gpxtpx:hr>177</gpxtpx:hr>
</gpxtpx:TrackPointExtension>
</extensions>
</trkpt>
<trkpt lat="33.5865604" lon="130.378302">
<ele>1.77</ele>
<time>2026-05-30T21:55:22Z</time>
<extensions>
<gpxtpx:TrackPointExtension>
<gpxtpx:hr>177</gpxtpx:hr>
</gpxtpx:TrackPointExtension>
</extensions>
</trkpt>
<trkpt lat="33.5865862" lon="130.3782824">
<ele>1.777</ele>
<time>2026-05-30T21:55:23Z</time>
<extensions>
<gpxtpx:TrackPointExtension>
<gpxtpx:hr>177</gpxtpx:hr>
</gpxtpx:TrackPointExtension>
</extensions>
</trkpt>
<trkpt lat="33.5866122" lon="130.3782629">
<ele>1.755</ele>
<time>2026-05-30T21:55:24Z</time>
<extensions>
<gpxtpx:TrackPointExtension>
<gpxtpx:hr>177</gpxtpx:hr>
</gpxtpx:TrackPointExtension>
</extensions>
</trkpt>
<trkpt lat="33.5866383" lon="130.3782435">
<ele>1.698</ele>
<time>2026-05-30T21:55:25Z</time>
<extensions>
<gpxtpx:TrackPointExtension>
<gpxtpx:hr>177</gpxtpx:hr>
<gpxtpx:cad>181</gpxtpx:cad>
</gpxtpx:TrackPointExtension>
</extensions>
</trkpt>
<trkpt lat="33.5866646" lon="130.3782242">
<ele>1.667</ele>
<time>2026-05-30T21:55:26Z</time>
<extensions>
<gpxtpx:TrackPointExtension>
<gpxtpx:hr>176</gpxtpx:hr>
</gpxtpx:TrackPointExtension>
</extensions>
</trkpt>
<trkpt lat="33.5866909" lon="130.3782053">
<ele>1.719</ele>
<time>2026-05-30T21:55:27Z</time>
<extensions>
<gpxtpx:TrackPointExtension>
<gpxtpx:hr>176</gpxtpx:hr>
</gpxtpx:TrackPointExtension>
</extensions>
</trkpt>
<trkpt lat="33.5867171" lon="130.3781867">
<ele>1.697</ele>
<time>2026-05-30T21:55:28Z</time>
<extensions>
<gpxtpx:TrackPointExtension>
<gpxtpx:hr>176</gpxtpx:hr>
</gpxtpx:TrackPointExtension>
</extensions>
</trkpt>
<trkpt lat="33.5867434" lon="130.3781685">
<ele>1.708</ele>
<time>2026-05-30T21:55:29Z</time>
<extensions>
<gpxtpx:TrackPointExtension>
<gpxtpx:hr>176</gpxtpx:hr>
</gpxtpx:TrackPointExtension>
</extensions>
</trkpt>
<trkpt lat="33.5867697" lon="130.3781507">
<ele>1.666</ele>
<time>2026-05-30T21:55:30Z</time>
<extensions>
<gpxtpx:TrackPointExtension>
<gpxtpx:hr>176</gpxtpx:hr>
<gpxtpx:cad>181</gpxtpx:cad>
</gpxtpx:TrackPointExtension>
</extensions>
</trkpt>
<trkpt lat="33.5867961" lon="130.3781333">
<ele>1.641</ele>
<time>2026-05-30T21:55:31Z</time>
<extensions>
<gpxtpx:TrackPointExtension>
<gpxtpx:hr>175</gpxtpx:hr>
</gpxtpx:TrackPointExtension>
</extensions>
</trkpt>
<trkpt lat="33.5868227" lon="130.3781166">
<ele>1.652</ele>
<time>2026-05-30T21:55:32Z</time>
<extensions>
<gpxtpx:TrackPointExtension>
<gpxtpx:hr>175</gpxtpx:hr>
</gpxtpx:TrackPointExtension>
</extensions>
</trkpt>
<trkpt lat="33.5868495" lon="130.3781005">
<ele>1.628</ele>
<time>2026-05-30T21:55:33Z</time>
<extensions>
<gpxtpx:TrackPointExtension>
<gpxtpx:hr>175</gpxtpx:hr>
</gpxtpx:TrackPointExtension>
</extensions>
</trkpt>
<trkpt lat="33.5868763" lon="130.3780859">
<ele>1.629</ele>
<time>2026-05-30T21:55:34Z</time>
<extensions>
<gpxtpx:TrackPointExtension>
<gpxtpx:hr>175</gpxtpx:hr>
</gpxtpx:TrackPointExtension>
</extensions>
</trkpt>
<trkpt lat="33.586903" lon="130.3780713">
<ele>1.61</ele>
<time>2026-05-30T21:55:35Z</time>
<extensions>
<gpxtpx:TrackPointExtension>
<gpxtpx:hr>175</gpxtpx:hr>
<gpxtpx:cad>181</gpxtpx:cad>
</gpxtpx:TrackPointExtension>
</extensions>
</trkpt>
<trkpt lat="33.5869298" lon="130.3780574">
<ele>1.578</ele>
<time>2026-05-30T21:55:36Z</time>
<extensions>
<gpxtpx:TrackPointExtension>
<gpxtpx:hr>174</gpxtpx:hr>
</gpxtpx:TrackPointExtension>
</extensions>
</trkpt>
<trkpt lat="33.5869566" lon="130.3780444">
<ele>1.651</ele>
<time>2026-05-30T21:55:37Z</time>
<extensions>
<gpxtpx:TrackPointExtension>
<gpxtpx:hr>174</gpxtpx:hr>
</gpxtpx:TrackPointExtension>
</extensions>
</trkpt>
<trkpt lat="33.5869834" lon="130.378031">
<ele>1.678</ele>
<time>2026-05-30T21:55:38Z</time>
<extensions>
<gpxtpx:TrackPointExtension>
<gpxtpx:hr>174</gpxtpx:hr>
</gpxtpx:TrackPointExtension>
</extensions>
</trkpt>
<trkpt lat="33.5870101" lon="130.3780182">
<ele>1.715</ele>
<time>2026-05-30T21:55:39Z</time>
<extensions>
<gpxtpx:TrackPointExtension>
<gpxtpx:hr>174</gpxtpx:hr>
</gpxtpx:TrackPointExtension>
</extensions>
</trkpt>
<trkpt lat="33.5870374" lon="130.3780055">
<ele>1.781</ele>
<time>2026-05-30T21:55:40Z</time>
<extensions>
<gpxtpx:TrackPointExtension>
<gpxtpx:hr>173</gpxtpx:hr>
<gpxtpx:cad>181</gpxtpx:cad>
</gpxtpx:TrackPointExtension>
</extensions>
</trkpt>
<trkpt lat="33.5870647" lon="130.3779927">
<ele>1.8</ele>
<time>2026-05-30T21:55:41Z</time>
<extensions>
<gpxtpx:TrackPointExtension>
<gpxtpx:hr>173</gpxtpx:hr>
</gpxtpx:TrackPointExtension>
</extensions>
</trkpt>
<trkpt lat="33.5870933" lon="130.3779792">
<ele>1.748</ele>
<time>2026-05-30T21:55:42Z</time>
<extensions>
<gpxtpx:TrackPointExtension>
<gpxtpx:hr>173</gpxtpx:hr>
</gpxtpx:TrackPointExtension>
</extensions>
</trkpt>
<trkpt lat="33.5871218" lon="130.3779657">
<ele>1.792</ele>
<time>2026-05-30T21:55:43Z</time>
<extensions>
<gpxtpx:TrackPointExtension>
<gpxtpx:hr>173</gpxtpx:hr>
</gpxtpx:TrackPointExtension>
</extensions>
</trkpt>
<trkpt lat="33.5871511" lon="130.377952">
<ele>1.746</ele>
<time>2026-05-30T21:55:44Z</time>
<extensions>
<gpxtpx:TrackPointExtension>
<gpxtpx:hr>173</gpxtpx:hr>
</gpxtpx:TrackPointExtension>
</extensions>
</trkpt>
<trkpt lat="33.5871804" lon="130.3779382">
<ele>1.701</ele>
<time>2026-05-30T21:55:45Z</time>
<extensions>
<gpxtpx:TrackPointExtension>
<gpxtpx:hr>173</gpxtpx:hr>
<gpxtpx:cad>181</gpxtpx:cad>
</gpxtpx:TrackPointExtension>
</extensions>
</trkpt>
<trkpt lat="33.5872098" lon="130.377925">
<ele>1.676</ele>
<time>2026-05-30T21:55:46Z</time>
<extensions>
<gpxtpx:TrackPointExtension>
<gpxtpx:hr>173</gpxtpx:hr>
<gpxtpx:cad>181</gpxtpx:cad>
</gpxtpx:TrackPointExtension>
</extensions>
</trkpt>
<trkpt lat="33.5872392" lon="130.3779116">
<ele>1.677</ele>
<time>2026-05-30T21:55:47Z</time>
<extensions>
<gpxtpx:TrackPointExtension>
<gpxtpx:hr>173</gpxtpx:hr>
</gpxtpx:TrackPointExtension>
</extensions>
</trkpt>
<trkpt lat="33.5872685" lon="130.3778989">
<ele>1.63</ele>
<time>2026-05-30T21:55:48Z</time>
<extensions>
<gpxtpx:TrackPointExtension>
<gpxtpx:hr>173</gpxtpx:hr>
</gpxtpx:TrackPointExtension>
</extensions>
</trkpt>
<trkpt lat="33.5872979" lon="130.3778861">
<ele>1.643</ele>
<time>2026-05-30T21:55:49Z</time>
<extensions>
<gpxtpx:TrackPointExtension>
<gpxtpx:hr>173</gpxtpx:hr>
</gpxtpx:TrackPointExtension>
</extensions>
</trkpt>
<trkpt lat="33.5873273" lon="130.3778736">
<ele>1.584</ele>
<time>2026-05-30T21:55:50Z</time>
<extensions>
<gpxtpx:TrackPointExtension>
<gpxtpx:hr>173</gpxtpx:hr>
<gpxtpx:cad>181</gpxtpx:cad>
</gpxtpx:TrackPointExtension>
</extensions>
</trkpt>
<trkpt lat="33.5873568" lon="130.3778617">
<ele>1.604</ele>
<time>2026-05-30T21:55:51Z</time>
<extensions>
<gpxtpx:TrackPointExtension>
<gpxtpx:hr>173</gpxtpx:hr>
</gpxtpx:TrackPointExtension>
</extensions>
</trkpt>
<trkpt lat="33.5873864" lon="130.37785">
<ele>1.632</ele>
<time>2026-05-30T21:55:52Z</time>
<extensions>
<gpxtpx:TrackPointExtension>
<gpxtpx:hr>172</gpxtpx:hr>
</gpxtpx:TrackPointExtension>
</extensions>
</trkpt>
<trkpt lat="33.5874166" lon="130.3778399">
<ele>1.67</ele>
<time>2026-05-30T21:55:53Z</time>
<extensions>
<gpxtpx:TrackPointExtension>
<gpxtpx:hr>172</gpxtpx:hr>
</gpxtpx:TrackPointExtension>
</extensions>
</trkpt>
<trkpt lat="33.5874467" lon="130.3778297">
<ele>1.713</ele>
<time>2026-05-30T21:55:54Z</time>
<extensions>
<gpxtpx:TrackPointExtension>
<gpxtpx:hr>172</gpxtpx:hr>
</gpxtpx:TrackPointExtension>
</extensions>
</trkpt>
<trkpt lat="33.5874779" lon="130.3778224">
<ele>1.765</ele>
<time>2026-05-30T21:55:55Z</time>
<extensions>
<gpxtpx:TrackPointExtension>
<gpxtpx:hr>172</gpxtpx:hr>
<gpxtpx:cad>180</gpxtpx:cad>
</gpxtpx:TrackPointExtension>
</extensions>
</trkpt>
<trkpt lat="33.5875086" lon="130.3778136">
<ele>1.778</ele>
<time>2026-05-30T21:55:56Z</time>
<extensions>
<gpxtpx:TrackPointExtension>
<gpxtpx:hr>172</gpxtpx:hr>
</gpxtpx:TrackPointExtension>
</extensions>
</trkpt>
<trkpt lat="33.5875401" lon="130.3778064">
<ele>1.787</ele>
<time>2026-05-30T21:55:57Z</time>
<extensions>
<gpxtpx:TrackPointExtension>
<gpxtpx:hr>172</gpxtpx:hr>
</gpxtpx:TrackPointExtension>
</extensions>
</trkpt>
<trkpt lat="33.5875707" lon="130.3777972">
<ele>1.722</ele>
<time>2026-05-30T21:55:58Z</time>
<extensions>
<gpxtpx:TrackPointExtension>
<gpxtpx:hr>172</gpxtpx:hr>
</gpxtpx:TrackPointExtension>
</extensions>
</trkpt>
<trkpt lat="33.5876025" lon="130.3777908">
<ele>1.691</ele>
<time>2026-05-30T21:55:59Z</time>
<extensions>
<gpxtpx:TrackPointExtension>
<gpxtpx:hr>171</gpxtpx:hr>
</gpxtpx:TrackPointExtension>
</extensions>
</trkpt>
<trkpt lat="33.5876336" lon="130.3777827">
<ele>1.65</ele>
<time>2026-05-30T21:56:00Z</time>
<extensions>
<gpxtpx:TrackPointExtension>
<gpxtpx:hr>171</gpxtpx:hr>
<gpxtpx:cad>180</gpxtpx:cad>
</gpxtpx:TrackPointExtension>
</extensions>
</trkpt>
<trkpt lat="33.5876651" lon="130.3777761">
<ele>1.706</ele>
<time>2026-05-30T21:56:01Z</time>
<extensions>
<gpxtpx:TrackPointExtension>
<gpxtpx:hr>171</gpxtpx:hr>
</gpxtpx:TrackPointExtension>
</extensions>
</trkpt>
<trkpt lat="33.5876967" lon="130.3777698">
<ele>1.673</ele>
<time>2026-05-30T21:56:02Z</time>
<extensions>
<gpxtpx:TrackPointExtension>
<gpxtpx:hr>172</gpxtpx:hr>
</gpxtpx:TrackPointExtension>
</extensions>
</trkpt>
<trkpt lat="33.5877283" lon="130.3777637">
<ele>1.634</ele>
<time>2026-05-30T21:56:03Z</time>
<extensions>
<gpxtpx:TrackPointExtension>
<gpxtpx:hr>172</gpxtpx:hr>
</gpxtpx:TrackPointExtension>
</extensions>
</trkpt>
<trkpt lat="33.5877598" lon="130.3777577">
<ele>1.622</ele>
<time>2026-05-30T21:56:04Z</time>
<extensions>
<gpxtpx:TrackPointExtension>
<gpxtpx:hr>172</gpxtpx:hr>
</gpxtpx:TrackPointExtension>
</extensions>
</trkpt>
<trkpt lat="33.587791" lon="130.3777517">
<ele>1.554</ele>
<time>2026-05-30T21:56:05Z</time>
<extensions>
<gpxtpx:TrackPointExtension>
<gpxtpx:hr>173</gpxtpx:hr>
<gpxtpx:cad>181</gpxtpx:cad>
</gpxtpx:TrackPointExtension>
</extensions>
</trkpt>
<trkpt lat="33.5878204" lon="130.3777453">
<ele>1.579</ele>
<time>2026-05-30T21:56:06Z</time>
<extensions>
<gpxtpx:TrackPointExtension>
<gpxtpx:hr>173</gpxtpx:hr>
</gpxtpx:TrackPointExtension>
</extensions>
</trkpt>
<trkpt lat="33.587851" lon="130.377739">
<ele>1.588</ele>
<time>2026-05-30T21:56:07Z</time>
<extensions>
<gpxtpx:TrackPointExtension>
<gpxtpx:hr>173</gpxtpx:hr>
</gpxtpx:TrackPointExtension>
</extensions>
</trkpt>
<trkpt lat="33.5878814" lon="130.3777325">
<ele>1.557</ele>
<time>2026-05-30T21:56:08Z</time>
<extensions>
<gpxtpx:TrackPointExtension>
<gpxtpx:hr>173</gpxtpx:hr>
</gpxtpx:TrackPointExtension>
</extensions>
</trkpt>
<trkpt lat="33.5879113" lon="130.3777251">
<ele>1.522</ele>
<time>2026-05-30T21:56:09Z</time>
<extensions>
<gpxtpx:TrackPointExtension>
<gpxtpx:hr>173</gpxtpx:hr>
</gpxtpx:TrackPointExtension>
</extensions>
</trkpt>
<trkpt lat="33.5879419" lon="130.3777188">
<ele>1.52</ele>
<time>2026-05-30T21:56:10Z</time>
<extensions>
<gpxtpx:TrackPointExtension>
<gpxtpx:hr>173</gpxtpx:hr>
<gpxtpx:cad>181</gpxtpx:cad>
</gpxtpx:TrackPointExtension>
</extensions>
</trkpt>
<trkpt lat="33.5879716" lon="130.3777108">
<ele>1.478</ele>
<time>2026-05-30T21:56:11Z</time>
<extensions>
<gpxtpx:TrackPointExtension>
<gpxtpx:hr>174</gpxtpx:hr>
</gpxtpx:TrackPointExtension>
</extensions>
</trkpt>
<trkpt lat="33.5880017" lon="130.377704">
<ele>1.43</ele>
<time>2026-05-30T21:56:12Z</time>
<extensions>
<gpxtpx:TrackPointExtension>
<gpxtpx:hr>174</gpxtpx:hr>
</gpxtpx:TrackPointExtension>
</extensions>
</trkpt>
<trkpt lat="33.5880314" lon="130.3776962">
<ele>1.434</ele>
<time>2026-05-30T21:56:13Z</time>
<extensions>
<gpxtpx:TrackPointExtension>
<gpxtpx:hr>174</gpxtpx:hr>
</gpxtpx:TrackPointExtension>
</extensions>
</trkpt>
<trkpt lat="33.588061" lon="130.3776882">
<ele>1.419</ele>
<time>2026-05-30T21:56:14Z</time>
<extensions>
<gpxtpx:TrackPointExtension>
<gpxtpx:hr>174</gpxtpx:hr>
</gpxtpx:TrackPointExtension>
</extensions>
</trkpt>
<trkpt lat="33.5880902" lon="130.3776805">
<ele>1.415</ele>
<time>2026-05-30T21:56:15Z</time>
<extensions>
<gpxtpx:TrackPointExtension>
<gpxtpx:hr>175</gpxtpx:hr>
<gpxtpx:cad>181</gpxtpx:cad>
</gpxtpx:TrackPointExtension>
</extensions>
</trkpt>
<trkpt lat="33.5881197" lon="130.3776714">
<ele>1.369</ele>
<time>2026-05-30T21:56:16Z</time>
<extensions>
<gpxtpx:TrackPointExtension>
<gpxtpx:hr>175</gpxtpx:hr>
<gpxtpx:cad>181</gpxtpx:cad>
</gpxtpx:TrackPointExtension>
</extensions>
</trkpt>
<trkpt lat="33.5881489" lon="130.3776631">
<ele>1.351</ele>
<time>2026-05-30T21:56:17Z</time>
<extensions>
<gpxtpx:TrackPointExtension>
<gpxtpx:hr>175</gpxtpx:hr>
</gpxtpx:TrackPointExtension>
</extensions>
</trkpt>
<trkpt lat="33.5881782" lon="130.3776537">
<ele>1.385</ele>
<time>2026-05-30T21:56:18Z</time>
<extensions>
<gpxtpx:TrackPointExtension>
<gpxtpx:hr>175</gpxtpx:hr>
</gpxtpx:TrackPointExtension>
</extensions>
</trkpt>
<trkpt lat="33.5882077" lon="130.3776448">
<ele>1.495</ele>
<time>2026-05-30T21:56:19Z</time>
<extensions>
<gpxtpx:TrackPointExtension>
<gpxtpx:hr>175</gpxtpx:hr>
</gpxtpx:TrackPointExtension>
</extensions>
</trkpt>
<trkpt lat="33.5882367" lon="130.3776351">
<ele>1.528</ele>
<time>2026-05-30T21:56:20Z</time>
<extensions>
<gpxtpx:TrackPointExtension>
<gpxtpx:hr>175</gpxtpx:hr>
<gpxtpx:cad>181</gpxtpx:cad>
</gpxtpx:TrackPointExtension>
</extensions>
</trkpt>
<trkpt lat="33.5882658" lon="130.3776254">
<ele>1.491</ele>
<time>2026-05-30T21:56:21Z</time>
<extensions>
<gpxtpx:TrackPointExtension>
<gpxtpx:hr>175</gpxtpx:hr>
</gpxtpx:TrackPointExtension>
</extensions>
</trkpt>
<trkpt lat="33.5882949" lon="130.3776157">
<ele>1.415</ele>
<time>2026-05-30T21:56:22Z</time>
<extensions>
<gpxtpx:TrackPointExtension>
<gpxtpx:hr>175</gpxtpx:hr>
</gpxtpx:TrackPointExtension>
</extensions>
</trkpt>
<trkpt lat="33.5883238" lon="130.3776058">
<ele>1.413</ele>
<time>2026-05-30T21:56:23Z</time>
<extensions>
<gpxtpx:TrackPointExtension>
<gpxtpx:hr>175</gpxtpx:hr>
</gpxtpx:TrackPointExtension>
</extensions>
</trkpt>
<trkpt lat="33.5883532" lon="130.3775957">
<ele>1.421</ele>
<time>2026-05-30T21:56:24Z</time>
<extensions>
<gpxtpx:TrackPointExtension>
<gpxtpx:hr>175</gpxtpx:hr>
</gpxtpx:TrackPointExtension>
</extensions>
</trkpt>
<trkpt lat="33.5883818" lon="130.3775858">
<ele>1.418</ele>
<time>2026-05-30T21:56:25Z</time>
<extensions>
<gpxtpx:TrackPointExtension>
<gpxtpx:hr>175</gpxtpx:hr>
<gpxtpx:cad>180</gpxtpx:cad>
</gpxtpx:TrackPointExtension>
</extensions>
</trkpt>
<trkpt lat="33.5884103" lon="130.377576">
<ele>1.42</ele>
<time>2026-05-30T21:56:26Z</time>
<extensions>
<gpxtpx:TrackPointExtension>
<gpxtpx:hr>175</gpxtpx:hr>
</gpxtpx:TrackPointExtension>
</extensions>
</trkpt>
<trkpt lat="33.5884387" lon="130.3775658">
<ele>1.289</ele>
<time>2026-05-30T21:56:27Z</time>
<extensions>
<gpxtpx:TrackPointExtension>
<gpxtpx:hr>176</gpxtpx:hr>
</gpxtpx:TrackPointExtension>
</extensions>
</trkpt>
<trkpt lat="33.588467" lon="130.3775554">
<ele>1.326</ele>
<time>2026-05-30T21:56:28Z</time>
<extensions>
<gpxtpx:TrackPointExtension>
<gpxtpx:hr>176</gpxtpx:hr>
</gpxtpx:TrackPointExtension>
</extensions>
</trkpt>
<trkpt lat="33.5884954" lon="130.3775449">
<ele>1.42</ele>
<time>2026-05-30T21:56:29Z</time>
<extensions>
<gpxtpx:TrackPointExtension>
<gpxtpx:hr>177</gpxtpx:hr>
</gpxtpx:TrackPointExtension>
</extensions>
</trkpt>
<trkpt lat="33.5885237" lon="130.3775342">
<ele>1.479</ele>
<time>2026-05-30T21:56:30Z</time>
<extensions>
<gpxtpx:TrackPointExtension>
<gpxtpx:hr>177</gpxtpx:hr>
<gpxtpx:cad>180</gpxtpx:cad>
</gpxtpx:TrackPointExtension>
</extensions>
</trkpt>
<trkpt lat="33.5885519" lon="130.377524">
<ele>1.441</ele>
<time>2026-05-30T21:56:31Z</time>
<extensions>
<gpxtpx:TrackPointExtension>
<gpxtpx:hr>178</gpxtpx:hr>
</gpxtpx:TrackPointExtension>
</extensions>
</trkpt>
<trkpt lat="33.5885803" lon="130.3775141">
<ele>1.407</ele>
<time>2026-05-30T21:56:32Z</time>
<extensions>
<gpxtpx:TrackPointExtension>
<gpxtpx:hr>178</gpxtpx:hr>
</gpxtpx:TrackPointExtension>
</extensions>
</trkpt>
<trkpt lat="33.5886088" lon="130.3775045">
<ele>1.382</ele>
<time>2026-05-30T21:56:33Z</time>
<extensions>
<gpxtpx:TrackPointExtension>
<gpxtpx:hr>178</gpxtpx:hr>
</gpxtpx:TrackPointExtension>
</extensions>
</trkpt>
<trkpt lat="33.5886376" lon="130.3774948">
<ele>1.414</ele>
<time>2026-05-30T21:56:34Z</time>
<extensions>
<gpxtpx:TrackPointExtension>
<gpxtpx:hr>177</gpxtpx:hr>
</gpxtpx:TrackPointExtension>
</extensions>
</trkpt>
<trkpt lat="33.5886664" lon="130.3774853">
<ele>1.413</ele>
<time>2026-05-30T21:56:35Z</time>
<extensions>
<gpxtpx:TrackPointExtension>
<gpxtpx:hr>177</gpxtpx:hr>
<gpxtpx:cad>181</gpxtpx:cad>
</gpxtpx:TrackPointExtension>
</extensions>
</trkpt>
<trkpt lat="33.5886952" lon="130.3774748">
<ele>1.403</ele>
<time>2026-05-30T21:56:36Z</time>
<extensions>
<gpxtpx:TrackPointExtension>
<gpxtpx:hr>177</gpxtpx:hr>
</gpxtpx:TrackPointExtension>
</extensions>
</trkpt>
<trkpt lat="33.5887241" lon="130.3774643">
<ele>1.403</ele>
<time>2026-05-30T21:56:37Z</time>
<extensions>
<gpxtpx:TrackPointExtension>
<gpxtpx:hr>177</gpxtpx:hr>
</gpxtpx:TrackPointExtension>
</extensions>
</trkpt>
<trkpt lat="33.5887519" lon="130.3774517">
<ele>1.372</ele>
<time>2026-05-30T21:56:38Z</time>
<extensions>
<gpxtpx:TrackPointExtension>
<gpxtpx:hr>176</gpxtpx:hr>
</gpxtpx:TrackPointExtension>
</extensions>
</trkpt>
<trkpt lat="33.5887794" lon="130.3774384">
<ele>1.397</ele>
<time>2026-05-30T21:56:39Z</time>
<extensions>
<gpxtpx:TrackPointExtension>
<gpxtpx:hr>176</gpxtpx:hr>
</gpxtpx:TrackPointExtension>
</extensions>
</trkpt>
<trkpt lat="33.5888062" lon="130.3774243">
<ele>1.425</ele>
<time>2026-05-30T21:56:40Z</time>
<extensions>
<gpxtpx:TrackPointExtension>
<gpxtpx:hr>176</gpxtpx:hr>
<gpxtpx:cad>181</gpxtpx:cad>
</gpxtpx:TrackPointExtension>
</extensions>
</trkpt>
<trkpt lat="33.5888328" lon="130.3774093">
<ele>1.408</ele>
<time>2026-05-30T21:56:41Z</time>
<extensions>
<gpxtpx:TrackPointExtension>
<gpxtpx:hr>177</gpxtpx:hr>
</gpxtpx:TrackPointExtension>
</extensions>
</trkpt>
<trkpt lat="33.5888594" lon="130.3773917">
<ele>1.368</ele>
<time>2026-05-30T21:56:42Z</time>
<extensions>
<gpxtpx:TrackPointExtension>
<gpxtpx:hr>177</gpxtpx:hr>
</gpxtpx:TrackPointExtension>
</extensions>
</trkpt>
<trkpt lat="33.5888857" lon="130.3773727">
<ele>1.345</ele>
<time>2026-05-30T21:56:43Z</time>
<extensions>
<gpxtpx:TrackPointExtension>
<gpxtpx:hr>177</gpxtpx:hr>
</gpxtpx:TrackPointExtension>
</extensions>
</trkpt>
<trkpt lat="33.5889111" lon="130.3773499">
<ele>1.305</ele>
<time>2026-05-30T21:56:44Z</time>
<extensions>
<gpxtpx:TrackPointExtension>
<gpxtpx:hr>178</gpxtpx:hr>
</gpxtpx:TrackPointExtension>
</extensions>
</trkpt>
<trkpt lat="33.588936" lon="130.3773264">
<ele>1.251</ele>
<time>2026-05-30T21:56:45Z</time>
<extensions>
<gpxtpx:TrackPointExtension>
<gpxtpx:hr>178</gpxtpx:hr>
<gpxtpx:cad>182</gpxtpx:cad>
</gpxtpx:TrackPointExtension>
</extensions>
</trkpt>
<trkpt lat="33.588959" lon="130.3772992">
<ele>1.268</ele>
<time>2026-05-30T21:56:46Z</time>
<extensions>
<gpxtpx:TrackPointExtension>
<gpxtpx:hr>178</gpxtpx:hr>
<gpxtpx:cad>182</gpxtpx:cad>
</gpxtpx:TrackPointExtension>
</extensions>
</trkpt>
<trkpt lat="33.5889818" lon="130.3772722">
<ele>1.253</ele>
<time>2026-05-30T21:56:47Z</time>
<extensions>
<gpxtpx:TrackPointExtension>
<gpxtpx:hr>178</gpxtpx:hr>
</gpxtpx:TrackPointExtension>
</extensions>
</trkpt>
<trkpt lat="33.5890031" lon="130.3772435">
<ele>1.268</ele>
<time>2026-05-30T21:56:48Z</time>
<extensions>
<gpxtpx:TrackPointExtension>
<gpxtpx:hr>178</gpxtpx:hr>
</gpxtpx:TrackPointExtension>
</extensions>
</trkpt>
<trkpt lat="33.5890246" lon="130.3772149">
<ele>1.254</ele>
<time>2026-05-30T21:56:49Z</time>
<extensions>
<gpxtpx:TrackPointExtension>
<gpxtpx:hr>178</gpxtpx:hr>
</gpxtpx:TrackPointExtension>
</extensions>
</trkpt>
<trkpt lat="33.5890443" lon="130.3771852">
<ele>1.255</ele>
<time>2026-05-30T21:56:50Z</time>
<extensions>
<gpxtpx:TrackPointExtension>
<gpxtpx:hr>178</gpxtpx:hr>
<gpxtpx:cad>181</gpxtpx:cad>
</gpxtpx:TrackPointExtension>
</extensions>
</trkpt>
<trkpt lat="33.5890645" lon="130.3771556">
<ele>1.218</ele>
<time>2026-05-30T21:56:51Z</time>
<extensions>
<gpxtpx:TrackPointExtension>
<gpxtpx:hr>178</gpxtpx:hr>
</gpxtpx:TrackPointExtension>
</extensions>
</trkpt>
<trkpt lat="33.5890833" lon="130.3771257">
<ele>1.118</ele>
<time>2026-05-30T21:56:52Z</time>
<extensions>
<gpxtpx:TrackPointExtension>
<gpxtpx:hr>178</gpxtpx:hr>
</gpxtpx:TrackPointExtension>
</extensions>
</trkpt>
<trkpt lat="33.5891017" lon="130.3770958">
<ele>1.125</ele>
<time>2026-05-30T21:56:53Z</time>
<extensions>
<gpxtpx:TrackPointExtension>
<gpxtpx:hr>178</gpxtpx:hr>
</gpxtpx:TrackPointExtension>
</extensions>
</trkpt>
<trkpt lat="33.589119" lon="130.3770661">
<ele>1.17</ele>
<time>2026-05-30T21:56:54Z</time>
<extensions>
<gpxtpx:TrackPointExtension>
<gpxtpx:hr>178</gpxtpx:hr>
</gpxtpx:TrackPointExtension>
</extensions>
</trkpt>
<trkpt lat="33.5891355" lon="130.3770366">
<ele>1.132</ele>
<time>2026-05-30T21:56:55Z</time>
<extensions>
<gpxtpx:TrackPointExtension>
<gpxtpx:hr>178</gpxtpx:hr>
<gpxtpx:cad>181</gpxtpx:cad>
</gpxtpx:TrackPointExtension>
</extensions>
</trkpt>
<trkpt lat="33.5891516" lon="130.377007">
<ele>1.118</ele>
<time>2026-05-30T21:56:56Z</time>
<extensions>
<gpxtpx:TrackPointExtension>
<gpxtpx:hr>179</gpxtpx:hr>
</gpxtpx:TrackPointExtension>
</extensions>
</trkpt>
<trkpt lat="33.5891668" lon="130.3769769">
<ele>1.119</ele>
<time>2026-05-30T21:56:57Z</time>
<extensions>
<gpxtpx:TrackPointExtension>
<gpxtpx:hr>179</gpxtpx:hr>
</gpxtpx:TrackPointExtension>
</extensions>
</trkpt>
<trkpt lat="33.5891819" lon="130.3769468">
<ele>1.127</ele>
<time>2026-05-30T21:56:58Z</time>
<extensions>
<gpxtpx:TrackPointExtension>
<gpxtpx:hr>179</gpxtpx:hr>
</gpxtpx:TrackPointExtension>
</extensions>
</trkpt>
<trkpt lat="33.589196" lon="130.3769161">
<ele>1.1</ele>
<time>2026-05-30T21:56:59Z</time>
<extensions>
<gpxtpx:TrackPointExtension>
<gpxtpx:hr>179</gpxtpx:hr>
</gpxtpx:TrackPointExtension>
</extensions>
</trkpt>
<trkpt lat="33.5892103" lon="130.3768855">
<ele>1.116</ele>
<time>2026-05-30T21:57:00Z</time>
<extensions>
<gpxtpx:TrackPointExtension>
<gpxtpx:hr>178</gpxtpx:hr>
<gpxtpx:cad>182</gpxtpx:cad>
</gpxtpx:TrackPointExtension>
</extensions>
</trkpt>
<trkpt lat="33.5892231" lon="130.376854">
<ele>1.122</ele>
<time>2026-05-30T21:57:01Z</time>
<extensions>
<gpxtpx:TrackPointExtension>
<gpxtpx:hr>178</gpxtpx:hr>
</gpxtpx:TrackPointExtension>
</extensions>
</trkpt>
<trkpt lat="33.5892358" lon="130.3768223">
<ele>1.121</ele>
<time>2026-05-30T21:57:02Z</time>
<extensions>
<gpxtpx:TrackPointExtension>
<gpxtpx:hr>178</gpxtpx:hr>
</gpxtpx:TrackPointExtension>
</extensions>
</trkpt>
<trkpt lat="33.5892483" lon="130.3767905">
<ele>1.172</ele>
<time>2026-05-30T21:57:03Z</time>
<extensions>
<gpxtpx:TrackPointExtension>
<gpxtpx:hr>178</gpxtpx:hr>
</gpxtpx:TrackPointExtension>
</extensions>
</trkpt>
<trkpt lat="33.58926" lon="130.3767578">
<ele>1.218</ele>
<time>2026-05-30T21:57:04Z</time>
<extensions>
<gpxtpx:TrackPointExtension>
<gpxtpx:hr>177</gpxtpx:hr>
</gpxtpx:TrackPointExtension>
</extensions>
</trkpt>
<trkpt lat="33.5892717" lon="130.3767251">
<ele>1.219</ele>
<time>2026-05-30T21:57:05Z</time>
<extensions>
<gpxtpx:TrackPointExtension>
<gpxtpx:hr>177</gpxtpx:hr>
<gpxtpx:cad>181</gpxtpx:cad>
</gpxtpx:TrackPointExtension>
</extensions>
</trkpt>
<trkpt lat="33.5892827" lon="130.3766914">
<ele>1.2</ele>
<time>2026-05-30T21:57:06Z</time>
<extensions>
<gpxtpx:TrackPointExtension>
<gpxtpx:hr>177</gpxtpx:hr>
</gpxtpx:TrackPointExtension>
</extensions>
</trkpt>
<trkpt lat="33.5892936" lon="130.3766576">
<ele>1.217</ele>
<time>2026-05-30T21:57:07Z</time>
<extensions>
<gpxtpx:TrackPointExtension>
<gpxtpx:hr>178</gpxtpx:hr>
</gpxtpx:TrackPointExtension>
</extensions>
</trkpt>
<trkpt lat="33.589303" lon="130.3766231">
<ele>1.229</ele>
<time>2026-05-30T21:57:08Z</time>
<extensions>
<gpxtpx:TrackPointExtension>
<gpxtpx:hr>178</gpxtpx:hr>
</gpxtpx:TrackPointExtension>
</extensions>
</trkpt>
<trkpt lat="33.5893117" lon="130.3765883">
<ele>1.217</ele>
<time>2026-05-30T21:57:09Z</time>
<extensions>
<gpxtpx:TrackPointExtension>
<gpxtpx:hr>178</gpxtpx:hr>
</gpxtpx:TrackPointExtension>
</extensions>
</trkpt>
<trkpt lat="33.5893191" lon="130.3765528">
<ele>1.217</ele>
<time>2026-05-30T21:57:10Z</time>
<extensions>
<gpxtpx:TrackPointExtension>
<gpxtpx:hr>178</gpxtpx:hr>
<gpxtpx:cad>181</gpxtpx:cad>
</gpxtpx:TrackPointExtension>
</extensions>
</trkpt>
<trkpt lat="33.5893265" lon="130.3765173">
<ele>1.243</ele>
<time>2026-05-30T21:57:11Z</time>
<extensions>
<gpxtpx:TrackPointExtension>
<gpxtpx:hr>177</gpxtpx:hr>
</gpxtpx:TrackPointExtension>
</extensions>
</trkpt>
<trkpt lat="33.589333" lon="130.3764816">
<ele>1.191</ele>
<time>2026-05-30T21:57:12Z</time>
<extensions>
<gpxtpx:TrackPointExtension>
<gpxtpx:hr>177</gpxtpx:hr>
</gpxtpx:TrackPointExtension>
</extensions>
</trkpt>
<trkpt lat="33.5893395" lon="130.376446">
<ele>1.193</ele>
<time>2026-05-30T21:57:13Z</time>
<extensions>
<gpxtpx:TrackPointExtension>
<gpxtpx:hr>177</gpxtpx:hr>
</gpxtpx:TrackPointExtension>
</extensions>
</trkpt>
<trkpt lat="33.5893448" lon="130.3764103">
<ele>1.154</ele>
<time>2026-05-30T21:57:14Z</time>
<extensions>
<gpxtpx:TrackPointExtension>
<gpxtpx:hr>177</gpxtpx:hr>
<gpxtpx:cad>181</gpxtpx:cad>
</gpxtpx:TrackPointExtension>
</extensions>
</trkpt>
<trkpt lat="33.5893503" lon="130.3763746">
<ele>1.227</ele>
<time>2026-05-30T21:57:15Z</time>
<extensions>
<gpxtpx:TrackPointExtension>
<gpxtpx:hr>177</gpxtpx:hr>
<gpxtpx:cad>181</gpxtpx:cad>
</gpxtpx:TrackPointExtension>
</extensions>
</trkpt>
<trkpt lat="33.5893535" lon="130.3763387">
<ele>1.215</ele>
<time>2026-05-30T21:57:16Z</time>
<extensions>
<gpxtpx:TrackPointExtension>
<gpxtpx:hr>177</gpxtpx:hr>
</gpxtpx:TrackPointExtension>
</extensions>
</trkpt>
<trkpt lat="33.589357" lon="130.3763028">
<ele>1.171</ele>
<time>2026-05-30T21:57:17Z</time>
<extensions>
<gpxtpx:TrackPointExtension>
<gpxtpx:hr>176</gpxtpx:hr>
</gpxtpx:TrackPointExtension>
</extensions>
</trkpt>
<trkpt lat="33.5893582" lon="130.3762666">
<ele>1.205</ele>
<time>2026-05-30T21:57:18Z</time>
<extensions>
<gpxtpx:TrackPointExtension>
<gpxtpx:hr>176</gpxtpx:hr>
</gpxtpx:TrackPointExtension>
</extensions>
</trkpt>
<trkpt lat="33.5893597" lon="130.3762305">
<ele>1.166</ele>
<time>2026-05-30T21:57:19Z</time>
<extensions>
<gpxtpx:TrackPointExtension>
<gpxtpx:hr>176</gpxtpx:hr>
<gpxtpx:cad>180</gpxtpx:cad>
</gpxtpx:TrackPointExtension>
</extensions>
</trkpt>
<trkpt lat="33.5893598" lon="130.3761942">
<ele>1.117</ele>
<time>2026-05-30T21:57:20Z</time>
<extensions>
<gpxtpx:TrackPointExtension>
<gpxtpx:hr>176</gpxtpx:hr>
</gpxtpx:TrackPointExtension>
</extensions>
</trkpt>
<trkpt lat="33.58936" lon="130.376158">
<ele>1.06</ele>
<time>2026-05-30T21:57:21Z</time>
<extensions>
<gpxtpx:TrackPointExtension>
<gpxtpx:hr>176</gpxtpx:hr>
</gpxtpx:TrackPointExtension>
</extensions>
</trkpt>
<trkpt lat="33.5893601" lon="130.3761219">
<ele>1.043</ele>
<time>2026-05-30T21:57:22Z</time>
<extensions>
<gpxtpx:TrackPointExtension>
<gpxtpx:hr>176</gpxtpx:hr>
</gpxtpx:TrackPointExtension>
</extensions>
</trkpt>
<trkpt lat="33.5893601" lon="130.3760861">
<ele>0.96</ele>
<time>2026-05-30T21:57:23Z</time>
<extensions>
<gpxtpx:TrackPointExtension>
<gpxtpx:hr>176</gpxtpx:hr>
</gpxtpx:TrackPointExtension>
</extensions>
</trkpt>
<trkpt lat="33.5893602" lon="130.3760507">
<ele>0.916</ele>
<time>2026-05-30T21:57:24Z</time>
<extensions>
<gpxtpx:TrackPointExtension>
<gpxtpx:hr>175</gpxtpx:hr>
<gpxtpx:cad>181</gpxtpx:cad>
</gpxtpx:TrackPointExtension>
</extensions>
</trkpt>
<trkpt lat="33.5893602" lon="130.3760157">
<ele>0.906</ele>
<time>2026-05-30T21:57:25Z</time>
<extensions>
<gpxtpx:TrackPointExtension>
<gpxtpx:hr>175</gpxtpx:hr>
</gpxtpx:TrackPointExtension>
</extensions>
</trkpt>
<trkpt lat="33.5893598" lon="130.3759808">
<ele>0.942</ele>
<time>2026-05-30T21:57:26Z</time>
<extensions>
<gpxtpx:TrackPointExtension>
<gpxtpx:hr>175</gpxtpx:hr>
</gpxtpx:TrackPointExtension>
</extensions>
</trkpt>
<trkpt lat="33.589359" lon="130.3759458">
<ele>0.938</ele>
<time>2026-05-30T21:57:27Z</time>
<extensions>
<gpxtpx:TrackPointExtension>
<gpxtpx:hr>175</gpxtpx:hr>
</gpxtpx:TrackPointExtension>
</extensions>
</trkpt>
<trkpt lat="33.589358" lon="130.3759104">
<ele>0.961</ele>
<time>2026-05-30T21:57:28Z</time>
<extensions>
<gpxtpx:TrackPointExtension>
<gpxtpx:hr>175</gpxtpx:hr>
</gpxtpx:TrackPointExtension>
</extensions>
</trkpt>
<trkpt lat="33.5893576" lon="130.375875">
<ele>0.947</ele>
<time>2026-05-30T21:57:29Z</time>
<extensions>
<gpxtpx:TrackPointExtension>
<gpxtpx:hr>175</gpxtpx:hr>
<gpxtpx:cad>181</gpxtpx:cad>
</gpxtpx:TrackPointExtension>
</extensions>
</trkpt>
<trkpt lat="33.589357" lon="130.3758396">
<ele>0.945</ele>
<time>2026-05-30T21:57:30Z</time>
<extensions>
<gpxtpx:TrackPointExtension>
<gpxtpx:hr>174</gpxtpx:hr>
</gpxtpx:TrackPointExtension>
</extensions>
</trkpt>
<trkpt lat="33.5893571" lon="130.3758049">
<ele>0.958</ele>
<time>2026-05-30T21:57:31Z</time>
<extensions>
<gpxtpx:TrackPointExtension>
<gpxtpx:hr>174</gpxtpx:hr>
</gpxtpx:TrackPointExtension>
</extensions>
</trkpt>
<trkpt lat="33.589356" lon="130.3757699">
<ele>0.999</ele>
<time>2026-05-30T21:57:32Z</time>
<extensions>
<gpxtpx:TrackPointExtension>
<gpxtpx:hr>173</gpxtpx:hr>
</gpxtpx:TrackPointExtension>
</extensions>
</trkpt>
<trkpt lat="33.5893552" lon="130.3757352">
<ele>0.97</ele>
<time>2026-05-30T21:57:33Z</time>
<extensions>
<gpxtpx:TrackPointExtension>
<gpxtpx:hr>173</gpxtpx:hr>
</gpxtpx:TrackPointExtension>
</extensions>
</trkpt>
<trkpt lat="33.5893532" lon="130.3756997">
<ele>1.008</ele>
<time>2026-05-30T21:57:34Z</time>
<extensions>
<gpxtpx:TrackPointExtension>
<gpxtpx:hr>174</gpxtpx:hr>
<gpxtpx:cad>181</gpxtpx:cad>
</gpxtpx:TrackPointExtension>
</extensions>
</trkpt>
<trkpt lat="33.589351" lon="130.375664">
<ele>1.134</ele>
<time>2026-05-30T21:57:35Z</time>
<extensions>
<gpxtpx:TrackPointExtension>
<gpxtpx:hr>174</gpxtpx:hr>
</gpxtpx:TrackPointExtension>
</extensions>
</trkpt>
<trkpt lat="33.5893487" lon="130.3756278">
<ele>1.146</ele>
<time>2026-05-30T21:57:36Z</time>
<extensions>
<gpxtpx:TrackPointExtension>
<gpxtpx:hr>175</gpxtpx:hr>
</gpxtpx:TrackPointExtension>
</extensions>
</trkpt>
<trkpt lat="33.5893464" lon="130.3755916">
<ele>1.111</ele>
<time>2026-05-30T21:57:37Z</time>
<extensions>
<gpxtpx:TrackPointExtension>
<gpxtpx:hr>175</gpxtpx:hr>
</gpxtpx:TrackPointExtension>
</extensions>
</trkpt>
<trkpt lat="33.5893439" lon="130.3755554">
<ele>1.067</ele>
<time>2026-05-30T21:57:38Z</time>
<extensions>
<gpxtpx:TrackPointExtension>
<gpxtpx:hr>176</gpxtpx:hr>
</gpxtpx:TrackPointExtension>
</extensions>
</trkpt>
<trkpt lat="33.5893408" lon="130.3755194">
<ele>1.012</ele>
<time>2026-05-30T21:57:39Z</time>
<extensions>
<gpxtpx:TrackPointExtension>
<gpxtpx:hr>176</gpxtpx:hr>
<gpxtpx:cad>179</gpxtpx:cad>
</gpxtpx:TrackPointExtension>
</extensions>
</trkpt>
<trkpt lat="33.589337" lon="130.3754837">
<ele>1.078</ele>
<time>2026-05-30T21:57:40Z</time>
<extensions>
<gpxtpx:TrackPointExtension>
<gpxtpx:hr>176</gpxtpx:hr>
</gpxtpx:TrackPointExtension>
</extensions>
</trkpt>
<trkpt lat="33.5893319" lon="130.3754482">
<ele>1.188</ele>
<time>2026-05-30T21:57:41Z</time>
<extensions>
<gpxtpx:TrackPointExtension>
<gpxtpx:hr>176</gpxtpx:hr>
</gpxtpx:TrackPointExtension>
</extensions>
</trkpt>
<trkpt lat="33.5893245" lon="130.375413">
<ele>1.176</ele>
<time>2026-05-30T21:57:42Z</time>
<extensions>
<gpxtpx:TrackPointExtension>
<gpxtpx:hr>176</gpxtpx:hr>
</gpxtpx:TrackPointExtension>
</extensions>
</trkpt>
<trkpt lat="33.5893179" lon="130.3753777">
<ele>1.164</ele>
<time>2026-05-30T21:57:43Z</time>
<extensions>
<gpxtpx:TrackPointExtension>
<gpxtpx:hr>176</gpxtpx:hr>
</gpxtpx:TrackPointExtension>
</extensions>
</trkpt>
<trkpt lat="33.5893089" lon="130.3753424">
<ele>1.174</ele>
<time>2026-05-30T21:57:44Z</time>
<extensions>
<gpxtpx:TrackPointExtension>
<gpxtpx:hr>176</gpxtpx:hr>
<gpxtpx:cad>178</gpxtpx:cad>
</gpxtpx:TrackPointExtension>
</extensions>
</trkpt>
<trkpt lat="33.5892994" lon="130.375307">
<ele>1.16</ele>
<time>2026-05-30T21:57:45Z</time>
<extensions>
<gpxtpx:TrackPointExtension>
<gpxtpx:hr>176</gpxtpx:hr>
<gpxtpx:cad>178</gpxtpx:cad>
</gpxtpx:TrackPointExtension>
</extensions>
</trkpt>
<trkpt lat="33.5892879" lon="130.3752714">
<ele>1.136</ele>
<time>2026-05-30T21:57:46Z</time>
<extensions>
<gpxtpx:TrackPointExtension>
<gpxtpx:hr>176</gpxtpx:hr>
</gpxtpx:TrackPointExtension>
</extensions>
</trkpt>
<trkpt lat="33.5892768" lon="130.3752358">
<ele>1.146</ele>
<time>2026-05-30T21:57:47Z</time>
<extensions>
<gpxtpx:TrackPointExtension>
<gpxtpx:hr>176</gpxtpx:hr>
</gpxtpx:TrackPointExtension>
</extensions>
</trkpt>
<trkpt lat="33.5892649" lon="130.3752014">
<ele>1.138</ele>
<time>2026-05-30T21:57:48Z</time>
<extensions>
<gpxtpx:TrackPointExtension>
<gpxtpx:hr>176</gpxtpx:hr>
</gpxtpx:TrackPointExtension>
</extensions>
</trkpt>
<trkpt lat="33.5892531" lon="130.3751674">
<ele>1.107</ele>
<time>2026-05-30T21:57:49Z</time>
<extensions>
<gpxtpx:TrackPointExtension>
<gpxtpx:hr>176</gpxtpx:hr>
<gpxtpx:cad>179</gpxtpx:cad>
</gpxtpx:TrackPointExtension>
</extensions>
</trkpt>
<trkpt lat="33.5892411" lon="130.3751351">
<ele>1.008</ele>
<time>2026-05-30T21:57:50Z</time>
<extensions>
<gpxtpx:TrackPointExtension>
<gpxtpx:hr>176</gpxtpx:hr>
</gpxtpx:TrackPointExtension>
</extensions>
</trkpt>
<trkpt lat="33.589229" lon="130.3751029">
<ele>0.965</ele>
<time>2026-05-30T21:57:51Z</time>
<extensions>
<gpxtpx:TrackPointExtension>
<gpxtpx:hr>176</gpxtpx:hr>
</gpxtpx:TrackPointExtension>
</extensions>
</trkpt>
<trkpt lat="33.5892169" lon="130.3750718">
<ele>0.941</ele>
<time>2026-05-30T21:57:52Z</time>
<extensions>
<gpxtpx:TrackPointExtension>
<gpxtpx:hr>176</gpxtpx:hr>
</gpxtpx:TrackPointExtension>
</extensions>
</trkpt>
<trkpt lat="33.5892045" lon="130.375041">
<ele>0.967</ele>
<time>2026-05-30T21:57:53Z</time>
<extensions>
<gpxtpx:TrackPointExtension>
<gpxtpx:hr>176</gpxtpx:hr>
</gpxtpx:TrackPointExtension>
</extensions>
</trkpt>
<trkpt lat="33.5891921" lon="130.3750098">
<ele>0.979</ele>
<time>2026-05-30T21:57:54Z</time>
<extensions>
<gpxtpx:TrackPointExtension>
<gpxtpx:hr>176</gpxtpx:hr>
<gpxtpx:cad>179</gpxtpx:cad>
</gpxtpx:TrackPointExtension>
</extensions>
</trkpt>
<trkpt lat="33.5891788" lon="130.3749802">
<ele>0.953</ele>
<time>2026-05-30T21:57:55Z</time>
<extensions>
<gpxtpx:TrackPointExtension>
<gpxtpx:hr>176</gpxtpx:hr>
</gpxtpx:TrackPointExtension>
</extensions>
</trkpt>
<trkpt lat="33.5891659" lon="130.3749493">
<ele>0.961</ele>
<time>2026-05-30T21:57:56Z</time>
<extensions>
<gpxtpx:TrackPointExtension>
<gpxtpx:hr>176</gpxtpx:hr>
</gpxtpx:TrackPointExtension>
</extensions>
</trkpt>
<trkpt lat="33.589153" lon="130.3749188">
<ele>0.951</ele>
<time>2026-05-30T21:57:57Z</time>
<extensions>
<gpxtpx:TrackPointExtension>
<gpxtpx:hr>176</gpxtpx:hr>
</gpxtpx:TrackPointExtension>
</extensions>
</trkpt>
<trkpt lat="33.5891396" lon="130.3748896">
<ele>0.918</ele>
<time>2026-05-30T21:57:58Z</time>
<extensions>
<gpxtpx:TrackPointExtension>
<gpxtpx:hr>176</gpxtpx:hr>
</gpxtpx:TrackPointExtension>
</extensions>
</trkpt>
<trkpt lat="33.5891269" lon="130.3748591">
<ele>0.913</ele>
<time>2026-05-30T21:57:59Z</time>
<extensions>
<gpxtpx:TrackPointExtension>
<gpxtpx:hr>176</gpxtpx:hr>
<gpxtpx:cad>180</gpxtpx:cad>
</gpxtpx:TrackPointExtension>
</extensions>
</trkpt>
<trkpt lat="33.5891132" lon="130.3748308">
<ele>0.978</ele>
<time>2026-05-30T21:58:00Z</time>
<extensions>
<gpxtpx:TrackPointExtension>
<gpxtpx:hr>177</gpxtpx:hr>
</gpxtpx:TrackPointExtension>
</extensions>
</trkpt>
<trkpt lat="33.5890999" lon="130.3748019">
<ele>0.988</ele>
<time>2026-05-30T21:58:01Z</time>
<extensions>
<gpxtpx:TrackPointExtension>
<gpxtpx:hr>177</gpxtpx:hr>
</gpxtpx:TrackPointExtension>
</extensions>
</trkpt>
<trkpt lat="33.5890864" lon="130.3747734">
<ele>0.981</ele>
<time>2026-05-30T21:58:02Z</time>
<extensions>
<gpxtpx:TrackPointExtension>
<gpxtpx:hr>177</gpxtpx:hr>
</gpxtpx:TrackPointExtension>
</extensions>
</trkpt>
<trkpt lat="33.5890731" lon="130.3747442">
<ele>0.902</ele>
<time>2026-05-30T21:58:03Z</time>
<extensions>
<gpxtpx:TrackPointExtension>
<gpxtpx:hr>176</gpxtpx:hr>
</gpxtpx:TrackPointExtension>
</extensions>
</trkpt>
<trkpt lat="33.5890595" lon="130.3747159">
<ele>0.877</ele>
<time>2026-05-30T21:58:04Z</time>
<extensions>
<gpxtpx:TrackPointExtension>
<gpxtpx:hr>176</gpxtpx:hr>
<gpxtpx:cad>179</gpxtpx:cad>
</gpxtpx:TrackPointExtension>
</extensions>
</trkpt>
<trkpt lat="33.5890457" lon="130.3746864">
<ele>0.825</ele>
<time>2026-05-30T21:58:05Z</time>
<extensions>
<gpxtpx:TrackPointExtension>
<gpxtpx:hr>176</gpxtpx:hr>
</gpxtpx:TrackPointExtension>
</extensions>
</trkpt>
<trkpt lat="33.5890318" lon="130.3746589">
<ele>0.849</ele>
<time>2026-05-30T21:58:06Z</time>
<extensions>
<gpxtpx:TrackPointExtension>
<gpxtpx:hr>177</gpxtpx:hr>
</gpxtpx:TrackPointExtension>
</extensions>
</trkpt>
<trkpt lat="33.5890179" lon="130.3746315">
<ele>0.815</ele>
<time>2026-05-30T21:58:07Z</time>
<extensions>
<gpxtpx:TrackPointExtension>
<gpxtpx:hr>177</gpxtpx:hr>
</gpxtpx:TrackPointExtension>
</extensions>
</trkpt>
<trkpt lat="33.5890041" lon="130.3746047">
<ele>0.907</ele>
<time>2026-05-30T21:58:08Z</time>
<extensions>
<gpxtpx:TrackPointExtension>
<gpxtpx:hr>176</gpxtpx:hr>
</gpxtpx:TrackPointExtension>
</extensions>
</trkpt>
<trkpt lat="33.5889904" lon="130.3745789">
<ele>0.897</ele>
<time>2026-05-30T21:58:09Z</time>
<extensions>
<gpxtpx:TrackPointExtension>
<gpxtpx:hr>176</gpxtpx:hr>
<gpxtpx:cad>177</gpxtpx:cad>
</gpxtpx:TrackPointExtension>
</extensions>
</trkpt>
<trkpt lat="33.5889766" lon="130.3745534">
<ele>0.952</ele>
<time>2026-05-30T21:58:10Z</time>
<extensions>
<gpxtpx:TrackPointExtension>
<gpxtpx:hr>176</gpxtpx:hr>
</gpxtpx:TrackPointExtension>
</extensions>
</trkpt>
<trkpt lat="33.5889628" lon="130.3745282">
<ele>0.963</ele>
<time>2026-05-30T21:58:11Z</time>
<extensions>
<gpxtpx:TrackPointExtension>
<gpxtpx:hr>175</gpxtpx:hr>
</gpxtpx:TrackPointExtension>
</extensions>
</trkpt>
<trkpt lat="33.5889489" lon="130.3745032">
<ele>0.843</ele>
<time>2026-05-30T21:58:12Z</time>
<extensions>
<gpxtpx:TrackPointExtension>
<gpxtpx:hr>175</gpxtpx:hr>
</gpxtpx:TrackPointExtension>
</extensions>
</trkpt>
<trkpt lat="33.5889345" lon="130.3744786">
<ele>0.792</ele>
<time>2026-05-30T21:58:13Z</time>
<extensions>
<gpxtpx:TrackPointExtension>
<gpxtpx:hr>175</gpxtpx:hr>
</gpxtpx:TrackPointExtension>
</extensions>
</trkpt>
<trkpt lat="33.5889203" lon="130.3744538">
<ele>0.907</ele>
<time>2026-05-30T21:58:14Z</time>
<extensions>
<gpxtpx:TrackPointExtension>
<gpxtpx:hr>175</gpxtpx:hr>
<gpxtpx:cad>175</gpxtpx:cad>
</gpxtpx:TrackPointExtension>
</extensions>
</trkpt>
<trkpt lat="33.5889053" lon="130.3744294">
<ele>1.102</ele>
<time>2026-05-30T21:58:15Z</time>
<extensions>
<gpxtpx:TrackPointExtension>
<gpxtpx:hr>175</gpxtpx:hr>
</gpxtpx:TrackPointExtension>
</extensions>
</trkpt>
<trkpt lat="33.5888894" lon="130.3744052">
<ele>1.167</ele>
<time>2026-05-30T21:58:16Z</time>
<extensions>
<gpxtpx:TrackPointExtension>
<gpxtpx:hr>175</gpxtpx:hr>
</gpxtpx:TrackPointExtension>
</extensions>
</trkpt>
<trkpt lat="33.5888726" lon="130.3743812">
<ele>1.254</ele>
<time>2026-05-30T21:58:17Z</time>
<extensions>
<gpxtpx:TrackPointExtension>
<gpxtpx:hr>175</gpxtpx:hr>
<gpxtpx:cad>174</gpxtpx:cad>
</gpxtpx:TrackPointExtension>
</extensions>
</trkpt>
<trkpt lat="33.5888557" lon="130.3743573">
<ele>1.314</ele>
<time>2026-05-30T21:58:18Z</time>
<extensions>
<gpxtpx:TrackPointExtension>
<gpxtpx:hr>175</gpxtpx:hr>
</gpxtpx:TrackPointExtension>
</extensions>
</trkpt>
<trkpt lat="33.5888361" lon="130.3743337">
<ele>1.449</ele>
<time>2026-05-30T21:58:19Z</time>
<extensions>
<gpxtpx:TrackPointExtension>
<gpxtpx:hr>175</gpxtpx:hr>
<gpxtpx:cad>174</gpxtpx:cad>
</gpxtpx:TrackPointExtension>
</extensions>
</trkpt>
<trkpt lat="33.588817" lon="130.37431">
<ele>1.558</ele>
<time>2026-05-30T21:58:20Z</time>
<extensions>
<gpxtpx:TrackPointExtension>
<gpxtpx:hr>176</gpxtpx:hr>
</gpxtpx:TrackPointExtension>
</extensions>
</trkpt>
<trkpt lat="33.5887964" lon="130.3742864">
<ele>1.531</ele>
<time>2026-05-30T21:58:21Z</time>
<extensions>
<gpxtpx:TrackPointExtension>
<gpxtpx:hr>176</gpxtpx:hr>
</gpxtpx:TrackPointExtension>
</extensions>
</trkpt>
<trkpt lat="33.5887746" lon="130.374263">
<ele>1.657</ele>
<time>2026-05-30T21:58:22Z</time>
<extensions>
<gpxtpx:TrackPointExtension>
<gpxtpx:hr>176</gpxtpx:hr>
</gpxtpx:TrackPointExtension>
</extensions>
</trkpt>
<trkpt lat="33.5887531" lon="130.3742396">
<ele>1.621</ele>
<time>2026-05-30T21:58:23Z</time>
<extensions>
<gpxtpx:TrackPointExtension>
<gpxtpx:hr>176</gpxtpx:hr>
</gpxtpx:TrackPointExtension>
</extensions>
</trkpt>
<trkpt lat="33.5887304" lon="130.3742172">
<ele>1.572</ele>
<time>2026-05-30T21:58:24Z</time>
<extensions>
<gpxtpx:TrackPointExtension>
<gpxtpx:hr>176</gpxtpx:hr>
<gpxtpx:cad>172</gpxtpx:cad>
</gpxtpx:TrackPointExtension>
</extensions>
</trkpt>
<trkpt lat="33.5887079" lon="130.3741945">
<ele>1.635</ele>
<time>2026-05-30T21:58:25Z</time>
<extensions>
<gpxtpx:TrackPointExtension>
<gpxtpx:hr>176</gpxtpx:hr>
</gpxtpx:TrackPointExtension>
</extensions>
</trkpt>
<trkpt lat="33.5886848" lon="130.3741746">
<ele>1.511</ele>
<time>2026-05-30T21:58:26Z</time>
<extensions>
<gpxtpx:TrackPointExtension>
<gpxtpx:hr>176</gpxtpx:hr>
</gpxtpx:TrackPointExtension>
</extensions>
</trkpt>
<trkpt lat="33.5886614" lon="130.3741556">
<ele>1.43</ele>
<time>2026-05-30T21:58:27Z</time>
<extensions>
<gpxtpx:TrackPointExtension>
<gpxtpx:hr>176</gpxtpx:hr>
</gpxtpx:TrackPointExtension>
</extensions>
</trkpt>
<trkpt lat="33.5886381" lon="130.3741357">
<ele>1.756</ele>
<time>2026-05-30T21:58:28Z</time>
<extensions>
<gpxtpx:TrackPointExtension>
<gpxtpx:hr>176</gpxtpx:hr>
</gpxtpx:TrackPointExtension>
</extensions>
</trkpt>
<trkpt lat="33.5886128" lon="130.3741168">
<ele>2.003</ele>
<time>2026-05-30T21:58:29Z</time>
<extensions>
<gpxtpx:TrackPointExtension>
<gpxtpx:hr>176</gpxtpx:hr>
<gpxtpx:cad>173</gpxtpx:cad>
</gpxtpx:TrackPointExtension>
</extensions>
</trkpt>
<trkpt lat="33.5885876" lon="130.3740964">
<ele>2.021</ele>
<time>2026-05-30T21:58:30Z</time>
<extensions>
<gpxtpx:TrackPointExtension>
<gpxtpx:hr>176</gpxtpx:hr>
</gpxtpx:TrackPointExtension>
</extensions>
</trkpt>
<trkpt lat="33.5885637" lon="130.374075">
<ele>2.165</ele>
<time>2026-05-30T21:58:31Z</time>
<extensions>
<gpxtpx:TrackPointExtension>
<gpxtpx:hr>176</gpxtpx:hr>
</gpxtpx:TrackPointExtension>
</extensions>
</trkpt>
<trkpt lat="33.5885401" lon="130.3740541">
<ele>2.272</ele>
<time>2026-05-30T21:58:32Z</time>
<extensions>
<gpxtpx:TrackPointExtension>
<gpxtpx:hr>177</gpxtpx:hr>
</gpxtpx:TrackPointExtension>
</extensions>
</trkpt>
<trkpt lat="33.5885157" lon="130.3740326">
<ele>2.5</ele>
<time>2026-05-30T21:58:33Z</time>
<extensions>
<gpxtpx:TrackPointExtension>
<gpxtpx:hr>177</gpxtpx:hr>
</gpxtpx:TrackPointExtension>
</extensions>
</trkpt>
<trkpt lat="33.5884915" lon="130.3740123">
<ele>2.695</ele>
<time>2026-05-30T21:58:34Z</time>
<extensions>
<gpxtpx:TrackPointExtension>
<gpxtpx:hr>178</gpxtpx:hr>
<gpxtpx:cad>174</gpxtpx:cad>
</gpxtpx:TrackPointExtension>
</extensions>
</trkpt>
<trkpt lat="33.5884669" lon="130.3739904">
<ele>2.686</ele>
<time>2026-05-30T21:58:35Z</time>
<extensions>
<gpxtpx:TrackPointExtension>
<gpxtpx:hr>178</gpxtpx:hr>
</gpxtpx:TrackPointExtension>
</extensions>
</trkpt>
<trkpt lat="33.5884422" lon="130.3739702">
<ele>2.689</ele>
<time>2026-05-30T21:58:36Z</time>
<extensions>
<gpxtpx:TrackPointExtension>
<gpxtpx:hr>179</gpxtpx:hr>
</gpxtpx:TrackPointExtension>
</extensions>
</trkpt>
<trkpt lat="33.5884175" lon="130.3739473">
<ele>2.67</ele>
<time>2026-05-30T21:58:37Z</time>
<extensions>
<gpxtpx:TrackPointExtension>
<gpxtpx:hr>179</gpxtpx:hr>
</gpxtpx:TrackPointExtension>
</extensions>
</trkpt>
<trkpt lat="33.5883922" lon="130.3739261">
<ele>2.642</ele>
<time>2026-05-30T21:58:38Z</time>
<extensions>
<gpxtpx:TrackPointExtension>
<gpxtpx:hr>179</gpxtpx:hr>
</gpxtpx:TrackPointExtension>
</extensions>
</trkpt>
<trkpt lat="33.5883684" lon="130.3738995">
<ele>2.484</ele>
<time>2026-05-30T21:58:39Z</time>
<extensions>
<gpxtpx:TrackPointExtension>
<gpxtpx:hr>178</gpxtpx:hr>
<gpxtpx:cad>177</gpxtpx:cad>
</gpxtpx:TrackPointExtension>
</extensions>
</trkpt>
<trkpt lat="33.5883439" lon="130.3738745">
<ele>2.336</ele>
<time>2026-05-30T21:58:40Z</time>
<extensions>
<gpxtpx:TrackPointExtension>
<gpxtpx:hr>178</gpxtpx:hr>
</gpxtpx:TrackPointExtension>
</extensions>
</trkpt>
<trkpt lat="33.58832" lon="130.3738476">
<ele>2.296</ele>
<time>2026-05-30T21:58:41Z</time>
<extensions>
<gpxtpx:TrackPointExtension>
<gpxtpx:hr>178</gpxtpx:hr>
</gpxtpx:TrackPointExtension>
</extensions>
</trkpt>
<trkpt lat="33.588295" lon="130.373823">
<ele>2.107</ele>
<time>2026-05-30T21:58:42Z</time>
<extensions>
<gpxtpx:TrackPointExtension>
<gpxtpx:hr>178</gpxtpx:hr>
</gpxtpx:TrackPointExtension>
</extensions>
</trkpt>
<trkpt lat="33.5882708" lon="130.3737964">
<ele>1.909</ele>
<time>2026-05-30T21:58:43Z</time>
<extensions>
<gpxtpx:TrackPointExtension>
<gpxtpx:hr>177</gpxtpx:hr>
</gpxtpx:TrackPointExtension>
</extensions>
</trkpt>
<trkpt lat="33.5882461" lon="130.3737709">
<ele>1.794</ele>
<time>2026-05-30T21:58:44Z</time>
<extensions>
<gpxtpx:TrackPointExtension>
<gpxtpx:hr>177</gpxtpx:hr>
<gpxtpx:cad>180</gpxtpx:cad>
</gpxtpx:TrackPointExtension>
</extensions>
</trkpt>
<trkpt lat="33.5882213" lon="130.3737455">
<ele>1.806</ele>
<time>2026-05-30T21:58:45Z</time>
<extensions>
<gpxtpx:TrackPointExtension>
<gpxtpx:hr>177</gpxtpx:hr>
</gpxtpx:TrackPointExtension>
</extensions>
</trkpt>
<trkpt lat="33.5881972" lon="130.3737187">
<ele>1.768</ele>
<time>2026-05-30T21:58:46Z</time>
<extensions>
<gpxtpx:TrackPointExtension>
<gpxtpx:hr>177</gpxtpx:hr>
</gpxtpx:TrackPointExtension>
</extensions>
</trkpt>
<trkpt lat="33.5881713" lon="130.3736963">
<ele>1.662</ele>
<time>2026-05-30T21:58:47Z</time>
<extensions>
<gpxtpx:TrackPointExtension>
<gpxtpx:hr>177</gpxtpx:hr>
<gpxtpx:cad>181</gpxtpx:cad>
</gpxtpx:TrackPointExtension>
</extensions>
</trkpt>
<trkpt lat="33.5881474" lon="130.3736697">
<ele>1.576</ele>
<time>2026-05-30T21:58:48Z</time>
<extensions>
<gpxtpx:TrackPointExtension>
<gpxtpx:hr>176</gpxtpx:hr>
</gpxtpx:TrackPointExtension>
</extensions>
</trkpt>
<trkpt lat="33.5881203" lon="130.3736503">
<ele>1.532</ele>
<time>2026-05-30T21:58:49Z</time>
<extensions>
<gpxtpx:TrackPointExtension>
<gpxtpx:hr>176</gpxtpx:hr>
<gpxtpx:cad>181</gpxtpx:cad>
</gpxtpx:TrackPointExtension>
</extensions>
</trkpt>
<trkpt lat="33.588096" lon="130.3736251">
<ele>1.51</ele>
<time>2026-05-30T21:58:50Z</time>
<extensions>
<gpxtpx:TrackPointExtension>
<gpxtpx:hr>176</gpxtpx:hr>
</gpxtpx:TrackPointExtension>
</extensions>
</trkpt>
<trkpt lat="33.5880675" lon="130.3736092">
<ele>1.459</ele>
<time>2026-05-30T21:58:51Z</time>
<extensions>
<gpxtpx:TrackPointExtension>
<gpxtpx:hr>176</gpxtpx:hr>
</gpxtpx:TrackPointExtension>
</extensions>
</trkpt>
<trkpt lat="33.5880404" lon="130.3735909">
<ele>1.397</ele>
<time>2026-05-30T21:58:52Z</time>
<extensions>
<gpxtpx:TrackPointExtension>
<gpxtpx:hr>176</gpxtpx:hr>
</gpxtpx:TrackPointExtension>
</extensions>
</trkpt>
<trkpt lat="33.5880126" lon="130.3735743">
<ele>1.375</ele>
<time>2026-05-30T21:58:53Z</time>
<extensions>
<gpxtpx:TrackPointExtension>
<gpxtpx:hr>176</gpxtpx:hr>
</gpxtpx:TrackPointExtension>
</extensions>
</trkpt>
<trkpt lat="33.5879855" lon="130.3735549">
<ele>1.289</ele>
<time>2026-05-30T21:58:54Z</time>
<extensions>
<gpxtpx:TrackPointExtension>
<gpxtpx:hr>176</gpxtpx:hr>
<gpxtpx:cad>178</gpxtpx:cad>
</gpxtpx:TrackPointExtension>
</extensions>
</trkpt>
<trkpt lat="33.5879555" lon="130.3735454">
<ele>1.21</ele>
<time>2026-05-30T21:58:55Z</time>
<extensions>
<gpxtpx:TrackPointExtension>
<gpxtpx:hr>175</gpxtpx:hr>
</gpxtpx:TrackPointExtension>
</extensions>
</trkpt>
<trkpt lat="33.587927" lon="130.3735293">
<ele>1.163</ele>
<time>2026-05-30T21:58:56Z</time>
<extensions>
<gpxtpx:TrackPointExtension>
<gpxtpx:hr>175</gpxtpx:hr>
</gpxtpx:TrackPointExtension>
</extensions>
</trkpt>
<trkpt lat="33.587897" lon="130.373522">
<ele>1.112</ele>
<time>2026-05-30T21:58:57Z</time>
<extensions>
<gpxtpx:TrackPointExtension>
<gpxtpx:hr>175</gpxtpx:hr>
</gpxtpx:TrackPointExtension>
</extensions>
</trkpt>
<trkpt lat="33.5878677" lon="130.3735084">
<ele>1.121</ele>
<time>2026-05-30T21:58:58Z</time>
<extensions>
<gpxtpx:TrackPointExtension>
<gpxtpx:hr>175</gpxtpx:hr>
</gpxtpx:TrackPointExtension>
</extensions>
</trkpt>
<trkpt lat="33.5878378" lon="130.3734998">
<ele>1.119</ele>
<time>2026-05-30T21:58:59Z</time>
<extensions>
<gpxtpx:TrackPointExtension>
<gpxtpx:hr>174</gpxtpx:hr>
<gpxtpx:cad>177</gpxtpx:cad>
</gpxtpx:TrackPointExtension>
</extensions>
</trkpt>
<trkpt lat="33.5878077" lon="130.3734925">
<ele>1.144</ele>
<time>2026-05-30T21:59:00Z</time>
<extensions>
<gpxtpx:TrackPointExtension>
<gpxtpx:hr>174</gpxtpx:hr>
</gpxtpx:TrackPointExtension>
</extensions>
</trkpt>
<trkpt lat="33.5877776" lon="130.3734869">
<ele>1.095</ele>
<time>2026-05-30T21:59:01Z</time>
<extensions>
<gpxtpx:TrackPointExtension>
<gpxtpx:hr>174</gpxtpx:hr>
</gpxtpx:TrackPointExtension>
</extensions>
</trkpt>
<trkpt lat="33.5877479" lon="130.3734834">
<ele>1.041</ele>
<time>2026-05-30T21:59:02Z</time>
<extensions>
<gpxtpx:TrackPointExtension>
<gpxtpx:hr>174</gpxtpx:hr>
</gpxtpx:TrackPointExtension>
</extensions>
</trkpt>
<trkpt lat="33.587718" lon="130.3734785">
<ele>1.036</ele>
<time>2026-05-30T21:59:03Z</time>
<extensions>
<gpxtpx:TrackPointExtension>
<gpxtpx:hr>174</gpxtpx:hr>
</gpxtpx:TrackPointExtension>
</extensions>
</trkpt>
<trkpt lat="33.5876888" lon="130.3734769">
<ele>1.038</ele>
<time>2026-05-30T21:59:04Z</time>
<extensions>
<gpxtpx:TrackPointExtension>
<gpxtpx:hr>174</gpxtpx:hr>
<gpxtpx:cad>180</gpxtpx:cad>
</gpxtpx:TrackPointExtension>
</extensions>
</trkpt>
<trkpt lat="33.5876593" lon="130.3734748">
<ele>0.968</ele>
<time>2026-05-30T21:59:05Z</time>
<extensions>
<gpxtpx:TrackPointExtension>
<gpxtpx:hr>174</gpxtpx:hr>
</gpxtpx:TrackPointExtension>
</extensions>
</trkpt>
<trkpt lat="33.5876297" lon="130.3734746">
<ele>0.895</ele>
<time>2026-05-30T21:59:06Z</time>
<extensions>
<gpxtpx:TrackPointExtension>
<gpxtpx:hr>175</gpxtpx:hr>
</gpxtpx:TrackPointExtension>
</extensions>
</trkpt>
<trkpt lat="33.5875999" lon="130.3734714">
<ele>0.865</ele>
<time>2026-05-30T21:59:07Z</time>
<extensions>
<gpxtpx:TrackPointExtension>
<gpxtpx:hr>175</gpxtpx:hr>
</gpxtpx:TrackPointExtension>
</extensions>
</trkpt>
<trkpt lat="33.5875702" lon="130.3734701">
<ele>0.863</ele>
<time>2026-05-30T21:59:08Z</time>
<extensions>
<gpxtpx:TrackPointExtension>
<gpxtpx:hr>175</gpxtpx:hr>
</gpxtpx:TrackPointExtension>
</extensions>
</trkpt>
<trkpt lat="33.5875409" lon="130.3734679">
<ele>0.788</ele>
<time>2026-05-30T21:59:09Z</time>
<extensions>
<gpxtpx:TrackPointExtension>
<gpxtpx:hr>175</gpxtpx:hr>
<gpxtpx:cad>182</gpxtpx:cad>
</gpxtpx:TrackPointExtension>
</extensions>
</trkpt>
<trkpt lat="33.5875113" lon="130.3734694">
<ele>0.849</ele>
<time>2026-05-30T21:59:10Z</time>
<extensions>
<gpxtpx:TrackPointExtension>
<gpxtpx:hr>175</gpxtpx:hr>
</gpxtpx:TrackPointExtension>
</extensions>
</trkpt>
<trkpt lat="33.5874822" lon="130.3734686">
<ele>0.935</ele>
<time>2026-05-30T21:59:11Z</time>
<extensions>
<gpxtpx:TrackPointExtension>
<gpxtpx:hr>175</gpxtpx:hr>
</gpxtpx:TrackPointExtension>
</extensions>
</trkpt>
<trkpt lat="33.5874527" lon="130.3734702">
<ele>0.918</ele>
<time>2026-05-30T21:59:12Z</time>
<extensions>
<gpxtpx:TrackPointExtension>
<gpxtpx:hr>175</gpxtpx:hr>
</gpxtpx:TrackPointExtension>
</extensions>
</trkpt>
<trkpt lat="33.587423" lon="130.3734731">
<ele>0.981</ele>
<time>2026-05-30T21:59:13Z</time>
<extensions>
<gpxtpx:TrackPointExtension>
<gpxtpx:hr>175</gpxtpx:hr>
</gpxtpx:TrackPointExtension>
</extensions>
</trkpt>
<trkpt lat="33.5873932" lon="130.3734757">
<ele>0.921</ele>
<time>2026-05-30T21:59:14Z</time>
<extensions>
<gpxtpx:TrackPointExtension>
<gpxtpx:hr>175</gpxtpx:hr>
<gpxtpx:cad>179</gpxtpx:cad>
</gpxtpx:TrackPointExtension>
</extensions>
</trkpt>
<trkpt lat="33.5873637" lon="130.373481">
<ele>1.018</ele>
<time>2026-05-30T21:59:15Z</time>
<extensions>
<gpxtpx:TrackPointExtension>
<gpxtpx:hr>175</gpxtpx:hr>
</gpxtpx:TrackPointExtension>
</extensions>
</trkpt>
<trkpt lat="33.587334" lon="130.3734851">
<ele>1.03</ele>
<time>2026-05-30T21:59:16Z</time>
<extensions>
<gpxtpx:TrackPointExtension>
<gpxtpx:hr>175</gpxtpx:hr>
<gpxtpx:cad>179</gpxtpx:cad>
</gpxtpx:TrackPointExtension>
</extensions>
</trkpt>
<trkpt lat="33.5873051" lon="130.3734906">
<ele>0.933</ele>
<time>2026-05-30T21:59:17Z</time>
<extensions>
<gpxtpx:TrackPointExtension>
<gpxtpx:hr>175</gpxtpx:hr>
</gpxtpx:TrackPointExtension>
</extensions>
</trkpt>
<trkpt lat="33.5872768" lon="130.3734965">
<ele>0.899</ele>
<time>2026-05-30T21:59:18Z</time>
<extensions>
<gpxtpx:TrackPointExtension>
<gpxtpx:hr>174</gpxtpx:hr>
</gpxtpx:TrackPointExtension>
</extensions>
</trkpt>
<trkpt lat="33.5872503" lon="130.3735035">
<ele>0.853</ele>
<time>2026-05-30T21:59:19Z</time>
<extensions>
<gpxtpx:TrackPointExtension>
<gpxtpx:hr>174</gpxtpx:hr>
<gpxtpx:cad>178</gpxtpx:cad>
</gpxtpx:TrackPointExtension>
</extensions>
</trkpt>
<trkpt lat="33.5872226" lon="130.3735096">
<ele>0.79</ele>
<time>2026-05-30T21:59:20Z</time>
<extensions>
<gpxtpx:TrackPointExtension>
<gpxtpx:hr>174</gpxtpx:hr>
</gpxtpx:TrackPointExtension>
</extensions>
</trkpt>
<trkpt lat="33.5871962" lon="130.3735163">
<ele>0.784</ele>
<time>2026-05-30T21:59:21Z</time>
<extensions>
<gpxtpx:TrackPointExtension>
<gpxtpx:hr>174</gpxtpx:hr>
</gpxtpx:TrackPointExtension>
</extensions>
</trkpt>
<trkpt lat="33.5871697" lon="130.3735229">
<ele>0.692</ele>
<time>2026-05-30T21:59:22Z</time>
<extensions>
<gpxtpx:TrackPointExtension>
<gpxtpx:hr>174</gpxtpx:hr>
</gpxtpx:TrackPointExtension>
</extensions>
</trkpt>
<trkpt lat="33.5871419" lon="130.373529">
<ele>0.731</ele>
<time>2026-05-30T21:59:23Z</time>
<extensions>
<gpxtpx:TrackPointExtension>
<gpxtpx:hr>174</gpxtpx:hr>
</gpxtpx:TrackPointExtension>
</extensions>
</trkpt>
<trkpt lat="33.5871151" lon="130.3735356">
<ele>0.689</ele>
<time>2026-05-30T21:59:24Z</time>
<extensions>
<gpxtpx:TrackPointExtension>
<gpxtpx:hr>174</gpxtpx:hr>
<gpxtpx:cad>180</gpxtpx:cad>
</gpxtpx:TrackPointExtension>
</extensions>
</trkpt>
<trkpt lat="33.5870885" lon="130.3735421">
<ele>0.673</ele>
<time>2026-05-30T21:59:25Z</time>
<extensions>
<gpxtpx:TrackPointExtension>
<gpxtpx:hr>174</gpxtpx:hr>
</gpxtpx:TrackPointExtension>
</extensions>
</trkpt>
<trkpt lat="33.587062" lon="130.3735487">
<ele>0.721</ele>
<time>2026-05-30T21:59:26Z</time>
<extensions>
<gpxtpx:TrackPointExtension>
<gpxtpx:hr>174</gpxtpx:hr>
</gpxtpx:TrackPointExtension>
</extensions>
</trkpt>
<trkpt lat="33.5870354" lon="130.3735549">
<ele>0.749</ele>
<time>2026-05-30T21:59:27Z</time>
<extensions>
<gpxtpx:TrackPointExtension>
<gpxtpx:hr>174</gpxtpx:hr>
</gpxtpx:TrackPointExtension>
</extensions>
</trkpt>
<trkpt lat="33.5870086" lon="130.3735609">
<ele>0.741</ele>
<time>2026-05-30T21:59:28Z</time>
<extensions>
<gpxtpx:TrackPointExtension>
<gpxtpx:hr>174</gpxtpx:hr>
</gpxtpx:TrackPointExtension>
</extensions>
</trkpt>
<trkpt lat="33.5869818" lon="130.3735669">
<ele>0.919</ele>
<time>2026-05-30T21:59:29Z</time>
<extensions>
<gpxtpx:TrackPointExtension>
<gpxtpx:hr>174</gpxtpx:hr>
<gpxtpx:cad>181</gpxtpx:cad>
</gpxtpx:TrackPointExtension>
</extensions>
</trkpt>
<trkpt lat="33.586955" lon="130.3735727">
<ele>0.909</ele>
<time>2026-05-30T21:59:30Z</time>
<extensions>
<gpxtpx:TrackPointExtension>
<gpxtpx:hr>174</gpxtpx:hr>
</gpxtpx:TrackPointExtension>
</extensions>
</trkpt>
<trkpt lat="33.5869283" lon="130.3735784">
<ele>0.913</ele>
<time>2026-05-30T21:59:31Z</time>
<extensions>
<gpxtpx:TrackPointExtension>
<gpxtpx:hr>174</gpxtpx:hr>
</gpxtpx:TrackPointExtension>
</extensions>
</trkpt>
<trkpt lat="33.5869015" lon="130.3735842">
<ele>0.821</ele>
<time>2026-05-30T21:59:32Z</time>
<extensions>
<gpxtpx:TrackPointExtension>
<gpxtpx:hr>175</gpxtpx:hr>
</gpxtpx:TrackPointExtension>
</extensions>
</trkpt>
<trkpt lat="33.5868746" lon="130.37359">
<ele>0.835</ele>
<time>2026-05-30T21:59:33Z</time>
<extensions>
<gpxtpx:TrackPointExtension>
<gpxtpx:hr>175</gpxtpx:hr>
</gpxtpx:TrackPointExtension>
</extensions>
</trkpt>
<trkpt lat="33.5868469" lon="130.3735956">
<ele>0.899</ele>
<time>2026-05-30T21:59:34Z</time>
<extensions>
<gpxtpx:TrackPointExtension>
<gpxtpx:hr>175</gpxtpx:hr>
<gpxtpx:cad>182</gpxtpx:cad>
</gpxtpx:TrackPointExtension>
</extensions>
</trkpt>
<trkpt lat="33.5868203" lon="130.3736016">
<ele>0.904</ele>
<time>2026-05-30T21:59:35Z</time>
<extensions>
<gpxtpx:TrackPointExtension>
<gpxtpx:hr>175</gpxtpx:hr>
</gpxtpx:TrackPointExtension>
</extensions>
</trkpt>
<trkpt lat="33.5867929" lon="130.3736076">
<ele>0.935</ele>
<time>2026-05-30T21:59:36Z</time>
<extensions>
<gpxtpx:TrackPointExtension>
<gpxtpx:hr>175</gpxtpx:hr>
</gpxtpx:TrackPointExtension>
</extensions>
</trkpt>
<trkpt lat="33.5867657" lon="130.3736132">
<ele>0.959</ele>
<time>2026-05-30T21:59:37Z</time>
<extensions>
<gpxtpx:TrackPointExtension>
<gpxtpx:hr>175</gpxtpx:hr>
</gpxtpx:TrackPointExtension>
</extensions>
</trkpt>
<trkpt lat="33.5867381" lon="130.3736186">
<ele>0.955</ele>
<time>2026-05-30T21:59:38Z</time>
<extensions>
<gpxtpx:TrackPointExtension>
<gpxtpx:hr>175</gpxtpx:hr>
</gpxtpx:TrackPointExtension>
</extensions>
</trkpt>
<trkpt lat="33.5867108" lon="130.3736254">
<ele>0.968</ele>
<time>2026-05-30T21:59:39Z</time>
<extensions>
<gpxtpx:TrackPointExtension>
<gpxtpx:hr>175</gpxtpx:hr>
<gpxtpx:cad>180</gpxtpx:cad>
</gpxtpx:TrackPointExtension>
</extensions>
</trkpt>
<trkpt lat="33.5866831" lon="130.3736308">
<ele>0.986</ele>
<time>2026-05-30T21:59:40Z</time>
<extensions>
<gpxtpx:TrackPointExtension>
<gpxtpx:hr>176</gpxtpx:hr>
</gpxtpx:TrackPointExtension>
</extensions>
</trkpt>
<trkpt lat="33.5866556" lon="130.3736385">
<ele>0.995</ele>
<time>2026-05-30T21:59:41Z</time>
<extensions>
<gpxtpx:TrackPointExtension>
<gpxtpx:hr>176</gpxtpx:hr>
</gpxtpx:TrackPointExtension>
</extensions>
</trkpt>
<trkpt lat="33.5866279" lon="130.3736453">
<ele>1.015</ele>
<time>2026-05-30T21:59:42Z</time>
<extensions>
<gpxtpx:TrackPointExtension>
<gpxtpx:hr>176</gpxtpx:hr>
</gpxtpx:TrackPointExtension>
</extensions>
</trkpt>
<trkpt lat="33.5866002" lon="130.3736524">
<ele>1.037</ele>
<time>2026-05-30T21:59:43Z</time>
<extensions>
<gpxtpx:TrackPointExtension>
<gpxtpx:hr>176</gpxtpx:hr>
</gpxtpx:TrackPointExtension>
</extensions>
</trkpt>
<trkpt lat="33.5865721" lon="130.3736609">
<ele>1.059</ele>
<time>2026-05-30T21:59:44Z</time>
<extensions>
<gpxtpx:TrackPointExtension>
<gpxtpx:hr>176</gpxtpx:hr>
<gpxtpx:cad>180</gpxtpx:cad>
</gpxtpx:TrackPointExtension>
</extensions>
</trkpt>
<trkpt lat="33.586544" lon="130.3736685">
<ele>1.08</ele>
<time>2026-05-30T21:59:45Z</time>
<extensions>
<gpxtpx:TrackPointExtension>
<gpxtpx:hr>177</gpxtpx:hr>
</gpxtpx:TrackPointExtension>
</extensions>
</trkpt>
<trkpt lat="33.5865158" lon="130.3736764">
<ele>1.031</ele>
<time>2026-05-30T21:59:46Z</time>
<extensions>
<gpxtpx:TrackPointExtension>
<gpxtpx:hr>177</gpxtpx:hr>
</gpxtpx:TrackPointExtension>
</extensions>
</trkpt>
<trkpt lat="33.5864878" lon="130.3736831">
<ele>1.032</ele>
<time>2026-05-30T21:59:47Z</time>
<extensions>
<gpxtpx:TrackPointExtension>
<gpxtpx:hr>177</gpxtpx:hr>
</gpxtpx:TrackPointExtension>
</extensions>
</trkpt>
<trkpt lat="33.5864589" lon="130.3736928">
<ele>0.983</ele>
<time>2026-05-30T21:59:48Z</time>
<extensions>
<gpxtpx:TrackPointExtension>
<gpxtpx:hr>176</gpxtpx:hr>
<gpxtpx:cad>181</gpxtpx:cad>
</gpxtpx:TrackPointExtension>
</extensions>
</trkpt>
<trkpt lat="33.5864311" lon="130.3737005">
<ele>1.034</ele>
<time>2026-05-30T21:59:49Z</time>
<extensions>
<gpxtpx:TrackPointExtension>
<gpxtpx:hr>176</gpxtpx:hr>
<gpxtpx:cad>181</gpxtpx:cad>
</gpxtpx:TrackPointExtension>
</extensions>
</trkpt>
<trkpt lat="33.5864026" lon="130.3737094">
<ele>1.134</ele>
<time>2026-05-30T21:59:50Z</time>
<extensions>
<gpxtpx:TrackPointExtension>
<gpxtpx:hr>176</gpxtpx:hr>
</gpxtpx:TrackPointExtension>
</extensions>
</trkpt>
<trkpt lat="33.5863741" lon="130.3737185">
<ele>1.129</ele>
<time>2026-05-30T21:59:51Z</time>
<extensions>
<gpxtpx:TrackPointExtension>
<gpxtpx:hr>176</gpxtpx:hr>
</gpxtpx:TrackPointExtension>
</extensions>
</trkpt>
<trkpt lat="33.5863454" lon="130.3737277">
<ele>1.107</ele>
<time>2026-05-30T21:59:52Z</time>
<extensions>
<gpxtpx:TrackPointExtension>
<gpxtpx:hr>176</gpxtpx:hr>
</gpxtpx:TrackPointExtension>
</extensions>
</trkpt>
<trkpt lat="33.5863169" lon="130.3737374">
<ele>1.126</ele>
<time>2026-05-30T21:59:53Z</time>
<extensions>
<gpxtpx:TrackPointExtension>
<gpxtpx:hr>176</gpxtpx:hr>
</gpxtpx:TrackPointExtension>
</extensions>
</trkpt>
<trkpt lat="33.5862872" lon="130.3737468">
<ele>1.14</ele>
<time>2026-05-30T21:59:54Z</time>
<extensions>
<gpxtpx:TrackPointExtension>
<gpxtpx:hr>176</gpxtpx:hr>
<gpxtpx:cad>181</gpxtpx:cad>
</gpxtpx:TrackPointExtension>
</extensions>
</trkpt>
<trkpt lat="33.5862572" lon="130.3737559">
<ele>1.185</ele>
<time>2026-05-30T21:59:55Z</time>
<extensions>
<gpxtpx:TrackPointExtension>
<gpxtpx:hr>176</gpxtpx:hr>
</gpxtpx:TrackPointExtension>
</extensions>
</trkpt>
<trkpt lat="33.5862268" lon="130.3737648">
<ele>1.21</ele>
<time>2026-05-30T21:59:56Z</time>
<extensions>
<gpxtpx:TrackPointExtension>
<gpxtpx:hr>176</gpxtpx:hr>
</gpxtpx:TrackPointExtension>
</extensions>
</trkpt>
<trkpt lat="33.5861961" lon="130.3737731">
<ele>1.238</ele>
<time>2026-05-30T21:59:57Z</time>
<extensions>
<gpxtpx:TrackPointExtension>
<gpxtpx:hr>176</gpxtpx:hr>
</gpxtpx:TrackPointExtension>
</extensions>
</trkpt>
<trkpt lat="33.5861652" lon="130.3737807">
<ele>1.25</ele>
<time>2026-05-30T21:59:58Z</time>
<extensions>
<gpxtpx:TrackPointExtension>
<gpxtpx:hr>176</gpxtpx:hr>
</gpxtpx:TrackPointExtension>
</extensions>
</trkpt>
<trkpt lat="33.5861343" lon="130.3737876">
<ele>1.273</ele>
<time>2026-05-30T21:59:59Z</time>
<extensions>
<gpxtpx:TrackPointExtension>
<gpxtpx:hr>176</gpxtpx:hr>
<gpxtpx:cad>181</gpxtpx:cad>
</gpxtpx:TrackPointExtension>
</extensions>
</trkpt>
<trkpt lat="33.5861036" lon="130.3737936">
<ele>1.261</ele>
<time>2026-05-30T22:00:00Z</time>
<extensions>
<gpxtpx:TrackPointExtension>
<gpxtpx:hr>176</gpxtpx:hr>
</gpxtpx:TrackPointExtension>
</extensions>
</trkpt>
<trkpt lat="33.5860728" lon="130.373799">
<ele>1.252</ele>
<time>2026-05-30T22:00:01Z</time>
<extensions>
<gpxtpx:TrackPointExtension>
<gpxtpx:hr>176</gpxtpx:hr>
</gpxtpx:TrackPointExtension>
</extensions>
</trkpt>
<trkpt lat="33.5860422" lon="130.3738037">
<ele>1.271</ele>
<time>2026-05-30T22:00:02Z</time>
<extensions>
<gpxtpx:TrackPointExtension>
<gpxtpx:hr>176</gpxtpx:hr>
</gpxtpx:TrackPointExtension>
</extensions>
</trkpt>
<trkpt lat="33.5860117" lon="130.373808">
<ele>1.162</ele>
<time>2026-05-30T22:00:03Z</time>
<extensions>
<gpxtpx:TrackPointExtension>
<gpxtpx:hr>176</gpxtpx:hr>
</gpxtpx:TrackPointExtension>
</extensions>
</trkpt>
<trkpt lat="33.5859814" lon="130.3738119">
<ele>1.11</ele>
<time>2026-05-30T22:00:04Z</time>
<extensions>
<gpxtpx:TrackPointExtension>
<gpxtpx:hr>176</gpxtpx:hr>
<gpxtpx:cad>180</gpxtpx:cad>
</gpxtpx:TrackPointExtension>
</extensions>
</trkpt>
<trkpt lat="33.5859513" lon="130.3738155">
<ele>1.134</ele>
<time>2026-05-30T22:00:05Z</time>
<extensions>
<gpxtpx:TrackPointExtension>
<gpxtpx:hr>176</gpxtpx:hr>
</gpxtpx:TrackPointExtension>
</extensions>
</trkpt>
<trkpt lat="33.5859222" lon="130.373819">
<ele>1.135</ele>
<time>2026-05-30T22:00:06Z</time>
<extensions>
<gpxtpx:TrackPointExtension>
<gpxtpx:hr>176</gpxtpx:hr>
</gpxtpx:TrackPointExtension>
</extensions>
</trkpt>
<trkpt lat="33.5858927" lon="130.3738231">
<ele>1.123</ele>
<time>2026-05-30T22:00:07Z</time>
<extensions>
<gpxtpx:TrackPointExtension>
<gpxtpx:hr>176</gpxtpx:hr>
</gpxtpx:TrackPointExtension>
</extensions>
</trkpt>
<trkpt lat="33.5858645" lon="130.373829">
<ele>1.052</ele>
<time>2026-05-30T22:00:08Z</time>
<extensions>
<gpxtpx:TrackPointExtension>
<gpxtpx:hr>176</gpxtpx:hr>
</gpxtpx:TrackPointExtension>
</extensions>
</trkpt>
<trkpt lat="33.5858349" lon="130.3738332">
<ele>1.017</ele>
<time>2026-05-30T22:00:09Z</time>
<extensions>
<gpxtpx:TrackPointExtension>
<gpxtpx:hr>176</gpxtpx:hr>
<gpxtpx:cad>180</gpxtpx:cad>
</gpxtpx:TrackPointExtension>
</extensions>
</trkpt>
<trkpt lat="33.5858062" lon="130.3738387">
<ele>1.095</ele>
<time>2026-05-30T22:00:10Z</time>
<extensions>
<gpxtpx:TrackPointExtension>
<gpxtpx:hr>176</gpxtpx:hr>
</gpxtpx:TrackPointExtension>
</extensions>
</trkpt>
<trkpt lat="33.5857769" lon="130.3738425">
<ele>1.144</ele>
<time>2026-05-30T22:00:11Z</time>
<extensions>
<gpxtpx:TrackPointExtension>
<gpxtpx:hr>176</gpxtpx:hr>
</gpxtpx:TrackPointExtension>
</extensions>
</trkpt>
<trkpt lat="33.5857492" lon="130.3738498">
<ele>1.167</ele>
<time>2026-05-30T22:00:12Z</time>
<extensions>
<gpxtpx:TrackPointExtension>
<gpxtpx:hr>176</gpxtpx:hr>
</gpxtpx:TrackPointExtension>
</extensions>
</trkpt>
<trkpt lat="33.5857203" lon="130.3738535">
<ele>1.226</ele>
<time>2026-05-30T22:00:13Z</time>
<extensions>
<gpxtpx:TrackPointExtension>
<gpxtpx:hr>176</gpxtpx:hr>
</gpxtpx:TrackPointExtension>
</extensions>
</trkpt>
<trkpt lat="33.5856925" lon="130.3738597">
<ele>1.201</ele>
<time>2026-05-30T22:00:14Z</time>
<extensions>
<gpxtpx:TrackPointExtension>
<gpxtpx:hr>175</gpxtpx:hr>
<gpxtpx:cad>178</gpxtpx:cad>
</gpxtpx:TrackPointExtension>
</extensions>
</trkpt>
<trkpt lat="33.5856643" lon="130.3738652">
<ele>1.25</ele>
<time>2026-05-30T22:00:15Z</time>
<extensions>
<gpxtpx:TrackPointExtension>
<gpxtpx:hr>175</gpxtpx:hr>
</gpxtpx:TrackPointExtension>
</extensions>
</trkpt>
<trkpt lat="33.5856362" lon="130.3738696">
<ele>1.224</ele>
<time>2026-05-30T22:00:16Z</time>
<extensions>
<gpxtpx:TrackPointExtension>
<gpxtpx:hr>175</gpxtpx:hr>
</gpxtpx:TrackPointExtension>
</extensions>
</trkpt>
<trkpt lat="33.5856076" lon="130.3738749">
<ele>1.199</ele>
<time>2026-05-30T22:00:17Z</time>
<extensions>
<gpxtpx:TrackPointExtension>
<gpxtpx:hr>175</gpxtpx:hr>
</gpxtpx:TrackPointExtension>
</extensions>
</trkpt>
<trkpt lat="33.5855799" lon="130.3738802">
<ele>1.181</ele>
<time>2026-05-30T22:00:18Z</time>
<extensions>
<gpxtpx:TrackPointExtension>
<gpxtpx:hr>175</gpxtpx:hr>
<gpxtpx:cad>177</gpxtpx:cad>
</gpxtpx:TrackPointExtension>
</extensions>
</trkpt>
<trkpt lat="33.5855512" lon="130.3738853">
<ele>1.201</ele>
<time>2026-05-30T22:00:19Z</time>
<extensions>
<gpxtpx:TrackPointExtension>
<gpxtpx:hr>175</gpxtpx:hr>
<gpxtpx:cad>177</gpxtpx:cad>
</gpxtpx:TrackPointExtension>
</extensions>
</trkpt>
<trkpt lat="33.5855228" lon="130.3738909">
<ele>1.23</ele>
<time>2026-05-30T22:00:20Z</time>
<extensions>
<gpxtpx:TrackPointExtension>
<gpxtpx:hr>175</gpxtpx:hr>
</gpxtpx:TrackPointExtension>
</extensions>
</trkpt>
<trkpt lat="33.5854944" lon="130.3738982">
<ele>1.219</ele>
<time>2026-05-30T22:00:21Z</time>
<extensions>
<gpxtpx:TrackPointExtension>
<gpxtpx:hr>175</gpxtpx:hr>
</gpxtpx:TrackPointExtension>
</extensions>
</trkpt>
<trkpt lat="33.5854657" lon="130.3739025">
<ele>1.138</ele>
<time>2026-05-30T22:00:22Z</time>
<extensions>
<gpxtpx:TrackPointExtension>
<gpxtpx:hr>175</gpxtpx:hr>
</gpxtpx:TrackPointExtension>
</extensions>
</trkpt>
<trkpt lat="33.5854374" lon="130.3739095">
<ele>1.021</ele>
<time>2026-05-30T22:00:23Z</time>
<extensions>
<gpxtpx:TrackPointExtension>
<gpxtpx:hr>175</gpxtpx:hr>
</gpxtpx:TrackPointExtension>
</extensions>
</trkpt>
<trkpt lat="33.585409" lon="130.3739146">
<ele>1.033</ele>
<time>2026-05-30T22:00:24Z</time>
<extensions>
<gpxtpx:TrackPointExtension>
<gpxtpx:hr>175</gpxtpx:hr>
<gpxtpx:cad>177</gpxtpx:cad>
</gpxtpx:TrackPointExtension>
</extensions>
</trkpt>
<trkpt lat="33.5853808" lon="130.3739206">
<ele>0.933</ele>
<time>2026-05-30T22:00:25Z</time>
<extensions>
<gpxtpx:TrackPointExtension>
<gpxtpx:hr>174</gpxtpx:hr>
</gpxtpx:TrackPointExtension>
</extensions>
</trkpt>
<trkpt lat="33.585352" lon="130.3739238">
<ele>0.856</ele>
<time>2026-05-30T22:00:26Z</time>
<extensions>
<gpxtpx:TrackPointExtension>
<gpxtpx:hr>174</gpxtpx:hr>
</gpxtpx:TrackPointExtension>
</extensions>
</trkpt>
<trkpt lat="33.5853235" lon="130.3739285">
<ele>0.865</ele>
<time>2026-05-30T22:00:27Z</time>
<extensions>
<gpxtpx:TrackPointExtension>
<gpxtpx:hr>174</gpxtpx:hr>
</gpxtpx:TrackPointExtension>
</extensions>
</trkpt>
<trkpt lat="33.5852948" lon="130.3739308">
<ele>0.886</ele>
<time>2026-05-30T22:00:28Z</time>
<extensions>
<gpxtpx:TrackPointExtension>
<gpxtpx:hr>173</gpxtpx:hr>
</gpxtpx:TrackPointExtension>
</extensions>
</trkpt>
<trkpt lat="33.5852664" lon="130.3739336">
<ele>0.856</ele>
<time>2026-05-30T22:00:29Z</time>
<extensions>
<gpxtpx:TrackPointExtension>
<gpxtpx:hr>173</gpxtpx:hr>
<gpxtpx:cad>177</gpxtpx:cad>
</gpxtpx:TrackPointExtension>
</extensions>
</trkpt>
<trkpt lat="33.585238" lon="130.3739359">
<ele>0.841</ele>
<time>2026-05-30T22:00:30Z</time>
<extensions>
<gpxtpx:TrackPointExtension>
<gpxtpx:hr>173</gpxtpx:hr>
</gpxtpx:TrackPointExtension>
</extensions>
</trkpt>
<trkpt lat="33.5852091" lon="130.3739386">
<ele>0.95</ele>
<time>2026-05-30T22:00:31Z</time>
<extensions>
<gpxtpx:TrackPointExtension>
<gpxtpx:hr>173</gpxtpx:hr>
</gpxtpx:TrackPointExtension>
</extensions>
</trkpt>
<trkpt lat="33.5851811" lon="130.3739404">
<ele>0.965</ele>
<time>2026-05-30T22:00:32Z</time>
<extensions>
<gpxtpx:TrackPointExtension>
<gpxtpx:hr>173</gpxtpx:hr>
</gpxtpx:TrackPointExtension>
</extensions>
</trkpt>
<trkpt lat="33.585152" lon="130.3739432">
<ele>1.053</ele>
<time>2026-05-30T22:00:33Z</time>
<extensions>
<gpxtpx:TrackPointExtension>
<gpxtpx:hr>173</gpxtpx:hr>
</gpxtpx:TrackPointExtension>
</extensions>
</trkpt>
<trkpt lat="33.5851243" lon="130.3739455">
<ele>1.005</ele>
<time>2026-05-30T22:00:34Z</time>
<extensions>
<gpxtpx:TrackPointExtension>
<gpxtpx:hr>173</gpxtpx:hr>
<gpxtpx:cad>175</gpxtpx:cad>
</gpxtpx:TrackPointExtension>
</extensions>
</trkpt>
<trkpt lat="33.5850956" lon="130.3739482">
<ele>0.991</ele>
<time>2026-05-30T22:00:35Z</time>
<extensions>
<gpxtpx:TrackPointExtension>
<gpxtpx:hr>173</gpxtpx:hr>
</gpxtpx:TrackPointExtension>
</extensions>
</trkpt>
<trkpt lat="33.5850681" lon="130.3739507">
<ele>1.073</ele>
<time>2026-05-30T22:00:36Z</time>
<extensions>
<gpxtpx:TrackPointExtension>
<gpxtpx:hr>173</gpxtpx:hr>
</gpxtpx:TrackPointExtension>
</extensions>
</trkpt>
<trkpt lat="33.5850406" lon="130.3739534">
<ele>1.118</ele>
<time>2026-05-30T22:00:37Z</time>
<extensions>
<gpxtpx:TrackPointExtension>
<gpxtpx:hr>174</gpxtpx:hr>
</gpxtpx:TrackPointExtension>
</extensions>
</trkpt>
<trkpt lat="33.585014" lon="130.3739572">
<ele>1.083</ele>
<time>2026-05-30T22:00:38Z</time>
<extensions>
<gpxtpx:TrackPointExtension>
<gpxtpx:hr>174</gpxtpx:hr>
</gpxtpx:TrackPointExtension>
</extensions>
</trkpt>
<trkpt lat="33.5849874" lon="130.3739609">
<ele>1.106</ele>
<time>2026-05-30T22:00:39Z</time>
<extensions>
<gpxtpx:TrackPointExtension>
<gpxtpx:hr>175</gpxtpx:hr>
<gpxtpx:cad>176</gpxtpx:cad>
</gpxtpx:TrackPointExtension>
</extensions>
</trkpt>
<trkpt lat="33.58496" lon="130.3739634">
<ele>1.078</ele>
<time>2026-05-30T22:00:40Z</time>
<extensions>
<gpxtpx:TrackPointExtension>
<gpxtpx:hr>175</gpxtpx:hr>
</gpxtpx:TrackPointExtension>
</extensions>
</trkpt>
<trkpt lat="33.5849362" lon="130.3739699">
<ele>1.063</ele>
<time>2026-05-30T22:00:41Z</time>
<extensions>
<gpxtpx:TrackPointExtension>
<gpxtpx:hr>175</gpxtpx:hr>
</gpxtpx:TrackPointExtension>
</extensions>
</trkpt>
<trkpt lat="33.5849095" lon="130.373973">
<ele>1.018</ele>
<time>2026-05-30T22:00:42Z</time>
<extensions>
<gpxtpx:TrackPointExtension>
<gpxtpx:hr>175</gpxtpx:hr>
</gpxtpx:TrackPointExtension>
</extensions>
</trkpt>
<trkpt lat="33.5848884" lon="130.3739809">
<ele>0.895</ele>
<time>2026-05-30T22:00:43Z</time>
<extensions>
<gpxtpx:TrackPointExtension>
<gpxtpx:hr>175</gpxtpx:hr>
</gpxtpx:TrackPointExtension>
</extensions>
</trkpt>
<trkpt lat="33.5848628" lon="130.373985">
<ele>0.858</ele>
<time>2026-05-30T22:00:44Z</time>
<extensions>
<gpxtpx:TrackPointExtension>
<gpxtpx:hr>175</gpxtpx:hr>
<gpxtpx:cad>176</gpxtpx:cad>
</gpxtpx:TrackPointExtension>
</extensions>
</trkpt>
<trkpt lat="33.5848435" lon="130.3739926">
<ele>0.895</ele>
<time>2026-05-30T22:00:45Z</time>
<extensions>
<gpxtpx:TrackPointExtension>
<gpxtpx:hr>175</gpxtpx:hr>
</gpxtpx:TrackPointExtension>
</extensions>
</trkpt>
<trkpt lat="33.5848179" lon="130.3739974">
<ele>0.904</ele>
<time>2026-05-30T22:00:46Z</time>
<extensions>
<gpxtpx:TrackPointExtension>
<gpxtpx:hr>175</gpxtpx:hr>
</gpxtpx:TrackPointExtension>
</extensions>
</trkpt>
<trkpt lat="33.5848008" lon="130.3740057">
<ele>0.86</ele>
<time>2026-05-30T22:00:47Z</time>
<extensions>
<gpxtpx:TrackPointExtension>
<gpxtpx:hr>174</gpxtpx:hr>
</gpxtpx:TrackPointExtension>
</extensions>
</trkpt>
<trkpt lat="33.5847849" lon="130.3740138">
<ele>0.829</ele>
<time>2026-05-30T22:00:48Z</time>
<extensions>
<gpxtpx:TrackPointExtension>
<gpxtpx:hr>174</gpxtpx:hr>
</gpxtpx:TrackPointExtension>
</extensions>
</trkpt>
<trkpt lat="33.58477" lon="130.3740217">
<ele>-1.567</ele>
<time>2026-05-30T22:00:49Z</time>
<extensions>
<gpxtpx:TrackPointExtension>
<gpxtpx:hr>174</gpxtpx:hr>
<gpxtpx:cad>166</gpxtpx:cad>
</gpxtpx:TrackPointExtension>
</extensions>
</trkpt>
<trkpt lat="33.5847585" lon="130.3740288">
<ele>-2.451</ele>
<time>2026-05-30T22:00:50Z</time>
<extensions>
<gpxtpx:TrackPointExtension>
<gpxtpx:hr>173</gpxtpx:hr>
</gpxtpx:TrackPointExtension>
</extensions>
</trkpt>
<trkpt lat="33.5847475" lon="130.374035">
<ele>-2.686</ele>
<time>2026-05-30T22:00:51Z</time>
<extensions>
<gpxtpx:TrackPointExtension>
<gpxtpx:hr>173</gpxtpx:hr>
<gpxtpx:cad>160</gpxtpx:cad>
</gpxtpx:TrackPointExtension>
</extensions>
</trkpt>
<trkpt lat="33.5847368" lon="130.3740405">
<ele>-0.724</ele>
<time>2026-05-30T22:00:52Z</time>
<extensions>
<gpxtpx:TrackPointExtension>
<gpxtpx:hr>173</gpxtpx:hr>
</gpxtpx:TrackPointExtension>
</extensions>
</trkpt>
<trkpt lat="33.5847259" lon="130.3740453">
<ele>0.421</ele>
<time>2026-05-30T22:00:53Z</time>
<extensions>
<gpxtpx:TrackPointExtension>
<gpxtpx:hr>173</gpxtpx:hr>
</gpxtpx:TrackPointExtension>
</extensions>
</trkpt>
<trkpt lat="33.5847148" lon="130.3740496">
<ele>0.67</ele>
<time>2026-05-30T22:00:54Z</time>
<extensions>
<gpxtpx:TrackPointExtension>
<gpxtpx:hr>173</gpxtpx:hr>
<gpxtpx:cad>109</gpxtpx:cad>
</gpxtpx:TrackPointExtension>
</extensions>
</trkpt>
<trkpt lat="33.5847032" lon="130.3740535">
<ele>0.711</ele>
<time>2026-05-30T22:00:55Z</time>
<extensions>
<gpxtpx:TrackPointExtension>
<gpxtpx:hr>172</gpxtpx:hr>
</gpxtpx:TrackPointExtension>
</extensions>
</trkpt>
<trkpt lat="33.5846907" lon="130.3740572">
<ele>0.739</ele>
<time>2026-05-30T22:00:56Z</time>
<extensions>
<gpxtpx:TrackPointExtension>
<gpxtpx:hr>172</gpxtpx:hr>
</gpxtpx:TrackPointExtension>
</extensions>
</trkpt>
<trkpt lat="33.5846774" lon="130.3740609">
<ele>0.622</ele>
<time>2026-05-30T22:00:57Z</time>
<extensions>
<gpxtpx:TrackPointExtension>
<gpxtpx:hr>171</gpxtpx:hr>
</gpxtpx:TrackPointExtension>
</extensions>
</trkpt>
<trkpt lat="33.5846632" lon="130.3740648">
<ele>0.565</ele>
<time>2026-05-30T22:00:58Z</time>
<extensions>
<gpxtpx:TrackPointExtension>
<gpxtpx:hr>170</gpxtpx:hr>
</gpxtpx:TrackPointExtension>
</extensions>
</trkpt>
<trkpt lat="33.5846499" lon="130.3740697">
<ele>0.616</ele>
<time>2026-05-30T22:00:59Z</time>
<extensions>
<gpxtpx:TrackPointExtension>
<gpxtpx:hr>169</gpxtpx:hr>
<gpxtpx:cad>52</gpxtpx:cad>
</gpxtpx:TrackPointExtension>
</extensions>
</trkpt>
<trkpt lat="33.5846371" lon="130.3740744">
<ele>0.845</ele>
<time>2026-05-30T22:01:00Z</time>
<extensions>
<gpxtpx:TrackPointExtension>
<gpxtpx:hr>169</gpxtpx:hr>
</gpxtpx:TrackPointExtension>
</extensions>
</trkpt>
<trkpt lat="33.5846249" lon="130.3740787">
<ele>1.03</ele>
<time>2026-05-30T22:01:01Z</time>
<extensions>
<gpxtpx:TrackPointExtension>
<gpxtpx:hr>169</gpxtpx:hr>
</gpxtpx:TrackPointExtension>
</extensions>
</trkpt>
<trkpt lat="33.584613" lon="130.3740826">
<ele>1.066</ele>
<time>2026-05-30T22:01:02Z</time>
<extensions>
<gpxtpx:TrackPointExtension>
<gpxtpx:hr>168</gpxtpx:hr>
</gpxtpx:TrackPointExtension>
</extensions>
</trkpt>
<trkpt lat="33.5846012" lon="130.3740859">
<ele>1.033</ele>
<time>2026-05-30T22:01:03Z</time>
<extensions>
<gpxtpx:TrackPointExtension>
<gpxtpx:hr>168</gpxtpx:hr>
</gpxtpx:TrackPointExtension>
</extensions>
</trkpt>
<trkpt lat="33.5845891" lon="130.3740888">
<ele>1.108</ele>
<time>2026-05-30T22:01:04Z</time>
<extensions>
<gpxtpx:TrackPointExtension>
<gpxtpx:hr>167</gpxtpx:hr>
<gpxtpx:cad>80</gpxtpx:cad>
</gpxtpx:TrackPointExtension>
</extensions>
</trkpt>
<trkpt lat="33.5845705" lon="130.3740926">
<ele>1.166</ele>
<time>2026-05-30T22:01:05Z</time>
<extensions>
<gpxtpx:TrackPointExtension>
<gpxtpx:hr>167</gpxtpx:hr>
</gpxtpx:TrackPointExtension>
</extensions>
</trkpt>
<trkpt lat="33.5845569" lon="130.3740952">
<ele>1.001</ele>
<time>2026-05-30T22:01:06Z</time>
<extensions>
<gpxtpx:TrackPointExtension>
<gpxtpx:hr>167</gpxtpx:hr>
</gpxtpx:TrackPointExtension>
</extensions>
</trkpt>
<trkpt lat="33.5845362" lon="130.3741002">
<ele>1.056</ele>
<time>2026-05-30T22:01:07Z</time>
<extensions>
<gpxtpx:TrackPointExtension>
<gpxtpx:hr>166</gpxtpx:hr>
</gpxtpx:TrackPointExtension>
</extensions>
</trkpt>
<trkpt lat="33.5845207" lon="130.3741029">
<ele>1.109</ele>
<time>2026-05-30T22:01:08Z</time>
<extensions>
<gpxtpx:TrackPointExtension>
<gpxtpx:hr>165</gpxtpx:hr>
</gpxtpx:TrackPointExtension>
</extensions>
</trkpt>
<trkpt lat="33.5845017" lon="130.374107">
<ele>1.168</ele>
<time>2026-05-30T22:01:09Z</time>
<extensions>
<gpxtpx:TrackPointExtension>
<gpxtpx:hr>166</gpxtpx:hr>
<gpxtpx:cad>125</gpxtpx:cad>
</gpxtpx:TrackPointExtension>
</extensions>
</trkpt>
<trkpt lat="33.5844819" lon="130.3741115">
<ele>1.146</ele>
<time>2026-05-30T22:01:10Z</time>
<extensions>
<gpxtpx:TrackPointExtension>
<gpxtpx:hr>167</gpxtpx:hr>
</gpxtpx:TrackPointExtension>
</extensions>
</trkpt>
<trkpt lat="33.584461" lon="130.3741164">
<ele>1.178</ele>
<time>2026-05-30T22:01:11Z</time>
<extensions>
<gpxtpx:TrackPointExtension>
<gpxtpx:hr>167</gpxtpx:hr>
</gpxtpx:TrackPointExtension>
</extensions>
</trkpt>
<trkpt lat="33.5844391" lon="130.3741218">
<ele>1.254</ele>
<time>2026-05-30T22:01:12Z</time>
<extensions>
<gpxtpx:TrackPointExtension>
<gpxtpx:hr>167</gpxtpx:hr>
</gpxtpx:TrackPointExtension>
</extensions>
</trkpt>
<trkpt lat="33.5844165" lon="130.3741277">
<ele>1.226</ele>
<time>2026-05-30T22:01:13Z</time>
<extensions>
<gpxtpx:TrackPointExtension>
<gpxtpx:hr>167</gpxtpx:hr>
</gpxtpx:TrackPointExtension>
</extensions>
</trkpt>
<trkpt lat="33.5843942" lon="130.3741332">
<ele>1.194</ele>
<time>2026-05-30T22:01:14Z</time>
<extensions>
<gpxtpx:TrackPointExtension>
<gpxtpx:hr>167</gpxtpx:hr>
<gpxtpx:cad>151</gpxtpx:cad>
</gpxtpx:TrackPointExtension>
</extensions>
</trkpt>
<trkpt lat="33.5843706" lon="130.3741396">
<ele>1.178</ele>
<time>2026-05-30T22:01:15Z</time>
<extensions>
<gpxtpx:TrackPointExtension>
<gpxtpx:hr>166</gpxtpx:hr>
</gpxtpx:TrackPointExtension>
</extensions>
</trkpt>
<trkpt lat="33.5843446" lon="130.374147">
<ele>1.195</ele>
<time>2026-05-30T22:01:16Z</time>
<extensions>
<gpxtpx:TrackPointExtension>
<gpxtpx:hr>166</gpxtpx:hr>
</gpxtpx:TrackPointExtension>
</extensions>
</trkpt>
<trkpt lat="33.5843149" lon="130.3741595">
<ele>1.237</ele>
<time>2026-05-30T22:01:17Z</time>
<extensions>
<gpxtpx:TrackPointExtension>
<gpxtpx:hr>166</gpxtpx:hr>
</gpxtpx:TrackPointExtension>
</extensions>
</trkpt>
<trkpt lat="33.584287" lon="130.3741688">
<ele>1.303</ele>
<time>2026-05-30T22:01:18Z</time>
<extensions>
<gpxtpx:TrackPointExtension>
<gpxtpx:hr>166</gpxtpx:hr>
</gpxtpx:TrackPointExtension>
</extensions>
</trkpt>
<trkpt lat="33.5842572" lon="130.3741825">
<ele>1.283</ele>
<time>2026-05-30T22:01:19Z</time>
<extensions>
<gpxtpx:TrackPointExtension>
<gpxtpx:hr>166</gpxtpx:hr>
<gpxtpx:cad>176</gpxtpx:cad>
</gpxtpx:TrackPointExtension>
</extensions>
</trkpt>
<trkpt lat="33.5842276" lon="130.374194">
<ele>1.263</ele>
<time>2026-05-30T22:01:20Z</time>
<extensions>
<gpxtpx:TrackPointExtension>
<gpxtpx:hr>166</gpxtpx:hr>
</gpxtpx:TrackPointExtension>
</extensions>
</trkpt>
<trkpt lat="33.5841982" lon="130.374209">
<ele>1.293</ele>
<time>2026-05-30T22:01:21Z</time>
<extensions>
<gpxtpx:TrackPointExtension>
<gpxtpx:hr>166</gpxtpx:hr>
</gpxtpx:TrackPointExtension>
</extensions>
</trkpt>
<trkpt lat="33.5841677" lon="130.374222">
<ele>1.365</ele>
<time>2026-05-30T22:01:22Z</time>
<extensions>
<gpxtpx:TrackPointExtension>
<gpxtpx:hr>166</gpxtpx:hr>
</gpxtpx:TrackPointExtension>
</extensions>
</trkpt>
<trkpt lat="33.5841378" lon="130.3742368">
<ele>1.336</ele>
<time>2026-05-30T22:01:23Z</time>
<extensions>
<gpxtpx:TrackPointExtension>
<gpxtpx:hr>167</gpxtpx:hr>
</gpxtpx:TrackPointExtension>
</extensions>
</trkpt>
<trkpt lat="33.5841088" lon="130.3742524">
<ele>1.246</ele>
<time>2026-05-30T22:01:24Z</time>
<extensions>
<gpxtpx:TrackPointExtension>
<gpxtpx:hr>167</gpxtpx:hr>
<gpxtpx:cad>179</gpxtpx:cad>
</gpxtpx:TrackPointExtension>
</extensions>
</trkpt>
<trkpt lat="33.5840798" lon="130.3742687">
<ele>1.254</ele>
<time>2026-05-30T22:01:25Z</time>
<extensions>
<gpxtpx:TrackPointExtension>
<gpxtpx:hr>168</gpxtpx:hr>
</gpxtpx:TrackPointExtension>
</extensions>
</trkpt>
<trkpt lat="33.5840511" lon="130.3742859">
<ele>1.244</ele>
<time>2026-05-30T22:01:26Z</time>
<extensions>
<gpxtpx:TrackPointExtension>
<gpxtpx:hr>168</gpxtpx:hr>
</gpxtpx:TrackPointExtension>
</extensions>
</trkpt>
<trkpt lat="33.5840229" lon="130.3743047">
<ele>1.32</ele>
<time>2026-05-30T22:01:27Z</time>
<extensions>
<gpxtpx:TrackPointExtension>
<gpxtpx:hr>168</gpxtpx:hr>
</gpxtpx:TrackPointExtension>
</extensions>
</trkpt>
<trkpt lat="33.5839952" lon="130.3743243">
<ele>1.34</ele>
<time>2026-05-30T22:01:28Z</time>
<extensions>
<gpxtpx:TrackPointExtension>
<gpxtpx:hr>168</gpxtpx:hr>
</gpxtpx:TrackPointExtension>
</extensions>
</trkpt>
<trkpt lat="33.5839677" lon="130.374344">
<ele>1.32</ele>
<time>2026-05-30T22:01:29Z</time>
<extensions>
<gpxtpx:TrackPointExtension>
<gpxtpx:hr>169</gpxtpx:hr>
<gpxtpx:cad>181</gpxtpx:cad>
</gpxtpx:TrackPointExtension>
</extensions>
</trkpt>
<trkpt lat="33.5839406" lon="130.3743644">
<ele>1.379</ele>
<time>2026-05-30T22:01:30Z</time>
<extensions>
<gpxtpx:TrackPointExtension>
<gpxtpx:hr>169</gpxtpx:hr>
</gpxtpx:TrackPointExtension>
</extensions>
</trkpt>
<trkpt lat="33.5839142" lon="130.3743855">
<ele>1.416</ele>
<time>2026-05-30T22:01:31Z</time>
<extensions>
<gpxtpx:TrackPointExtension>
<gpxtpx:hr>170</gpxtpx:hr>
</gpxtpx:TrackPointExtension>
</extensions>
</trkpt>
<trkpt lat="33.5838898" lon="130.3744081">
<ele>1.428</ele>
<time>2026-05-30T22:01:32Z</time>
<extensions>
<gpxtpx:TrackPointExtension>
<gpxtpx:hr>170</gpxtpx:hr>
<gpxtpx:cad>181</gpxtpx:cad>
</gpxtpx:TrackPointExtension>
</extensions>
</trkpt>
<trkpt lat="33.5838644" lon="130.3744299">
<ele>1.406</ele>
<time>2026-05-30T22:01:33Z</time>
<extensions>
<gpxtpx:TrackPointExtension>
<gpxtpx:hr>170</gpxtpx:hr>
</gpxtpx:TrackPointExtension>
</extensions>
</trkpt>
<trkpt lat="33.583841" lon="130.3744528">
<ele>1.384</ele>
<time>2026-05-30T22:01:34Z</time>
<extensions>
<gpxtpx:TrackPointExtension>
<gpxtpx:hr>171</gpxtpx:hr>
<gpxtpx:cad>180</gpxtpx:cad>
</gpxtpx:TrackPointExtension>
</extensions>
</trkpt>
<trkpt lat="33.5838167" lon="130.3744752">
<ele>1.412</ele>
<time>2026-05-30T22:01:35Z</time>
<extensions>
<gpxtpx:TrackPointExtension>
<gpxtpx:hr>171</gpxtpx:hr>
</gpxtpx:TrackPointExtension>
</extensions>
</trkpt>
<trkpt lat="33.5837942" lon="130.3744985">
<ele>1.433</ele>
<time>2026-05-30T22:01:36Z</time>
<extensions>
<gpxtpx:TrackPointExtension>
<gpxtpx:hr>171</gpxtpx:hr>
</gpxtpx:TrackPointExtension>
</extensions>
</trkpt>
<trkpt lat="33.5837706" lon="130.3745215">
<ele>1.402</ele>
<time>2026-05-30T22:01:37Z</time>
<extensions>
<gpxtpx:TrackPointExtension>
<gpxtpx:hr>172</gpxtpx:hr>
</gpxtpx:TrackPointExtension>
</extensions>
</trkpt>
<trkpt lat="33.5837472" lon="130.3745446">
<ele>1.351</ele>
<time>2026-05-30T22:01:38Z</time>
<extensions>
<gpxtpx:TrackPointExtension>
<gpxtpx:hr>172</gpxtpx:hr>
</gpxtpx:TrackPointExtension>
</extensions>
</trkpt>
<trkpt lat="33.5837235" lon="130.3745677">
<ele>1.361</ele>
<time>2026-05-30T22:01:39Z</time>
<extensions>
<gpxtpx:TrackPointExtension>
<gpxtpx:hr>173</gpxtpx:hr>
<gpxtpx:cad>179</gpxtpx:cad>
</gpxtpx:TrackPointExtension>
</extensions>
</trkpt>
<trkpt lat="33.5837017" lon="130.3745913">
<ele>1.319</ele>
<time>2026-05-30T22:01:40Z</time>
<extensions>
<gpxtpx:TrackPointExtension>
<gpxtpx:hr>173</gpxtpx:hr>
</gpxtpx:TrackPointExtension>
</extensions>
</trkpt>
<trkpt lat="33.5836793" lon="130.3746146">
<ele>1.321</ele>
<time>2026-05-30T22:01:41Z</time>
<extensions>
<gpxtpx:TrackPointExtension>
<gpxtpx:hr>173</gpxtpx:hr>
</gpxtpx:TrackPointExtension>
</extensions>
</trkpt>
<trkpt lat="33.5836583" lon="130.3746387">
<ele>1.306</ele>
<time>2026-05-30T22:01:42Z</time>
<extensions>
<gpxtpx:TrackPointExtension>
<gpxtpx:hr>173</gpxtpx:hr>
</gpxtpx:TrackPointExtension>
</extensions>
</trkpt>
<trkpt lat="33.5836367" lon="130.3746624">
<ele>1.267</ele>
<time>2026-05-30T22:01:43Z</time>
<extensions>
<gpxtpx:TrackPointExtension>
<gpxtpx:hr>173</gpxtpx:hr>
</gpxtpx:TrackPointExtension>
</extensions>
</trkpt>
<trkpt lat="33.5836157" lon="130.3746866">
<ele>1.355</ele>
<time>2026-05-30T22:01:44Z</time>
<extensions>
<gpxtpx:TrackPointExtension>
<gpxtpx:hr>173</gpxtpx:hr>
<gpxtpx:cad>180</gpxtpx:cad>
</gpxtpx:TrackPointExtension>
</extensions>
</trkpt>
<trkpt lat="33.5835948" lon="130.3747109">
<ele>1.376</ele>
<time>2026-05-30T22:01:45Z</time>
<extensions>
<gpxtpx:TrackPointExtension>
<gpxtpx:hr>173</gpxtpx:hr>
</gpxtpx:TrackPointExtension>
</extensions>
</trkpt>
<trkpt lat="33.583574" lon="130.3747352">
<ele>1.377</ele>
<time>2026-05-30T22:01:46Z</time>
<extensions>
<gpxtpx:TrackPointExtension>
<gpxtpx:hr>173</gpxtpx:hr>
</gpxtpx:TrackPointExtension>
</extensions>
</trkpt>
<trkpt lat="33.5835533" lon="130.3747597">
<ele>1.335</ele>
<time>2026-05-30T22:01:47Z</time>
<extensions>
<gpxtpx:TrackPointExtension>
<gpxtpx:hr>173</gpxtpx:hr>
</gpxtpx:TrackPointExtension>
</extensions>
</trkpt>
<trkpt lat="33.5835327" lon="130.374785">
<ele>1.394</ele>
<time>2026-05-30T22:01:48Z</time>
<extensions>
<gpxtpx:TrackPointExtension>
<gpxtpx:hr>173</gpxtpx:hr>
</gpxtpx:TrackPointExtension>
</extensions>
</trkpt>
<trkpt lat="33.583512" lon="130.37481">
<ele>1.364</ele>
<time>2026-05-30T22:01:49Z</time>
<extensions>
<gpxtpx:TrackPointExtension>
<gpxtpx:hr>174</gpxtpx:hr>
<gpxtpx:cad>180</gpxtpx:cad>
</gpxtpx:TrackPointExtension>
</extensions>
</trkpt>
<trkpt lat="33.5834914" lon="130.3748353">
<ele>1.374</ele>
<time>2026-05-30T22:01:50Z</time>
<extensions>
<gpxtpx:TrackPointExtension>
<gpxtpx:hr>173</gpxtpx:hr>
</gpxtpx:TrackPointExtension>
</extensions>
</trkpt>
<trkpt lat="33.583471" lon="130.374861">
<ele>1.45</ele>
<time>2026-05-30T22:01:51Z</time>
<extensions>
<gpxtpx:TrackPointExtension>
<gpxtpx:hr>173</gpxtpx:hr>
</gpxtpx:TrackPointExtension>
</extensions>
</trkpt>
<trkpt lat="33.5834507" lon="130.3748869">
<ele>1.47</ele>
<time>2026-05-30T22:01:52Z</time>
<extensions>
<gpxtpx:TrackPointExtension>
<gpxtpx:hr>173</gpxtpx:hr>
</gpxtpx:TrackPointExtension>
</extensions>
</trkpt>
<trkpt lat="33.5834304" lon="130.3749125">
<ele>1.472</ele>
<time>2026-05-30T22:01:53Z</time>
<extensions>
<gpxtpx:TrackPointExtension>
<gpxtpx:hr>173</gpxtpx:hr>
</gpxtpx:TrackPointExtension>
</extensions>
</trkpt>
<trkpt lat="33.5834103" lon="130.3749413">
<ele>1.449</ele>
<time>2026-05-30T22:01:54Z</time>
<extensions>
<gpxtpx:TrackPointExtension>
<gpxtpx:hr>173</gpxtpx:hr>
<gpxtpx:cad>180</gpxtpx:cad>
</gpxtpx:TrackPointExtension>
</extensions>
</trkpt>
<trkpt lat="33.5833901" lon="130.3749679">
<ele>1.473</ele>
<time>2026-05-30T22:01:55Z</time>
<extensions>
<gpxtpx:TrackPointExtension>
<gpxtpx:hr>172</gpxtpx:hr>
</gpxtpx:TrackPointExtension>
</extensions>
</trkpt>
<trkpt lat="33.58337" lon="130.374997">
<ele>1.45</ele>
<time>2026-05-30T22:01:56Z</time>
<extensions>
<gpxtpx:TrackPointExtension>
<gpxtpx:hr>172</gpxtpx:hr>
</gpxtpx:TrackPointExtension>
</extensions>
</trkpt>
<trkpt lat="33.5833499" lon="130.375026">
<ele>1.445</ele>
<time>2026-05-30T22:01:57Z</time>
<extensions>
<gpxtpx:TrackPointExtension>
<gpxtpx:hr>172</gpxtpx:hr>
</gpxtpx:TrackPointExtension>
</extensions>
</trkpt>
<trkpt lat="33.5833303" lon="130.3750582">
<ele>1.342</ele>
<time>2026-05-30T22:01:58Z</time>
<extensions>
<gpxtpx:TrackPointExtension>
<gpxtpx:hr>172</gpxtpx:hr>
</gpxtpx:TrackPointExtension>
</extensions>
</trkpt>
<trkpt lat="33.5833109" lon="130.3750913">
<ele>1.365</ele>
<time>2026-05-30T22:01:59Z</time>
<extensions>
<gpxtpx:TrackPointExtension>
<gpxtpx:hr>171</gpxtpx:hr>
<gpxtpx:cad>181</gpxtpx:cad>
</gpxtpx:TrackPointExtension>
</extensions>
</trkpt>
<trkpt lat="33.5832913" lon="130.3751232">
<ele>1.404</ele>
<time>2026-05-30T22:02:00Z</time>
<extensions>
<gpxtpx:TrackPointExtension>
<gpxtpx:hr>171</gpxtpx:hr>
</gpxtpx:TrackPointExtension>
</extensions>
</trkpt>
<trkpt lat="33.5832724" lon="130.3751578">
<ele>1.44</ele>
<time>2026-05-30T22:02:01Z</time>
<extensions>
<gpxtpx:TrackPointExtension>
<gpxtpx:hr>172</gpxtpx:hr>
</gpxtpx:TrackPointExtension>
</extensions>
</trkpt>
<trkpt lat="33.5832536" lon="130.3751922">
<ele>1.449</ele>
<time>2026-05-30T22:02:02Z</time>
<extensions>
<gpxtpx:TrackPointExtension>
<gpxtpx:hr>172</gpxtpx:hr>
<gpxtpx:cad>181</gpxtpx:cad>
</gpxtpx:TrackPointExtension>
</extensions>
</trkpt>
<trkpt lat="33.5832351" lon="130.375227">
<ele>1.418</ele>
<time>2026-05-30T22:02:03Z</time>
<extensions>
<gpxtpx:TrackPointExtension>
<gpxtpx:hr>172</gpxtpx:hr>
</gpxtpx:TrackPointExtension>
</extensions>
</trkpt>
<trkpt lat="33.5832163" lon="130.3752624">
<ele>1.404</ele>
<time>2026-05-30T22:02:04Z</time>
<extensions>
<gpxtpx:TrackPointExtension>
<gpxtpx:hr>172</gpxtpx:hr>
<gpxtpx:cad>180</gpxtpx:cad>
</gpxtpx:TrackPointExtension>
</extensions>
</trkpt>
<trkpt lat="33.5831992" lon="130.3752975">
<ele>1.414</ele>
<time>2026-05-30T22:02:05Z</time>
<extensions>
<gpxtpx:TrackPointExtension>
<gpxtpx:hr>172</gpxtpx:hr>
</gpxtpx:TrackPointExtension>
</extensions>
</trkpt>
<trkpt lat="33.5831826" lon="130.3753321">
<ele>1.456</ele>
<time>2026-05-30T22:02:06Z</time>
<extensions>
<gpxtpx:TrackPointExtension>
<gpxtpx:hr>172</gpxtpx:hr>
</gpxtpx:TrackPointExtension>
</extensions>
</trkpt>
<trkpt lat="33.5831655" lon="130.3753672">
<ele>1.427</ele>
<time>2026-05-30T22:02:07Z</time>
<extensions>
<gpxtpx:TrackPointExtension>
<gpxtpx:hr>173</gpxtpx:hr>
</gpxtpx:TrackPointExtension>
</extensions>
</trkpt>
<trkpt lat="33.5831486" lon="130.3754026">
<ele>1.45</ele>
<time>2026-05-30T22:02:08Z</time>
<extensions>
<gpxtpx:TrackPointExtension>
<gpxtpx:hr>173</gpxtpx:hr>
</gpxtpx:TrackPointExtension>
</extensions>
</trkpt>
<trkpt lat="33.5831322" lon="130.3754373">
<ele>1.497</ele>
<time>2026-05-30T22:02:09Z</time>
<extensions>
<gpxtpx:TrackPointExtension>
<gpxtpx:hr>173</gpxtpx:hr>
<gpxtpx:cad>180</gpxtpx:cad>
</gpxtpx:TrackPointExtension>
</extensions>
</trkpt>
<trkpt lat="33.583117" lon="130.3754711">
<ele>1.551</ele>
<time>2026-05-30T22:02:10Z</time>
<extensions>
<gpxtpx:TrackPointExtension>
<gpxtpx:hr>174</gpxtpx:hr>
</gpxtpx:TrackPointExtension>
</extensions>
</trkpt>
<trkpt lat="33.5831006" lon="130.375506">
<ele>1.607</ele>
<time>2026-05-30T22:02:11Z</time>
<extensions>
<gpxtpx:TrackPointExtension>
<gpxtpx:hr>174</gpxtpx:hr>
</gpxtpx:TrackPointExtension>
</extensions>
</trkpt>
<trkpt lat="33.5830854" lon="130.37554">
<ele>1.633</ele>
<time>2026-05-30T22:02:12Z</time>
<extensions>
<gpxtpx:TrackPointExtension>
<gpxtpx:hr>174</gpxtpx:hr>
</gpxtpx:TrackPointExtension>
</extensions>
</trkpt>
<trkpt lat="33.5830709" lon="130.3755738">
<ele>1.607</ele>
<time>2026-05-30T22:02:13Z</time>
<extensions>
<gpxtpx:TrackPointExtension>
<gpxtpx:hr>174</gpxtpx:hr>
</gpxtpx:TrackPointExtension>
</extensions>
</trkpt>
<trkpt lat="33.5830555" lon="130.3756074">
<ele>1.522</ele>
<time>2026-05-30T22:02:14Z</time>
<extensions>
<gpxtpx:TrackPointExtension>
<gpxtpx:hr>174</gpxtpx:hr>
<gpxtpx:cad>181</gpxtpx:cad>
</gpxtpx:TrackPointExtension>
</extensions>
</trkpt>
<trkpt lat="33.5830426" lon="130.3756409">
<ele>1.485</ele>
<time>2026-05-30T22:02:15Z</time>
<extensions>
<gpxtpx:TrackPointExtension>
<gpxtpx:hr>174</gpxtpx:hr>
</gpxtpx:TrackPointExtension>
</extensions>
</trkpt>
<trkpt lat="33.583028" lon="130.3756742">
<ele>1.511</ele>
<time>2026-05-30T22:02:16Z</time>
<extensions>
<gpxtpx:TrackPointExtension>
<gpxtpx:hr>174</gpxtpx:hr>
</gpxtpx:TrackPointExtension>
</extensions>
</trkpt>
<trkpt lat="33.5830165" lon="130.3757074">
<ele>1.536</ele>
<time>2026-05-30T22:02:17Z</time>
<extensions>
<gpxtpx:TrackPointExtension>
<gpxtpx:hr>174</gpxtpx:hr>
</gpxtpx:TrackPointExtension>
</extensions>
</trkpt>
<trkpt lat="33.5830043" lon="130.3757405">
<ele>1.534</ele>
<time>2026-05-30T22:02:18Z</time>
<extensions>
<gpxtpx:TrackPointExtension>
<gpxtpx:hr>174</gpxtpx:hr>
</gpxtpx:TrackPointExtension>
</extensions>
</trkpt>
<trkpt lat="33.5829928" lon="130.3757736">
<ele>1.526</ele>
<time>2026-05-30T22:02:19Z</time>
<extensions>
<gpxtpx:TrackPointExtension>
<gpxtpx:hr>174</gpxtpx:hr>
<gpxtpx:cad>181</gpxtpx:cad>
</gpxtpx:TrackPointExtension>
</extensions>
</trkpt>
<trkpt lat="33.5829819" lon="130.3758066">
<ele>1.561</ele>
<time>2026-05-30T22:02:20Z</time>
<extensions>
<gpxtpx:TrackPointExtension>
<gpxtpx:hr>174</gpxtpx:hr>
</gpxtpx:TrackPointExtension>
</extensions>
</trkpt>
<trkpt lat="33.5829729" lon="130.3758393">
<ele>1.584</ele>
<time>2026-05-30T22:02:21Z</time>
<extensions>
<gpxtpx:TrackPointExtension>
<gpxtpx:hr>173</gpxtpx:hr>
</gpxtpx:TrackPointExtension>
</extensions>
</trkpt>
<trkpt lat="33.5829615" lon="130.3758726">
<ele>1.577</ele>
<time>2026-05-30T22:02:22Z</time>
<extensions>
<gpxtpx:TrackPointExtension>
<gpxtpx:hr>173</gpxtpx:hr>
</gpxtpx:TrackPointExtension>
</extensions>
</trkpt>
<trkpt lat="33.5829533" lon="130.3759055">
<ele>1.641</ele>
<time>2026-05-30T22:02:23Z</time>
<extensions>
<gpxtpx:TrackPointExtension>
<gpxtpx:hr>173</gpxtpx:hr>
</gpxtpx:TrackPointExtension>
</extensions>
</trkpt>
<trkpt lat="33.5829454" lon="130.3759389">
<ele>1.6</ele>
<time>2026-05-30T22:02:24Z</time>
<extensions>
<gpxtpx:TrackPointExtension>
<gpxtpx:hr>173</gpxtpx:hr>
<gpxtpx:cad>181</gpxtpx:cad>
</gpxtpx:TrackPointExtension>
</extensions>
</trkpt>
<trkpt lat="33.5829355" lon="130.375972">
<ele>1.586</ele>
<time>2026-05-30T22:02:25Z</time>
<extensions>
<gpxtpx:TrackPointExtension>
<gpxtpx:hr>173</gpxtpx:hr>
</gpxtpx:TrackPointExtension>
</extensions>
</trkpt>
<trkpt lat="33.5829284" lon="130.3760061">
<ele>1.515</ele>
<time>2026-05-30T22:02:26Z</time>
<extensions>
<gpxtpx:TrackPointExtension>
<gpxtpx:hr>173</gpxtpx:hr>
</gpxtpx:TrackPointExtension>
</extensions>
</trkpt>
<trkpt lat="33.5829196" lon="130.3760391">
<ele>1.573</ele>
<time>2026-05-30T22:02:27Z</time>
<extensions>
<gpxtpx:TrackPointExtension>
<gpxtpx:hr>173</gpxtpx:hr>
</gpxtpx:TrackPointExtension>
</extensions>
</trkpt>
<trkpt lat="33.5829117" lon="130.3760725">
<ele>1.637</ele>
<time>2026-05-30T22:02:28Z</time>
<extensions>
<gpxtpx:TrackPointExtension>
<gpxtpx:hr>174</gpxtpx:hr>
</gpxtpx:TrackPointExtension>
</extensions>
</trkpt>
<trkpt lat="33.5829061" lon="130.3761083">
<ele>1.67</ele>
<time>2026-05-30T22:02:29Z</time>
<extensions>
<gpxtpx:TrackPointExtension>
<gpxtpx:hr>174</gpxtpx:hr>
<gpxtpx:cad>181</gpxtpx:cad>
</gpxtpx:TrackPointExtension>
</extensions>
</trkpt>
<trkpt lat="33.5828989" lon="130.3761422">
<ele>1.686</ele>
<time>2026-05-30T22:02:30Z</time>
<extensions>
<gpxtpx:TrackPointExtension>
<gpxtpx:hr>175</gpxtpx:hr>
</gpxtpx:TrackPointExtension>
</extensions>
</trkpt>
<trkpt lat="33.5828946" lon="130.3761786">
<ele>1.796</ele>
<time>2026-05-30T22:02:31Z</time>
<extensions>
<gpxtpx:TrackPointExtension>
<gpxtpx:hr>175</gpxtpx:hr>
<gpxtpx:cad>182</gpxtpx:cad>
</gpxtpx:TrackPointExtension>
</extensions>
</trkpt>
<trkpt lat="33.5828882" lon="130.3762127">
<ele>1.79</ele>
<time>2026-05-30T22:02:32Z</time>
<extensions>
<gpxtpx:TrackPointExtension>
<gpxtpx:hr>174</gpxtpx:hr>
</gpxtpx:TrackPointExtension>
</extensions>
</trkpt>
<trkpt lat="33.5828834" lon="130.3762478">
<ele>1.766</ele>
<time>2026-05-30T22:02:33Z</time>
<extensions>
<gpxtpx:TrackPointExtension>
<gpxtpx:hr>174</gpxtpx:hr>
</gpxtpx:TrackPointExtension>
</extensions>
</trkpt>
<trkpt lat="33.5828789" lon="130.3762831">
<ele>1.754</ele>
<time>2026-05-30T22:02:34Z</time>
<extensions>
<gpxtpx:TrackPointExtension>
<gpxtpx:hr>175</gpxtpx:hr>
<gpxtpx:cad>182</gpxtpx:cad>
</gpxtpx:TrackPointExtension>
</extensions>
</trkpt>
<trkpt lat="33.5828745" lon="130.3763186">
<ele>1.697</ele>
<time>2026-05-30T22:02:35Z</time>
<extensions>
<gpxtpx:TrackPointExtension>
<gpxtpx:hr>175</gpxtpx:hr>
</gpxtpx:TrackPointExtension>
</extensions>
</trkpt>
<trkpt lat="33.5828699" lon="130.3763542">
<ele>1.684</ele>
<time>2026-05-30T22:02:36Z</time>
<extensions>
<gpxtpx:TrackPointExtension>
<gpxtpx:hr>175</gpxtpx:hr>
</gpxtpx:TrackPointExtension>
</extensions>
</trkpt>
<trkpt lat="33.5828655" lon="130.37639">
<ele>1.614</ele>
<time>2026-05-30T22:02:37Z</time>
<extensions>
<gpxtpx:TrackPointExtension>
<gpxtpx:hr>174</gpxtpx:hr>
</gpxtpx:TrackPointExtension>
</extensions>
</trkpt>
<trkpt lat="33.5828625" lon="130.3764259">
<ele>1.682</ele>
<time>2026-05-30T22:02:38Z</time>
<extensions>
<gpxtpx:TrackPointExtension>
<gpxtpx:hr>174</gpxtpx:hr>
</gpxtpx:TrackPointExtension>
</extensions>
</trkpt>
<trkpt lat="33.5828579" lon="130.3764624">
<ele>1.703</ele>
<time>2026-05-30T22:02:39Z</time>
<extensions>
<gpxtpx:TrackPointExtension>
<gpxtpx:hr>174</gpxtpx:hr>
<gpxtpx:cad>181</gpxtpx:cad>
</gpxtpx:TrackPointExtension>
</extensions>
</trkpt>
<trkpt lat="33.582856" lon="130.3764982">
<ele>1.669</ele>
<time>2026-05-30T22:02:40Z</time>
<extensions>
<gpxtpx:TrackPointExtension>
<gpxtpx:hr>174</gpxtpx:hr>
</gpxtpx:TrackPointExtension>
</extensions>
</trkpt>
<trkpt lat="33.5828538" lon="130.3765341">
<ele>1.645</ele>
<time>2026-05-30T22:02:41Z</time>
<extensions>
<gpxtpx:TrackPointExtension>
<gpxtpx:hr>174</gpxtpx:hr>
</gpxtpx:TrackPointExtension>
</extensions>
</trkpt>
<trkpt lat="33.5828519" lon="130.3765698">
<ele>1.681</ele>
<time>2026-05-30T22:02:42Z</time>
<extensions>
<gpxtpx:TrackPointExtension>
<gpxtpx:hr>174</gpxtpx:hr>
</gpxtpx:TrackPointExtension>
</extensions>
</trkpt>
<trkpt lat="33.5828497" lon="130.376606">
<ele>1.739</ele>
<time>2026-05-30T22:02:43Z</time>
<extensions>
<gpxtpx:TrackPointExtension>
<gpxtpx:hr>174</gpxtpx:hr>
</gpxtpx:TrackPointExtension>
</extensions>
</trkpt>
<trkpt lat="33.5828494" lon="130.3766411">
<ele>1.642</ele>
<time>2026-05-30T22:02:44Z</time>
<extensions>
<gpxtpx:TrackPointExtension>
<gpxtpx:hr>175</gpxtpx:hr>
<gpxtpx:cad>179</gpxtpx:cad>
</gpxtpx:TrackPointExtension>
</extensions>
</trkpt>
<trkpt lat="33.5828479" lon="130.3766768">
<ele>1.584</ele>
<time>2026-05-30T22:02:45Z</time>
<extensions>
<gpxtpx:TrackPointExtension>
<gpxtpx:hr>175</gpxtpx:hr>
</gpxtpx:TrackPointExtension>
</extensions>
</trkpt>
<trkpt lat="33.5828486" lon="130.3767122">
<ele>1.635</ele>
<time>2026-05-30T22:02:46Z</time>
<extensions>
<gpxtpx:TrackPointExtension>
<gpxtpx:hr>174</gpxtpx:hr>
</gpxtpx:TrackPointExtension>
</extensions>
</trkpt>
<trkpt lat="33.5828477" lon="130.3767474">
<ele>1.572</ele>
<time>2026-05-30T22:02:47Z</time>
<extensions>
<gpxtpx:TrackPointExtension>
<gpxtpx:hr>174</gpxtpx:hr>
</gpxtpx:TrackPointExtension>
</extensions>
</trkpt>
<trkpt lat="33.5828493" lon="130.3767831">
<ele>1.447</ele>
<time>2026-05-30T22:02:48Z</time>
<extensions>
<gpxtpx:TrackPointExtension>
<gpxtpx:hr>174</gpxtpx:hr>
</gpxtpx:TrackPointExtension>
</extensions>
</trkpt>
<trkpt lat="33.5828503" lon="130.3768186">
<ele>1.306</ele>
<time>2026-05-30T22:02:49Z</time>
<extensions>
<gpxtpx:TrackPointExtension>
<gpxtpx:hr>174</gpxtpx:hr>
<gpxtpx:cad>180</gpxtpx:cad>
</gpxtpx:TrackPointExtension>
</extensions>
</trkpt>
<trkpt lat="33.5828516" lon="130.3768542">
<ele>1.675</ele>
<time>2026-05-30T22:02:50Z</time>
<extensions>
<gpxtpx:TrackPointExtension>
<gpxtpx:hr>174</gpxtpx:hr>
</gpxtpx:TrackPointExtension>
</extensions>
</trkpt>
<trkpt lat="33.5828533" lon="130.3768899">
<ele>1.479</ele>
<time>2026-05-30T22:02:51Z</time>
<extensions>
<gpxtpx:TrackPointExtension>
<gpxtpx:hr>174</gpxtpx:hr>
</gpxtpx:TrackPointExtension>
</extensions>
</trkpt>
<trkpt lat="33.5828554" lon="130.3769257">
<ele>1.351</ele>
<time>2026-05-30T22:02:52Z</time>
<extensions>
<gpxtpx:TrackPointExtension>
<gpxtpx:hr>174</gpxtpx:hr>
</gpxtpx:TrackPointExtension>
</extensions>
</trkpt>
<trkpt lat="33.5828581" lon="130.3769617">
<ele>1.014</ele>
<time>2026-05-30T22:02:53Z</time>
<extensions>
<gpxtpx:TrackPointExtension>
<gpxtpx:hr>174</gpxtpx:hr>
</gpxtpx:TrackPointExtension>
</extensions>
</trkpt>
<trkpt lat="33.5828602" lon="130.3769974">
<ele>1.354</ele>
<time>2026-05-30T22:02:54Z</time>
<extensions>
<gpxtpx:TrackPointExtension>
<gpxtpx:hr>174</gpxtpx:hr>
<gpxtpx:cad>178</gpxtpx:cad>
</gpxtpx:TrackPointExtension>
</extensions>
</trkpt>
<trkpt lat="33.5828645" lon="130.3770337">
<ele>1.531</ele>
<time>2026-05-30T22:02:55Z</time>
<extensions>
<gpxtpx:TrackPointExtension>
<gpxtpx:hr>174</gpxtpx:hr>
</gpxtpx:TrackPointExtension>
</extensions>
</trkpt>
<trkpt lat="33.5828678" lon="130.3770699">
<ele>1.543</ele>
<time>2026-05-30T22:02:56Z</time>
<extensions>
<gpxtpx:TrackPointExtension>
<gpxtpx:hr>175</gpxtpx:hr>
</gpxtpx:TrackPointExtension>
</extensions>
</trkpt>
<trkpt lat="33.5828731" lon="130.377106">
<ele>1.51</ele>
<time>2026-05-30T22:02:57Z</time>
<extensions>
<gpxtpx:TrackPointExtension>
<gpxtpx:hr>175</gpxtpx:hr>
</gpxtpx:TrackPointExtension>
</extensions>
</trkpt>
<trkpt lat="33.5828773" lon="130.3771423">
<ele>1.499</ele>
<time>2026-05-30T22:02:58Z</time>
<extensions>
<gpxtpx:TrackPointExtension>
<gpxtpx:hr>175</gpxtpx:hr>
</gpxtpx:TrackPointExtension>
</extensions>
</trkpt>
<trkpt lat="33.5828834" lon="130.3771777">
<ele>1.484</ele>
<time>2026-05-30T22:02:59Z</time>
<extensions>
<gpxtpx:TrackPointExtension>
<gpxtpx:hr>175</gpxtpx:hr>
<gpxtpx:cad>180</gpxtpx:cad>
</gpxtpx:TrackPointExtension>
</extensions>
</trkpt>
<trkpt lat="33.5828884" lon="130.3772137">
<ele>1.521</ele>
<time>2026-05-30T22:03:00Z</time>
<extensions>
<gpxtpx:TrackPointExtension>
<gpxtpx:hr>176</gpxtpx:hr>
<gpxtpx:cad>181</gpxtpx:cad>
</gpxtpx:TrackPointExtension>
</extensions>
</trkpt>
<trkpt lat="33.5828954" lon="130.3772482">
<ele>1.52</ele>
<time>2026-05-30T22:03:01Z</time>
<extensions>
<gpxtpx:TrackPointExtension>
<gpxtpx:hr>176</gpxtpx:hr>
</gpxtpx:TrackPointExtension>
</extensions>
</trkpt>
<trkpt lat="33.5829009" lon="130.3772843">
<ele>1.538</ele>
<time>2026-05-30T22:03:02Z</time>
<extensions>
<gpxtpx:TrackPointExtension>
<gpxtpx:hr>176</gpxtpx:hr>
</gpxtpx:TrackPointExtension>
</extensions>
</trkpt>
<trkpt lat="33.5829089" lon="130.3773179">
<ele>1.452</ele>
<time>2026-05-30T22:03:03Z</time>
<extensions>
<gpxtpx:TrackPointExtension>
<gpxtpx:hr>176</gpxtpx:hr>
</gpxtpx:TrackPointExtension>
</extensions>
</trkpt>
<trkpt lat="33.5829177" lon="130.3773511">
<ele>1.429</ele>
<time>2026-05-30T22:03:04Z</time>
<extensions>
<gpxtpx:TrackPointExtension>
<gpxtpx:hr>176</gpxtpx:hr>
<gpxtpx:cad>182</gpxtpx:cad>
</gpxtpx:TrackPointExtension>
</extensions>
</trkpt>
<trkpt lat="33.5829243" lon="130.3773862">
<ele>1.453</ele>
<time>2026-05-30T22:03:05Z</time>
<extensions>
<gpxtpx:TrackPointExtension>
<gpxtpx:hr>176</gpxtpx:hr>
</gpxtpx:TrackPointExtension>
</extensions>
</trkpt>
<trkpt lat="33.5829336" lon="130.3774191">
<ele>1.426</ele>
<time>2026-05-30T22:03:06Z</time>
<extensions>
<gpxtpx:TrackPointExtension>
<gpxtpx:hr>176</gpxtpx:hr>
</gpxtpx:TrackPointExtension>
</extensions>
</trkpt>
<trkpt lat="33.5829406" lon="130.3774536">
<ele>1.392</ele>
<time>2026-05-30T22:03:07Z</time>
</trkpt>
<trkpt lat="33.5829509" lon="130.3774859">
<ele>1.448</ele>
<time>2026-05-30T22:03:08Z</time>
<extensions>
<gpxtpx:TrackPointExtension>
<gpxtpx:hr>177</gpxtpx:hr>
</gpxtpx:TrackPointExtension>
</extensions>
</trkpt>
<trkpt lat="33.5829604" lon="130.3775187">
<ele>1.473</ele>
<time>2026-05-30T22:03:09Z</time>
<extensions>
<gpxtpx:TrackPointExtension>
<gpxtpx:hr>177</gpxtpx:hr>
<gpxtpx:cad>181</gpxtpx:cad>
</gpxtpx:TrackPointExtension>
</extensions>
</trkpt>
<trkpt lat="33.5829692" lon="130.3775515">
<ele>1.531</ele>
<time>2026-05-30T22:03:10Z</time>
<extensions>
<gpxtpx:TrackPointExtension>
<gpxtpx:hr>177</gpxtpx:hr>
</gpxtpx:TrackPointExtension>
</extensions>
</trkpt>
<trkpt lat="33.5829818" lon="130.3775827">
<ele>1.503</ele>
<time>2026-05-30T22:03:11Z</time>
<extensions>
<gpxtpx:TrackPointExtension>
<gpxtpx:hr>177</gpxtpx:hr>
</gpxtpx:TrackPointExtension>
</extensions>
</trkpt>
<trkpt lat="33.5829926" lon="130.3776146">
<ele>1.54</ele>
<time>2026-05-30T22:03:12Z</time>
<extensions>
<gpxtpx:TrackPointExtension>
<gpxtpx:hr>177</gpxtpx:hr>
</gpxtpx:TrackPointExtension>
</extensions>
</trkpt>
<trkpt lat="33.5830065" lon="130.377645">
<ele>1.51</ele>
<time>2026-05-30T22:03:13Z</time>
<extensions>
<gpxtpx:TrackPointExtension>
<gpxtpx:hr>177</gpxtpx:hr>
</gpxtpx:TrackPointExtension>
</extensions>
</trkpt>
<trkpt lat="33.5830197" lon="130.3776758">
<ele>1.496</ele>
<time>2026-05-30T22:03:14Z</time>
<extensions>
<gpxtpx:TrackPointExtension>
<gpxtpx:hr>177</gpxtpx:hr>
<gpxtpx:cad>181</gpxtpx:cad>
</gpxtpx:TrackPointExtension>
</extensions>
</trkpt>
<trkpt lat="33.5830336" lon="130.3777061">
<ele>1.454</ele>
<time>2026-05-30T22:03:15Z</time>
<extensions>
<gpxtpx:TrackPointExtension>
<gpxtpx:hr>177</gpxtpx:hr>
</gpxtpx:TrackPointExtension>
</extensions>
</trkpt>
<trkpt lat="33.5830484" lon="130.3777358">
<ele>1.483</ele>
<time>2026-05-30T22:03:16Z</time>
<extensions>
<gpxtpx:TrackPointExtension>
<gpxtpx:hr>177</gpxtpx:hr>
</gpxtpx:TrackPointExtension>
</extensions>
</trkpt>
<trkpt lat="33.5830637" lon="130.3777652">
<ele>1.537</ele>
<time>2026-05-30T22:03:17Z</time>
<extensions>
<gpxtpx:TrackPointExtension>
<gpxtpx:hr>177</gpxtpx:hr>
</gpxtpx:TrackPointExtension>
</extensions>
</trkpt>
<trkpt lat="33.5830793" lon="130.3777942">
<ele>1.491</ele>
<time>2026-05-30T22:03:18Z</time>
<extensions>
<gpxtpx:TrackPointExtension>
<gpxtpx:hr>177</gpxtpx:hr>
</gpxtpx:TrackPointExtension>
</extensions>
</trkpt>
<trkpt lat="33.5830951" lon="130.3778232">
<ele>1.457</ele>
<time>2026-05-30T22:03:19Z</time>
<extensions>
<gpxtpx:TrackPointExtension>
<gpxtpx:hr>177</gpxtpx:hr>
<gpxtpx:cad>180</gpxtpx:cad>
</gpxtpx:TrackPointExtension>
</extensions>
</trkpt>
<trkpt lat="33.5831126" lon="130.3778515">
<ele>1.486</ele>
<time>2026-05-30T22:03:20Z</time>
<extensions>
<gpxtpx:TrackPointExtension>
<gpxtpx:hr>177</gpxtpx:hr>
</gpxtpx:TrackPointExtension>
</extensions>
</trkpt>
<trkpt lat="33.5831277" lon="130.3778811">
<ele>1.51</ele>
<time>2026-05-30T22:03:21Z</time>
<extensions>
<gpxtpx:TrackPointExtension>
<gpxtpx:hr>177</gpxtpx:hr>
</gpxtpx:TrackPointExtension>
</extensions>
</trkpt>
<trkpt lat="33.5831456" lon="130.3779099">
<ele>1.512</ele>
<time>2026-05-30T22:03:22Z</time>
<extensions>
<gpxtpx:TrackPointExtension>
<gpxtpx:hr>177</gpxtpx:hr>
</gpxtpx:TrackPointExtension>
</extensions>
</trkpt>
<trkpt lat="33.5831617" lon="130.377939">
<ele>1.596</ele>
<time>2026-05-30T22:03:23Z</time>
<extensions>
<gpxtpx:TrackPointExtension>
<gpxtpx:hr>177</gpxtpx:hr>
</gpxtpx:TrackPointExtension>
</extensions>
</trkpt>
<trkpt lat="33.5831805" lon="130.3779681">
<ele>1.626</ele>
<time>2026-05-30T22:03:24Z</time>
<extensions>
<gpxtpx:TrackPointExtension>
<gpxtpx:hr>177</gpxtpx:hr>
<gpxtpx:cad>180</gpxtpx:cad>
</gpxtpx:TrackPointExtension>
</extensions>
</trkpt>
<trkpt lat="33.5831973" lon="130.3779969">
<ele>1.599</ele>
<time>2026-05-30T22:03:25Z</time>
<extensions>
<gpxtpx:TrackPointExtension>
<gpxtpx:hr>177</gpxtpx:hr>
</gpxtpx:TrackPointExtension>
</extensions>
</trkpt>
<trkpt lat="33.5832159" lon="130.3780258">
<ele>1.613</ele>
<time>2026-05-30T22:03:26Z</time>
<extensions>
<gpxtpx:TrackPointExtension>
<gpxtpx:hr>177</gpxtpx:hr>
</gpxtpx:TrackPointExtension>
</extensions>
</trkpt>
<trkpt lat="33.583234" lon="130.3780546">
<ele>1.727</ele>
<time>2026-05-30T22:03:27Z</time>
<extensions>
<gpxtpx:TrackPointExtension>
<gpxtpx:hr>177</gpxtpx:hr>
</gpxtpx:TrackPointExtension>
</extensions>
</trkpt>
<trkpt lat="33.5832557" lon="130.3780838">
<ele>1.77</ele>
<time>2026-05-30T22:03:28Z</time>
<extensions>
<gpxtpx:TrackPointExtension>
<gpxtpx:hr>177</gpxtpx:hr>
</gpxtpx:TrackPointExtension>
</extensions>
</trkpt>
<trkpt lat="33.5832742" lon="130.3781123">
<ele>1.764</ele>
<time>2026-05-30T22:03:29Z</time>
<extensions>
<gpxtpx:TrackPointExtension>
<gpxtpx:hr>177</gpxtpx:hr>
<gpxtpx:cad>180</gpxtpx:cad>
</gpxtpx:TrackPointExtension>
</extensions>
</trkpt>
<trkpt lat="33.5832928" lon="130.3781408">
<ele>1.823</ele>
<time>2026-05-30T22:03:30Z</time>
<extensions>
<gpxtpx:TrackPointExtension>
<gpxtpx:hr>177</gpxtpx:hr>
</gpxtpx:TrackPointExtension>
</extensions>
</trkpt>
<trkpt lat="33.5833138" lon="130.3781694">
<ele>1.795</ele>
<time>2026-05-30T22:03:31Z</time>
<extensions>
<gpxtpx:TrackPointExtension>
<gpxtpx:hr>177</gpxtpx:hr>
<gpxtpx:cad>181</gpxtpx:cad>
</gpxtpx:TrackPointExtension>
</extensions>
</trkpt>
<trkpt lat="33.5833348" lon="130.3781978">
<ele>1.684</ele>
<time>2026-05-30T22:03:32Z</time>
<extensions>
<gpxtpx:TrackPointExtension>
<gpxtpx:hr>177</gpxtpx:hr>
</gpxtpx:TrackPointExtension>
</extensions>
</trkpt>
<trkpt lat="33.5833563" lon="130.3782264">
<ele>1.626</ele>
<time>2026-05-30T22:03:33Z</time>
<extensions>
<gpxtpx:TrackPointExtension>
<gpxtpx:hr>177</gpxtpx:hr>
</gpxtpx:TrackPointExtension>
</extensions>
</trkpt>
<trkpt lat="33.5833778" lon="130.3782556">
<ele>1.602</ele>
<time>2026-05-30T22:03:34Z</time>
<extensions>
<gpxtpx:TrackPointExtension>
<gpxtpx:hr>177</gpxtpx:hr>
<gpxtpx:cad>181</gpxtpx:cad>
</gpxtpx:TrackPointExtension>
</extensions>
</trkpt>
<trkpt lat="33.5834015" lon="130.3782826">
<ele>1.595</ele>
<time>2026-05-30T22:03:35Z</time>
<extensions>
<gpxtpx:TrackPointExtension>
<gpxtpx:hr>177</gpxtpx:hr>
</gpxtpx:TrackPointExtension>
</extensions>
</trkpt>
<trkpt lat="33.5834241" lon="130.3783114">
<ele>1.656</ele>
<time>2026-05-30T22:03:36Z</time>
<extensions>
<gpxtpx:TrackPointExtension>
<gpxtpx:hr>176</gpxtpx:hr>
</gpxtpx:TrackPointExtension>
</extensions>
</trkpt>
<trkpt lat="33.5834465" lon="130.3783395">
<ele>1.682</ele>
<time>2026-05-30T22:03:37Z</time>
<extensions>
<gpxtpx:TrackPointExtension>
<gpxtpx:hr>176</gpxtpx:hr>
</gpxtpx:TrackPointExtension>
</extensions>
</trkpt>
<trkpt lat="33.5834709" lon="130.3783683">
<ele>1.686</ele>
<time>2026-05-30T22:03:38Z</time>
<extensions>
<gpxtpx:TrackPointExtension>
<gpxtpx:hr>176</gpxtpx:hr>
</gpxtpx:TrackPointExtension>
</extensions>
</trkpt>
<trkpt lat="33.5834943" lon="130.3783945">
<ele>1.599</ele>
<time>2026-05-30T22:03:39Z</time>
<extensions>
<gpxtpx:TrackPointExtension>
<gpxtpx:hr>175</gpxtpx:hr>
<gpxtpx:cad>179</gpxtpx:cad>
</gpxtpx:TrackPointExtension>
</extensions>
</trkpt>
<trkpt lat="33.5835188" lon="130.37842">
<ele>1.598</ele>
<time>2026-05-30T22:03:40Z</time>
<extensions>
<gpxtpx:TrackPointExtension>
<gpxtpx:hr>175</gpxtpx:hr>
</gpxtpx:TrackPointExtension>
</extensions>
</trkpt>
<trkpt lat="33.5835405" lon="130.3784454">
<ele>1.629</ele>
<time>2026-05-30T22:03:41Z</time>
<extensions>
<gpxtpx:TrackPointExtension>
<gpxtpx:hr>175</gpxtpx:hr>
</gpxtpx:TrackPointExtension>
</extensions>
</trkpt>
<trkpt lat="33.5835617" lon="130.3784707">
<ele>1.645</ele>
<time>2026-05-30T22:03:42Z</time>
<extensions>
<gpxtpx:TrackPointExtension>
<gpxtpx:hr>175</gpxtpx:hr>
</gpxtpx:TrackPointExtension>
</extensions>
</trkpt>
<trkpt lat="33.5835738" lon="130.378499">
<ele>1.607</ele>
<time>2026-05-30T22:03:43Z</time>
<extensions>
<gpxtpx:TrackPointExtension>
<gpxtpx:hr>176</gpxtpx:hr>
</gpxtpx:TrackPointExtension>
</extensions>
</trkpt>
<trkpt lat="33.5835839" lon="130.3785274">
<ele>1.587</ele>
<time>2026-05-30T22:03:44Z</time>
<extensions>
<gpxtpx:TrackPointExtension>
<gpxtpx:hr>176</gpxtpx:hr>
<gpxtpx:cad>175</gpxtpx:cad>
</gpxtpx:TrackPointExtension>
</extensions>
</trkpt>
<trkpt lat="33.5835928" lon="130.3785566">
<ele>1.428</ele>
<time>2026-05-30T22:03:45Z</time>
<extensions>
<gpxtpx:TrackPointExtension>
<gpxtpx:hr>176</gpxtpx:hr>
</gpxtpx:TrackPointExtension>
</extensions>
</trkpt>
<trkpt lat="33.5835824" lon="130.3785855">
<ele>1.29</ele>
<time>2026-05-30T22:03:46Z</time>
<extensions>
<gpxtpx:TrackPointExtension>
<gpxtpx:hr>176</gpxtpx:hr>
</gpxtpx:TrackPointExtension>
</extensions>
</trkpt>
<trkpt lat="33.5835753" lon="130.378613">
<ele>1.441</ele>
<time>2026-05-30T22:03:47Z</time>
<extensions>
<gpxtpx:TrackPointExtension>
<gpxtpx:hr>176</gpxtpx:hr>
</gpxtpx:TrackPointExtension>
</extensions>
</trkpt>
<trkpt lat="33.5835589" lon="130.3786367">
<ele>1.621</ele>
<time>2026-05-30T22:03:48Z</time>
<extensions>
<gpxtpx:TrackPointExtension>
<gpxtpx:hr>177</gpxtpx:hr>
</gpxtpx:TrackPointExtension>
</extensions>
</trkpt>
<trkpt lat="33.5835346" lon="130.378655">
<ele>1.716</ele>
<time>2026-05-30T22:03:49Z</time>
<extensions>
<gpxtpx:TrackPointExtension>
<gpxtpx:hr>177</gpxtpx:hr>
<gpxtpx:cad>170</gpxtpx:cad>
</gpxtpx:TrackPointExtension>
</extensions>
</trkpt>
<trkpt lat="33.5835165" lon="130.3786737">
<ele>1.733</ele>
<time>2026-05-30T22:03:50Z</time>
<extensions>
<gpxtpx:TrackPointExtension>
<gpxtpx:hr>177</gpxtpx:hr>
</gpxtpx:TrackPointExtension>
</extensions>
</trkpt>
<trkpt lat="33.5834996" lon="130.3786928">
<ele>1.71</ele>
<time>2026-05-30T22:03:51Z</time>
<extensions>
<gpxtpx:TrackPointExtension>
<gpxtpx:hr>177</gpxtpx:hr>
</gpxtpx:TrackPointExtension>
</extensions>
</trkpt>
<trkpt lat="33.5834898" lon="130.3787164">
<ele>1.763</ele>
<time>2026-05-30T22:03:52Z</time>
<extensions>
<gpxtpx:TrackPointExtension>
<gpxtpx:hr>177</gpxtpx:hr>
</gpxtpx:TrackPointExtension>
</extensions>
</trkpt>
<trkpt lat="33.5834724" lon="130.3787345">
<ele>1.878</ele>
<time>2026-05-30T22:03:53Z</time>
<extensions>
<gpxtpx:TrackPointExtension>
<gpxtpx:hr>177</gpxtpx:hr>
</gpxtpx:TrackPointExtension>
</extensions>
</trkpt>
<trkpt lat="33.5834555" lon="130.3787528">
<ele>1.711</ele>
<time>2026-05-30T22:03:54Z</time>
<extensions>
<gpxtpx:TrackPointExtension>
<gpxtpx:hr>177</gpxtpx:hr>
<gpxtpx:cad>169</gpxtpx:cad>
</gpxtpx:TrackPointExtension>
</extensions>
</trkpt>
<trkpt lat="33.5834392" lon="130.3787721">
<ele>1.481</ele>
<time>2026-05-30T22:03:55Z</time>
<extensions>
<gpxtpx:TrackPointExtension>
<gpxtpx:hr>177</gpxtpx:hr>
</gpxtpx:TrackPointExtension>
</extensions>
</trkpt>
<trkpt lat="33.583423" lon="130.3787932">
<ele>1.523</ele>
<time>2026-05-30T22:03:56Z</time>
<extensions>
<gpxtpx:TrackPointExtension>
<gpxtpx:hr>177</gpxtpx:hr>
</gpxtpx:TrackPointExtension>
</extensions>
</trkpt>
<trkpt lat="33.583406" lon="130.3788115">
<ele>1.896</ele>
<time>2026-05-30T22:03:57Z</time>
<extensions>
<gpxtpx:TrackPointExtension>
<gpxtpx:hr>177</gpxtpx:hr>
</gpxtpx:TrackPointExtension>
</extensions>
</trkpt>
<trkpt lat="33.583389" lon="130.3788297">
<ele>1.959</ele>
<time>2026-05-30T22:03:58Z</time>
<extensions>
<gpxtpx:TrackPointExtension>
<gpxtpx:hr>177</gpxtpx:hr>
</gpxtpx:TrackPointExtension>
</extensions>
</trkpt>
<trkpt lat="33.5833723" lon="130.3788482">
<ele>2.03</ele>
<time>2026-05-30T22:03:59Z</time>
<extensions>
<gpxtpx:TrackPointExtension>
<gpxtpx:hr>177</gpxtpx:hr>
<gpxtpx:cad>176</gpxtpx:cad>
</gpxtpx:TrackPointExtension>
</extensions>
</trkpt>
<trkpt lat="33.583356" lon="130.3788669">
<ele>1.968</ele>
<time>2026-05-30T22:04:00Z</time>
<extensions>
<gpxtpx:TrackPointExtension>
<gpxtpx:hr>176</gpxtpx:hr>
</gpxtpx:TrackPointExtension>
</extensions>
</trkpt>
<trkpt lat="33.583339" lon="130.3788853">
<ele>1.932</ele>
<time>2026-05-30T22:04:01Z</time>
<extensions>
<gpxtpx:TrackPointExtension>
<gpxtpx:hr>176</gpxtpx:hr>
</gpxtpx:TrackPointExtension>
</extensions>
</trkpt>
<trkpt lat="33.5833219" lon="130.3789034">
<ele>1.997</ele>
<time>2026-05-30T22:04:02Z</time>
<extensions>
<gpxtpx:TrackPointExtension>
<gpxtpx:hr>175</gpxtpx:hr>
</gpxtpx:TrackPointExtension>
</extensions>
</trkpt>
<trkpt lat="33.5833043" lon="130.3789226">
<ele>2.103</ele>
<time>2026-05-30T22:04:03Z</time>
<extensions>
<gpxtpx:TrackPointExtension>
<gpxtpx:hr>175</gpxtpx:hr>
<gpxtpx:cad>177</gpxtpx:cad>
</gpxtpx:TrackPointExtension>
</extensions>
</trkpt>
<trkpt lat="33.5832865" lon="130.3789408">
<ele>2.039</ele>
<time>2026-05-30T22:04:04Z</time>
<extensions>
<gpxtpx:TrackPointExtension>
<gpxtpx:hr>175</gpxtpx:hr>
<gpxtpx:cad>177</gpxtpx:cad>
</gpxtpx:TrackPointExtension>
</extensions>
</trkpt>
<trkpt lat="33.5832686" lon="130.3789593">
<ele>1.992</ele>
<time>2026-05-30T22:04:05Z</time>
<extensions>
<gpxtpx:TrackPointExtension>
<gpxtpx:hr>175</gpxtpx:hr>
</gpxtpx:TrackPointExtension>
</extensions>
</trkpt>
<trkpt lat="33.5832504" lon="130.3789779">
<ele>2.041</ele>
<time>2026-05-30T22:04:06Z</time>
<extensions>
<gpxtpx:TrackPointExtension>
<gpxtpx:hr>175</gpxtpx:hr>
</gpxtpx:TrackPointExtension>
</extensions>
</trkpt>
<trkpt lat="33.583232" lon="130.3789966">
<ele>2.057</ele>
<time>2026-05-30T22:04:07Z</time>
<extensions>
<gpxtpx:TrackPointExtension>
<gpxtpx:hr>175</gpxtpx:hr>
</gpxtpx:TrackPointExtension>
</extensions>
</trkpt>
<trkpt lat="33.5832132" lon="130.3790155">
<ele>2.093</ele>
<time>2026-05-30T22:04:08Z</time>
<extensions>
<gpxtpx:TrackPointExtension>
<gpxtpx:hr>175</gpxtpx:hr>
</gpxtpx:TrackPointExtension>
</extensions>
</trkpt>
<trkpt lat="33.5831939" lon="130.3790344">
<ele>2.161</ele>
<time>2026-05-30T22:04:09Z</time>
<extensions>
<gpxtpx:TrackPointExtension>
<gpxtpx:hr>175</gpxtpx:hr>
<gpxtpx:cad>175</gpxtpx:cad>
</gpxtpx:TrackPointExtension>
</extensions>
</trkpt>
<trkpt lat="33.5831778" lon="130.3790536">
<ele>2.114</ele>
<time>2026-05-30T22:04:10Z</time>
<extensions>
<gpxtpx:TrackPointExtension>
<gpxtpx:hr>175</gpxtpx:hr>
</gpxtpx:TrackPointExtension>
</extensions>
</trkpt>
<trkpt lat="33.5831607" lon="130.3790731">
<ele>2.087</ele>
<time>2026-05-30T22:04:11Z</time>
<extensions>
<gpxtpx:TrackPointExtension>
<gpxtpx:hr>175</gpxtpx:hr>
</gpxtpx:TrackPointExtension>
</extensions>
</trkpt>
<trkpt lat="33.5831403" lon="130.3790923">
<ele>2.095</ele>
<time>2026-05-30T22:04:12Z</time>
</trkpt>
<trkpt lat="33.5831189" lon="130.3791113">
<ele>1.747</ele>
<time>2026-05-30T22:04:13Z</time>
<extensions>
<gpxtpx:TrackPointExtension>
<gpxtpx:hr>175</gpxtpx:hr>
</gpxtpx:TrackPointExtension>
</extensions>
</trkpt>
<trkpt lat="33.5830965" lon="130.3791302">
<ele>1.763</ele>
<time>2026-05-30T22:04:14Z</time>
<extensions>
<gpxtpx:TrackPointExtension>
<gpxtpx:hr>176</gpxtpx:hr>
<gpxtpx:cad>176</gpxtpx:cad>
</gpxtpx:TrackPointExtension>
</extensions>
</trkpt>
<trkpt lat="33.5830725" lon="130.3791489">
<ele>1.982</ele>
<time>2026-05-30T22:04:15Z</time>
<extensions>
<gpxtpx:TrackPointExtension>
<gpxtpx:hr>176</gpxtpx:hr>
</gpxtpx:TrackPointExtension>
</extensions>
</trkpt>
<trkpt lat="33.5830477" lon="130.3791675">
<ele>2.107</ele>
<time>2026-05-30T22:04:16Z</time>
<extensions>
<gpxtpx:TrackPointExtension>
<gpxtpx:hr>176</gpxtpx:hr>
</gpxtpx:TrackPointExtension>
</extensions>
</trkpt>
<trkpt lat="33.5830234" lon="130.3791863">
<ele>2.168</ele>
<time>2026-05-30T22:04:17Z</time>
<extensions>
<gpxtpx:TrackPointExtension>
<gpxtpx:hr>176</gpxtpx:hr>
</gpxtpx:TrackPointExtension>
</extensions>
</trkpt>
<trkpt lat="33.5829965" lon="130.379204">
<ele>2.21</ele>
<time>2026-05-30T22:04:18Z</time>
<extensions>
<gpxtpx:TrackPointExtension>
<gpxtpx:hr>176</gpxtpx:hr>
</gpxtpx:TrackPointExtension>
</extensions>
</trkpt>
<trkpt lat="33.5829705" lon="130.3792221">
<ele>2.222</ele>
<time>2026-05-30T22:04:19Z</time>
<extensions>
<gpxtpx:TrackPointExtension>
<gpxtpx:hr>176</gpxtpx:hr>
<gpxtpx:cad>175</gpxtpx:cad>
</gpxtpx:TrackPointExtension>
</extensions>
</trkpt>
<trkpt lat="33.5829422" lon="130.3792374">
<ele>2.211</ele>
<time>2026-05-30T22:04:20Z</time>
<extensions>
<gpxtpx:TrackPointExtension>
<gpxtpx:hr>176</gpxtpx:hr>
</gpxtpx:TrackPointExtension>
</extensions>
</trkpt>
<trkpt lat="33.5829154" lon="130.3792544">
<ele>2.254</ele>
<time>2026-05-30T22:04:21Z</time>
<extensions>
<gpxtpx:TrackPointExtension>
<gpxtpx:hr>176</gpxtpx:hr>
</gpxtpx:TrackPointExtension>
</extensions>
</trkpt>
<trkpt lat="33.5828872" lon="130.3792689">
<ele>2.292</ele>
<time>2026-05-30T22:04:22Z</time>
<extensions>
<gpxtpx:TrackPointExtension>
<gpxtpx:hr>176</gpxtpx:hr>
</gpxtpx:TrackPointExtension>
</extensions>
</trkpt>
<trkpt lat="33.5828588" lon="130.3792824">
<ele>2.238</ele>
<time>2026-05-30T22:04:23Z</time>
<extensions>
<gpxtpx:TrackPointExtension>
<gpxtpx:hr>176</gpxtpx:hr>
</gpxtpx:TrackPointExtension>
</extensions>
</trkpt>
<trkpt lat="33.5828306" lon="130.379296">
<ele>2.267</ele>
<time>2026-05-30T22:04:24Z</time>
<extensions>
<gpxtpx:TrackPointExtension>
<gpxtpx:hr>176</gpxtpx:hr>
<gpxtpx:cad>176</gpxtpx:cad>
</gpxtpx:TrackPointExtension>
</extensions>
</trkpt>
<trkpt lat="33.5828015" lon="130.3793053">
<ele>2.375</ele>
<time>2026-05-30T22:04:25Z</time>
<extensions>
<gpxtpx:TrackPointExtension>
<gpxtpx:hr>176</gpxtpx:hr>
</gpxtpx:TrackPointExtension>
</extensions>
</trkpt>
<trkpt lat="33.5827734" lon="130.3793199">
<ele>2.445</ele>
<time>2026-05-30T22:04:26Z</time>
<extensions>
<gpxtpx:TrackPointExtension>
<gpxtpx:hr>176</gpxtpx:hr>
</gpxtpx:TrackPointExtension>
</extensions>
</trkpt>
<trkpt lat="33.5827446" lon="130.3793301">
<ele>2.534</ele>
<time>2026-05-30T22:04:27Z</time>
<extensions>
<gpxtpx:TrackPointExtension>
<gpxtpx:hr>176</gpxtpx:hr>
</gpxtpx:TrackPointExtension>
</extensions>
</trkpt>
<trkpt lat="33.5827157" lon="130.379339">
<ele>2.555</ele>
<time>2026-05-30T22:04:28Z</time>
<extensions>
<gpxtpx:TrackPointExtension>
<gpxtpx:hr>176</gpxtpx:hr>
</gpxtpx:TrackPointExtension>
</extensions>
</trkpt>
<trkpt lat="33.5826868" lon="130.3793465">
<ele>2.547</ele>
<time>2026-05-30T22:04:30Z</time>
<extensions>
<gpxtpx:TrackPointExtension>
<gpxtpx:hr>176</gpxtpx:hr>
<gpxtpx:cad>180</gpxtpx:cad>
</gpxtpx:TrackPointExtension>
</extensions>
</trkpt>
<trkpt lat="33.5826577" lon="130.3793541">
<ele>2.573</ele>
<time>2026-05-30T22:04:31Z</time>
<extensions>
<gpxtpx:TrackPointExtension>
<gpxtpx:hr>176</gpxtpx:hr>
</gpxtpx:TrackPointExtension>
</extensions>
</trkpt>
<trkpt lat="33.5826289" lon="130.3793596">
<ele>2.642</ele>
<time>2026-05-30T22:04:32Z</time>
<extensions>
<gpxtpx:TrackPointExtension>
<gpxtpx:hr>176</gpxtpx:hr>
</gpxtpx:TrackPointExtension>
</extensions>
</trkpt>
<trkpt lat="33.5826006" lon="130.3793645">
<ele>2.725</ele>
<time>2026-05-30T22:04:33Z</time>
<extensions>
<gpxtpx:TrackPointExtension>
<gpxtpx:hr>176</gpxtpx:hr>
</gpxtpx:TrackPointExtension>
</extensions>
</trkpt>
<trkpt lat="33.582573" lon="130.3793691">
<ele>2.775</ele>
<time>2026-05-30T22:04:34Z</time>
<extensions>
<gpxtpx:TrackPointExtension>
<gpxtpx:hr>176</gpxtpx:hr>
</gpxtpx:TrackPointExtension>
</extensions>
</trkpt>
<trkpt lat="33.5825464" lon="130.3793738">
<ele>2.777</ele>
<time>2026-05-30T22:04:35Z</time>
<extensions>
<gpxtpx:TrackPointExtension>
<gpxtpx:hr>176</gpxtpx:hr>
<gpxtpx:cad>179</gpxtpx:cad>
</gpxtpx:TrackPointExtension>
</extensions>
</trkpt>
<trkpt lat="33.5825222" lon="130.3793794">
<ele>2.766</ele>
<time>2026-05-30T22:04:36Z</time>
<extensions>
<gpxtpx:TrackPointExtension>
<gpxtpx:hr>176</gpxtpx:hr>
<gpxtpx:cad>178</gpxtpx:cad>
</gpxtpx:TrackPointExtension>
</extensions>
</trkpt>
<trkpt lat="33.5824988" lon="130.3793863">
<ele>2.839</ele>
<time>2026-05-30T22:04:37Z</time>
<extensions>
<gpxtpx:TrackPointExtension>
<gpxtpx:hr>176</gpxtpx:hr>
</gpxtpx:TrackPointExtension>
</extensions>
</trkpt>
<trkpt lat="33.5824823" lon="130.3793995">
<ele>2.883</ele>
<time>2026-05-30T22:04:38Z</time>
<extensions>
<gpxtpx:TrackPointExtension>
<gpxtpx:hr>176</gpxtpx:hr>
</gpxtpx:TrackPointExtension>
</extensions>
</trkpt>
<trkpt lat="33.5824629" lon="130.3794105">
<ele>2.967</ele>
<time>2026-05-30T22:04:39Z</time>
<extensions>
<gpxtpx:TrackPointExtension>
<gpxtpx:hr>176</gpxtpx:hr>
</gpxtpx:TrackPointExtension>
</extensions>
</trkpt>
<trkpt lat="33.5824516" lon="130.37943">
<ele>3.003</ele>
<time>2026-05-30T22:04:40Z</time>
<extensions>
<gpxtpx:TrackPointExtension>
<gpxtpx:hr>176</gpxtpx:hr>
<gpxtpx:cad>175</gpxtpx:cad>
</gpxtpx:TrackPointExtension>
</extensions>
</trkpt>
<trkpt lat="33.5824425" lon="130.3794523">
<ele>2.989</ele>
<time>2026-05-30T22:04:41Z</time>
<extensions>
<gpxtpx:TrackPointExtension>
<gpxtpx:hr>176</gpxtpx:hr>
</gpxtpx:TrackPointExtension>
</extensions>
</trkpt>
<trkpt lat="33.582435" lon="130.379477">
<ele>2.92</ele>
<time>2026-05-30T22:04:42Z</time>
<extensions>
<gpxtpx:TrackPointExtension>
<gpxtpx:hr>176</gpxtpx:hr>
</gpxtpx:TrackPointExtension>
</extensions>
</trkpt>
<trkpt lat="33.5824288" lon="130.3795036">
<ele>2.861</ele>
<time>2026-05-30T22:04:43Z</time>
<extensions>
<gpxtpx:TrackPointExtension>
<gpxtpx:hr>175</gpxtpx:hr>
</gpxtpx:TrackPointExtension>
</extensions>
</trkpt>
<trkpt lat="33.5824115" lon="130.379517">
<ele>2.883</ele>
<time>2026-05-30T22:04:44Z</time>
<extensions>
<gpxtpx:TrackPointExtension>
<gpxtpx:hr>175</gpxtpx:hr>
</gpxtpx:TrackPointExtension>
</extensions>
</trkpt>
<trkpt lat="33.5823962" lon="130.3795321">
<ele>2.919</ele>
<time>2026-05-30T22:04:45Z</time>
<extensions>
<gpxtpx:TrackPointExtension>
<gpxtpx:hr>175</gpxtpx:hr>
<gpxtpx:cad>173</gpxtpx:cad>
</gpxtpx:TrackPointExtension>
</extensions>
</trkpt>
<trkpt lat="33.5823832" lon="130.3795494">
<ele>2.903</ele>
<time>2026-05-30T22:04:46Z</time>
<extensions>
<gpxtpx:TrackPointExtension>
<gpxtpx:hr>174</gpxtpx:hr>
</gpxtpx:TrackPointExtension>
</extensions>
</trkpt>
<trkpt lat="33.5823728" lon="130.3795697">
<ele>2.879</ele>
<time>2026-05-30T22:04:47Z</time>
<extensions>
<gpxtpx:TrackPointExtension>
<gpxtpx:hr>174</gpxtpx:hr>
</gpxtpx:TrackPointExtension>
</extensions>
</trkpt>
<trkpt lat="33.5823657" lon="130.3795939">
<ele>2.918</ele>
<time>2026-05-30T22:04:48Z</time>
<extensions>
<gpxtpx:TrackPointExtension>
<gpxtpx:hr>174</gpxtpx:hr>
</gpxtpx:TrackPointExtension>
</extensions>
</trkpt>
<trkpt lat="33.5823662" lon="130.3796299">
<ele>2.96</ele>
<time>2026-05-30T22:04:49Z</time>
<extensions>
<gpxtpx:TrackPointExtension>
<gpxtpx:hr>173</gpxtpx:hr>
</gpxtpx:TrackPointExtension>
</extensions>
</trkpt>
<trkpt lat="33.5823645" lon="130.3796626">
<ele>3.014</ele>
<time>2026-05-30T22:04:50Z</time>
<extensions>
<gpxtpx:TrackPointExtension>
<gpxtpx:hr>173</gpxtpx:hr>
<gpxtpx:cad>175</gpxtpx:cad>
</gpxtpx:TrackPointExtension>
</extensions>
</trkpt>
<trkpt lat="33.5823647" lon="130.3796983">
<ele>2.989</ele>
<time>2026-05-30T22:04:51Z</time>
<extensions>
<gpxtpx:TrackPointExtension>
<gpxtpx:hr>173</gpxtpx:hr>
</gpxtpx:TrackPointExtension>
</extensions>
</trkpt>
<trkpt lat="33.5823637" lon="130.3797317">
<ele>3.074</ele>
<time>2026-05-30T22:04:52Z</time>
<extensions>
<gpxtpx:TrackPointExtension>
<gpxtpx:hr>173</gpxtpx:hr>
</gpxtpx:TrackPointExtension>
</extensions>
</trkpt>
<trkpt lat="33.5823643" lon="130.3797682">
<ele>3.141</ele>
<time>2026-05-30T22:04:53Z</time>
<extensions>
<gpxtpx:TrackPointExtension>
<gpxtpx:hr>173</gpxtpx:hr>
</gpxtpx:TrackPointExtension>
</extensions>
</trkpt>
<trkpt lat="33.5823652" lon="130.3798044">
<ele>3.211</ele>
<time>2026-05-30T22:04:54Z</time>
<extensions>
<gpxtpx:TrackPointExtension>
<gpxtpx:hr>174</gpxtpx:hr>
</gpxtpx:TrackPointExtension>
</extensions>
</trkpt>
<trkpt lat="33.5823668" lon="130.3798417">
<ele>3.233</ele>
<time>2026-05-30T22:04:55Z</time>
<extensions>
<gpxtpx:TrackPointExtension>
<gpxtpx:hr>174</gpxtpx:hr>
<gpxtpx:cad>178</gpxtpx:cad>
</gpxtpx:TrackPointExtension>
</extensions>
</trkpt>
<trkpt lat="33.5823671" lon="130.3798774">
<ele>3.312</ele>
<time>2026-05-30T22:04:56Z</time>
<extensions>
<gpxtpx:TrackPointExtension>
<gpxtpx:hr>174</gpxtpx:hr>
</gpxtpx:TrackPointExtension>
</extensions>
</trkpt>
<trkpt lat="33.5823682" lon="130.3799139">
<ele>3.278</ele>
<time>2026-05-30T22:04:57Z</time>
<extensions>
<gpxtpx:TrackPointExtension>
<gpxtpx:hr>174</gpxtpx:hr>
</gpxtpx:TrackPointExtension>
</extensions>
</trkpt>
<trkpt lat="33.5823694" lon="130.3799501">
<ele>3.264</ele>
<time>2026-05-30T22:04:58Z</time>
<extensions>
<gpxtpx:TrackPointExtension>
<gpxtpx:hr>174</gpxtpx:hr>
</gpxtpx:TrackPointExtension>
</extensions>
</trkpt>
<trkpt lat="33.5823707" lon="130.3799861">
<ele>3.206</ele>
<time>2026-05-30T22:04:59Z</time>
<extensions>
<gpxtpx:TrackPointExtension>
<gpxtpx:hr>174</gpxtpx:hr>
</gpxtpx:TrackPointExtension>
</extensions>
</trkpt>
<trkpt lat="33.5823722" lon="130.3800219">
<ele>3.152</ele>
<time>2026-05-30T22:05:00Z</time>
<extensions>
<gpxtpx:TrackPointExtension>
<gpxtpx:hr>175</gpxtpx:hr>
<gpxtpx:cad>180</gpxtpx:cad>
</gpxtpx:TrackPointExtension>
</extensions>
</trkpt>
<trkpt lat="33.5823741" lon="130.3800575">
<ele>3.239</ele>
<time>2026-05-30T22:05:01Z</time>
<extensions>
<gpxtpx:TrackPointExtension>
<gpxtpx:hr>175</gpxtpx:hr>
</gpxtpx:TrackPointExtension>
</extensions>
</trkpt>
<trkpt lat="33.5823763" lon="130.380093">
<ele>3.212</ele>
<time>2026-05-30T22:05:02Z</time>
<extensions>
<gpxtpx:TrackPointExtension>
<gpxtpx:hr>175</gpxtpx:hr>
</gpxtpx:TrackPointExtension>
</extensions>
</trkpt>
<trkpt lat="33.582379" lon="130.3801283">
<ele>3.162</ele>
<time>2026-05-30T22:05:03Z</time>
<extensions>
<gpxtpx:TrackPointExtension>
<gpxtpx:hr>175</gpxtpx:hr>
</gpxtpx:TrackPointExtension>
</extensions>
</trkpt>
<trkpt lat="33.5823821" lon="130.3801634">
<ele>3.145</ele>
<time>2026-05-30T22:05:04Z</time>
<extensions>
<gpxtpx:TrackPointExtension>
<gpxtpx:hr>175</gpxtpx:hr>
</gpxtpx:TrackPointExtension>
</extensions>
</trkpt>
<trkpt lat="33.5823838" lon="130.3801988">
<ele>3.163</ele>
<time>2026-05-30T22:05:05Z</time>
<extensions>
<gpxtpx:TrackPointExtension>
<gpxtpx:hr>175</gpxtpx:hr>
<gpxtpx:cad>181</gpxtpx:cad>
</gpxtpx:TrackPointExtension>
</extensions>
</trkpt>
<trkpt lat="33.5823897" lon="130.3802332">
<ele>3.241</ele>
<time>2026-05-30T22:05:06Z</time>
<extensions>
<gpxtpx:TrackPointExtension>
<gpxtpx:hr>175</gpxtpx:hr>
<gpxtpx:cad>181</gpxtpx:cad>
</gpxtpx:TrackPointExtension>
</extensions>
</trkpt>
<trkpt lat="33.5823926" lon="130.3802681">
<ele>3.185</ele>
<time>2026-05-30T22:05:07Z</time>
<extensions>
<gpxtpx:TrackPointExtension>
<gpxtpx:hr>175</gpxtpx:hr>
</gpxtpx:TrackPointExtension>
</extensions>
</trkpt>
<trkpt lat="33.5823991" lon="130.3803022">
<ele>3.152</ele>
<time>2026-05-30T22:05:08Z</time>
<extensions>
<gpxtpx:TrackPointExtension>
<gpxtpx:hr>175</gpxtpx:hr>
</gpxtpx:TrackPointExtension>
</extensions>
</trkpt>
<trkpt lat="33.5824032" lon="130.3803369">
<ele>2.827</ele>
<time>2026-05-30T22:05:09Z</time>
<extensions>
<gpxtpx:TrackPointExtension>
<gpxtpx:hr>175</gpxtpx:hr>
</gpxtpx:TrackPointExtension>
</extensions>
</trkpt>
<trkpt lat="33.5824091" lon="130.380371">
<ele>2.908</ele>
<time>2026-05-30T22:05:10Z</time>
<extensions>
<gpxtpx:TrackPointExtension>
<gpxtpx:hr>175</gpxtpx:hr>
<gpxtpx:cad>181</gpxtpx:cad>
</gpxtpx:TrackPointExtension>
</extensions>
</trkpt>
<trkpt lat="33.5824159" lon="130.3804045">
<ele>3.039</ele>
<time>2026-05-30T22:05:11Z</time>
<extensions>
<gpxtpx:TrackPointExtension>
<gpxtpx:hr>175</gpxtpx:hr>
</gpxtpx:TrackPointExtension>
</extensions>
</trkpt>
<trkpt lat="33.5824218" lon="130.3804386">
<ele>3.139</ele>
<time>2026-05-30T22:05:12Z</time>
<extensions>
<gpxtpx:TrackPointExtension>
<gpxtpx:hr>174</gpxtpx:hr>
</gpxtpx:TrackPointExtension>
</extensions>
</trkpt>
<trkpt lat="33.5824287" lon="130.3804708">
<ele>2.957</ele>
<time>2026-05-30T22:05:13Z</time>
<extensions>
<gpxtpx:TrackPointExtension>
<gpxtpx:hr>174</gpxtpx:hr>
</gpxtpx:TrackPointExtension>
</extensions>
</trkpt>
<trkpt lat="33.5824353" lon="130.3805024">
<ele>2.389</ele>
<time>2026-05-30T22:05:14Z</time>
<extensions>
<gpxtpx:TrackPointExtension>
<gpxtpx:hr>174</gpxtpx:hr>
</gpxtpx:TrackPointExtension>
</extensions>
</trkpt>
<trkpt lat="33.582442" lon="130.3805329">
<ele>2.887</ele>
<time>2026-05-30T22:05:15Z</time>
<extensions>
<gpxtpx:TrackPointExtension>
<gpxtpx:hr>174</gpxtpx:hr>
<gpxtpx:cad>182</gpxtpx:cad>
</gpxtpx:TrackPointExtension>
</extensions>
</trkpt>
<trkpt lat="33.5824489" lon="130.3805628">
<ele>3.137</ele>
<time>2026-05-30T22:05:16Z</time>
<extensions>
<gpxtpx:TrackPointExtension>
<gpxtpx:hr>174</gpxtpx:hr>
</gpxtpx:TrackPointExtension>
</extensions>
</trkpt>
<trkpt lat="33.5824557" lon="130.3805916">
<ele>3.272</ele>
<time>2026-05-30T22:05:17Z</time>
<extensions>
<gpxtpx:TrackPointExtension>
<gpxtpx:hr>174</gpxtpx:hr>
</gpxtpx:TrackPointExtension>
</extensions>
</trkpt>
<trkpt lat="33.5824623" lon="130.3806191">
<ele>3.359</ele>
<time>2026-05-30T22:05:18Z</time>
<extensions>
<gpxtpx:TrackPointExtension>
<gpxtpx:hr>173</gpxtpx:hr>
</gpxtpx:TrackPointExtension>
</extensions>
</trkpt>
<trkpt lat="33.5824691" lon="130.380647">
<ele>3.304</ele>
<time>2026-05-30T22:05:19Z</time>
<extensions>
<gpxtpx:TrackPointExtension>
<gpxtpx:hr>172</gpxtpx:hr>
</gpxtpx:TrackPointExtension>
</extensions>
</trkpt>
<trkpt lat="33.5824748" lon="130.3806686">
<ele>3.465</ele>
<time>2026-05-30T22:05:20Z</time>
<extensions>
<gpxtpx:TrackPointExtension>
<gpxtpx:hr>172</gpxtpx:hr>
<gpxtpx:cad>178</gpxtpx:cad>
</gpxtpx:TrackPointExtension>
</extensions>
</trkpt>
<trkpt lat="33.5824817" lon="130.3806994">
<ele>3.642</ele>
<time>2026-05-30T22:05:21Z</time>
<extensions>
<gpxtpx:TrackPointExtension>
<gpxtpx:hr>171</gpxtpx:hr>
</gpxtpx:TrackPointExtension>
</extensions>
</trkpt>
<trkpt lat="33.5824877" lon="130.380725">
<ele>3.758</ele>
<time>2026-05-30T22:05:22Z</time>
<extensions>
<gpxtpx:TrackPointExtension>
<gpxtpx:hr>170</gpxtpx:hr>
</gpxtpx:TrackPointExtension>
</extensions>
</trkpt>
<trkpt lat="33.5824936" lon="130.3807494">
<ele>3.639</ele>
<time>2026-05-30T22:05:23Z</time>
<extensions>
<gpxtpx:TrackPointExtension>
<gpxtpx:hr>170</gpxtpx:hr>
</gpxtpx:TrackPointExtension>
</extensions>
</trkpt>
<trkpt lat="33.5824994" lon="130.3807715">
<ele>3.509</ele>
<time>2026-05-30T22:05:24Z</time>
<extensions>
<gpxtpx:TrackPointExtension>
<gpxtpx:hr>170</gpxtpx:hr>
</gpxtpx:TrackPointExtension>
</extensions>
</trkpt>
<trkpt lat="33.582505" lon="130.3807905">
<ele>3.432</ele>
<time>2026-05-30T22:05:25Z</time>
<extensions>
<gpxtpx:TrackPointExtension>
<gpxtpx:hr>170</gpxtpx:hr>
<gpxtpx:cad>164</gpxtpx:cad>
</gpxtpx:TrackPointExtension>
</extensions>
</trkpt>
<trkpt lat="33.5825092" lon="130.3808013">
<ele>3.135</ele>
<time>2026-05-30T22:05:26Z</time>
<extensions>
<gpxtpx:TrackPointExtension>
<gpxtpx:hr>170</gpxtpx:hr>
</gpxtpx:TrackPointExtension>
</extensions>
</trkpt>
<trkpt lat="33.5825128" lon="130.3808104">
<ele>2.909</ele>
<time>2026-05-30T22:05:27Z</time>
<extensions>
<gpxtpx:TrackPointExtension>
<gpxtpx:hr>172</gpxtpx:hr>
</gpxtpx:TrackPointExtension>
</extensions>
</trkpt>
<trkpt lat="33.5825158" lon="130.3808182">
<ele>2.769</ele>
<time>2026-05-30T22:05:28Z</time>
<extensions>
<gpxtpx:TrackPointExtension>
<gpxtpx:hr>172</gpxtpx:hr>
</gpxtpx:TrackPointExtension>
</extensions>
</trkpt>
<trkpt lat="33.5825182" lon="130.3808251">
<ele>2.784</ele>
<time>2026-05-30T22:05:29Z</time>
<extensions>
<gpxtpx:TrackPointExtension>
<gpxtpx:hr>172</gpxtpx:hr>
</gpxtpx:TrackPointExtension>
</extensions>
</trkpt>
<trkpt lat="33.5825203" lon="130.3808316">
<ele>2.789</ele>
<time>2026-05-30T22:05:30Z</time>
<extensions>
<gpxtpx:TrackPointExtension>
<gpxtpx:hr>172</gpxtpx:hr>
<gpxtpx:cad>106</gpxtpx:cad>
</gpxtpx:TrackPointExtension>
</extensions>
</trkpt>
<trkpt lat="33.5825233" lon="130.3808401">
<ele>2.801</ele>
<time>2026-05-30T22:05:31Z</time>
<extensions>
<gpxtpx:TrackPointExtension>
<gpxtpx:hr>172</gpxtpx:hr>
</gpxtpx:TrackPointExtension>
</extensions>
</trkpt>
<trkpt lat="33.5825256" lon="130.3808468">
<ele>2.791</ele>
<time>2026-05-30T22:05:32Z</time>
<extensions>
<gpxtpx:TrackPointExtension>
<gpxtpx:hr>171</gpxtpx:hr>
</gpxtpx:TrackPointExtension>
</extensions>
</trkpt>
<trkpt lat="33.5825273" lon="130.3808523">
<ele>2.744</ele>
<time>2026-05-30T22:05:33Z</time>
<extensions>
<gpxtpx:TrackPointExtension>
<gpxtpx:hr>171</gpxtpx:hr>
</gpxtpx:TrackPointExtension>
</extensions>
</trkpt>
<trkpt lat="33.5825286" lon="130.3808571">
<ele>2.741</ele>
<time>2026-05-30T22:05:34Z</time>
<extensions>
<gpxtpx:TrackPointExtension>
<gpxtpx:hr>171</gpxtpx:hr>
</gpxtpx:TrackPointExtension>
</extensions>
</trkpt>
<trkpt lat="33.5825293" lon="130.380862">
<ele>2.713</ele>
<time>2026-05-30T22:05:35Z</time>
<extensions>
<gpxtpx:TrackPointExtension>
<gpxtpx:hr>171</gpxtpx:hr>
<gpxtpx:cad>28</gpxtpx:cad>
</gpxtpx:TrackPointExtension>
</extensions>
</trkpt>
<trkpt lat="33.5825298" lon="130.380867">
<ele>2.78</ele>
<time>2026-05-30T22:05:36Z</time>
<extensions>
<gpxtpx:TrackPointExtension>
<gpxtpx:hr>171</gpxtpx:hr>
<gpxtpx:cad>14</gpxtpx:cad>
</gpxtpx:TrackPointExtension>
</extensions>
</trkpt>
<trkpt lat="33.58253" lon="130.3808728">
<ele>1.655</ele>
<time>2026-05-30T22:06:37Z</time>
</trkpt>
<trkpt lat="33.58253" lon="130.3808797">
<ele>1.983</ele>
<time>2026-05-30T22:06:38Z</time>
<extensions>
<gpxtpx:TrackPointExtension>
<gpxtpx:hr>145</gpxtpx:hr>
</gpxtpx:TrackPointExtension>
</extensions>
</trkpt>
<trkpt lat="33.58253" lon="130.3808882">
<ele>2.402</ele>
<time>2026-05-30T22:06:39Z</time>
<extensions>
<gpxtpx:TrackPointExtension>
<gpxtpx:hr>145</gpxtpx:hr>
<gpxtpx:cad>104</gpxtpx:cad>
</gpxtpx:TrackPointExtension>
</extensions>
</trkpt>
<trkpt lat="33.58253" lon="130.3808987">
<ele>2.683</ele>
<time>2026-05-30T22:06:40Z</time>
<extensions>
<gpxtpx:TrackPointExtension>
<gpxtpx:hr>145</gpxtpx:hr>
</gpxtpx:TrackPointExtension>
</extensions>
</trkpt>
<trkpt lat="33.5825299" lon="130.3809115">
<ele>2.799</ele>
<time>2026-05-30T22:06:41Z</time>
<extensions>
<gpxtpx:TrackPointExtension>
<gpxtpx:hr>144</gpxtpx:hr>
</gpxtpx:TrackPointExtension>
</extensions>
</trkpt>
<trkpt lat="33.5825299" lon="130.380927">
<ele>2.864</ele>
<time>2026-05-30T22:06:42Z</time>
<extensions>
<gpxtpx:TrackPointExtension>
<gpxtpx:hr>144</gpxtpx:hr>
</gpxtpx:TrackPointExtension>
</extensions>
</trkpt>
<trkpt lat="33.5825297" lon="130.3809455">
<ele>2.986</ele>
<time>2026-05-30T22:06:43Z</time>
<extensions>
<gpxtpx:TrackPointExtension>
<gpxtpx:hr>144</gpxtpx:hr>
</gpxtpx:TrackPointExtension>
</extensions>
</trkpt>
<trkpt lat="33.5825292" lon="130.3809672">
<ele>3.074</ele>
<time>2026-05-30T22:06:44Z</time>
<extensions>
<gpxtpx:TrackPointExtension>
<gpxtpx:hr>144</gpxtpx:hr>
<gpxtpx:cad>132</gpxtpx:cad>
</gpxtpx:TrackPointExtension>
</extensions>
</trkpt>
<trkpt lat="33.5825284" lon="130.3809925">
<ele>3.147</ele>
<time>2026-05-30T22:06:45Z</time>
<extensions>
<gpxtpx:TrackPointExtension>
<gpxtpx:hr>144</gpxtpx:hr>
</gpxtpx:TrackPointExtension>
</extensions>
</trkpt>
<trkpt lat="33.5825272" lon="130.3810216">
<ele>3.186</ele>
<time>2026-05-30T22:06:46Z</time>
<extensions>
<gpxtpx:TrackPointExtension>
<gpxtpx:hr>144</gpxtpx:hr>
</gpxtpx:TrackPointExtension>
</extensions>
</trkpt>
<trkpt lat="33.5825258" lon="130.3810561">
<ele>3.21</ele>
<time>2026-05-30T22:06:47Z</time>
<extensions>
<gpxtpx:TrackPointExtension>
<gpxtpx:hr>144</gpxtpx:hr>
</gpxtpx:TrackPointExtension>
</extensions>
</trkpt>
<trkpt lat="33.5825246" lon="130.3810951">
<ele>3.247</ele>
<time>2026-05-30T22:06:48Z</time>
<extensions>
<gpxtpx:TrackPointExtension>
<gpxtpx:hr>145</gpxtpx:hr>
</gpxtpx:TrackPointExtension>
</extensions>
</trkpt>
<trkpt lat="33.5825237" lon="130.3811359">
<ele>3.258</ele>
<time>2026-05-30T22:06:49Z</time>
<extensions>
<gpxtpx:TrackPointExtension>
<gpxtpx:hr>146</gpxtpx:hr>
<gpxtpx:cad>164</gpxtpx:cad>
</gpxtpx:TrackPointExtension>
</extensions>
</trkpt>
<trkpt lat="33.582524" lon="130.3811777">
<ele>3.236</ele>
<time>2026-05-30T22:06:50Z</time>
<extensions>
<gpxtpx:TrackPointExtension>
<gpxtpx:hr>147</gpxtpx:hr>
</gpxtpx:TrackPointExtension>
</extensions>
</trkpt>
<trkpt lat="33.5825258" lon="130.3812193">
<ele>3.174</ele>
<time>2026-05-30T22:06:51Z</time>
<extensions>
<gpxtpx:TrackPointExtension>
<gpxtpx:hr>148</gpxtpx:hr>
</gpxtpx:TrackPointExtension>
</extensions>
</trkpt>
<trkpt lat="33.582527" lon="130.3812582">
<ele>3.116</ele>
<time>2026-05-30T22:06:52Z</time>
<extensions>
<gpxtpx:TrackPointExtension>
<gpxtpx:hr>149</gpxtpx:hr>
</gpxtpx:TrackPointExtension>
</extensions>
</trkpt>
<trkpt lat="33.5825269" lon="130.3812979">
<ele>3.046</ele>
<time>2026-05-30T22:06:53Z</time>
<extensions>
<gpxtpx:TrackPointExtension>
<gpxtpx:cad>180</gpxtpx:cad>
</gpxtpx:TrackPointExtension>
</extensions>
</trkpt>
<trkpt lat="33.5825305" lon="130.3813391">
<ele>3.051</ele>
<time>2026-05-30T22:06:54Z</time>
<extensions>
<gpxtpx:TrackPointExtension>
<gpxtpx:hr>149</gpxtpx:hr>
<gpxtpx:cad>181</gpxtpx:cad>
</gpxtpx:TrackPointExtension>
</extensions>
</trkpt>
<trkpt lat="33.5825316" lon="130.3813805">
<ele>3.059</ele>
<time>2026-05-30T22:06:55Z</time>
<extensions>
<gpxtpx:TrackPointExtension>
<gpxtpx:hr>152</gpxtpx:hr>
</gpxtpx:TrackPointExtension>
</extensions>
</trkpt>
<trkpt lat="33.5825361" lon="130.3814213">
<ele>3.082</ele>
<time>2026-05-30T22:06:56Z</time>
<extensions>
<gpxtpx:TrackPointExtension>
<gpxtpx:hr>153</gpxtpx:hr>
</gpxtpx:TrackPointExtension>
</extensions>
</trkpt>
<trkpt lat="33.5825385" lon="130.3814628">
<ele>3.068</ele>
<time>2026-05-30T22:06:57Z</time>
<extensions>
<gpxtpx:TrackPointExtension>
<gpxtpx:hr>153</gpxtpx:hr>
</gpxtpx:TrackPointExtension>
</extensions>
</trkpt>
<trkpt lat="33.5825435" lon="130.3815034">
<ele>3.24</ele>
<time>2026-05-30T22:06:58Z</time>
<extensions>
<gpxtpx:TrackPointExtension>
<gpxtpx:hr>156</gpxtpx:hr>
</gpxtpx:TrackPointExtension>
</extensions>
</trkpt>
<trkpt lat="33.5825471" lon="130.3815445">
<ele>3.339</ele>
<time>2026-05-30T22:06:59Z</time>
<extensions>
<gpxtpx:TrackPointExtension>
<gpxtpx:hr>156</gpxtpx:hr>
<gpxtpx:cad>181</gpxtpx:cad>
</gpxtpx:TrackPointExtension>
</extensions>
</trkpt>
<trkpt lat="33.5825524" lon="130.381585">
<ele>3.49</ele>
<time>2026-05-30T22:07:00Z</time>
<extensions>
<gpxtpx:TrackPointExtension>
<gpxtpx:hr>159</gpxtpx:hr>
</gpxtpx:TrackPointExtension>
</extensions>
</trkpt>
<trkpt lat="33.5825572" lon="130.3816258">
<ele>3.431</ele>
<time>2026-05-30T22:07:01Z</time>
<extensions>
<gpxtpx:TrackPointExtension>
<gpxtpx:hr>160</gpxtpx:hr>
</gpxtpx:TrackPointExtension>
</extensions>
</trkpt>
<trkpt lat="33.5825626" lon="130.3816666">
<ele>3.393</ele>
<time>2026-05-30T22:07:02Z</time>
<extensions>
<gpxtpx:TrackPointExtension>
<gpxtpx:hr>161</gpxtpx:hr>
</gpxtpx:TrackPointExtension>
</extensions>
</trkpt>
<trkpt lat="33.5825679" lon="130.3817073">
<ele>3.352</ele>
<time>2026-05-30T22:07:03Z</time>
<extensions>
<gpxtpx:TrackPointExtension>
<gpxtpx:hr>161</gpxtpx:hr>
</gpxtpx:TrackPointExtension>
</extensions>
</trkpt>
<trkpt lat="33.5825733" lon="130.3817484">
<ele>3.42</ele>
<time>2026-05-30T22:07:04Z</time>
<extensions>
<gpxtpx:TrackPointExtension>
<gpxtpx:hr>162</gpxtpx:hr>
<gpxtpx:cad>181</gpxtpx:cad>
</gpxtpx:TrackPointExtension>
</extensions>
</trkpt>
<trkpt lat="33.5825789" lon="130.3817892">
<ele>3.349</ele>
<time>2026-05-30T22:07:05Z</time>
<extensions>
<gpxtpx:TrackPointExtension>
<gpxtpx:hr>163</gpxtpx:hr>
</gpxtpx:TrackPointExtension>
</extensions>
</trkpt>
<trkpt lat="33.5825843" lon="130.3818294">
<ele>3.048</ele>
<time>2026-05-30T22:07:06Z</time>
<extensions>
<gpxtpx:TrackPointExtension>
<gpxtpx:hr>163</gpxtpx:hr>
</gpxtpx:TrackPointExtension>
</extensions>
</trkpt>
<trkpt lat="33.58259" lon="130.38187">
<ele>2.74</ele>
<time>2026-05-30T22:07:07Z</time>
<extensions>
<gpxtpx:TrackPointExtension>
<gpxtpx:hr>164</gpxtpx:hr>
</gpxtpx:TrackPointExtension>
</extensions>
</trkpt>
<trkpt lat="33.5825961" lon="130.3819113">
<ele>2.712</ele>
<time>2026-05-30T22:07:08Z</time>
<extensions>
<gpxtpx:TrackPointExtension>
<gpxtpx:hr>164</gpxtpx:hr>
</gpxtpx:TrackPointExtension>
</extensions>
</trkpt>
<trkpt lat="33.5826014" lon="130.381952">
<ele>2.843</ele>
<time>2026-05-30T22:07:09Z</time>
<extensions>
<gpxtpx:TrackPointExtension>
<gpxtpx:hr>165</gpxtpx:hr>
<gpxtpx:cad>180</gpxtpx:cad>
</gpxtpx:TrackPointExtension>
</extensions>
</trkpt>
<trkpt lat="33.5826077" lon="130.3819916">
<ele>3.085</ele>
<time>2026-05-30T22:07:10Z</time>
<extensions>
<gpxtpx:TrackPointExtension>
<gpxtpx:hr>165</gpxtpx:hr>
</gpxtpx:TrackPointExtension>
</extensions>
</trkpt>
<trkpt lat="33.5826134" lon="130.3820312">
<ele>3.187</ele>
<time>2026-05-30T22:07:11Z</time>
<extensions>
<gpxtpx:TrackPointExtension>
<gpxtpx:hr>166</gpxtpx:hr>
</gpxtpx:TrackPointExtension>
</extensions>
</trkpt>
<trkpt lat="33.5826193" lon="130.3820693">
<ele>3.215</ele>
<time>2026-05-30T22:07:12Z</time>
<extensions>
<gpxtpx:TrackPointExtension>
<gpxtpx:hr>167</gpxtpx:hr>
</gpxtpx:TrackPointExtension>
</extensions>
</trkpt>
<trkpt lat="33.5826251" lon="130.3821069">
<ele>3.159</ele>
<time>2026-05-30T22:07:13Z</time>
<extensions>
<gpxtpx:TrackPointExtension>
<gpxtpx:hr>167</gpxtpx:hr>
</gpxtpx:TrackPointExtension>
</extensions>
</trkpt>
<trkpt lat="33.5826309" lon="130.3821455">
<ele>3.219</ele>
<time>2026-05-30T22:07:14Z</time>
<extensions>
<gpxtpx:TrackPointExtension>
<gpxtpx:hr>168</gpxtpx:hr>
<gpxtpx:cad>180</gpxtpx:cad>
</gpxtpx:TrackPointExtension>
</extensions>
</trkpt>
<trkpt lat="33.5826368" lon="130.382184">
<ele>3.272</ele>
<time>2026-05-30T22:07:15Z</time>
<extensions>
<gpxtpx:TrackPointExtension>
<gpxtpx:hr>169</gpxtpx:hr>
</gpxtpx:TrackPointExtension>
</extensions>
</trkpt>
<trkpt lat="33.5826427" lon="130.3822237">
<ele>3.252</ele>
<time>2026-05-30T22:07:16Z</time>
<extensions>
<gpxtpx:TrackPointExtension>
<gpxtpx:hr>170</gpxtpx:hr>
</gpxtpx:TrackPointExtension>
</extensions>
</trkpt>
<trkpt lat="33.5826486" lon="130.382261">
<ele>3.266</ele>
<time>2026-05-30T22:07:17Z</time>
<extensions>
<gpxtpx:TrackPointExtension>
<gpxtpx:hr>171</gpxtpx:hr>
</gpxtpx:TrackPointExtension>
</extensions>
</trkpt>
<trkpt lat="33.5826547" lon="130.3823002">
<ele>3.305</ele>
<time>2026-05-30T22:07:18Z</time>
<extensions>
<gpxtpx:TrackPointExtension>
<gpxtpx:hr>171</gpxtpx:hr>
</gpxtpx:TrackPointExtension>
</extensions>
</trkpt>
<trkpt lat="33.5826605" lon="130.3823383">
<ele>3.289</ele>
<time>2026-05-30T22:07:19Z</time>
<extensions>
<gpxtpx:TrackPointExtension>
<gpxtpx:hr>171</gpxtpx:hr>
<gpxtpx:cad>181</gpxtpx:cad>
</gpxtpx:TrackPointExtension>
</extensions>
</trkpt>
<trkpt lat="33.5826663" lon="130.3823762">
<ele>3.242</ele>
<time>2026-05-30T22:07:20Z</time>
<extensions>
<gpxtpx:TrackPointExtension>
<gpxtpx:hr>170</gpxtpx:hr>
<gpxtpx:cad>181</gpxtpx:cad>
</gpxtpx:TrackPointExtension>
</extensions>
</trkpt>
<trkpt lat="33.5826725" lon="130.3824138">
<ele>3.304</ele>
<time>2026-05-30T22:07:21Z</time>
<extensions>
<gpxtpx:TrackPointExtension>
<gpxtpx:hr>170</gpxtpx:hr>
</gpxtpx:TrackPointExtension>
</extensions>
</trkpt>
<trkpt lat="33.5826784" lon="130.3824504">
<ele>3.4</ele>
<time>2026-05-30T22:07:22Z</time>
<extensions>
<gpxtpx:TrackPointExtension>
<gpxtpx:hr>169</gpxtpx:hr>
</gpxtpx:TrackPointExtension>
</extensions>
</trkpt>
<trkpt lat="33.5826846" lon="130.3824871">
<ele>3.361</ele>
<time>2026-05-30T22:07:23Z</time>
<extensions>
<gpxtpx:TrackPointExtension>
<gpxtpx:hr>169</gpxtpx:hr>
</gpxtpx:TrackPointExtension>
</extensions>
</trkpt>
<trkpt lat="33.5826907" lon="130.3825228">
<ele>3.458</ele>
<time>2026-05-30T22:07:24Z</time>
<extensions>
<gpxtpx:TrackPointExtension>
<gpxtpx:hr>168</gpxtpx:hr>
<gpxtpx:cad>180</gpxtpx:cad>
</gpxtpx:TrackPointExtension>
</extensions>
</trkpt>
<trkpt lat="33.5826967" lon="130.3825593">
<ele>3.546</ele>
<time>2026-05-30T22:07:25Z</time>
<extensions>
<gpxtpx:TrackPointExtension>
<gpxtpx:hr>168</gpxtpx:hr>
</gpxtpx:TrackPointExtension>
</extensions>
</trkpt>
<trkpt lat="33.5827027" lon="130.3825946">
<ele>3.511</ele>
<time>2026-05-30T22:07:26Z</time>
<extensions>
<gpxtpx:TrackPointExtension>
<gpxtpx:hr>168</gpxtpx:hr>
</gpxtpx:TrackPointExtension>
</extensions>
</trkpt>
<trkpt lat="33.5827089" lon="130.382629">
<ele>3.499</ele>
<time>2026-05-30T22:07:27Z</time>
<extensions>
<gpxtpx:TrackPointExtension>
<gpxtpx:hr>168</gpxtpx:hr>
</gpxtpx:TrackPointExtension>
</extensions>
</trkpt>
<trkpt lat="33.5827147" lon="130.3826646">
<ele>3.649</ele>
<time>2026-05-30T22:07:28Z</time>
<extensions>
<gpxtpx:TrackPointExtension>
<gpxtpx:hr>169</gpxtpx:hr>
</gpxtpx:TrackPointExtension>
</extensions>
</trkpt>
<trkpt lat="33.5827212" lon="130.3826975">
<ele>3.7</ele>
<time>2026-05-30T22:07:29Z</time>
<extensions>
<gpxtpx:TrackPointExtension>
<gpxtpx:hr>169</gpxtpx:hr>
<gpxtpx:cad>180</gpxtpx:cad>
</gpxtpx:TrackPointExtension>
</extensions>
</trkpt>
<trkpt lat="33.5827287" lon="130.3827291">
<ele>3.727</ele>
<time>2026-05-30T22:07:30Z</time>
<extensions>
<gpxtpx:TrackPointExtension>
<gpxtpx:hr>169</gpxtpx:hr>
</gpxtpx:TrackPointExtension>
</extensions>
</trkpt>
<trkpt lat="33.5827359" lon="130.3827619">
<ele>3.69</ele>
<time>2026-05-30T22:07:31Z</time>
<extensions>
<gpxtpx:TrackPointExtension>
<gpxtpx:hr>170</gpxtpx:hr>
</gpxtpx:TrackPointExtension>
</extensions>
</trkpt>
<trkpt lat="33.5827448" lon="130.3827922">
<ele>3.655</ele>
<time>2026-05-30T22:07:32Z</time>
<extensions>
<gpxtpx:TrackPointExtension>
<gpxtpx:hr>170</gpxtpx:hr>
</gpxtpx:TrackPointExtension>
</extensions>
</trkpt>
<trkpt lat="33.5827541" lon="130.3828222">
<ele>3.695</ele>
<time>2026-05-30T22:07:33Z</time>
<extensions>
<gpxtpx:TrackPointExtension>
<gpxtpx:hr>170</gpxtpx:hr>
</gpxtpx:TrackPointExtension>
</extensions>
</trkpt>
<trkpt lat="33.5827611" lon="130.3828554">
<ele>3.761</ele>
<time>2026-05-30T22:07:34Z</time>
<extensions>
<gpxtpx:TrackPointExtension>
<gpxtpx:hr>170</gpxtpx:hr>
<gpxtpx:cad>181</gpxtpx:cad>
</gpxtpx:TrackPointExtension>
</extensions>
</trkpt>
<trkpt lat="33.5827698" lon="130.3828861">
<ele>3.762</ele>
<time>2026-05-30T22:07:35Z</time>
<extensions>
<gpxtpx:TrackPointExtension>
<gpxtpx:hr>170</gpxtpx:hr>
</gpxtpx:TrackPointExtension>
</extensions>
</trkpt>
<trkpt lat="33.5827775" lon="130.3829182">
<ele>3.808</ele>
<time>2026-05-30T22:07:36Z</time>
<extensions>
<gpxtpx:TrackPointExtension>
<gpxtpx:hr>170</gpxtpx:hr>
</gpxtpx:TrackPointExtension>
</extensions>
</trkpt>
<trkpt lat="33.5827877" lon="130.3829447">
<ele>3.784</ele>
<time>2026-05-30T22:07:37Z</time>
<extensions>
<gpxtpx:TrackPointExtension>
<gpxtpx:hr>170</gpxtpx:hr>
</gpxtpx:TrackPointExtension>
</extensions>
</trkpt>
<trkpt lat="33.5827966" lon="130.3829745">
<ele>3.804</ele>
<time>2026-05-30T22:07:38Z</time>
<extensions>
<gpxtpx:TrackPointExtension>
<gpxtpx:hr>170</gpxtpx:hr>
</gpxtpx:TrackPointExtension>
</extensions>
</trkpt>
<trkpt lat="33.5828059" lon="130.3830035">
<ele>3.731</ele>
<time>2026-05-30T22:07:39Z</time>
<extensions>
<gpxtpx:TrackPointExtension>
<gpxtpx:hr>170</gpxtpx:hr>
<gpxtpx:cad>180</gpxtpx:cad>
</gpxtpx:TrackPointExtension>
</extensions>
</trkpt>
<trkpt lat="33.5828154" lon="130.3830318">
<ele>3.707</ele>
<time>2026-05-30T22:07:40Z</time>
<extensions>
<gpxtpx:TrackPointExtension>
<gpxtpx:hr>171</gpxtpx:hr>
</gpxtpx:TrackPointExtension>
</extensions>
</trkpt>
<trkpt lat="33.5828254" lon="130.3830563">
<ele>3.713</ele>
<time>2026-05-30T22:07:41Z</time>
<extensions>
<gpxtpx:TrackPointExtension>
<gpxtpx:hr>171</gpxtpx:hr>
</gpxtpx:TrackPointExtension>
</extensions>
</trkpt>
<trkpt lat="33.5828342" lon="130.3830752">
<ele>3.641</ele>
<time>2026-05-30T22:07:42Z</time>
<extensions>
<gpxtpx:TrackPointExtension>
<gpxtpx:hr>171</gpxtpx:hr>
</gpxtpx:TrackPointExtension>
</extensions>
</trkpt>
<trkpt lat="33.5828434" lon="130.3830977">
<ele>3.564</ele>
<time>2026-05-30T22:07:43Z</time>
<extensions>
<gpxtpx:TrackPointExtension>
<gpxtpx:hr>170</gpxtpx:hr>
</gpxtpx:TrackPointExtension>
</extensions>
</trkpt>
<trkpt lat="33.5828511" lon="130.3831144">
<ele>3.536</ele>
<time>2026-05-30T22:07:44Z</time>
<extensions>
<gpxtpx:TrackPointExtension>
<gpxtpx:hr>169</gpxtpx:hr>
<gpxtpx:cad>174</gpxtpx:cad>
</gpxtpx:TrackPointExtension>
</extensions>
</trkpt>
<trkpt lat="33.5828571" lon="130.3831267">
<ele>3.455</ele>
<time>2026-05-30T22:07:45Z</time>
<extensions>
<gpxtpx:TrackPointExtension>
<gpxtpx:hr>169</gpxtpx:hr>
</gpxtpx:TrackPointExtension>
</extensions>
</trkpt>
<trkpt lat="33.5828622" lon="130.3831371">
<ele>3.367</ele>
<time>2026-05-30T22:07:46Z</time>
<extensions>
<gpxtpx:TrackPointExtension>
<gpxtpx:hr>169</gpxtpx:hr>
</gpxtpx:TrackPointExtension>
</extensions>
</trkpt>
<trkpt lat="33.5828666" lon="130.3831458">
<ele>3.411</ele>
<time>2026-05-30T22:07:47Z</time>
<extensions>
<gpxtpx:TrackPointExtension>
<gpxtpx:hr>169</gpxtpx:hr>
</gpxtpx:TrackPointExtension>
</extensions>
</trkpt>
<trkpt lat="33.5828701" lon="130.3831533">
<ele>3.515</ele>
<time>2026-05-30T22:07:48Z</time>
<extensions>
<gpxtpx:TrackPointExtension>
<gpxtpx:hr>170</gpxtpx:hr>
</gpxtpx:TrackPointExtension>
</extensions>
</trkpt>
<trkpt lat="33.5828727" lon="130.38316">
<ele>3.668</ele>
<time>2026-05-30T22:07:49Z</time>
<extensions>
<gpxtpx:TrackPointExtension>
<gpxtpx:hr>170</gpxtpx:hr>
<gpxtpx:cad>162</gpxtpx:cad>
</gpxtpx:TrackPointExtension>
</extensions>
</trkpt>
<trkpt lat="33.5828744" lon="130.3831661">
<ele>3.721</ele>
<time>2026-05-30T22:07:50Z</time>
<extensions>
<gpxtpx:TrackPointExtension>
<gpxtpx:hr>170</gpxtpx:hr>
</gpxtpx:TrackPointExtension>
</extensions>
</trkpt>
<trkpt lat="33.5828756" lon="130.3831717">
<ele>3.762</ele>
<time>2026-05-30T22:07:51Z</time>
<extensions>
<gpxtpx:TrackPointExtension>
<gpxtpx:hr>170</gpxtpx:hr>
</gpxtpx:TrackPointExtension>
</extensions>
</trkpt>
<trkpt lat="33.5828763" lon="130.3831771">
<ele>3.736</ele>
<time>2026-05-30T22:07:52Z</time>
<extensions>
<gpxtpx:TrackPointExtension>
<gpxtpx:hr>170</gpxtpx:hr>
</gpxtpx:TrackPointExtension>
</extensions>
</trkpt>
<trkpt lat="33.5828764" lon="130.3831832">
<ele>3.765</ele>
<time>2026-05-30T22:07:53Z</time>
<extensions>
<gpxtpx:TrackPointExtension>
<gpxtpx:hr>169</gpxtpx:hr>
</gpxtpx:TrackPointExtension>
</extensions>
</trkpt>
<trkpt lat="33.5828758" lon="130.3831905">
<ele>3.764</ele>
<time>2026-05-30T22:07:54Z</time>
<extensions>
<gpxtpx:TrackPointExtension>
<gpxtpx:hr>169</gpxtpx:hr>
<gpxtpx:cad>148</gpxtpx:cad>
</gpxtpx:TrackPointExtension>
</extensions>
</trkpt>
<trkpt lat="33.5828768" lon="130.3832015">
<ele>3.644</ele>
<time>2026-05-30T22:07:55Z</time>
<extensions>
<gpxtpx:TrackPointExtension>
<gpxtpx:hr>168</gpxtpx:hr>
</gpxtpx:TrackPointExtension>
</extensions>
</trkpt>
<trkpt lat="33.5828778" lon="130.3832126">
<ele>3.452</ele>
<time>2026-05-30T22:07:56Z</time>
<extensions>
<gpxtpx:TrackPointExtension>
<gpxtpx:hr>168</gpxtpx:hr>
</gpxtpx:TrackPointExtension>
</extensions>
</trkpt>
<trkpt lat="33.582879" lon="130.3832233">
<ele>3.35</ele>
<time>2026-05-30T22:07:57Z</time>
<extensions>
<gpxtpx:TrackPointExtension>
<gpxtpx:hr>168</gpxtpx:hr>
</gpxtpx:TrackPointExtension>
</extensions>
</trkpt>
<trkpt lat="33.58288" lon="130.3832337">
<ele>3.308</ele>
<time>2026-05-30T22:07:58Z</time>
<extensions>
<gpxtpx:TrackPointExtension>
<gpxtpx:hr>167</gpxtpx:hr>
</gpxtpx:TrackPointExtension>
</extensions>
</trkpt>
<trkpt lat="33.5828809" lon="130.3832437">
<ele>3.31</ele>
<time>2026-05-30T22:07:59Z</time>
<extensions>
<gpxtpx:TrackPointExtension>
<gpxtpx:hr>167</gpxtpx:hr>
<gpxtpx:cad>72</gpxtpx:cad>
</gpxtpx:TrackPointExtension>
</extensions>
</trkpt>
<trkpt lat="33.5828823" lon="130.3832522">
<ele>3.278</ele>
<time>2026-05-30T22:08:00Z</time>
<extensions>
<gpxtpx:TrackPointExtension>
<gpxtpx:hr>167</gpxtpx:hr>
</gpxtpx:TrackPointExtension>
</extensions>
</trkpt>
<trkpt lat="33.5828805" lon="130.3832644">
<ele>3.27</ele>
<time>2026-05-30T22:08:01Z</time>
<extensions>
<gpxtpx:TrackPointExtension>
<gpxtpx:hr>166</gpxtpx:hr>
</gpxtpx:TrackPointExtension>
</extensions>
</trkpt>
<trkpt lat="33.5828809" lon="130.3832726">
<ele>3.246</ele>
<time>2026-05-30T22:08:02Z</time>
<extensions>
<gpxtpx:TrackPointExtension>
<gpxtpx:hr>167</gpxtpx:hr>
</gpxtpx:TrackPointExtension>
</extensions>
</trkpt>
<trkpt lat="33.5828791" lon="130.3832871">
<ele>3.247</ele>
<time>2026-05-30T22:08:03Z</time>
<extensions>
<gpxtpx:TrackPointExtension>
<gpxtpx:hr>167</gpxtpx:hr>
</gpxtpx:TrackPointExtension>
</extensions>
</trkpt>
<trkpt lat="33.5828788" lon="130.3832955">
<ele>3.244</ele>
<time>2026-05-30T22:08:04Z</time>
<extensions>
<gpxtpx:TrackPointExtension>
<gpxtpx:hr>167</gpxtpx:hr>
</gpxtpx:TrackPointExtension>
</extensions>
</trkpt>
<trkpt lat="33.5828772" lon="130.3833124">
<ele>3.212</ele>
<time>2026-05-30T22:08:05Z</time>
<extensions>
<gpxtpx:TrackPointExtension>
<gpxtpx:hr>166</gpxtpx:hr>
</gpxtpx:TrackPointExtension>
</extensions>
</trkpt>
<trkpt lat="33.5828761" lon="130.3833216">
<ele>3.197</ele>
<time>2026-05-30T22:08:06Z</time>
<extensions>
<gpxtpx:TrackPointExtension>
<gpxtpx:hr>167</gpxtpx:hr>
</gpxtpx:TrackPointExtension>
</extensions>
</trkpt>
<trkpt lat="33.5828751" lon="130.3833411">
<ele>3.293</ele>
<time>2026-05-30T22:08:07Z</time>
<extensions>
<gpxtpx:TrackPointExtension>
<gpxtpx:hr>168</gpxtpx:hr>
</gpxtpx:TrackPointExtension>
</extensions>
</trkpt>
<trkpt lat="33.5828735" lon="130.3833516">
<ele>3.488</ele>
<time>2026-05-30T22:08:08Z</time>
<extensions>
<gpxtpx:TrackPointExtension>
<gpxtpx:hr>168</gpxtpx:hr>
</gpxtpx:TrackPointExtension>
</extensions>
</trkpt>
<trkpt lat="33.5828732" lon="130.3833738">
<ele>3.612</ele>
<time>2026-05-30T22:08:09Z</time>
<extensions>
<gpxtpx:TrackPointExtension>
<gpxtpx:hr>169</gpxtpx:hr>
</gpxtpx:TrackPointExtension>
</extensions>
</trkpt>
<trkpt lat="33.5828713" lon="130.3833861">
<ele>3.669</ele>
<time>2026-05-30T22:08:10Z</time>
<extensions>
<gpxtpx:TrackPointExtension>
<gpxtpx:hr>169</gpxtpx:hr>
</gpxtpx:TrackPointExtension>
</extensions>
</trkpt>
<trkpt lat="33.582869" lon="130.3833991">
<ele>3.758</ele>
<time>2026-05-30T22:08:11Z</time>
<extensions>
<gpxtpx:TrackPointExtension>
<gpxtpx:hr>169</gpxtpx:hr>
</gpxtpx:TrackPointExtension>
</extensions>
</trkpt>
<trkpt lat="33.5828686" lon="130.3834204">
<ele>3.906</ele>
<time>2026-05-30T22:08:12Z</time>
<extensions>
<gpxtpx:TrackPointExtension>
<gpxtpx:hr>169</gpxtpx:hr>
<gpxtpx:cad>50</gpxtpx:cad>
</gpxtpx:TrackPointExtension>
</extensions>
</trkpt>
<trkpt lat="33.5828685" lon="130.3834425">
<ele>3.999</ele>
<time>2026-05-30T22:08:13Z</time>
<extensions>
<gpxtpx:TrackPointExtension>
<gpxtpx:hr>169</gpxtpx:hr>
</gpxtpx:TrackPointExtension>
</extensions>
</trkpt>
<trkpt lat="33.5828688" lon="130.3834653">
<ele>4.025</ele>
<time>2026-05-30T22:08:14Z</time>
<extensions>
<gpxtpx:TrackPointExtension>
<gpxtpx:hr>169</gpxtpx:hr>
<gpxtpx:cad>86</gpxtpx:cad>
</gpxtpx:TrackPointExtension>
</extensions>
</trkpt>
<trkpt lat="33.5828695" lon="130.3834886">
<ele>3.961</ele>
<time>2026-05-30T22:08:15Z</time>
<extensions>
<gpxtpx:TrackPointExtension>
<gpxtpx:hr>169</gpxtpx:hr>
</gpxtpx:TrackPointExtension>
</extensions>
</trkpt>
<trkpt lat="33.5828704" lon="130.3835123">
<ele>3.929</ele>
<time>2026-05-30T22:08:16Z</time>
<extensions>
<gpxtpx:TrackPointExtension>
<gpxtpx:hr>168</gpxtpx:hr>
</gpxtpx:TrackPointExtension>
</extensions>
</trkpt>
<trkpt lat="33.5828688" lon="130.3835326">
<ele>3.972</ele>
<time>2026-05-30T22:08:17Z</time>
<extensions>
<gpxtpx:TrackPointExtension>
<gpxtpx:hr>168</gpxtpx:hr>
</gpxtpx:TrackPointExtension>
</extensions>
</trkpt>
<trkpt lat="33.5828673" lon="130.383555">
<ele>3.954</ele>
<time>2026-05-30T22:08:18Z</time>
<extensions>
<gpxtpx:TrackPointExtension>
<gpxtpx:hr>167</gpxtpx:hr>
</gpxtpx:TrackPointExtension>
</extensions>
</trkpt>
<trkpt lat="33.5828661" lon="130.3835797">
<ele>4.047</ele>
<time>2026-05-30T22:08:19Z</time>
<extensions>
<gpxtpx:TrackPointExtension>
<gpxtpx:hr>167</gpxtpx:hr>
<gpxtpx:cad>177</gpxtpx:cad>
</gpxtpx:TrackPointExtension>
</extensions>
</trkpt>
<trkpt lat="33.5828656" lon="130.3836068">
<ele>4.082</ele>
<time>2026-05-30T22:08:20Z</time>
<extensions>
<gpxtpx:TrackPointExtension>
<gpxtpx:hr>166</gpxtpx:hr>
</gpxtpx:TrackPointExtension>
</extensions>
</trkpt>
<trkpt lat="33.5828661" lon="130.3836365">
<ele>4.018</ele>
<time>2026-05-30T22:08:21Z</time>
<extensions>
<gpxtpx:TrackPointExtension>
<gpxtpx:hr>166</gpxtpx:hr>
</gpxtpx:TrackPointExtension>
</extensions>
</trkpt>
<trkpt lat="33.5828675" lon="130.3836689">
<ele>4.015</ele>
<time>2026-05-30T22:08:22Z</time>
<extensions>
<gpxtpx:TrackPointExtension>
<gpxtpx:hr>166</gpxtpx:hr>
</gpxtpx:TrackPointExtension>
</extensions>
</trkpt>
<trkpt lat="33.58287" lon="130.3837039">
<ele>3.947</ele>
<time>2026-05-30T22:08:23Z</time>
<extensions>
<gpxtpx:TrackPointExtension>
<gpxtpx:hr>166</gpxtpx:hr>
</gpxtpx:TrackPointExtension>
</extensions>
</trkpt>
<trkpt lat="33.5828741" lon="130.3837409">
<ele>3.947</ele>
<time>2026-05-30T22:08:24Z</time>
<extensions>
<gpxtpx:TrackPointExtension>
<gpxtpx:hr>166</gpxtpx:hr>
<gpxtpx:cad>181</gpxtpx:cad>
</gpxtpx:TrackPointExtension>
</extensions>
</trkpt>
<trkpt lat="33.5828804" lon="130.3837788">
<ele>3.925</ele>
<time>2026-05-30T22:08:25Z</time>
<extensions>
<gpxtpx:TrackPointExtension>
<gpxtpx:hr>166</gpxtpx:hr>
</gpxtpx:TrackPointExtension>
</extensions>
</trkpt>
<trkpt lat="33.5828896" lon="130.3838168">
<ele>3.818</ele>
<time>2026-05-30T22:08:26Z</time>
<extensions>
<gpxtpx:TrackPointExtension>
<gpxtpx:hr>166</gpxtpx:hr>
</gpxtpx:TrackPointExtension>
</extensions>
</trkpt>
<trkpt lat="33.5829018" lon="130.3838554">
<ele>3.796</ele>
<time>2026-05-30T22:08:27Z</time>
<extensions>
<gpxtpx:TrackPointExtension>
<gpxtpx:hr>166</gpxtpx:hr>
</gpxtpx:TrackPointExtension>
</extensions>
</trkpt>
<trkpt lat="33.5829138" lon="130.3838923">
<ele>3.84</ele>
<time>2026-05-30T22:08:28Z</time>
<extensions>
<gpxtpx:TrackPointExtension>
<gpxtpx:hr>166</gpxtpx:hr>
</gpxtpx:TrackPointExtension>
</extensions>
</trkpt>
<trkpt lat="33.5829244" lon="130.3839291">
<ele>3.85</ele>
<time>2026-05-30T22:08:29Z</time>
<extensions>
<gpxtpx:TrackPointExtension>
<gpxtpx:hr>166</gpxtpx:hr>
<gpxtpx:cad>181</gpxtpx:cad>
</gpxtpx:TrackPointExtension>
</extensions>
</trkpt>
<trkpt lat="33.5829353" lon="130.3839664">
<ele>3.892</ele>
<time>2026-05-30T22:08:30Z</time>
<extensions>
<gpxtpx:TrackPointExtension>
<gpxtpx:hr>166</gpxtpx:hr>
</gpxtpx:TrackPointExtension>
</extensions>
</trkpt>
<trkpt lat="33.5829456" lon="130.3840035">
<ele>3.891</ele>
<time>2026-05-30T22:08:31Z</time>
<extensions>
<gpxtpx:TrackPointExtension>
<gpxtpx:hr>167</gpxtpx:hr>
</gpxtpx:TrackPointExtension>
</extensions>
</trkpt>
<trkpt lat="33.5829552" lon="130.3840405">
<ele>3.968</ele>
<time>2026-05-30T22:08:32Z</time>
<extensions>
<gpxtpx:TrackPointExtension>
<gpxtpx:hr>167</gpxtpx:hr>
</gpxtpx:TrackPointExtension>
</extensions>
</trkpt>
<trkpt lat="33.5829653" lon="130.3840773">
<ele>3.895</ele>
<time>2026-05-30T22:08:33Z</time>
<extensions>
<gpxtpx:TrackPointExtension>
<gpxtpx:hr>167</gpxtpx:hr>
</gpxtpx:TrackPointExtension>
</extensions>
</trkpt>
<trkpt lat="33.5829746" lon="130.3841138">
<ele>3.993</ele>
<time>2026-05-30T22:08:34Z</time>
<extensions>
<gpxtpx:TrackPointExtension>
<gpxtpx:hr>168</gpxtpx:hr>
<gpxtpx:cad>181</gpxtpx:cad>
</gpxtpx:TrackPointExtension>
</extensions>
</trkpt>
<trkpt lat="33.5829843" lon="130.3841497">
<ele>4.058</ele>
<time>2026-05-30T22:08:35Z</time>
<extensions>
<gpxtpx:TrackPointExtension>
<gpxtpx:hr>168</gpxtpx:hr>
</gpxtpx:TrackPointExtension>
</extensions>
</trkpt>
<trkpt lat="33.5829907" lon="130.384186">
<ele>4.12</ele>
<time>2026-05-30T22:08:36Z</time>
<extensions>
<gpxtpx:TrackPointExtension>
<gpxtpx:hr>169</gpxtpx:hr>
</gpxtpx:TrackPointExtension>
</extensions>
</trkpt>
<trkpt lat="33.5829971" lon="130.3842221">
<ele>4.082</ele>
<time>2026-05-30T22:08:37Z</time>
<extensions>
<gpxtpx:TrackPointExtension>
<gpxtpx:hr>169</gpxtpx:hr>
</gpxtpx:TrackPointExtension>
</extensions>
</trkpt>
<trkpt lat="33.5830021" lon="130.3842589">
<ele>4.019</ele>
<time>2026-05-30T22:08:38Z</time>
<extensions>
<gpxtpx:TrackPointExtension>
<gpxtpx:hr>170</gpxtpx:hr>
</gpxtpx:TrackPointExtension>
</extensions>
</trkpt>
<trkpt lat="33.5830074" lon="130.384296">
<ele>4.04</ele>
<time>2026-05-30T22:08:39Z</time>
<extensions>
<gpxtpx:TrackPointExtension>
<gpxtpx:hr>170</gpxtpx:hr>
<gpxtpx:cad>181</gpxtpx:cad>
</gpxtpx:TrackPointExtension>
</extensions>
</trkpt>
<trkpt lat="33.5830153" lon="130.384333">
<ele>4.036</ele>
<time>2026-05-30T22:08:40Z</time>
<extensions>
<gpxtpx:TrackPointExtension>
<gpxtpx:hr>170</gpxtpx:hr>
<gpxtpx:cad>182</gpxtpx:cad>
</gpxtpx:TrackPointExtension>
</extensions>
</trkpt>
<trkpt lat="33.583023" lon="130.38437">
<ele>3.917</ele>
<time>2026-05-30T22:08:41Z</time>
<extensions>
<gpxtpx:TrackPointExtension>
<gpxtpx:hr>171</gpxtpx:hr>
</gpxtpx:TrackPointExtension>
</extensions>
</trkpt>
<trkpt lat="33.5830333" lon="130.3844067">
<ele>3.989</ele>
<time>2026-05-30T22:08:42Z</time>
<extensions>
<gpxtpx:TrackPointExtension>
<gpxtpx:hr>171</gpxtpx:hr>
</gpxtpx:TrackPointExtension>
</extensions>
</trkpt>
<trkpt lat="33.583045" lon="130.3844432">
<ele>3.917</ele>
<time>2026-05-30T22:08:43Z</time>
<extensions>
<gpxtpx:TrackPointExtension>
<gpxtpx:hr>171</gpxtpx:hr>
</gpxtpx:TrackPointExtension>
</extensions>
</trkpt>
<trkpt lat="33.583055" lon="130.3844801">
<ele>3.927</ele>
<time>2026-05-30T22:08:44Z</time>
<extensions>
<gpxtpx:TrackPointExtension>
<gpxtpx:hr>172</gpxtpx:hr>
<gpxtpx:cad>181</gpxtpx:cad>
</gpxtpx:TrackPointExtension>
</extensions>
</trkpt>
<trkpt lat="33.5830715" lon="130.3845155">
<ele>3.937</ele>
<time>2026-05-30T22:08:45Z</time>
<extensions>
<gpxtpx:TrackPointExtension>
<gpxtpx:hr>172</gpxtpx:hr>
</gpxtpx:TrackPointExtension>
</extensions>
</trkpt>
<trkpt lat="33.5830835" lon="130.384552">
<ele>4.01</ele>
<time>2026-05-30T22:08:46Z</time>
<extensions>
<gpxtpx:TrackPointExtension>
<gpxtpx:hr>172</gpxtpx:hr>
</gpxtpx:TrackPointExtension>
</extensions>
</trkpt>
<trkpt lat="33.5831" lon="130.3845869">
<ele>3.98</ele>
<time>2026-05-30T22:08:47Z</time>
<extensions>
<gpxtpx:TrackPointExtension>
<gpxtpx:hr>173</gpxtpx:hr>
</gpxtpx:TrackPointExtension>
</extensions>
</trkpt>
<trkpt lat="33.5831149" lon="130.3846224">
<ele>3.954</ele>
<time>2026-05-30T22:08:48Z</time>
<extensions>
<gpxtpx:TrackPointExtension>
<gpxtpx:hr>173</gpxtpx:hr>
</gpxtpx:TrackPointExtension>
</extensions>
</trkpt>
<trkpt lat="33.5831306" lon="130.3846576">
<ele>3.886</ele>
<time>2026-05-30T22:08:49Z</time>
<extensions>
<gpxtpx:TrackPointExtension>
<gpxtpx:hr>173</gpxtpx:hr>
<gpxtpx:cad>181</gpxtpx:cad>
</gpxtpx:TrackPointExtension>
</extensions>
</trkpt>
<trkpt lat="33.5831468" lon="130.3846927">
<ele>3.86</ele>
<time>2026-05-30T22:08:50Z</time>
<extensions>
<gpxtpx:TrackPointExtension>
<gpxtpx:hr>174</gpxtpx:hr>
</gpxtpx:TrackPointExtension>
</extensions>
</trkpt>
<trkpt lat="33.5831632" lon="130.3847275">
<ele>3.885</ele>
<time>2026-05-30T22:08:51Z</time>
<extensions>
<gpxtpx:TrackPointExtension>
<gpxtpx:hr>174</gpxtpx:hr>
</gpxtpx:TrackPointExtension>
</extensions>
</trkpt>
<trkpt lat="33.5831791" lon="130.3847612">
<ele>3.901</ele>
<time>2026-05-30T22:08:52Z</time>
<extensions>
<gpxtpx:TrackPointExtension>
<gpxtpx:hr>174</gpxtpx:hr>
</gpxtpx:TrackPointExtension>
</extensions>
</trkpt>
<trkpt lat="33.5831956" lon="130.3847962">
<ele>3.953</ele>
<time>2026-05-30T22:08:53Z</time>
<extensions>
<gpxtpx:TrackPointExtension>
<gpxtpx:hr>174</gpxtpx:hr>
</gpxtpx:TrackPointExtension>
</extensions>
</trkpt>
<trkpt lat="33.5832112" lon="130.3848314">
<ele>3.919</ele>
<time>2026-05-30T22:08:54Z</time>
<extensions>
<gpxtpx:TrackPointExtension>
<gpxtpx:hr>175</gpxtpx:hr>
<gpxtpx:cad>180</gpxtpx:cad>
</gpxtpx:TrackPointExtension>
</extensions>
</trkpt>
<trkpt lat="33.583227" lon="130.3848669">
<ele>3.856</ele>
<time>2026-05-30T22:08:55Z</time>
<extensions>
<gpxtpx:TrackPointExtension>
<gpxtpx:hr>175</gpxtpx:hr>
</gpxtpx:TrackPointExtension>
</extensions>
</trkpt>
<trkpt lat="33.5832431" lon="130.384902">
<ele>3.862</ele>
<time>2026-05-30T22:08:56Z</time>
<extensions>
<gpxtpx:TrackPointExtension>
<gpxtpx:hr>175</gpxtpx:hr>
</gpxtpx:TrackPointExtension>
</extensions>
</trkpt>
<trkpt lat="33.5832591" lon="130.384937">
<ele>3.852</ele>
<time>2026-05-30T22:08:57Z</time>
<extensions>
<gpxtpx:TrackPointExtension>
<gpxtpx:hr>175</gpxtpx:hr>
</gpxtpx:TrackPointExtension>
</extensions>
</trkpt>
<trkpt lat="33.5832752" lon="130.3849719">
<ele>3.782</ele>
<time>2026-05-30T22:08:58Z</time>
<extensions>
<gpxtpx:TrackPointExtension>
<gpxtpx:hr>175</gpxtpx:hr>
</gpxtpx:TrackPointExtension>
</extensions>
</trkpt>
<trkpt lat="33.5832916" lon="130.3850064">
<ele>3.744</ele>
<time>2026-05-30T22:08:59Z</time>
<extensions>
<gpxtpx:TrackPointExtension>
<gpxtpx:hr>175</gpxtpx:hr>
<gpxtpx:cad>180</gpxtpx:cad>
</gpxtpx:TrackPointExtension>
</extensions>
</trkpt>
<trkpt lat="33.5833072" lon="130.3850415">
<ele>3.732</ele>
<time>2026-05-30T22:09:00Z</time>
<extensions>
<gpxtpx:TrackPointExtension>
<gpxtpx:hr>175</gpxtpx:hr>
</gpxtpx:TrackPointExtension>
</extensions>
</trkpt>
<trkpt lat="33.5833231" lon="130.3850762">
<ele>3.788</ele>
<time>2026-05-30T22:09:01Z</time>
<extensions>
<gpxtpx:TrackPointExtension>
<gpxtpx:hr>175</gpxtpx:hr>
</gpxtpx:TrackPointExtension>
</extensions>
</trkpt>
<trkpt lat="33.5833381" lon="130.3851107">
<ele>3.745</ele>
<time>2026-05-30T22:09:02Z</time>
<extensions>
<gpxtpx:TrackPointExtension>
<gpxtpx:hr>175</gpxtpx:hr>
</gpxtpx:TrackPointExtension>
</extensions>
</trkpt>
<trkpt lat="33.5833532" lon="130.3851457">
<ele>3.769</ele>
<time>2026-05-30T22:09:03Z</time>
<extensions>
<gpxtpx:TrackPointExtension>
<gpxtpx:hr>175</gpxtpx:hr>
</gpxtpx:TrackPointExtension>
</extensions>
</trkpt>
<trkpt lat="33.5833674" lon="130.3851798">
<ele>3.727</ele>
<time>2026-05-30T22:09:04Z</time>
<extensions>
<gpxtpx:TrackPointExtension>
<gpxtpx:hr>175</gpxtpx:hr>
<gpxtpx:cad>180</gpxtpx:cad>
</gpxtpx:TrackPointExtension>
</extensions>
</trkpt>
<trkpt lat="33.5833818" lon="130.3852142">
<ele>3.802</ele>
<time>2026-05-30T22:09:05Z</time>
<extensions>
<gpxtpx:TrackPointExtension>
<gpxtpx:hr>175</gpxtpx:hr>
</gpxtpx:TrackPointExtension>
</extensions>
</trkpt>
<trkpt lat="33.5833963" lon="130.3852488">
<ele>3.79</ele>
<time>2026-05-30T22:09:06Z</time>
<extensions>
<gpxtpx:TrackPointExtension>
<gpxtpx:hr>175</gpxtpx:hr>
</gpxtpx:TrackPointExtension>
</extensions>
</trkpt>
<trkpt lat="33.5834107" lon="130.3852834">
<ele>3.71</ele>
<time>2026-05-30T22:09:07Z</time>
<extensions>
<gpxtpx:TrackPointExtension>
<gpxtpx:hr>174</gpxtpx:hr>
<gpxtpx:cad>181</gpxtpx:cad>
</gpxtpx:TrackPointExtension>
</extensions>
</trkpt>
<trkpt lat="33.5834243" lon="130.385318">
<ele>3.678</ele>
<time>2026-05-30T22:09:08Z</time>
<extensions>
<gpxtpx:TrackPointExtension>
<gpxtpx:hr>174</gpxtpx:hr>
</gpxtpx:TrackPointExtension>
</extensions>
</trkpt>
<trkpt lat="33.5834393" lon="130.385353">
<ele>3.697</ele>
<time>2026-05-30T22:09:09Z</time>
<extensions>
<gpxtpx:TrackPointExtension>
<gpxtpx:hr>174</gpxtpx:hr>
<gpxtpx:cad>181</gpxtpx:cad>
</gpxtpx:TrackPointExtension>
</extensions>
</trkpt>
<trkpt lat="33.5834522" lon="130.385388">
<ele>3.804</ele>
<time>2026-05-30T22:09:10Z</time>
<extensions>
<gpxtpx:TrackPointExtension>
<gpxtpx:hr>174</gpxtpx:hr>
</gpxtpx:TrackPointExtension>
</extensions>
</trkpt>
<trkpt lat="33.5834651" lon="130.3854229">
<ele>3.801</ele>
<time>2026-05-30T22:09:11Z</time>
<extensions>
<gpxtpx:TrackPointExtension>
<gpxtpx:hr>173</gpxtpx:hr>
</gpxtpx:TrackPointExtension>
</extensions>
</trkpt>
<trkpt lat="33.5834775" lon="130.385458">
<ele>3.788</ele>
<time>2026-05-30T22:09:12Z</time>
<extensions>
<gpxtpx:TrackPointExtension>
<gpxtpx:hr>173</gpxtpx:hr>
</gpxtpx:TrackPointExtension>
</extensions>
</trkpt>
<trkpt lat="33.5834912" lon="130.3854931">
<ele>3.734</ele>
<time>2026-05-30T22:09:13Z</time>
<extensions>
<gpxtpx:TrackPointExtension>
<gpxtpx:hr>173</gpxtpx:hr>
</gpxtpx:TrackPointExtension>
</extensions>
</trkpt>
<trkpt lat="33.5835016" lon="130.3855289">
<ele>3.708</ele>
<time>2026-05-30T22:09:14Z</time>
<extensions>
<gpxtpx:TrackPointExtension>
<gpxtpx:hr>173</gpxtpx:hr>
<gpxtpx:cad>180</gpxtpx:cad>
</gpxtpx:TrackPointExtension>
</extensions>
</trkpt>
<trkpt lat="33.5835144" lon="130.3855631">
<ele>3.74</ele>
<time>2026-05-30T22:09:15Z</time>
<extensions>
<gpxtpx:TrackPointExtension>
<gpxtpx:hr>173</gpxtpx:hr>
</gpxtpx:TrackPointExtension>
</extensions>
</trkpt>
<trkpt lat="33.5835266" lon="130.3855974">
<ele>3.747</ele>
<time>2026-05-30T22:09:16Z</time>
<extensions>
<gpxtpx:TrackPointExtension>
<gpxtpx:hr>173</gpxtpx:hr>
</gpxtpx:TrackPointExtension>
</extensions>
</trkpt>
<trkpt lat="33.583537" lon="130.3856329">
<ele>3.772</ele>
<time>2026-05-30T22:09:17Z</time>
<extensions>
<gpxtpx:TrackPointExtension>
<gpxtpx:hr>174</gpxtpx:hr>
</gpxtpx:TrackPointExtension>
</extensions>
</trkpt>
<trkpt lat="33.5835473" lon="130.3856682">
<ele>3.791</ele>
<time>2026-05-30T22:09:18Z</time>
<extensions>
<gpxtpx:TrackPointExtension>
<gpxtpx:hr>174</gpxtpx:hr>
</gpxtpx:TrackPointExtension>
</extensions>
</trkpt>
<trkpt lat="33.5835578" lon="130.385704">
<ele>3.854</ele>
<time>2026-05-30T22:09:19Z</time>
<extensions>
<gpxtpx:TrackPointExtension>
<gpxtpx:hr>174</gpxtpx:hr>
<gpxtpx:cad>180</gpxtpx:cad>
</gpxtpx:TrackPointExtension>
</extensions>
</trkpt>
<trkpt lat="33.5835662" lon="130.3857403">
<ele>4.035</ele>
<time>2026-05-30T22:09:20Z</time>
<extensions>
<gpxtpx:TrackPointExtension>
<gpxtpx:hr>174</gpxtpx:hr>
</gpxtpx:TrackPointExtension>
</extensions>
</trkpt>
<trkpt lat="33.5835756" lon="130.3857776">
<ele>3.988</ele>
<time>2026-05-30T22:09:21Z</time>
<extensions>
<gpxtpx:TrackPointExtension>
<gpxtpx:hr>173</gpxtpx:hr>
</gpxtpx:TrackPointExtension>
</extensions>
</trkpt>
<trkpt lat="33.5835828" lon="130.3858134">
<ele>3.851</ele>
<time>2026-05-30T22:09:22Z</time>
<extensions>
<gpxtpx:TrackPointExtension>
<gpxtpx:hr>173</gpxtpx:hr>
</gpxtpx:TrackPointExtension>
</extensions>
</trkpt>
<trkpt lat="33.5835884" lon="130.3858477">
<ele>3.775</ele>
<time>2026-05-30T22:09:23Z</time>
<extensions>
<gpxtpx:TrackPointExtension>
<gpxtpx:hr>173</gpxtpx:hr>
</gpxtpx:TrackPointExtension>
</extensions>
</trkpt>
<trkpt lat="33.5835941" lon="130.3858825">
<ele>3.722</ele>
<time>2026-05-30T22:09:24Z</time>
<extensions>
<gpxtpx:TrackPointExtension>
<gpxtpx:hr>173</gpxtpx:hr>
<gpxtpx:cad>180</gpxtpx:cad>
</gpxtpx:TrackPointExtension>
</extensions>
</trkpt>
<trkpt lat="33.5835966" lon="130.3859157">
<ele>3.735</ele>
<time>2026-05-30T22:09:25Z</time>
<extensions>
<gpxtpx:TrackPointExtension>
<gpxtpx:hr>173</gpxtpx:hr>
</gpxtpx:TrackPointExtension>
</extensions>
</trkpt>
<trkpt lat="33.5836001" lon="130.3859497">
<ele>3.851</ele>
<time>2026-05-30T22:09:26Z</time>
<extensions>
<gpxtpx:TrackPointExtension>
<gpxtpx:hr>172</gpxtpx:hr>
</gpxtpx:TrackPointExtension>
</extensions>
</trkpt>
<trkpt lat="33.5836004" lon="130.385983">
<ele>3.923</ele>
<time>2026-05-30T22:09:27Z</time>
<extensions>
<gpxtpx:TrackPointExtension>
<gpxtpx:hr>172</gpxtpx:hr>
</gpxtpx:TrackPointExtension>
</extensions>
</trkpt>
<trkpt lat="33.5836039" lon="130.3860169">
<ele>3.945</ele>
<time>2026-05-30T22:09:28Z</time>
</trkpt>
<trkpt lat="33.5836032" lon="130.3860505">
<ele>3.984</ele>
<time>2026-05-30T22:09:29Z</time>
<extensions>
<gpxtpx:TrackPointExtension>
<gpxtpx:hr>172</gpxtpx:hr>
<gpxtpx:cad>181</gpxtpx:cad>
</gpxtpx:TrackPointExtension>
</extensions>
</trkpt>
<trkpt lat="33.5836044" lon="130.3860839">
<ele>3.911</ele>
<time>2026-05-30T22:09:30Z</time>
<extensions>
<gpxtpx:TrackPointExtension>
<gpxtpx:hr>172</gpxtpx:hr>
</gpxtpx:TrackPointExtension>
</extensions>
</trkpt>
<trkpt lat="33.583604" lon="130.3861169">
<ele>3.933</ele>
<time>2026-05-30T22:09:31Z</time>
<extensions>
<gpxtpx:TrackPointExtension>
<gpxtpx:hr>172</gpxtpx:hr>
</gpxtpx:TrackPointExtension>
</extensions>
</trkpt>
<trkpt lat="33.5836028" lon="130.3861508">
<ele>3.914</ele>
<time>2026-05-30T22:09:32Z</time>
<extensions>
<gpxtpx:TrackPointExtension>
<gpxtpx:hr>172</gpxtpx:hr>
</gpxtpx:TrackPointExtension>
</extensions>
</trkpt>
<trkpt lat="33.5836003" lon="130.3861841">
<ele>3.911</ele>
<time>2026-05-30T22:09:33Z</time>
<extensions>
<gpxtpx:TrackPointExtension>
<gpxtpx:hr>173</gpxtpx:hr>
</gpxtpx:TrackPointExtension>
</extensions>
</trkpt>
<trkpt lat="33.5836018" lon="130.3862199">
<ele>3.939</ele>
<time>2026-05-30T22:09:34Z</time>
<extensions>
<gpxtpx:TrackPointExtension>
<gpxtpx:hr>173</gpxtpx:hr>
<gpxtpx:cad>182</gpxtpx:cad>
</gpxtpx:TrackPointExtension>
</extensions>
</trkpt>
<trkpt lat="33.5836027" lon="130.3862552">
<ele>3.977</ele>
<time>2026-05-30T22:09:35Z</time>
<extensions>
<gpxtpx:TrackPointExtension>
<gpxtpx:hr>173</gpxtpx:hr>
</gpxtpx:TrackPointExtension>
</extensions>
</trkpt>
<trkpt lat="33.583605" lon="130.3862907">
<ele>3.982</ele>
<time>2026-05-30T22:09:36Z</time>
<extensions>
<gpxtpx:TrackPointExtension>
<gpxtpx:hr>173</gpxtpx:hr>
<gpxtpx:cad>181</gpxtpx:cad>
</gpxtpx:TrackPointExtension>
</extensions>
</trkpt>
<trkpt lat="33.5836073" lon="130.3863264">
<ele>4.004</ele>
<time>2026-05-30T22:09:37Z</time>
<extensions>
<gpxtpx:TrackPointExtension>
<gpxtpx:hr>173</gpxtpx:hr>
</gpxtpx:TrackPointExtension>
</extensions>
</trkpt>
<trkpt lat="33.5836167" lon="130.3863618">
<ele>3.947</ele>
<time>2026-05-30T22:09:38Z</time>
<extensions>
<gpxtpx:TrackPointExtension>
<gpxtpx:hr>174</gpxtpx:hr>
</gpxtpx:TrackPointExtension>
</extensions>
</trkpt>
<trkpt lat="33.5836212" lon="130.3863974">
<ele>3.969</ele>
<time>2026-05-30T22:09:39Z</time>
<extensions>
<gpxtpx:TrackPointExtension>
<gpxtpx:hr>174</gpxtpx:hr>
<gpxtpx:cad>181</gpxtpx:cad>
</gpxtpx:TrackPointExtension>
</extensions>
</trkpt>
<trkpt lat="33.583632" lon="130.3864314">
<ele>4.015</ele>
<time>2026-05-30T22:09:40Z</time>
<extensions>
<gpxtpx:TrackPointExtension>
<gpxtpx:hr>174</gpxtpx:hr>
</gpxtpx:TrackPointExtension>
</extensions>
</trkpt>
<trkpt lat="33.5836402" lon="130.3864657">
<ele>4.02</ele>
<time>2026-05-30T22:09:41Z</time>
<extensions>
<gpxtpx:TrackPointExtension>
<gpxtpx:hr>174</gpxtpx:hr>
</gpxtpx:TrackPointExtension>
</extensions>
</trkpt>
<trkpt lat="33.58365" lon="130.3864998">
<ele>3.987</ele>
<time>2026-05-30T22:09:42Z</time>
<extensions>
<gpxtpx:TrackPointExtension>
<gpxtpx:hr>174</gpxtpx:hr>
</gpxtpx:TrackPointExtension>
</extensions>
</trkpt>
<trkpt lat="33.5836582" lon="130.3865345">
<ele>4.025</ele>
<time>2026-05-30T22:09:43Z</time>
<extensions>
<gpxtpx:TrackPointExtension>
<gpxtpx:hr>175</gpxtpx:hr>
</gpxtpx:TrackPointExtension>
</extensions>
</trkpt>
<trkpt lat="33.5836675" lon="130.3865686">
<ele>4.138</ele>
<time>2026-05-30T22:09:44Z</time>
<extensions>
<gpxtpx:TrackPointExtension>
<gpxtpx:hr>175</gpxtpx:hr>
<gpxtpx:cad>183</gpxtpx:cad>
</gpxtpx:TrackPointExtension>
</extensions>
</trkpt>
<trkpt lat="33.5836762" lon="130.3866032">
<ele>4.098</ele>
<time>2026-05-30T22:09:45Z</time>
<extensions>
<gpxtpx:TrackPointExtension>
<gpxtpx:hr>175</gpxtpx:hr>
</gpxtpx:TrackPointExtension>
</extensions>
</trkpt>
<trkpt lat="33.5836853" lon="130.3866376">
<ele>4.113</ele>
<time>2026-05-30T22:09:46Z</time>
<extensions>
<gpxtpx:TrackPointExtension>
<gpxtpx:hr>174</gpxtpx:hr>
</gpxtpx:TrackPointExtension>
</extensions>
</trkpt>
<trkpt lat="33.5836948" lon="130.3866721">
<ele>4.009</ele>
<time>2026-05-30T22:09:47Z</time>
<extensions>
<gpxtpx:TrackPointExtension>
<gpxtpx:hr>174</gpxtpx:hr>
</gpxtpx:TrackPointExtension>
</extensions>
</trkpt>
<trkpt lat="33.5837042" lon="130.3867062">
<ele>4.203</ele>
<time>2026-05-30T22:09:48Z</time>
<extensions>
<gpxtpx:TrackPointExtension>
<gpxtpx:hr>174</gpxtpx:hr>
</gpxtpx:TrackPointExtension>
</extensions>
</trkpt>
<trkpt lat="33.5837141" lon="130.3867407">
<ele>4.347</ele>
<time>2026-05-30T22:09:49Z</time>
<extensions>
<gpxtpx:TrackPointExtension>
<gpxtpx:hr>174</gpxtpx:hr>
<gpxtpx:cad>183</gpxtpx:cad>
</gpxtpx:TrackPointExtension>
</extensions>
</trkpt>
<trkpt lat="33.5837242" lon="130.3867747">
<ele>4.4</ele>
<time>2026-05-30T22:09:50Z</time>
<extensions>
<gpxtpx:TrackPointExtension>
<gpxtpx:hr>174</gpxtpx:hr>
</gpxtpx:TrackPointExtension>
</extensions>
</trkpt>
<trkpt lat="33.583734" lon="130.3868085">
<ele>4.407</ele>
<time>2026-05-30T22:09:51Z</time>
<extensions>
<gpxtpx:TrackPointExtension>
<gpxtpx:hr>174</gpxtpx:hr>
</gpxtpx:TrackPointExtension>
</extensions>
</trkpt>
<trkpt lat="33.5837435" lon="130.386842">
<ele>4.375</ele>
<time>2026-05-30T22:09:52Z</time>
<extensions>
<gpxtpx:TrackPointExtension>
<gpxtpx:hr>175</gpxtpx:hr>
</gpxtpx:TrackPointExtension>
</extensions>
</trkpt>
<trkpt lat="33.5837526" lon="130.3868756">
<ele>4.174</ele>
<time>2026-05-30T22:09:53Z</time>
<extensions>
<gpxtpx:TrackPointExtension>
<gpxtpx:hr>174</gpxtpx:hr>
</gpxtpx:TrackPointExtension>
</extensions>
</trkpt>
<trkpt lat="33.5837605" lon="130.3869095">
<ele>4.196</ele>
<time>2026-05-30T22:09:54Z</time>
<extensions>
<gpxtpx:TrackPointExtension>
<gpxtpx:hr>174</gpxtpx:hr>
<gpxtpx:cad>180</gpxtpx:cad>
</gpxtpx:TrackPointExtension>
</extensions>
</trkpt>
<trkpt lat="33.5837696" lon="130.3869433">
<ele>4.158</ele>
<time>2026-05-30T22:09:55Z</time>
<extensions>
<gpxtpx:TrackPointExtension>
<gpxtpx:hr>174</gpxtpx:hr>
</gpxtpx:TrackPointExtension>
</extensions>
</trkpt>
<trkpt lat="33.583776" lon="130.3869774">
<ele>4.178</ele>
<time>2026-05-30T22:09:56Z</time>
<extensions>
<gpxtpx:TrackPointExtension>
<gpxtpx:hr>175</gpxtpx:hr>
</gpxtpx:TrackPointExtension>
</extensions>
</trkpt>
<trkpt lat="33.5837846" lon="130.3870115">
<ele>4.142</ele>
<time>2026-05-30T22:09:57Z</time>
<extensions>
<gpxtpx:TrackPointExtension>
<gpxtpx:hr>175</gpxtpx:hr>
</gpxtpx:TrackPointExtension>
</extensions>
</trkpt>
<trkpt lat="33.5837909" lon="130.3870458">
<ele>4.225</ele>
<time>2026-05-30T22:09:58Z</time>
<extensions>
<gpxtpx:TrackPointExtension>
<gpxtpx:hr>175</gpxtpx:hr>
</gpxtpx:TrackPointExtension>
</extensions>
</trkpt>
<trkpt lat="33.5837954" lon="130.3870803">
<ele>4.313</ele>
<time>2026-05-30T22:09:59Z</time>
<extensions>
<gpxtpx:TrackPointExtension>
<gpxtpx:hr>175</gpxtpx:hr>
<gpxtpx:cad>180</gpxtpx:cad>
</gpxtpx:TrackPointExtension>
</extensions>
</trkpt>
<trkpt lat="33.5838036" lon="130.3871147">
<ele>4.259</ele>
<time>2026-05-30T22:10:00Z</time>
<extensions>
<gpxtpx:TrackPointExtension>
<gpxtpx:hr>175</gpxtpx:hr>
</gpxtpx:TrackPointExtension>
</extensions>
</trkpt>
<trkpt lat="33.5838077" lon="130.3871494">
<ele>4.262</ele>
<time>2026-05-30T22:10:01Z</time>
<extensions>
<gpxtpx:TrackPointExtension>
<gpxtpx:hr>175</gpxtpx:hr>
</gpxtpx:TrackPointExtension>
</extensions>
</trkpt>
<trkpt lat="33.5838133" lon="130.3871838">
<ele>4.325</ele>
<time>2026-05-30T22:10:02Z</time>
<extensions>
<gpxtpx:TrackPointExtension>
<gpxtpx:hr>175</gpxtpx:hr>
</gpxtpx:TrackPointExtension>
</extensions>
</trkpt>
<trkpt lat="33.5838197" lon="130.3872174">
<ele>4.38</ele>
<time>2026-05-30T22:10:03Z</time>
<extensions>
<gpxtpx:TrackPointExtension>
<gpxtpx:hr>175</gpxtpx:hr>
</gpxtpx:TrackPointExtension>
</extensions>
</trkpt>
<trkpt lat="33.5838222" lon="130.3872523">
<ele>4.023</ele>
<time>2026-05-30T22:10:04Z</time>
<extensions>
<gpxtpx:TrackPointExtension>
<gpxtpx:hr>175</gpxtpx:hr>
<gpxtpx:cad>181</gpxtpx:cad>
</gpxtpx:TrackPointExtension>
</extensions>
</trkpt>
<trkpt lat="33.5838243" lon="130.3872876">
<ele>3.635</ele>
<time>2026-05-30T22:10:05Z</time>
<extensions>
<gpxtpx:TrackPointExtension>
<gpxtpx:hr>175</gpxtpx:hr>
</gpxtpx:TrackPointExtension>
</extensions>
</trkpt>
<trkpt lat="33.5838263" lon="130.3873234">
<ele>3.521</ele>
<time>2026-05-30T22:10:06Z</time>
<extensions>
<gpxtpx:TrackPointExtension>
<gpxtpx:hr>175</gpxtpx:hr>
<gpxtpx:cad>180</gpxtpx:cad>
</gpxtpx:TrackPointExtension>
</extensions>
</trkpt>
<trkpt lat="33.5838287" lon="130.3873595">
<ele>3.61</ele>
<time>2026-05-30T22:10:07Z</time>
<extensions>
<gpxtpx:TrackPointExtension>
<gpxtpx:hr>175</gpxtpx:hr>
</gpxtpx:TrackPointExtension>
</extensions>
</trkpt>
<trkpt lat="33.5838319" lon="130.3873959">
<ele>3.737</ele>
<time>2026-05-30T22:10:08Z</time>
<extensions>
<gpxtpx:TrackPointExtension>
<gpxtpx:hr>175</gpxtpx:hr>
</gpxtpx:TrackPointExtension>
</extensions>
</trkpt>
<trkpt lat="33.5838364" lon="130.3874325">
<ele>3.724</ele>
<time>2026-05-30T22:10:09Z</time>
<extensions>
<gpxtpx:TrackPointExtension>
<gpxtpx:hr>175</gpxtpx:hr>
<gpxtpx:cad>177</gpxtpx:cad>
</gpxtpx:TrackPointExtension>
</extensions>
</trkpt>
<trkpt lat="33.5838444" lon="130.3874691">
<ele>3.704</ele>
<time>2026-05-30T22:10:10Z</time>
<extensions>
<gpxtpx:TrackPointExtension>
<gpxtpx:hr>175</gpxtpx:hr>
</gpxtpx:TrackPointExtension>
</extensions>
</trkpt>
<trkpt lat="33.5838542" lon="130.3875053">
<ele>3.675</ele>
<time>2026-05-30T22:10:11Z</time>
<extensions>
<gpxtpx:TrackPointExtension>
<gpxtpx:hr>176</gpxtpx:hr>
</gpxtpx:TrackPointExtension>
</extensions>
</trkpt>
<trkpt lat="33.5838652" lon="130.387541">
<ele>3.595</ele>
<time>2026-05-30T22:10:12Z</time>
<extensions>
<gpxtpx:TrackPointExtension>
<gpxtpx:hr>175</gpxtpx:hr>
</gpxtpx:TrackPointExtension>
</extensions>
</trkpt>
<trkpt lat="33.5838753" lon="130.3875767">
<ele>3.463</ele>
<time>2026-05-30T22:10:13Z</time>
<extensions>
<gpxtpx:TrackPointExtension>
<gpxtpx:hr>175</gpxtpx:hr>
</gpxtpx:TrackPointExtension>
</extensions>
</trkpt>
<trkpt lat="33.5838865" lon="130.3876119">
<ele>3.378</ele>
<time>2026-05-30T22:10:14Z</time>
<extensions>
<gpxtpx:TrackPointExtension>
<gpxtpx:hr>175</gpxtpx:hr>
<gpxtpx:cad>177</gpxtpx:cad>
</gpxtpx:TrackPointExtension>
</extensions>
</trkpt>
<trkpt lat="33.5838979" lon="130.3876472">
<ele>3.349</ele>
<time>2026-05-30T22:10:15Z</time>
<extensions>
<gpxtpx:TrackPointExtension>
<gpxtpx:hr>175</gpxtpx:hr>
</gpxtpx:TrackPointExtension>
</extensions>
</trkpt>
<trkpt lat="33.5839108" lon="130.3876819">
<ele>3.281</ele>
<time>2026-05-30T22:10:16Z</time>
<extensions>
<gpxtpx:TrackPointExtension>
<gpxtpx:hr>175</gpxtpx:hr>
</gpxtpx:TrackPointExtension>
</extensions>
</trkpt>
<trkpt lat="33.5839249" lon="130.3877158">
<ele>3.216</ele>
<time>2026-05-30T22:10:17Z</time>
<extensions>
<gpxtpx:TrackPointExtension>
<gpxtpx:hr>175</gpxtpx:hr>
</gpxtpx:TrackPointExtension>
</extensions>
</trkpt>
<trkpt lat="33.5839368" lon="130.3877458">
<ele>3.156</ele>
<time>2026-05-30T22:10:18Z</time>
<extensions>
<gpxtpx:TrackPointExtension>
<gpxtpx:hr>175</gpxtpx:hr>
</gpxtpx:TrackPointExtension>
</extensions>
</trkpt>
<trkpt lat="33.5839512" lon="130.3877789">
<ele>3.071</ele>
<time>2026-05-30T22:10:19Z</time>
<extensions>
<gpxtpx:TrackPointExtension>
<gpxtpx:hr>174</gpxtpx:hr>
<gpxtpx:cad>179</gpxtpx:cad>
</gpxtpx:TrackPointExtension>
</extensions>
</trkpt>
<trkpt lat="33.5839601" lon="130.3878054">
<ele>2.853</ele>
<time>2026-05-30T22:10:20Z</time>
<extensions>
<gpxtpx:TrackPointExtension>
<gpxtpx:hr>174</gpxtpx:hr>
</gpxtpx:TrackPointExtension>
</extensions>
</trkpt>
<trkpt lat="33.5839672" lon="130.3878287">
<ele>2.727</ele>
<time>2026-05-30T22:10:21Z</time>
</trkpt>
<trkpt lat="33.5839757" lon="130.3878535">
<ele>2.531</ele>
<time>2026-05-30T22:10:22Z</time>
<extensions>
<gpxtpx:TrackPointExtension>
<gpxtpx:hr>174</gpxtpx:hr>
</gpxtpx:TrackPointExtension>
</extensions>
</trkpt>
<trkpt lat="33.5839798" lon="130.3878709">
<ele>2.494</ele>
<time>2026-05-30T22:10:23Z</time>
<extensions>
<gpxtpx:TrackPointExtension>
<gpxtpx:hr>174</gpxtpx:hr>
</gpxtpx:TrackPointExtension>
</extensions>
</trkpt>
<trkpt lat="33.5839828" lon="130.3878852">
<ele>2.539</ele>
<time>2026-05-30T22:10:24Z</time>
<extensions>
<gpxtpx:TrackPointExtension>
<gpxtpx:hr>173</gpxtpx:hr>
<gpxtpx:cad>169</gpxtpx:cad>
</gpxtpx:TrackPointExtension>
</extensions>
</trkpt>
<trkpt lat="33.5839847" lon="130.3878968">
<ele>2.584</ele>
<time>2026-05-30T22:10:25Z</time>
<extensions>
<gpxtpx:TrackPointExtension>
<gpxtpx:hr>173</gpxtpx:hr>
</gpxtpx:TrackPointExtension>
</extensions>
</trkpt>
<trkpt lat="33.5839858" lon="130.3879062">
<ele>2.629</ele>
<time>2026-05-30T22:10:26Z</time>
<extensions>
<gpxtpx:TrackPointExtension>
<gpxtpx:hr>174</gpxtpx:hr>
</gpxtpx:TrackPointExtension>
</extensions>
</trkpt>
<trkpt lat="33.5839863" lon="130.3879138">
<ele>2.675</ele>
<time>2026-05-30T22:10:27Z</time>
<extensions>
<gpxtpx:TrackPointExtension>
<gpxtpx:hr>174</gpxtpx:hr>
</gpxtpx:TrackPointExtension>
</extensions>
</trkpt>
<trkpt lat="33.5839862" lon="130.38792">
<ele>2.708</ele>
<time>2026-05-30T22:10:28Z</time>
<extensions>
<gpxtpx:TrackPointExtension>
<gpxtpx:hr>174</gpxtpx:hr>
</gpxtpx:TrackPointExtension>
</extensions>
</trkpt>
<trkpt lat="33.5839858" lon="130.3879252">
<ele>2.715</ele>
<time>2026-05-30T22:10:29Z</time>
<extensions>
<gpxtpx:TrackPointExtension>
<gpxtpx:hr>174</gpxtpx:hr>
<gpxtpx:cad>94</gpxtpx:cad>
</gpxtpx:TrackPointExtension>
</extensions>
</trkpt>
<trkpt lat="33.583985" lon="130.3879296">
<ele>2.743</ele>
<time>2026-05-30T22:10:30Z</time>
<extensions>
<gpxtpx:TrackPointExtension>
<gpxtpx:hr>174</gpxtpx:hr>
</gpxtpx:TrackPointExtension>
</extensions>
</trkpt>
<trkpt lat="33.583984" lon="130.3879335">
<ele>2.854</ele>
<time>2026-05-30T22:10:31Z</time>
<extensions>
<gpxtpx:TrackPointExtension>
<gpxtpx:hr>174</gpxtpx:hr>
</gpxtpx:TrackPointExtension>
</extensions>
</trkpt>
<trkpt lat="33.5839828" lon="130.3879374">
<ele>2.814</ele>
<time>2026-05-30T22:10:32Z</time>
<extensions>
<gpxtpx:TrackPointExtension>
<gpxtpx:hr>173</gpxtpx:hr>
</gpxtpx:TrackPointExtension>
</extensions>
</trkpt>
<trkpt lat="33.5839814" lon="130.3879416">
<ele>2.749</ele>
<time>2026-05-30T22:10:33Z</time>
<extensions>
<gpxtpx:TrackPointExtension>
<gpxtpx:hr>174</gpxtpx:hr>
</gpxtpx:TrackPointExtension>
</extensions>
</trkpt>
<trkpt lat="33.5839802" lon="130.3879464">
<ele>2.838</ele>
<time>2026-05-30T22:10:34Z</time>
<extensions>
<gpxtpx:TrackPointExtension>
<gpxtpx:hr>174</gpxtpx:hr>
<gpxtpx:cad>14</gpxtpx:cad>
</gpxtpx:TrackPointExtension>
</extensions>
</trkpt>
<trkpt lat="33.5839791" lon="130.3879521">
<ele>2.87</ele>
<time>2026-05-30T22:10:35Z</time>
<extensions>
<gpxtpx:TrackPointExtension>
<gpxtpx:hr>174</gpxtpx:hr>
</gpxtpx:TrackPointExtension>
</extensions>
</trkpt>
<trkpt lat="33.5839781" lon="130.3879586">
<ele>2.903</ele>
<time>2026-05-30T22:10:36Z</time>
<extensions>
<gpxtpx:TrackPointExtension>
<gpxtpx:hr>172</gpxtpx:hr>
</gpxtpx:TrackPointExtension>
</extensions>
</trkpt>
<trkpt lat="33.5839791" lon="130.3879671">
<ele>2.577</ele>
<time>2026-05-30T22:10:37Z</time>
<extensions>
<gpxtpx:TrackPointExtension>
<gpxtpx:hr>171</gpxtpx:hr>
</gpxtpx:TrackPointExtension>
</extensions>
</trkpt>
<trkpt lat="33.5839782" lon="130.3879746">
<ele>2.405</ele>
<time>2026-05-30T22:10:38Z</time>
</trkpt>
<trkpt lat="33.5839783" lon="130.3879817">
<ele>2.342</ele>
<time>2026-05-30T22:10:39Z</time>
<extensions>
<gpxtpx:TrackPointExtension>
<gpxtpx:hr>169</gpxtpx:hr>
</gpxtpx:TrackPointExtension>
</extensions>
</trkpt>
<trkpt lat="33.5839777" lon="130.3879906">
<ele>2.304</ele>
<time>2026-05-30T22:10:40Z</time>
<extensions>
<gpxtpx:TrackPointExtension>
<gpxtpx:hr>168</gpxtpx:hr>
</gpxtpx:TrackPointExtension>
</extensions>
</trkpt>
<trkpt lat="33.5839772" lon="130.3879969">
<ele>2.304</ele>
<time>2026-05-30T22:10:41Z</time>
<extensions>
<gpxtpx:TrackPointExtension>
<gpxtpx:hr>168</gpxtpx:hr>
</gpxtpx:TrackPointExtension>
</extensions>
</trkpt>
<trkpt lat="33.583977" lon="130.3880078">
<ele>2.32</ele>
<time>2026-05-30T22:10:42Z</time>
<extensions>
<gpxtpx:TrackPointExtension>
<gpxtpx:hr>169</gpxtpx:hr>
</gpxtpx:TrackPointExtension>
</extensions>
</trkpt>
<trkpt lat="33.5839761" lon="130.3880139">
<ele>2.302</ele>
<time>2026-05-30T22:10:44Z</time>
<extensions>
<gpxtpx:TrackPointExtension>
<gpxtpx:hr>169</gpxtpx:hr>
</gpxtpx:TrackPointExtension>
</extensions>
</trkpt>
<trkpt lat="33.5839766" lon="130.388027">
<ele>2.309</ele>
<time>2026-05-30T22:10:45Z</time>
<extensions>
<gpxtpx:TrackPointExtension>
<gpxtpx:hr>169</gpxtpx:hr>
</gpxtpx:TrackPointExtension>
</extensions>
</trkpt>
<trkpt lat="33.5839755" lon="130.3880335">
<ele>2.337</ele>
<time>2026-05-30T22:10:46Z</time>
<extensions>
<gpxtpx:TrackPointExtension>
<gpxtpx:hr>169</gpxtpx:hr>
</gpxtpx:TrackPointExtension>
</extensions>
</trkpt>
<trkpt lat="33.5839768" lon="130.388049">
<ele>2.289</ele>
<time>2026-05-30T22:10:47Z</time>
<extensions>
<gpxtpx:TrackPointExtension>
<gpxtpx:hr>168</gpxtpx:hr>
</gpxtpx:TrackPointExtension>
</extensions>
</trkpt>
<trkpt lat="33.5839758" lon="130.3880565">
<ele>2.295</ele>
<time>2026-05-30T22:10:48Z</time>
<extensions>
<gpxtpx:TrackPointExtension>
<gpxtpx:hr>167</gpxtpx:hr>
</gpxtpx:TrackPointExtension>
</extensions>
</trkpt>
<trkpt lat="33.5839802" lon="130.3880815">
<ele>2.334</ele>
<time>2026-05-30T22:10:49Z</time>
<extensions>
<gpxtpx:TrackPointExtension>
<gpxtpx:hr>167</gpxtpx:hr>
</gpxtpx:TrackPointExtension>
</extensions>
</trkpt>
<trkpt lat="33.5839818" lon="130.3880976">
<ele>2.336</ele>
<time>2026-05-30T22:10:50Z</time>
<extensions>
<gpxtpx:TrackPointExtension>
<gpxtpx:hr>167</gpxtpx:hr>
</gpxtpx:TrackPointExtension>
</extensions>
</trkpt>
<trkpt lat="33.5839836" lon="130.3881139">
<ele>2.418</ele>
<time>2026-05-30T22:10:51Z</time>
<extensions>
<gpxtpx:TrackPointExtension>
<gpxtpx:hr>168</gpxtpx:hr>
</gpxtpx:TrackPointExtension>
</extensions>
</trkpt>
<trkpt lat="33.5839856" lon="130.3881303">
<ele>2.602</ele>
<time>2026-05-30T22:10:52Z</time>
<extensions>
<gpxtpx:TrackPointExtension>
<gpxtpx:hr>168</gpxtpx:hr>
</gpxtpx:TrackPointExtension>
</extensions>
</trkpt>
<trkpt lat="33.5839877" lon="130.3881466">
<ele>2.628</ele>
<time>2026-05-30T22:10:53Z</time>
<extensions>
<gpxtpx:TrackPointExtension>
<gpxtpx:hr>168</gpxtpx:hr>
</gpxtpx:TrackPointExtension>
</extensions>
</trkpt>
<trkpt lat="33.5839877" lon="130.3881577">
<ele>2.726</ele>
<time>2026-05-30T22:10:54Z</time>
<extensions>
<gpxtpx:TrackPointExtension>
<gpxtpx:hr>168</gpxtpx:hr>
</gpxtpx:TrackPointExtension>
</extensions>
</trkpt>
<trkpt lat="33.5839882" lon="130.3881704">
<ele>2.649</ele>
<time>2026-05-30T22:10:55Z</time>
<extensions>
<gpxtpx:TrackPointExtension>
<gpxtpx:hr>168</gpxtpx:hr>
<gpxtpx:cad>84</gpxtpx:cad>
</gpxtpx:TrackPointExtension>
</extensions>
</trkpt>
<trkpt lat="33.583989" lon="130.3881848">
<ele>2.527</ele>
<time>2026-05-30T22:10:56Z</time>
<extensions>
<gpxtpx:TrackPointExtension>
<gpxtpx:hr>168</gpxtpx:hr>
</gpxtpx:TrackPointExtension>
</extensions>
</trkpt>
<trkpt lat="33.5839903" lon="130.3882011">
<ele>2.496</ele>
<time>2026-05-30T22:10:57Z</time>
<extensions>
<gpxtpx:TrackPointExtension>
<gpxtpx:hr>167</gpxtpx:hr>
</gpxtpx:TrackPointExtension>
</extensions>
</trkpt>
<trkpt lat="33.5839922" lon="130.3882193">
<ele>2.547</ele>
<time>2026-05-30T22:10:58Z</time>
<extensions>
<gpxtpx:TrackPointExtension>
<gpxtpx:hr>167</gpxtpx:hr>
</gpxtpx:TrackPointExtension>
</extensions>
</trkpt>
<trkpt lat="33.5839946" lon="130.3882394">
<ele>2.52</ele>
<time>2026-05-30T22:10:59Z</time>
<extensions>
<gpxtpx:TrackPointExtension>
<gpxtpx:hr>167</gpxtpx:hr>
</gpxtpx:TrackPointExtension>
</extensions>
</trkpt>
<trkpt lat="33.5839977" lon="130.3882616">
<ele>2.361</ele>
<time>2026-05-30T22:11:00Z</time>
<extensions>
<gpxtpx:TrackPointExtension>
<gpxtpx:hr>166</gpxtpx:hr>
<gpxtpx:cad>175</gpxtpx:cad>
</gpxtpx:TrackPointExtension>
</extensions>
</trkpt>
<trkpt lat="33.5840015" lon="130.3882861">
<ele>2.272</ele>
<time>2026-05-30T22:11:01Z</time>
<extensions>
<gpxtpx:TrackPointExtension>
<gpxtpx:hr>166</gpxtpx:hr>
<gpxtpx:cad>176</gpxtpx:cad>
</gpxtpx:TrackPointExtension>
</extensions>
</trkpt>
<trkpt lat="33.5840062" lon="130.3883131">
<ele>2.303</ele>
<time>2026-05-30T22:11:02Z</time>
<extensions>
<gpxtpx:TrackPointExtension>
<gpxtpx:hr>165</gpxtpx:hr>
</gpxtpx:TrackPointExtension>
</extensions>
</trkpt>
<trkpt lat="33.5840117" lon="130.3883428">
<ele>2.195</ele>
<time>2026-05-30T22:11:03Z</time>
<extensions>
<gpxtpx:TrackPointExtension>
<gpxtpx:hr>165</gpxtpx:hr>
</gpxtpx:TrackPointExtension>
</extensions>
</trkpt>
<trkpt lat="33.5840187" lon="130.3883747">
<ele>2.076</ele>
<time>2026-05-30T22:11:04Z</time>
<extensions>
<gpxtpx:TrackPointExtension>
<gpxtpx:hr>165</gpxtpx:hr>
</gpxtpx:TrackPointExtension>
</extensions>
</trkpt>
<trkpt lat="33.5840283" lon="130.3884078">
<ele>2.039</ele>
<time>2026-05-30T22:11:05Z</time>
<extensions>
<gpxtpx:TrackPointExtension>
<gpxtpx:hr>165</gpxtpx:hr>
<gpxtpx:cad>179</gpxtpx:cad>
</gpxtpx:TrackPointExtension>
</extensions>
</trkpt>
<trkpt lat="33.5840376" lon="130.388441">
<ele>1.987</ele>
<time>2026-05-30T22:11:06Z</time>
<extensions>
<gpxtpx:TrackPointExtension>
<gpxtpx:hr>165</gpxtpx:hr>
</gpxtpx:TrackPointExtension>
</extensions>
</trkpt>
<trkpt lat="33.5840473" lon="130.3884744">
<ele>1.95</ele>
<time>2026-05-30T22:11:07Z</time>
<extensions>
<gpxtpx:TrackPointExtension>
<gpxtpx:hr>165</gpxtpx:hr>
</gpxtpx:TrackPointExtension>
</extensions>
</trkpt>
<trkpt lat="33.5840581" lon="130.3885079">
<ele>1.918</ele>
<time>2026-05-30T22:11:08Z</time>
<extensions>
<gpxtpx:TrackPointExtension>
<gpxtpx:hr>165</gpxtpx:hr>
</gpxtpx:TrackPointExtension>
</extensions>
</trkpt>
<trkpt lat="33.5840674" lon="130.3885409">
<ele>1.811</ele>
<time>2026-05-30T22:11:09Z</time>
<extensions>
<gpxtpx:TrackPointExtension>
<gpxtpx:hr>165</gpxtpx:hr>
</gpxtpx:TrackPointExtension>
</extensions>
</trkpt>
<trkpt lat="33.5840775" lon="130.3885745">
<ele>1.91</ele>
<time>2026-05-30T22:11:10Z</time>
<extensions>
<gpxtpx:TrackPointExtension>
<gpxtpx:hr>165</gpxtpx:hr>
<gpxtpx:cad>177</gpxtpx:cad>
</gpxtpx:TrackPointExtension>
</extensions>
</trkpt>
<trkpt lat="33.5840872" lon="130.388607">
<ele>1.842</ele>
<time>2026-05-30T22:11:11Z</time>
</trkpt>
<trkpt lat="33.5840967" lon="130.3886405">
<ele>1.641</ele>
<time>2026-05-30T22:11:12Z</time>
<extensions>
<gpxtpx:TrackPointExtension>
<gpxtpx:hr>165</gpxtpx:hr>
</gpxtpx:TrackPointExtension>
</extensions>
</trkpt>
<trkpt lat="33.5841067" lon="130.3886732">
<ele>1.581</ele>
<time>2026-05-30T22:11:13Z</time>
<extensions>
<gpxtpx:TrackPointExtension>
<gpxtpx:hr>165</gpxtpx:hr>
</gpxtpx:TrackPointExtension>
</extensions>
</trkpt>
<trkpt lat="33.5841157" lon="130.3887058">
<ele>1.511</ele>
<time>2026-05-30T22:11:14Z</time>
<extensions>
<gpxtpx:TrackPointExtension>
<gpxtpx:hr>166</gpxtpx:hr>
</gpxtpx:TrackPointExtension>
</extensions>
</trkpt>
<trkpt lat="33.5841266" lon="130.3887392">
<ele>1.423</ele>
<time>2026-05-30T22:11:15Z</time>
<extensions>
<gpxtpx:TrackPointExtension>
<gpxtpx:hr>166</gpxtpx:hr>
<gpxtpx:cad>179</gpxtpx:cad>
</gpxtpx:TrackPointExtension>
</extensions>
</trkpt>
<trkpt lat="33.5841345" lon="130.3887702">
<ele>1.508</ele>
<time>2026-05-30T22:11:16Z</time>
<extensions>
<gpxtpx:TrackPointExtension>
<gpxtpx:hr>166</gpxtpx:hr>
</gpxtpx:TrackPointExtension>
</extensions>
</trkpt>
<trkpt lat="33.5841429" lon="130.3887993">
<ele>1.433</ele>
<time>2026-05-30T22:11:17Z</time>
<extensions>
<gpxtpx:TrackPointExtension>
<gpxtpx:hr>166</gpxtpx:hr>
</gpxtpx:TrackPointExtension>
</extensions>
</trkpt>
<trkpt lat="33.5841528" lon="130.3888299">
<ele>1.285</ele>
<time>2026-05-30T22:11:18Z</time>
<extensions>
<gpxtpx:TrackPointExtension>
<gpxtpx:hr>165</gpxtpx:hr>
</gpxtpx:TrackPointExtension>
</extensions>
</trkpt>
<trkpt lat="33.5841628" lon="130.3888599">
<ele>1.294</ele>
<time>2026-05-30T22:11:19Z</time>
<extensions>
<gpxtpx:TrackPointExtension>
<gpxtpx:hr>165</gpxtpx:hr>
</gpxtpx:TrackPointExtension>
</extensions>
</trkpt>
<trkpt lat="33.5841732" lon="130.3888875">
<ele>1.399</ele>
<time>2026-05-30T22:11:20Z</time>
<extensions>
<gpxtpx:TrackPointExtension>
<gpxtpx:hr>165</gpxtpx:hr>
<gpxtpx:cad>179</gpxtpx:cad>
</gpxtpx:TrackPointExtension>
</extensions>
</trkpt>
<trkpt lat="33.5841838" lon="130.3889158">
<ele>1.851</ele>
<time>2026-05-30T22:11:21Z</time>
<extensions>
<gpxtpx:TrackPointExtension>
<gpxtpx:hr>165</gpxtpx:hr>
</gpxtpx:TrackPointExtension>
</extensions>
</trkpt>
<trkpt lat="33.5841942" lon="130.3889457">
<ele>2.206</ele>
<time>2026-05-30T22:11:22Z</time>
<extensions>
<gpxtpx:TrackPointExtension>
<gpxtpx:hr>165</gpxtpx:hr>
</gpxtpx:TrackPointExtension>
</extensions>
</trkpt>
<trkpt lat="33.5842044" lon="130.3889745">
<ele>2.129</ele>
<time>2026-05-30T22:11:23Z</time>
<extensions>
<gpxtpx:TrackPointExtension>
<gpxtpx:hr>165</gpxtpx:hr>
</gpxtpx:TrackPointExtension>
</extensions>
</trkpt>
<trkpt lat="33.5842151" lon="130.3890039">
<ele>2.207</ele>
<time>2026-05-30T22:11:24Z</time>
</trkpt>
<trkpt lat="33.5842258" lon="130.3890343">
<ele>2.241</ele>
<time>2026-05-30T22:11:25Z</time>
<extensions>
<gpxtpx:TrackPointExtension>
<gpxtpx:hr>165</gpxtpx:hr>
<gpxtpx:cad>176</gpxtpx:cad>
</gpxtpx:TrackPointExtension>
</extensions>
</trkpt>
<trkpt lat="33.5842379" lon="130.3890653">
<ele>2.175</ele>
<time>2026-05-30T22:11:26Z</time>
<extensions>
<gpxtpx:TrackPointExtension>
<gpxtpx:hr>165</gpxtpx:hr>
</gpxtpx:TrackPointExtension>
</extensions>
</trkpt>
<trkpt lat="33.584248" lon="130.3890957">
<ele>2.095</ele>
<time>2026-05-30T22:11:27Z</time>
<extensions>
<gpxtpx:TrackPointExtension>
<gpxtpx:hr>165</gpxtpx:hr>
</gpxtpx:TrackPointExtension>
</extensions>
</trkpt>
<trkpt lat="33.5842574" lon="130.389126">
<ele>2.02</ele>
<time>2026-05-30T22:11:28Z</time>
<extensions>
<gpxtpx:TrackPointExtension>
<gpxtpx:hr>165</gpxtpx:hr>
</gpxtpx:TrackPointExtension>
</extensions>
</trkpt>
<trkpt lat="33.5842667" lon="130.3891557">
<ele>2.006</ele>
<time>2026-05-30T22:11:29Z</time>
<extensions>
<gpxtpx:TrackPointExtension>
<gpxtpx:hr>165</gpxtpx:hr>
</gpxtpx:TrackPointExtension>
</extensions>
</trkpt>
<trkpt lat="33.5842763" lon="130.3891844">
<ele>1.963</ele>
<time>2026-05-30T22:11:30Z</time>
<extensions>
<gpxtpx:TrackPointExtension>
<gpxtpx:hr>165</gpxtpx:hr>
<gpxtpx:cad>175</gpxtpx:cad>
</gpxtpx:TrackPointExtension>
</extensions>
</trkpt>
<trkpt lat="33.5842862" lon="130.3892125">
<ele>1.963</ele>
<time>2026-05-30T22:11:31Z</time>
<extensions>
<gpxtpx:TrackPointExtension>
<gpxtpx:hr>166</gpxtpx:hr>
</gpxtpx:TrackPointExtension>
</extensions>
</trkpt>
<trkpt lat="33.5843009" lon="130.3892452">
<ele>1.966</ele>
<time>2026-05-30T22:11:32Z</time>
<extensions>
<gpxtpx:TrackPointExtension>
<gpxtpx:hr>167</gpxtpx:hr>
<gpxtpx:cad>176</gpxtpx:cad>
</gpxtpx:TrackPointExtension>
</extensions>
</trkpt>
<trkpt lat="33.5843118" lon="130.389273">
<ele>1.826</ele>
<time>2026-05-30T22:11:33Z</time>
<extensions>
<gpxtpx:TrackPointExtension>
<gpxtpx:hr>167</gpxtpx:hr>
</gpxtpx:TrackPointExtension>
</extensions>
</trkpt>
<trkpt lat="33.5843277" lon="130.3893052">
<ele>1.82</ele>
<time>2026-05-30T22:11:34Z</time>
<extensions>
<gpxtpx:TrackPointExtension>
<gpxtpx:hr>168</gpxtpx:hr>
</gpxtpx:TrackPointExtension>
</extensions>
</trkpt>
<trkpt lat="33.5843421" lon="130.3893358">
<ele>1.849</ele>
<time>2026-05-30T22:11:35Z</time>
<extensions>
<gpxtpx:TrackPointExtension>
<gpxtpx:hr>168</gpxtpx:hr>
<gpxtpx:cad>178</gpxtpx:cad>
</gpxtpx:TrackPointExtension>
</extensions>
</trkpt>
<trkpt lat="33.584357" lon="130.3893666">
<ele>1.832</ele>
<time>2026-05-30T22:11:36Z</time>
<extensions>
<gpxtpx:TrackPointExtension>
<gpxtpx:hr>168</gpxtpx:hr>
</gpxtpx:TrackPointExtension>
</extensions>
</trkpt>
<trkpt lat="33.5843706" lon="130.3893958">
<ele>1.814</ele>
<time>2026-05-30T22:11:37Z</time>
<extensions>
<gpxtpx:TrackPointExtension>
<gpxtpx:hr>168</gpxtpx:hr>
</gpxtpx:TrackPointExtension>
</extensions>
</trkpt>
<trkpt lat="33.5843853" lon="130.3894265">
<ele>1.847</ele>
<time>2026-05-30T22:11:38Z</time>
<extensions>
<gpxtpx:TrackPointExtension>
<gpxtpx:hr>168</gpxtpx:hr>
</gpxtpx:TrackPointExtension>
</extensions>
</trkpt>
<trkpt lat="33.5844007" lon="130.3894591">
<ele>1.843</ele>
<time>2026-05-30T22:11:39Z</time>
<extensions>
<gpxtpx:TrackPointExtension>
<gpxtpx:hr>168</gpxtpx:hr>
</gpxtpx:TrackPointExtension>
</extensions>
</trkpt>
<trkpt lat="33.584419" lon="130.3894918">
<ele>1.83</ele>
<time>2026-05-30T22:11:40Z</time>
<extensions>
<gpxtpx:TrackPointExtension>
<gpxtpx:hr>168</gpxtpx:hr>
<gpxtpx:cad>180</gpxtpx:cad>
</gpxtpx:TrackPointExtension>
</extensions>
</trkpt>
<trkpt lat="33.5844334" lon="130.3895256">
<ele>1.823</ele>
<time>2026-05-30T22:11:41Z</time>
<extensions>
<gpxtpx:TrackPointExtension>
<gpxtpx:hr>167</gpxtpx:hr>
</gpxtpx:TrackPointExtension>
</extensions>
</trkpt>
<trkpt lat="33.5844499" lon="130.3895589">
<ele>1.778</ele>
<time>2026-05-30T22:11:42Z</time>
<extensions>
<gpxtpx:TrackPointExtension>
<gpxtpx:hr>167</gpxtpx:hr>
</gpxtpx:TrackPointExtension>
</extensions>
</trkpt>
<trkpt lat="33.5844677" lon="130.3895907">
<ele>1.741</ele>
<time>2026-05-30T22:11:43Z</time>
<extensions>
<gpxtpx:TrackPointExtension>
<gpxtpx:hr>168</gpxtpx:hr>
</gpxtpx:TrackPointExtension>
</extensions>
</trkpt>
<trkpt lat="33.5844843" lon="130.3896239">
<ele>1.825</ele>
<time>2026-05-30T22:11:44Z</time>
<extensions>
<gpxtpx:TrackPointExtension>
<gpxtpx:hr>168</gpxtpx:hr>
</gpxtpx:TrackPointExtension>
</extensions>
</trkpt>
<trkpt lat="33.5845003" lon="130.389656">
<ele>1.823</ele>
<time>2026-05-30T22:11:45Z</time>
<extensions>
<gpxtpx:TrackPointExtension>
<gpxtpx:hr>168</gpxtpx:hr>
<gpxtpx:cad>178</gpxtpx:cad>
</gpxtpx:TrackPointExtension>
</extensions>
</trkpt>
<trkpt lat="33.5845181" lon="130.3896893">
<ele>1.764</ele>
<time>2026-05-30T22:11:46Z</time>
<extensions>
<gpxtpx:TrackPointExtension>
<gpxtpx:hr>168</gpxtpx:hr>
</gpxtpx:TrackPointExtension>
</extensions>
</trkpt>
<trkpt lat="33.5845314" lon="130.3897201">
<ele>1.771</ele>
<time>2026-05-30T22:11:47Z</time>
<extensions>
<gpxtpx:TrackPointExtension>
<gpxtpx:hr>168</gpxtpx:hr>
</gpxtpx:TrackPointExtension>
</extensions>
</trkpt>
<trkpt lat="33.5845461" lon="130.3897519">
<ele>1.729</ele>
<time>2026-05-30T22:11:48Z</time>
<extensions>
<gpxtpx:TrackPointExtension>
<gpxtpx:hr>168</gpxtpx:hr>
</gpxtpx:TrackPointExtension>
</extensions>
</trkpt>
<trkpt lat="33.5845589" lon="130.389783">
<ele>1.688</ele>
<time>2026-05-30T22:11:49Z</time>
<extensions>
<gpxtpx:TrackPointExtension>
<gpxtpx:hr>168</gpxtpx:hr>
</gpxtpx:TrackPointExtension>
</extensions>
</trkpt>
<trkpt lat="33.5845772" lon="130.3898149">
<ele>1.621</ele>
<time>2026-05-30T22:11:50Z</time>
<extensions>
<gpxtpx:TrackPointExtension>
<gpxtpx:hr>168</gpxtpx:hr>
<gpxtpx:cad>178</gpxtpx:cad>
</gpxtpx:TrackPointExtension>
</extensions>
</trkpt>
<trkpt lat="33.5845888" lon="130.3898456">
<ele>1.675</ele>
<time>2026-05-30T22:11:51Z</time>
<extensions>
<gpxtpx:TrackPointExtension>
<gpxtpx:hr>168</gpxtpx:hr>
</gpxtpx:TrackPointExtension>
</extensions>
</trkpt>
<trkpt lat="33.5846047" lon="130.389876">
<ele>1.75</ele>
<time>2026-05-30T22:11:52Z</time>
<extensions>
<gpxtpx:TrackPointExtension>
<gpxtpx:hr>168</gpxtpx:hr>
</gpxtpx:TrackPointExtension>
</extensions>
</trkpt>
<trkpt lat="33.5846163" lon="130.3899062">
<ele>1.889</ele>
<time>2026-05-30T22:11:53Z</time>
<extensions>
<gpxtpx:TrackPointExtension>
<gpxtpx:hr>168</gpxtpx:hr>
</gpxtpx:TrackPointExtension>
</extensions>
</trkpt>
<trkpt lat="33.5846269" lon="130.3899363">
<ele>1.871</ele>
<time>2026-05-30T22:11:54Z</time>
<extensions>
<gpxtpx:TrackPointExtension>
<gpxtpx:hr>167</gpxtpx:hr>
</gpxtpx:TrackPointExtension>
</extensions>
</trkpt>
<trkpt lat="33.5846339" lon="130.3899677">
<ele>1.854</ele>
<time>2026-05-30T22:11:55Z</time>
<extensions>
<gpxtpx:TrackPointExtension>
<gpxtpx:hr>167</gpxtpx:hr>
<gpxtpx:cad>177</gpxtpx:cad>
</gpxtpx:TrackPointExtension>
</extensions>
</trkpt>
<trkpt lat="33.584642" lon="130.3899988">
<ele>1.773</ele>
<time>2026-05-30T22:11:56Z</time>
<extensions>
<gpxtpx:TrackPointExtension>
<gpxtpx:hr>167</gpxtpx:hr>
</gpxtpx:TrackPointExtension>
</extensions>
</trkpt>
<trkpt lat="33.5846509" lon="130.3900304">
<ele>1.695</ele>
<time>2026-05-30T22:11:57Z</time>
<extensions>
<gpxtpx:TrackPointExtension>
<gpxtpx:hr>167</gpxtpx:hr>
</gpxtpx:TrackPointExtension>
</extensions>
</trkpt>
<trkpt lat="33.5846601" lon="130.3900617">
<ele>1.483</ele>
<time>2026-05-30T22:11:58Z</time>
<extensions>
<gpxtpx:TrackPointExtension>
<gpxtpx:hr>167</gpxtpx:hr>
</gpxtpx:TrackPointExtension>
</extensions>
</trkpt>
<trkpt lat="33.5846679" lon="130.390093">
<ele>1.261</ele>
<time>2026-05-30T22:11:59Z</time>
<extensions>
<gpxtpx:TrackPointExtension>
<gpxtpx:hr>167</gpxtpx:hr>
</gpxtpx:TrackPointExtension>
</extensions>
</trkpt>
<trkpt lat="33.584678" lon="130.3901246">
<ele>1.324</ele>
<time>2026-05-30T22:12:00Z</time>
<extensions>
<gpxtpx:TrackPointExtension>
<gpxtpx:hr>167</gpxtpx:hr>
<gpxtpx:cad>176</gpxtpx:cad>
</gpxtpx:TrackPointExtension>
</extensions>
</trkpt>
<trkpt lat="33.5846893" lon="130.3901562">
<ele>1.506</ele>
<time>2026-05-30T22:12:01Z</time>
<extensions>
<gpxtpx:TrackPointExtension>
<gpxtpx:hr>167</gpxtpx:hr>
</gpxtpx:TrackPointExtension>
</extensions>
</trkpt>
<trkpt lat="33.5847005" lon="130.3901878">
<ele>1.684</ele>
<time>2026-05-30T22:12:02Z</time>
<extensions>
<gpxtpx:TrackPointExtension>
<gpxtpx:hr>168</gpxtpx:hr>
<gpxtpx:cad>175</gpxtpx:cad>
</gpxtpx:TrackPointExtension>
</extensions>
</trkpt>
<trkpt lat="33.5847181" lon="130.3902191">
<ele>1.785</ele>
<time>2026-05-30T22:12:03Z</time>
<extensions>
<gpxtpx:TrackPointExtension>
<gpxtpx:hr>168</gpxtpx:hr>
</gpxtpx:TrackPointExtension>
</extensions>
</trkpt>
<trkpt lat="33.5847311" lon="130.3902507">
<ele>1.839</ele>
<time>2026-05-30T22:12:04Z</time>
<extensions>
<gpxtpx:TrackPointExtension>
<gpxtpx:hr>168</gpxtpx:hr>
</gpxtpx:TrackPointExtension>
</extensions>
</trkpt>
<trkpt lat="33.5847452" lon="130.3902822">
<ele>1.821</ele>
<time>2026-05-30T22:12:05Z</time>
<extensions>
<gpxtpx:TrackPointExtension>
<gpxtpx:hr>169</gpxtpx:hr>
<gpxtpx:cad>175</gpxtpx:cad>
</gpxtpx:TrackPointExtension>
</extensions>
</trkpt>
<trkpt lat="33.5847619" lon="130.3903132">
<ele>1.799</ele>
<time>2026-05-30T22:12:06Z</time>
<extensions>
<gpxtpx:TrackPointExtension>
<gpxtpx:hr>169</gpxtpx:hr>
</gpxtpx:TrackPointExtension>
</extensions>
</trkpt>
<trkpt lat="33.5847786" lon="130.3903442">
<ele>1.67</ele>
<time>2026-05-30T22:12:07Z</time>
<extensions>
<gpxtpx:TrackPointExtension>
<gpxtpx:hr>168</gpxtpx:hr>
</gpxtpx:TrackPointExtension>
</extensions>
</trkpt>
<trkpt lat="33.5847951" lon="130.3903752">
<ele>1.704</ele>
<time>2026-05-30T22:12:08Z</time>
<extensions>
<gpxtpx:TrackPointExtension>
<gpxtpx:hr>168</gpxtpx:hr>
</gpxtpx:TrackPointExtension>
</extensions>
</trkpt>
<trkpt lat="33.5848105" lon="130.3904066">
<ele>1.679</ele>
<time>2026-05-30T22:12:09Z</time>
<extensions>
<gpxtpx:TrackPointExtension>
<gpxtpx:hr>168</gpxtpx:hr>
</gpxtpx:TrackPointExtension>
</extensions>
</trkpt>
<trkpt lat="33.5848262" lon="130.3904379">
<ele>1.693</ele>
<time>2026-05-30T22:12:10Z</time>
<extensions>
<gpxtpx:TrackPointExtension>
<gpxtpx:hr>168</gpxtpx:hr>
<gpxtpx:cad>175</gpxtpx:cad>
</gpxtpx:TrackPointExtension>
</extensions>
</trkpt>
<trkpt lat="33.5848407" lon="130.3904694">
<ele>1.625</ele>
<time>2026-05-30T22:12:11Z</time>
<extensions>
<gpxtpx:TrackPointExtension>
<gpxtpx:hr>169</gpxtpx:hr>
</gpxtpx:TrackPointExtension>
</extensions>
</trkpt>
<trkpt lat="33.5848547" lon="130.3905007">
<ele>1.679</ele>
<time>2026-05-30T22:12:12Z</time>
<extensions>
<gpxtpx:TrackPointExtension>
<gpxtpx:hr>169</gpxtpx:hr>
</gpxtpx:TrackPointExtension>
</extensions>
</trkpt>
<trkpt lat="33.5848683" lon="130.3905318">
<ele>1.727</ele>
<time>2026-05-30T22:12:13Z</time>
<extensions>
<gpxtpx:TrackPointExtension>
<gpxtpx:hr>170</gpxtpx:hr>
</gpxtpx:TrackPointExtension>
</extensions>
</trkpt>
<trkpt lat="33.5848816" lon="130.390562">
<ele>1.678</ele>
<time>2026-05-30T22:12:14Z</time>
<extensions>
<gpxtpx:TrackPointExtension>
<gpxtpx:hr>170</gpxtpx:hr>
</gpxtpx:TrackPointExtension>
</extensions>
</trkpt>
<trkpt lat="33.5848949" lon="130.3905911">
<ele>1.427</ele>
<time>2026-05-30T22:12:15Z</time>
<extensions>
<gpxtpx:TrackPointExtension>
<gpxtpx:hr>170</gpxtpx:hr>
<gpxtpx:cad>177</gpxtpx:cad>
</gpxtpx:TrackPointExtension>
</extensions>
</trkpt>
<trkpt lat="33.5849084" lon="130.3906191">
<ele>1.294</ele>
<time>2026-05-30T22:12:16Z</time>
<extensions>
<gpxtpx:TrackPointExtension>
<gpxtpx:hr>170</gpxtpx:hr>
</gpxtpx:TrackPointExtension>
</extensions>
</trkpt>
<trkpt lat="33.584924" lon="130.3906496">
<ele>1.325</ele>
<time>2026-05-30T22:12:17Z</time>
<extensions>
<gpxtpx:TrackPointExtension>
<gpxtpx:hr>170</gpxtpx:hr>
</gpxtpx:TrackPointExtension>
</extensions>
</trkpt>
<trkpt lat="33.5849335" lon="130.3906711">
<ele>1.423</ele>
<time>2026-05-30T22:12:18Z</time>
<extensions>
<gpxtpx:TrackPointExtension>
<gpxtpx:hr>169</gpxtpx:hr>
</gpxtpx:TrackPointExtension>
</extensions>
</trkpt>
<trkpt lat="33.5849451" lon="130.3906958">
<ele>1.391</ele>
<time>2026-05-30T22:12:19Z</time>
<extensions>
<gpxtpx:TrackPointExtension>
<gpxtpx:hr>169</gpxtpx:hr>
</gpxtpx:TrackPointExtension>
</extensions>
</trkpt>
<trkpt lat="33.5849538" lon="130.3907138">
<ele>1.311</ele>
<time>2026-05-30T22:12:20Z</time>
<extensions>
<gpxtpx:TrackPointExtension>
<gpxtpx:hr>169</gpxtpx:hr>
<gpxtpx:cad>176</gpxtpx:cad>
</gpxtpx:TrackPointExtension>
</extensions>
</trkpt>
<trkpt lat="33.5849641" lon="130.3907371">
<ele>1.168</ele>
<time>2026-05-30T22:12:21Z</time>
<extensions>
<gpxtpx:TrackPointExtension>
<gpxtpx:hr>168</gpxtpx:hr>
</gpxtpx:TrackPointExtension>
</extensions>
</trkpt>
<trkpt lat="33.5849714" lon="130.3907535">
<ele>1.191</ele>
<time>2026-05-30T22:12:22Z</time>
<extensions>
<gpxtpx:TrackPointExtension>
<gpxtpx:hr>168</gpxtpx:hr>
</gpxtpx:TrackPointExtension>
</extensions>
</trkpt>
<trkpt lat="33.5849783" lon="130.3907692">
<ele>1.461</ele>
<time>2026-05-30T22:12:23Z</time>
<extensions>
<gpxtpx:TrackPointExtension>
<gpxtpx:hr>168</gpxtpx:hr>
</gpxtpx:TrackPointExtension>
</extensions>
</trkpt>
<trkpt lat="33.5849833" lon="130.3907793">
<ele>1.472</ele>
<time>2026-05-30T22:12:24Z</time>
<extensions>
<gpxtpx:TrackPointExtension>
<gpxtpx:hr>168</gpxtpx:hr>
</gpxtpx:TrackPointExtension>
</extensions>
</trkpt>
<trkpt lat="33.5849874" lon="130.3907882">
<ele>1.296</ele>
<time>2026-05-30T22:12:25Z</time>
<extensions>
<gpxtpx:TrackPointExtension>
<gpxtpx:hr>168</gpxtpx:hr>
<gpxtpx:cad>134</gpxtpx:cad>
</gpxtpx:TrackPointExtension>
</extensions>
</trkpt>
<trkpt lat="33.5849906" lon="130.3907959">
<ele>1.238</ele>
<time>2026-05-30T22:12:26Z</time>
<extensions>
<gpxtpx:TrackPointExtension>
<gpxtpx:hr>167</gpxtpx:hr>
</gpxtpx:TrackPointExtension>
</extensions>
</trkpt>
<trkpt lat="33.5849929" lon="130.3908026">
<ele>1.168</ele>
<time>2026-05-30T22:12:27Z</time>
<extensions>
<gpxtpx:TrackPointExtension>
<gpxtpx:hr>167</gpxtpx:hr>
</gpxtpx:TrackPointExtension>
</extensions>
</trkpt>
<trkpt lat="33.5849946" lon="130.3908085">
<ele>1.153</ele>
<time>2026-05-30T22:12:28Z</time>
<extensions>
<gpxtpx:TrackPointExtension>
<gpxtpx:hr>169</gpxtpx:hr>
</gpxtpx:TrackPointExtension>
</extensions>
</trkpt>
<trkpt lat="33.5849979" lon="130.3908182">
<ele>1.311</ele>
<time>2026-05-30T22:12:29Z</time>
<extensions>
<gpxtpx:TrackPointExtension>
<gpxtpx:hr>169</gpxtpx:hr>
</gpxtpx:TrackPointExtension>
</extensions>
</trkpt>
<trkpt lat="33.585001" lon="130.3908275">
<ele>1.485</ele>
<time>2026-05-30T22:12:30Z</time>
<extensions>
<gpxtpx:TrackPointExtension>
<gpxtpx:hr>170</gpxtpx:hr>
<gpxtpx:cad>47</gpxtpx:cad>
</gpxtpx:TrackPointExtension>
</extensions>
</trkpt>
<trkpt lat="33.585004" lon="130.3908361">
<ele>1.55</ele>
<time>2026-05-30T22:12:31Z</time>
<extensions>
<gpxtpx:TrackPointExtension>
<gpxtpx:hr>170</gpxtpx:hr>
</gpxtpx:TrackPointExtension>
</extensions>
</trkpt>
<trkpt lat="33.5850068" lon="130.390844">
<ele>1.607</ele>
<time>2026-05-30T22:12:32Z</time>
<extensions>
<gpxtpx:TrackPointExtension>
<gpxtpx:hr>170</gpxtpx:hr>
</gpxtpx:TrackPointExtension>
</extensions>
</trkpt>
<trkpt lat="33.5850093" lon="130.3908512">
<ele>1.594</ele>
<time>2026-05-30T22:12:33Z</time>
<extensions>
<gpxtpx:TrackPointExtension>
<gpxtpx:hr>169</gpxtpx:hr>
</gpxtpx:TrackPointExtension>
</extensions>
</trkpt>
<trkpt lat="33.585009" lon="130.3908536">
<ele>1.668</ele>
<time>2026-05-30T22:12:34Z</time>
<extensions>
<gpxtpx:TrackPointExtension>
<gpxtpx:hr>167</gpxtpx:hr>
</gpxtpx:TrackPointExtension>
</extensions>
</trkpt>
<trkpt lat="33.5850085" lon="130.3908557">
<ele>1.713</ele>
<time>2026-05-30T22:12:35Z</time>
<extensions>
<gpxtpx:TrackPointExtension>
<gpxtpx:cad>19</gpxtpx:cad>
</gpxtpx:TrackPointExtension>
</extensions>
</trkpt>
<trkpt lat="33.5850113" lon="130.3908636">
<ele>1.506</ele>
<time>2026-05-30T22:12:36Z</time>
<extensions>
<gpxtpx:TrackPointExtension>
<gpxtpx:hr>165</gpxtpx:hr>
</gpxtpx:TrackPointExtension>
</extensions>
</trkpt>
<trkpt lat="33.5850103" lon="130.3908648">
<ele>1.305</ele>
<time>2026-05-30T22:12:37Z</time>
<extensions>
<gpxtpx:TrackPointExtension>
<gpxtpx:hr>164</gpxtpx:hr>
</gpxtpx:TrackPointExtension>
</extensions>
</trkpt>
<trkpt lat="33.5850121" lon="130.3908709">
<ele>1.195</ele>
<time>2026-05-30T22:12:38Z</time>
<extensions>
<gpxtpx:TrackPointExtension>
<gpxtpx:hr>162</gpxtpx:hr>
</gpxtpx:TrackPointExtension>
</extensions>
</trkpt>
<trkpt lat="33.5850108" lon="130.3908717">
<ele>1.148</ele>
<time>2026-05-30T22:12:39Z</time>
<extensions>
<gpxtpx:TrackPointExtension>
<gpxtpx:hr>162</gpxtpx:hr>
</gpxtpx:TrackPointExtension>
</extensions>
</trkpt>
<trkpt lat="33.5850116" lon="130.3908761">
<ele>1.149</ele>
<time>2026-05-30T22:12:40Z</time>
<extensions>
<gpxtpx:TrackPointExtension>
<gpxtpx:hr>162</gpxtpx:hr>
<gpxtpx:cad>49</gpxtpx:cad>
</gpxtpx:TrackPointExtension>
</extensions>
</trkpt>
<trkpt lat="33.5850103" lon="130.3908767">
<ele>1.187</ele>
<time>2026-05-30T22:12:41Z</time>
<extensions>
<gpxtpx:TrackPointExtension>
<gpxtpx:hr>162</gpxtpx:hr>
</gpxtpx:TrackPointExtension>
</extensions>
</trkpt>
<trkpt lat="33.5850103" lon="130.3908798">
<ele>1.193</ele>
<time>2026-05-30T22:12:42Z</time>
<extensions>
<gpxtpx:TrackPointExtension>
<gpxtpx:hr>162</gpxtpx:hr>
</gpxtpx:TrackPointExtension>
</extensions>
</trkpt>
<trkpt lat="33.585009" lon="130.3908807">
<ele>1.234</ele>
<time>2026-05-30T22:12:43Z</time>
<extensions>
<gpxtpx:TrackPointExtension>
<gpxtpx:hr>162</gpxtpx:hr>
</gpxtpx:TrackPointExtension>
</extensions>
</trkpt>
<trkpt lat="33.5850085" lon="130.3908828">
<ele>1.222</ele>
<time>2026-05-30T22:12:44Z</time>
<extensions>
<gpxtpx:TrackPointExtension>
<gpxtpx:hr>163</gpxtpx:hr>
</gpxtpx:TrackPointExtension>
</extensions>
</trkpt>
<trkpt lat="33.5850075" lon="130.3908842">
<ele>1.179</ele>
<time>2026-05-30T22:12:45Z</time>
<extensions>
<gpxtpx:TrackPointExtension>
<gpxtpx:hr>163</gpxtpx:hr>
<gpxtpx:cad>29</gpxtpx:cad>
</gpxtpx:TrackPointExtension>
</extensions>
</trkpt>
<trkpt lat="33.5850065" lon="130.3908854">
<ele>1.174</ele>
<time>2026-05-30T22:12:46Z</time>
<extensions>
<gpxtpx:TrackPointExtension>
<gpxtpx:hr>163</gpxtpx:hr>
</gpxtpx:TrackPointExtension>
</extensions>
</trkpt>
<trkpt lat="33.585006" lon="130.3908876">
<ele>1.181</ele>
<time>2026-05-30T22:12:47Z</time>
<extensions>
<gpxtpx:TrackPointExtension>
<gpxtpx:hr>162</gpxtpx:hr>
</gpxtpx:TrackPointExtension>
</extensions>
</trkpt>
<trkpt lat="33.5850048" lon="130.3908884">
<ele>1.142</ele>
<time>2026-05-30T22:12:48Z</time>
<extensions>
<gpxtpx:TrackPointExtension>
<gpxtpx:hr>162</gpxtpx:hr>
</gpxtpx:TrackPointExtension>
</extensions>
</trkpt>
<trkpt lat="33.585005" lon="130.3908917">
<ele>1.159</ele>
<time>2026-05-30T22:12:49Z</time>
<extensions>
<gpxtpx:TrackPointExtension>
<gpxtpx:hr>161</gpxtpx:hr>
</gpxtpx:TrackPointExtension>
</extensions>
</trkpt>
<trkpt lat="33.5850037" lon="130.3908923">
<ele>1.172</ele>
<time>2026-05-30T22:12:50Z</time>
<extensions>
<gpxtpx:TrackPointExtension>
<gpxtpx:hr>160</gpxtpx:hr>
</gpxtpx:TrackPointExtension>
</extensions>
</trkpt>
<trkpt lat="33.5850045" lon="130.3908971">
<ele>1.183</ele>
<time>2026-05-30T22:12:51Z</time>
<extensions>
<gpxtpx:TrackPointExtension>
<gpxtpx:hr>160</gpxtpx:hr>
</gpxtpx:TrackPointExtension>
</extensions>
</trkpt>
<trkpt lat="33.5850033" lon="130.390898">
<ele>1.158</ele>
<time>2026-05-30T22:12:52Z</time>
<extensions>
<gpxtpx:TrackPointExtension>
<gpxtpx:hr>159</gpxtpx:hr>
</gpxtpx:TrackPointExtension>
</extensions>
</trkpt>
<trkpt lat="33.5850047" lon="130.3909045">
<ele>1.161</ele>
<time>2026-05-30T22:12:53Z</time>
<extensions>
<gpxtpx:TrackPointExtension>
<gpxtpx:hr>159</gpxtpx:hr>
</gpxtpx:TrackPointExtension>
</extensions>
</trkpt>
<trkpt lat="33.5850038" lon="130.3909059">
<ele>1.139</ele>
<time>2026-05-30T22:12:54Z</time>
<extensions>
<gpxtpx:TrackPointExtension>
<gpxtpx:hr>158</gpxtpx:hr>
</gpxtpx:TrackPointExtension>
</extensions>
</trkpt>
<trkpt lat="33.5850058" lon="130.3909144">
<ele>1.136</ele>
<time>2026-05-30T22:12:55Z</time>
<extensions>
<gpxtpx:TrackPointExtension>
<gpxtpx:hr>157</gpxtpx:hr>
</gpxtpx:TrackPointExtension>
</extensions>
</trkpt>
<trkpt lat="33.5850053" lon="130.3909168">
<ele>1.163</ele>
<time>2026-05-30T22:12:56Z</time>
<extensions>
<gpxtpx:TrackPointExtension>
<gpxtpx:hr>157</gpxtpx:hr>
</gpxtpx:TrackPointExtension>
</extensions>
</trkpt>
<trkpt lat="33.5850079" lon="130.3909273">
<ele>1.162</ele>
<time>2026-05-30T22:12:57Z</time>
<extensions>
<gpxtpx:TrackPointExtension>
<gpxtpx:hr>156</gpxtpx:hr>
</gpxtpx:TrackPointExtension>
</extensions>
</trkpt>
<trkpt lat="33.5850079" lon="130.3909307">
<ele>1.144</ele>
<time>2026-05-30T22:12:58Z</time>
<extensions>
<gpxtpx:TrackPointExtension>
<gpxtpx:hr>155</gpxtpx:hr>
</gpxtpx:TrackPointExtension>
</extensions>
</trkpt>
<trkpt lat="33.5850109" lon="130.3909431">
<ele>1.17</ele>
<time>2026-05-30T22:12:59Z</time>
<extensions>
<gpxtpx:TrackPointExtension>
<gpxtpx:hr>154</gpxtpx:hr>
</gpxtpx:TrackPointExtension>
</extensions>
</trkpt>
<trkpt lat="33.5850116" lon="130.390948">
<ele>1.358</ele>
<time>2026-05-30T22:13:00Z</time>
<extensions>
<gpxtpx:TrackPointExtension>
<gpxtpx:hr>153</gpxtpx:hr>
</gpxtpx:TrackPointExtension>
</extensions>
</trkpt>
<trkpt lat="33.585015" lon="130.3909623">
<ele>1.624</ele>
<time>2026-05-30T22:13:01Z</time>
<extensions>
<gpxtpx:TrackPointExtension>
<gpxtpx:hr>152</gpxtpx:hr>
</gpxtpx:TrackPointExtension>
</extensions>
</trkpt>
<trkpt lat="33.5850164" lon="130.3909689">
<ele>1.802</ele>
<time>2026-05-30T22:13:02Z</time>
<extensions>
<gpxtpx:TrackPointExtension>
<gpxtpx:hr>152</gpxtpx:hr>
</gpxtpx:TrackPointExtension>
</extensions>
</trkpt>
<trkpt lat="33.5850203" lon="130.3909851">
<ele>1.784</ele>
<time>2026-05-30T22:13:03Z</time>
<extensions>
<gpxtpx:TrackPointExtension>
<gpxtpx:hr>152</gpxtpx:hr>
</gpxtpx:TrackPointExtension>
</extensions>
</trkpt>
<trkpt lat="33.5850222" lon="130.3909935">
<ele>1.771</ele>
<time>2026-05-30T22:13:04Z</time>
<extensions>
<gpxtpx:TrackPointExtension>
<gpxtpx:hr>152</gpxtpx:hr>
</gpxtpx:TrackPointExtension>
</extensions>
</trkpt>
<trkpt lat="33.5850246" lon="130.391003">
<ele>1.639</ele>
<time>2026-05-30T22:13:05Z</time>
<extensions>
<gpxtpx:TrackPointExtension>
<gpxtpx:hr>153</gpxtpx:hr>
<gpxtpx:cad>48</gpxtpx:cad>
</gpxtpx:TrackPointExtension>
</extensions>
</trkpt>
<trkpt lat="33.5850275" lon="130.3910136">
<ele>1.426</ele>
<time>2026-05-30T22:13:06Z</time>
<extensions>
<gpxtpx:TrackPointExtension>
<gpxtpx:hr>153</gpxtpx:hr>
</gpxtpx:TrackPointExtension>
</extensions>
</trkpt>
<trkpt lat="33.5850308" lon="130.3910256">
<ele>1.307</ele>
<time>2026-05-30T22:13:07Z</time>
</trkpt>
<trkpt lat="33.5850346" lon="130.3910392">
<ele>1.449</ele>
<time>2026-05-30T22:13:08Z</time>
<extensions>
<gpxtpx:TrackPointExtension>
<gpxtpx:hr>154</gpxtpx:hr>
</gpxtpx:TrackPointExtension>
</extensions>
</trkpt>
<trkpt lat="33.5850388" lon="130.3910543">
<ele>1.544</ele>
<time>2026-05-30T22:13:09Z</time>
<extensions>
<gpxtpx:TrackPointExtension>
<gpxtpx:hr>154</gpxtpx:hr>
</gpxtpx:TrackPointExtension>
</extensions>
</trkpt>
<trkpt lat="33.5850435" lon="130.3910713">
<ele>1.59</ele>
<time>2026-05-30T22:13:10Z</time>
<extensions>
<gpxtpx:TrackPointExtension>
<gpxtpx:hr>155</gpxtpx:hr>
<gpxtpx:cad>136</gpxtpx:cad>
</gpxtpx:TrackPointExtension>
</extensions>
</trkpt>
<trkpt lat="33.5850485" lon="130.3910903">
<ele>1.6</ele>
<time>2026-05-30T22:13:11Z</time>
<extensions>
<gpxtpx:TrackPointExtension>
<gpxtpx:hr>155</gpxtpx:hr>
<gpxtpx:cad>154</gpxtpx:cad>
</gpxtpx:TrackPointExtension>
</extensions>
</trkpt>
<trkpt lat="33.585054" lon="130.3911113">
<ele>1.528</ele>
<time>2026-05-30T22:13:12Z</time>
<extensions>
<gpxtpx:TrackPointExtension>
<gpxtpx:hr>155</gpxtpx:hr>
</gpxtpx:TrackPointExtension>
</extensions>
</trkpt>
<trkpt lat="33.5850597" lon="130.3911343">
<ele>1.581</ele>
<time>2026-05-30T22:13:13Z</time>
<extensions>
<gpxtpx:TrackPointExtension>
<gpxtpx:hr>156</gpxtpx:hr>
</gpxtpx:TrackPointExtension>
</extensions>
</trkpt>
<trkpt lat="33.5850657" lon="130.3911592">
<ele>1.641</ele>
<time>2026-05-30T22:13:14Z</time>
<extensions>
<gpxtpx:TrackPointExtension>
<gpxtpx:hr>156</gpxtpx:hr>
<gpxtpx:cad>175</gpxtpx:cad>
</gpxtpx:TrackPointExtension>
</extensions>
</trkpt>
<trkpt lat="33.5850719" lon="130.3911858">
<ele>1.646</ele>
<time>2026-05-30T22:13:15Z</time>
<extensions>
<gpxtpx:TrackPointExtension>
<gpxtpx:hr>156</gpxtpx:hr>
</gpxtpx:TrackPointExtension>
</extensions>
</trkpt>
<trkpt lat="33.5850781" lon="130.3912137">
<ele>1.569</ele>
<time>2026-05-30T22:13:16Z</time>
<extensions>
<gpxtpx:TrackPointExtension>
<gpxtpx:hr>157</gpxtpx:hr>
</gpxtpx:TrackPointExtension>
</extensions>
</trkpt>
<trkpt lat="33.5850838" lon="130.3912424">
<ele>1.319</ele>
<time>2026-05-30T22:13:17Z</time>
<extensions>
<gpxtpx:TrackPointExtension>
<gpxtpx:hr>156</gpxtpx:hr>
</gpxtpx:TrackPointExtension>
</extensions>
</trkpt>
<trkpt lat="33.585086" lon="130.3912651">
<ele>1.224</ele>
<time>2026-05-30T22:13:18Z</time>
<extensions>
<gpxtpx:TrackPointExtension>
<gpxtpx:hr>156</gpxtpx:hr>
</gpxtpx:TrackPointExtension>
</extensions>
</trkpt>
<trkpt lat="33.5850901" lon="130.3912923">
<ele>1.214</ele>
<time>2026-05-30T22:13:19Z</time>
<extensions>
<gpxtpx:TrackPointExtension>
<gpxtpx:hr>156</gpxtpx:hr>
<gpxtpx:cad>171</gpxtpx:cad>
</gpxtpx:TrackPointExtension>
</extensions>
</trkpt>
<trkpt lat="33.5850925" lon="130.3913129">
<ele>1.178</ele>
<time>2026-05-30T22:13:20Z</time>
<extensions>
<gpxtpx:TrackPointExtension>
<gpxtpx:hr>157</gpxtpx:hr>
</gpxtpx:TrackPointExtension>
</extensions>
</trkpt>
<trkpt lat="33.5850958" lon="130.3913339">
<ele>1.203</ele>
<time>2026-05-30T22:13:21Z</time>
<extensions>
<gpxtpx:TrackPointExtension>
<gpxtpx:hr>157</gpxtpx:hr>
</gpxtpx:TrackPointExtension>
</extensions>
</trkpt>
<trkpt lat="33.5850999" lon="130.3913557">
<ele>1.3</ele>
<time>2026-05-30T22:13:22Z</time>
<extensions>
<gpxtpx:TrackPointExtension>
<gpxtpx:hr>157</gpxtpx:hr>
</gpxtpx:TrackPointExtension>
</extensions>
</trkpt>
<trkpt lat="33.5851045" lon="130.3913786">
<ele>1.424</ele>
<time>2026-05-30T22:13:23Z</time>
<extensions>
<gpxtpx:TrackPointExtension>
<gpxtpx:hr>157</gpxtpx:hr>
</gpxtpx:TrackPointExtension>
</extensions>
</trkpt>
<trkpt lat="33.5851094" lon="130.3914026">
<ele>1.523</ele>
<time>2026-05-30T22:13:24Z</time>
<extensions>
<gpxtpx:TrackPointExtension>
<gpxtpx:hr>157</gpxtpx:hr>
<gpxtpx:cad>156</gpxtpx:cad>
</gpxtpx:TrackPointExtension>
</extensions>
</trkpt>
<trkpt lat="33.5851142" lon="130.3914278">
<ele>1.604</ele>
<time>2026-05-30T22:13:25Z</time>
<extensions>
<gpxtpx:TrackPointExtension>
<gpxtpx:hr>157</gpxtpx:hr>
</gpxtpx:TrackPointExtension>
</extensions>
</trkpt>
<trkpt lat="33.585119" lon="130.391454">
<ele>1.681</ele>
<time>2026-05-30T22:13:26Z</time>
<extensions>
<gpxtpx:TrackPointExtension>
<gpxtpx:hr>157</gpxtpx:hr>
</gpxtpx:TrackPointExtension>
</extensions>
</trkpt>
<trkpt lat="33.5851235" lon="130.391478">
<ele>1.622</ele>
<time>2026-05-30T22:13:27Z</time>
<extensions>
<gpxtpx:TrackPointExtension>
<gpxtpx:hr>157</gpxtpx:hr>
</gpxtpx:TrackPointExtension>
</extensions>
</trkpt>
<trkpt lat="33.585128" lon="130.3915017">
<ele>1.623</ele>
<time>2026-05-30T22:13:28Z</time>
<extensions>
<gpxtpx:TrackPointExtension>
<gpxtpx:hr>157</gpxtpx:hr>
</gpxtpx:TrackPointExtension>
</extensions>
</trkpt>
<trkpt lat="33.5851327" lon="130.3915254">
<ele>1.643</ele>
<time>2026-05-30T22:13:29Z</time>
<extensions>
<gpxtpx:TrackPointExtension>
<gpxtpx:hr>157</gpxtpx:hr>
<gpxtpx:cad>151</gpxtpx:cad>
</gpxtpx:TrackPointExtension>
</extensions>
</trkpt>
<trkpt lat="33.5851377" lon="130.3915494">
<ele>1.589</ele>
<time>2026-05-30T22:13:30Z</time>
<extensions>
<gpxtpx:TrackPointExtension>
<gpxtpx:hr>158</gpxtpx:hr>
</gpxtpx:TrackPointExtension>
</extensions>
</trkpt>
<trkpt lat="33.5851434" lon="130.3915742">
<ele>1.596</ele>
<time>2026-05-30T22:13:31Z</time>
<extensions>
<gpxtpx:TrackPointExtension>
<gpxtpx:hr>158</gpxtpx:hr>
</gpxtpx:TrackPointExtension>
</extensions>
</trkpt>
<trkpt lat="33.5851497" lon="130.3916003">
<ele>1.605</ele>
<time>2026-05-30T22:13:32Z</time>
<extensions>
<gpxtpx:TrackPointExtension>
<gpxtpx:hr>158</gpxtpx:hr>
</gpxtpx:TrackPointExtension>
</extensions>
</trkpt>
<trkpt lat="33.5851554" lon="130.3916295">
<ele>1.638</ele>
<time>2026-05-30T22:13:33Z</time>
<extensions>
<gpxtpx:TrackPointExtension>
<gpxtpx:hr>159</gpxtpx:hr>
</gpxtpx:TrackPointExtension>
</extensions>
</trkpt>
<trkpt lat="33.5851611" lon="130.3916596">
<ele>1.58</ele>
<time>2026-05-30T22:13:34Z</time>
<extensions>
<gpxtpx:TrackPointExtension>
<gpxtpx:hr>159</gpxtpx:hr>
<gpxtpx:cad>168</gpxtpx:cad>
</gpxtpx:TrackPointExtension>
</extensions>
</trkpt>
<trkpt lat="33.5851666" lon="130.391691">
<ele>1.501</ele>
<time>2026-05-30T22:13:35Z</time>
<extensions>
<gpxtpx:TrackPointExtension>
<gpxtpx:hr>160</gpxtpx:hr>
</gpxtpx:TrackPointExtension>
</extensions>
</trkpt>
<trkpt lat="33.585167" lon="130.3917238">
<ele>1.394</ele>
<time>2026-05-30T22:13:36Z</time>
<extensions>
<gpxtpx:TrackPointExtension>
<gpxtpx:hr>160</gpxtpx:hr>
</gpxtpx:TrackPointExtension>
</extensions>
</trkpt>
<trkpt lat="33.5851695" lon="130.391756">
<ele>1.293</ele>
<time>2026-05-30T22:13:37Z</time>
<extensions>
<gpxtpx:TrackPointExtension>
<gpxtpx:hr>160</gpxtpx:hr>
</gpxtpx:TrackPointExtension>
</extensions>
</trkpt>
<trkpt lat="33.5851725" lon="130.3917888">
<ele>1.312</ele>
<time>2026-05-30T22:13:38Z</time>
<extensions>
<gpxtpx:TrackPointExtension>
<gpxtpx:hr>160</gpxtpx:hr>
</gpxtpx:TrackPointExtension>
</extensions>
</trkpt>
<trkpt lat="33.5851731" lon="130.3918208">
<ele>1.44</ele>
<time>2026-05-30T22:13:39Z</time>
<extensions>
<gpxtpx:TrackPointExtension>
<gpxtpx:hr>160</gpxtpx:hr>
<gpxtpx:cad>179</gpxtpx:cad>
</gpxtpx:TrackPointExtension>
</extensions>
</trkpt>
<trkpt lat="33.5851766" lon="130.3918546">
<ele>1.502</ele>
<time>2026-05-30T22:13:40Z</time>
<extensions>
<gpxtpx:TrackPointExtension>
<gpxtpx:hr>160</gpxtpx:hr>
</gpxtpx:TrackPointExtension>
</extensions>
</trkpt>
<trkpt lat="33.585177" lon="130.3918861">
<ele>1.605</ele>
<time>2026-05-30T22:13:41Z</time>
<extensions>
<gpxtpx:TrackPointExtension>
<gpxtpx:hr>161</gpxtpx:hr>
</gpxtpx:TrackPointExtension>
</extensions>
</trkpt>
<trkpt lat="33.5851782" lon="130.3919187">
<ele>1.583</ele>
<time>2026-05-30T22:13:42Z</time>
<extensions>
<gpxtpx:TrackPointExtension>
<gpxtpx:hr>162</gpxtpx:hr>
</gpxtpx:TrackPointExtension>
</extensions>
</trkpt>
<trkpt lat="33.5851794" lon="130.3919518">
<ele>1.671</ele>
<time>2026-05-30T22:13:43Z</time>
<extensions>
<gpxtpx:TrackPointExtension>
<gpxtpx:hr>162</gpxtpx:hr>
</gpxtpx:TrackPointExtension>
</extensions>
</trkpt>
<trkpt lat="33.5851794" lon="130.3919839">
<ele>1.665</ele>
<time>2026-05-30T22:13:44Z</time>
<extensions>
<gpxtpx:TrackPointExtension>
<gpxtpx:hr>163</gpxtpx:hr>
<gpxtpx:cad>178</gpxtpx:cad>
</gpxtpx:TrackPointExtension>
</extensions>
</trkpt>
<trkpt lat="33.5851797" lon="130.3920162">
<ele>1.701</ele>
<time>2026-05-30T22:13:45Z</time>
<extensions>
<gpxtpx:TrackPointExtension>
<gpxtpx:hr>163</gpxtpx:hr>
</gpxtpx:TrackPointExtension>
</extensions>
</trkpt>
<trkpt lat="33.5851789" lon="130.3920504">
<ele>1.72</ele>
<time>2026-05-30T22:13:46Z</time>
<extensions>
<gpxtpx:TrackPointExtension>
<gpxtpx:hr>163</gpxtpx:hr>
</gpxtpx:TrackPointExtension>
</extensions>
</trkpt>
<trkpt lat="33.5851784" lon="130.3920828">
<ele>1.692</ele>
<time>2026-05-30T22:13:47Z</time>
<extensions>
<gpxtpx:TrackPointExtension>
<gpxtpx:hr>162</gpxtpx:hr>
<gpxtpx:cad>178</gpxtpx:cad>
</gpxtpx:TrackPointExtension>
</extensions>
</trkpt>
<trkpt lat="33.585176" lon="130.392119">
<ele>1.629</ele>
<time>2026-05-30T22:13:48Z</time>
<extensions>
<gpxtpx:TrackPointExtension>
<gpxtpx:hr>163</gpxtpx:hr>
</gpxtpx:TrackPointExtension>
</extensions>
</trkpt>
<trkpt lat="33.5851738" lon="130.3921537">
<ele>1.568</ele>
<time>2026-05-30T22:13:49Z</time>
<extensions>
<gpxtpx:TrackPointExtension>
<gpxtpx:hr>163</gpxtpx:hr>
<gpxtpx:cad>179</gpxtpx:cad>
</gpxtpx:TrackPointExtension>
</extensions>
</trkpt>
<trkpt lat="33.5851714" lon="130.3921878">
<ele>1.473</ele>
<time>2026-05-30T22:13:50Z</time>
<extensions>
<gpxtpx:TrackPointExtension>
<gpxtpx:hr>163</gpxtpx:hr>
</gpxtpx:TrackPointExtension>
</extensions>
</trkpt>
<trkpt lat="33.5851705" lon="130.3922203">
<ele>1.49</ele>
<time>2026-05-30T22:13:51Z</time>
<extensions>
<gpxtpx:TrackPointExtension>
<gpxtpx:hr>163</gpxtpx:hr>
</gpxtpx:TrackPointExtension>
</extensions>
</trkpt>
<trkpt lat="33.5851678" lon="130.3922548">
<ele>1.549</ele>
<time>2026-05-30T22:13:52Z</time>
<extensions>
<gpxtpx:TrackPointExtension>
<gpxtpx:hr>162</gpxtpx:hr>
</gpxtpx:TrackPointExtension>
</extensions>
</trkpt>
<trkpt lat="33.585167" lon="130.3922881">
<ele>1.676</ele>
<time>2026-05-30T22:13:53Z</time>
<extensions>
<gpxtpx:TrackPointExtension>
<gpxtpx:hr>162</gpxtpx:hr>
</gpxtpx:TrackPointExtension>
</extensions>
</trkpt>
<trkpt lat="33.5851661" lon="130.3923221">
<ele>1.694</ele>
<time>2026-05-30T22:13:54Z</time>
<extensions>
<gpxtpx:TrackPointExtension>
<gpxtpx:hr>163</gpxtpx:hr>
<gpxtpx:cad>181</gpxtpx:cad>
</gpxtpx:TrackPointExtension>
</extensions>
</trkpt>
<trkpt lat="33.5851645" lon="130.3923565">
<ele>1.71</ele>
<time>2026-05-30T22:13:55Z</time>
<extensions>
<gpxtpx:TrackPointExtension>
<gpxtpx:hr>162</gpxtpx:hr>
</gpxtpx:TrackPointExtension>
</extensions>
</trkpt>
<trkpt lat="33.5851623" lon="130.3923917">
<ele>1.705</ele>
<time>2026-05-30T22:13:56Z</time>
<extensions>
<gpxtpx:TrackPointExtension>
<gpxtpx:hr>162</gpxtpx:hr>
</gpxtpx:TrackPointExtension>
</extensions>
</trkpt>
<trkpt lat="33.5851559" lon="130.392429">
<ele>1.747</ele>
<time>2026-05-30T22:13:57Z</time>
<extensions>
<gpxtpx:TrackPointExtension>
<gpxtpx:hr>162</gpxtpx:hr>
</gpxtpx:TrackPointExtension>
</extensions>
</trkpt>
<trkpt lat="33.5851516" lon="130.3924656">
<ele>1.751</ele>
<time>2026-05-30T22:13:58Z</time>
<extensions>
<gpxtpx:TrackPointExtension>
<gpxtpx:hr>163</gpxtpx:hr>
</gpxtpx:TrackPointExtension>
</extensions>
</trkpt>
<trkpt lat="33.5851467" lon="130.3925019">
<ele>1.725</ele>
<time>2026-05-30T22:13:59Z</time>
<extensions>
<gpxtpx:TrackPointExtension>
<gpxtpx:hr>163</gpxtpx:hr>
<gpxtpx:cad>181</gpxtpx:cad>
</gpxtpx:TrackPointExtension>
</extensions>
</trkpt>
<trkpt lat="33.5851425" lon="130.392539">
<ele>1.657</ele>
<time>2026-05-30T22:14:00Z</time>
<extensions>
<gpxtpx:TrackPointExtension>
<gpxtpx:hr>163</gpxtpx:hr>
</gpxtpx:TrackPointExtension>
</extensions>
</trkpt>
<trkpt lat="33.5851396" lon="130.3925757">
<ele>1.632</ele>
<time>2026-05-30T22:14:01Z</time>
<extensions>
<gpxtpx:TrackPointExtension>
<gpxtpx:hr>163</gpxtpx:hr>
</gpxtpx:TrackPointExtension>
</extensions>
</trkpt>
<trkpt lat="33.5851356" lon="130.3926132">
<ele>1.668</ele>
<time>2026-05-30T22:14:02Z</time>
<extensions>
<gpxtpx:TrackPointExtension>
<gpxtpx:hr>164</gpxtpx:hr>
</gpxtpx:TrackPointExtension>
</extensions>
</trkpt>
<trkpt lat="33.5851326" lon="130.3926501">
<ele>1.625</ele>
<time>2026-05-30T22:14:03Z</time>
<extensions>
<gpxtpx:TrackPointExtension>
<gpxtpx:hr>164</gpxtpx:hr>
</gpxtpx:TrackPointExtension>
</extensions>
</trkpt>
<trkpt lat="33.5851304" lon="130.3926867">
<ele>1.563</ele>
<time>2026-05-30T22:14:04Z</time>
<extensions>
<gpxtpx:TrackPointExtension>
<gpxtpx:hr>164</gpxtpx:hr>
<gpxtpx:cad>181</gpxtpx:cad>
</gpxtpx:TrackPointExtension>
</extensions>
</trkpt>
<trkpt lat="33.5851317" lon="130.3927225">
<ele>1.516</ele>
<time>2026-05-30T22:14:05Z</time>
<extensions>
<gpxtpx:TrackPointExtension>
<gpxtpx:hr>164</gpxtpx:hr>
</gpxtpx:TrackPointExtension>
</extensions>
</trkpt>
<trkpt lat="33.5851281" lon="130.3927593">
<ele>1.561</ele>
<time>2026-05-30T22:14:06Z</time>
<extensions>
<gpxtpx:TrackPointExtension>
<gpxtpx:hr>164</gpxtpx:hr>
</gpxtpx:TrackPointExtension>
</extensions>
</trkpt>
<trkpt lat="33.5851313" lon="130.3927947">
<ele>1.641</ele>
<time>2026-05-30T22:14:07Z</time>
<extensions>
<gpxtpx:TrackPointExtension>
<gpxtpx:hr>164</gpxtpx:hr>
</gpxtpx:TrackPointExtension>
</extensions>
</trkpt>
<trkpt lat="33.5851296" lon="130.3928306">
<ele>1.746</ele>
<time>2026-05-30T22:14:08Z</time>
<extensions>
<gpxtpx:TrackPointExtension>
<gpxtpx:hr>165</gpxtpx:hr>
</gpxtpx:TrackPointExtension>
</extensions>
</trkpt>
<trkpt lat="33.5851292" lon="130.3928657">
<ele>1.737</ele>
<time>2026-05-30T22:14:09Z</time>
<extensions>
<gpxtpx:TrackPointExtension>
<gpxtpx:hr>165</gpxtpx:hr>
<gpxtpx:cad>181</gpxtpx:cad>
</gpxtpx:TrackPointExtension>
</extensions>
</trkpt>
<trkpt lat="33.5851326" lon="130.3929009">
<ele>1.737</ele>
<time>2026-05-30T22:14:10Z</time>
<extensions>
<gpxtpx:TrackPointExtension>
<gpxtpx:hr>165</gpxtpx:hr>
</gpxtpx:TrackPointExtension>
</extensions>
</trkpt>
<trkpt lat="33.5851369" lon="130.3929363">
<ele>1.829</ele>
<time>2026-05-30T22:14:11Z</time>
<extensions>
<gpxtpx:TrackPointExtension>
<gpxtpx:hr>165</gpxtpx:hr>
</gpxtpx:TrackPointExtension>
</extensions>
</trkpt>
<trkpt lat="33.5851435" lon="130.3929714">
<ele>1.975</ele>
<time>2026-05-30T22:14:12Z</time>
<extensions>
<gpxtpx:TrackPointExtension>
<gpxtpx:hr>165</gpxtpx:hr>
</gpxtpx:TrackPointExtension>
</extensions>
</trkpt>
<trkpt lat="33.5851508" lon="130.393006">
<ele>1.981</ele>
<time>2026-05-30T22:14:13Z</time>
<extensions>
<gpxtpx:TrackPointExtension>
<gpxtpx:hr>165</gpxtpx:hr>
</gpxtpx:TrackPointExtension>
</extensions>
</trkpt>
<trkpt lat="33.5851568" lon="130.3930408">
<ele>2.022</ele>
<time>2026-05-30T22:14:14Z</time>
<extensions>
<gpxtpx:TrackPointExtension>
<gpxtpx:hr>165</gpxtpx:hr>
<gpxtpx:cad>181</gpxtpx:cad>
</gpxtpx:TrackPointExtension>
</extensions>
</trkpt>
<trkpt lat="33.5851632" lon="130.3930756">
<ele>1.488</ele>
<time>2026-05-30T22:14:15Z</time>
<extensions>
<gpxtpx:TrackPointExtension>
<gpxtpx:hr>166</gpxtpx:hr>
</gpxtpx:TrackPointExtension>
</extensions>
</trkpt>
<trkpt lat="33.5851699" lon="130.3931102">
<ele>1.659</ele>
<time>2026-05-30T22:14:16Z</time>
<extensions>
<gpxtpx:TrackPointExtension>
<gpxtpx:hr>166</gpxtpx:hr>
<gpxtpx:cad>181</gpxtpx:cad>
</gpxtpx:TrackPointExtension>
</extensions>
</trkpt>
<trkpt lat="33.5851769" lon="130.393145">
<ele>1.932</ele>
<time>2026-05-30T22:14:17Z</time>
<extensions>
<gpxtpx:TrackPointExtension>
<gpxtpx:hr>166</gpxtpx:hr>
</gpxtpx:TrackPointExtension>
</extensions>
</trkpt>
<trkpt lat="33.5851839" lon="130.3931784">
<ele>2.083</ele>
<time>2026-05-30T22:14:18Z</time>
<extensions>
<gpxtpx:TrackPointExtension>
<gpxtpx:hr>166</gpxtpx:hr>
</gpxtpx:TrackPointExtension>
</extensions>
</trkpt>
<trkpt lat="33.5851912" lon="130.3932134">
<ele>2.134</ele>
<time>2026-05-30T22:14:19Z</time>
<extensions>
<gpxtpx:TrackPointExtension>
<gpxtpx:hr>166</gpxtpx:hr>
<gpxtpx:cad>181</gpxtpx:cad>
</gpxtpx:TrackPointExtension>
</extensions>
</trkpt>
<trkpt lat="33.5851974" lon="130.3932471">
<ele>2.072</ele>
<time>2026-05-30T22:14:20Z</time>
<extensions>
<gpxtpx:TrackPointExtension>
<gpxtpx:hr>166</gpxtpx:hr>
</gpxtpx:TrackPointExtension>
</extensions>
</trkpt>
<trkpt lat="33.585204" lon="130.3932818">
<ele>2.095</ele>
<time>2026-05-30T22:14:21Z</time>
<extensions>
<gpxtpx:TrackPointExtension>
<gpxtpx:hr>166</gpxtpx:hr>
</gpxtpx:TrackPointExtension>
</extensions>
</trkpt>
<trkpt lat="33.5852104" lon="130.3933165">
<ele>2.115</ele>
<time>2026-05-30T22:14:22Z</time>
<extensions>
<gpxtpx:TrackPointExtension>
<gpxtpx:hr>167</gpxtpx:hr>
</gpxtpx:TrackPointExtension>
</extensions>
</trkpt>
<trkpt lat="33.5852156" lon="130.3933514">
<ele>2.11</ele>
<time>2026-05-30T22:14:23Z</time>
<extensions>
<gpxtpx:TrackPointExtension>
<gpxtpx:hr>167</gpxtpx:hr>
</gpxtpx:TrackPointExtension>
</extensions>
</trkpt>
<trkpt lat="33.5852222" lon="130.3933855">
<ele>2.12</ele>
<time>2026-05-30T22:14:24Z</time>
<extensions>
<gpxtpx:TrackPointExtension>
<gpxtpx:hr>167</gpxtpx:hr>
<gpxtpx:cad>181</gpxtpx:cad>
</gpxtpx:TrackPointExtension>
</extensions>
</trkpt>
<trkpt lat="33.5852279" lon="130.3934198">
<ele>2.075</ele>
<time>2026-05-30T22:14:25Z</time>
<extensions>
<gpxtpx:TrackPointExtension>
<gpxtpx:hr>167</gpxtpx:hr>
</gpxtpx:TrackPointExtension>
</extensions>
</trkpt>
<trkpt lat="33.5852337" lon="130.393454">
<ele>2.023</ele>
<time>2026-05-30T22:14:26Z</time>
<extensions>
<gpxtpx:TrackPointExtension>
<gpxtpx:hr>167</gpxtpx:hr>
</gpxtpx:TrackPointExtension>
</extensions>
</trkpt>
<trkpt lat="33.5852392" lon="130.3934883">
<ele>2.025</ele>
<time>2026-05-30T22:14:27Z</time>
<extensions>
<gpxtpx:TrackPointExtension>
<gpxtpx:hr>167</gpxtpx:hr>
</gpxtpx:TrackPointExtension>
</extensions>
</trkpt>
<trkpt lat="33.5852458" lon="130.3935223">
<ele>2.002</ele>
<time>2026-05-30T22:14:28Z</time>
<extensions>
<gpxtpx:TrackPointExtension>
<gpxtpx:hr>168</gpxtpx:hr>
</gpxtpx:TrackPointExtension>
</extensions>
</trkpt>
<trkpt lat="33.5852519" lon="130.3935564">
<ele>2.033</ele>
<time>2026-05-30T22:14:29Z</time>
<extensions>
<gpxtpx:TrackPointExtension>
<gpxtpx:hr>168</gpxtpx:hr>
<gpxtpx:cad>181</gpxtpx:cad>
</gpxtpx:TrackPointExtension>
</extensions>
</trkpt>
<trkpt lat="33.5852582" lon="130.3935905">
<ele>1.842</ele>
<time>2026-05-30T22:14:30Z</time>
<extensions>
<gpxtpx:TrackPointExtension>
<gpxtpx:hr>168</gpxtpx:hr>
</gpxtpx:TrackPointExtension>
</extensions>
</trkpt>
<trkpt lat="33.5852641" lon="130.3936246">
<ele>2.005</ele>
<time>2026-05-30T22:14:31Z</time>
<extensions>
<gpxtpx:TrackPointExtension>
<gpxtpx:hr>168</gpxtpx:hr>
</gpxtpx:TrackPointExtension>
</extensions>
</trkpt>
<trkpt lat="33.5852696" lon="130.3936587">
<ele>1.798</ele>
<time>2026-05-30T22:14:32Z</time>
<extensions>
<gpxtpx:TrackPointExtension>
<gpxtpx:hr>168</gpxtpx:hr>
</gpxtpx:TrackPointExtension>
</extensions>
</trkpt>
<trkpt lat="33.5852748" lon="130.3936927">
<ele>2.265</ele>
<time>2026-05-30T22:14:33Z</time>
<extensions>
<gpxtpx:TrackPointExtension>
<gpxtpx:hr>169</gpxtpx:hr>
</gpxtpx:TrackPointExtension>
</extensions>
</trkpt>
<trkpt lat="33.5852802" lon="130.3937261">
<ele>2.128</ele>
<time>2026-05-30T22:14:34Z</time>
<extensions>
<gpxtpx:TrackPointExtension>
<gpxtpx:hr>168</gpxtpx:hr>
<gpxtpx:cad>181</gpxtpx:cad>
</gpxtpx:TrackPointExtension>
</extensions>
</trkpt>
<trkpt lat="33.5852846" lon="130.3937606">
<ele>1.472</ele>
<time>2026-05-30T22:14:35Z</time>
<extensions>
<gpxtpx:TrackPointExtension>
<gpxtpx:hr>168</gpxtpx:hr>
</gpxtpx:TrackPointExtension>
</extensions>
</trkpt>
<trkpt lat="33.58529" lon="130.3937937">
<ele>2.354</ele>
<time>2026-05-30T22:14:36Z</time>
<extensions>
<gpxtpx:TrackPointExtension>
<gpxtpx:hr>168</gpxtpx:hr>
</gpxtpx:TrackPointExtension>
</extensions>
</trkpt>
<trkpt lat="33.5852943" lon="130.3938281">
<ele>2.5</ele>
<time>2026-05-30T22:14:37Z</time>
<extensions>
<gpxtpx:TrackPointExtension>
<gpxtpx:hr>167</gpxtpx:hr>
</gpxtpx:TrackPointExtension>
</extensions>
</trkpt>
<trkpt lat="33.5852994" lon="130.3938608">
<ele>2.14</ele>
<time>2026-05-30T22:14:38Z</time>
<extensions>
<gpxtpx:TrackPointExtension>
<gpxtpx:hr>167</gpxtpx:hr>
</gpxtpx:TrackPointExtension>
</extensions>
</trkpt>
<trkpt lat="33.5853043" lon="130.3938952">
<ele>1.876</ele>
<time>2026-05-30T22:14:39Z</time>
<extensions>
<gpxtpx:TrackPointExtension>
<gpxtpx:hr>168</gpxtpx:hr>
<gpxtpx:cad>182</gpxtpx:cad>
</gpxtpx:TrackPointExtension>
</extensions>
</trkpt>
<trkpt lat="33.5853097" lon="130.3939275">
<ele>1.885</ele>
<time>2026-05-30T22:14:40Z</time>
<extensions>
<gpxtpx:TrackPointExtension>
<gpxtpx:hr>168</gpxtpx:hr>
</gpxtpx:TrackPointExtension>
</extensions>
</trkpt>
<trkpt lat="33.5853151" lon="130.3939607">
<ele>1.967</ele>
<time>2026-05-30T22:14:41Z</time>
<extensions>
<gpxtpx:TrackPointExtension>
<gpxtpx:hr>167</gpxtpx:hr>
</gpxtpx:TrackPointExtension>
</extensions>
</trkpt>
<trkpt lat="33.5853208" lon="130.3939928">
<ele>1.983</ele>
<time>2026-05-30T22:14:42Z</time>
<extensions>
<gpxtpx:TrackPointExtension>
<gpxtpx:hr>167</gpxtpx:hr>
</gpxtpx:TrackPointExtension>
</extensions>
</trkpt>
<trkpt lat="33.5853261" lon="130.3940265">
<ele>2.042</ele>
<time>2026-05-30T22:14:43Z</time>
<extensions>
<gpxtpx:TrackPointExtension>
<gpxtpx:hr>167</gpxtpx:hr>
</gpxtpx:TrackPointExtension>
</extensions>
</trkpt>
<trkpt lat="33.5853316" lon="130.394059">
<ele>2.038</ele>
<time>2026-05-30T22:14:44Z</time>
<extensions>
<gpxtpx:TrackPointExtension>
<gpxtpx:hr>168</gpxtpx:hr>
<gpxtpx:cad>180</gpxtpx:cad>
</gpxtpx:TrackPointExtension>
</extensions>
</trkpt>
<trkpt lat="33.5853373" lon="130.3940911">
<ele>2.045</ele>
<time>2026-05-30T22:14:45Z</time>
<extensions>
<gpxtpx:TrackPointExtension>
<gpxtpx:hr>168</gpxtpx:hr>
</gpxtpx:TrackPointExtension>
</extensions>
</trkpt>
<trkpt lat="33.5853432" lon="130.394123">
<ele>2.023</ele>
<time>2026-05-30T22:14:46Z</time>
<extensions>
<gpxtpx:TrackPointExtension>
<gpxtpx:hr>168</gpxtpx:hr>
</gpxtpx:TrackPointExtension>
</extensions>
</trkpt>
<trkpt lat="33.585349" lon="130.3941546">
<ele>1.933</ele>
<time>2026-05-30T22:14:47Z</time>
<extensions>
<gpxtpx:TrackPointExtension>
<gpxtpx:hr>168</gpxtpx:hr>
</gpxtpx:TrackPointExtension>
</extensions>
</trkpt>
<trkpt lat="33.585355" lon="130.3941865">
<ele>1.868</ele>
<time>2026-05-30T22:14:48Z</time>
<extensions>
<gpxtpx:TrackPointExtension>
<gpxtpx:hr>168</gpxtpx:hr>
<gpxtpx:cad>179</gpxtpx:cad>
</gpxtpx:TrackPointExtension>
</extensions>
</trkpt>
<trkpt lat="33.585361" lon="130.3942181">
<ele>1.8</ele>
<time>2026-05-30T22:14:49Z</time>
<extensions>
<gpxtpx:TrackPointExtension>
<gpxtpx:hr>168</gpxtpx:hr>
<gpxtpx:cad>179</gpxtpx:cad>
</gpxtpx:TrackPointExtension>
</extensions>
</trkpt>
<trkpt lat="33.5853667" lon="130.3942498">
<ele>1.858</ele>
<time>2026-05-30T22:14:50Z</time>
<extensions>
<gpxtpx:TrackPointExtension>
<gpxtpx:hr>168</gpxtpx:hr>
</gpxtpx:TrackPointExtension>
</extensions>
</trkpt>
<trkpt lat="33.5853726" lon="130.3942814">
<ele>1.896</ele>
<time>2026-05-30T22:14:51Z</time>
<extensions>
<gpxtpx:TrackPointExtension>
<gpxtpx:hr>169</gpxtpx:hr>
</gpxtpx:TrackPointExtension>
</extensions>
</trkpt>
<trkpt lat="33.5853788" lon="130.394313">
<ele>1.811</ele>
<time>2026-05-30T22:14:52Z</time>
<extensions>
<gpxtpx:TrackPointExtension>
<gpxtpx:hr>169</gpxtpx:hr>
</gpxtpx:TrackPointExtension>
</extensions>
</trkpt>
<trkpt lat="33.5853851" lon="130.3943445">
<ele>1.874</ele>
<time>2026-05-30T22:14:53Z</time>
<extensions>
<gpxtpx:TrackPointExtension>
<gpxtpx:hr>169</gpxtpx:hr>
</gpxtpx:TrackPointExtension>
</extensions>
</trkpt>
<trkpt lat="33.5853915" lon="130.3943761">
<ele>1.933</ele>
<time>2026-05-30T22:14:54Z</time>
<extensions>
<gpxtpx:TrackPointExtension>
<gpxtpx:hr>169</gpxtpx:hr>
<gpxtpx:cad>180</gpxtpx:cad>
</gpxtpx:TrackPointExtension>
</extensions>
</trkpt>
<trkpt lat="33.5853984" lon="130.3944079">
<ele>1.93</ele>
<time>2026-05-30T22:14:55Z</time>
<extensions>
<gpxtpx:TrackPointExtension>
<gpxtpx:hr>169</gpxtpx:hr>
</gpxtpx:TrackPointExtension>
</extensions>
</trkpt>
<trkpt lat="33.5854046" lon="130.3944394">
<ele>1.876</ele>
<time>2026-05-30T22:14:56Z</time>
<extensions>
<gpxtpx:TrackPointExtension>
<gpxtpx:hr>169</gpxtpx:hr>
</gpxtpx:TrackPointExtension>
</extensions>
</trkpt>
<trkpt lat="33.5854116" lon="130.3944714">
<ele>1.854</ele>
<time>2026-05-30T22:14:57Z</time>
<extensions>
<gpxtpx:TrackPointExtension>
<gpxtpx:hr>169</gpxtpx:hr>
</gpxtpx:TrackPointExtension>
</extensions>
</trkpt>
<trkpt lat="33.585418" lon="130.3945031">
<ele>1.968</ele>
<time>2026-05-30T22:14:58Z</time>
<extensions>
<gpxtpx:TrackPointExtension>
<gpxtpx:hr>169</gpxtpx:hr>
</gpxtpx:TrackPointExtension>
</extensions>
</trkpt>
<trkpt lat="33.5854249" lon="130.3945349">
<ele>1.897</ele>
<time>2026-05-30T22:14:59Z</time>
<extensions>
<gpxtpx:TrackPointExtension>
<gpxtpx:hr>170</gpxtpx:hr>
<gpxtpx:cad>178</gpxtpx:cad>
</gpxtpx:TrackPointExtension>
</extensions>
</trkpt>
<trkpt lat="33.5854318" lon="130.3945668">
<ele>1.912</ele>
<time>2026-05-30T22:15:00Z</time>
<extensions>
<gpxtpx:TrackPointExtension>
<gpxtpx:hr>170</gpxtpx:hr>
</gpxtpx:TrackPointExtension>
</extensions>
</trkpt>
<trkpt lat="33.5854387" lon="130.3945987">
<ele>1.893</ele>
<time>2026-05-30T22:15:01Z</time>
<extensions>
<gpxtpx:TrackPointExtension>
<gpxtpx:hr>170</gpxtpx:hr>
</gpxtpx:TrackPointExtension>
</extensions>
</trkpt>
<trkpt lat="33.5854454" lon="130.3946309">
<ele>1.868</ele>
<time>2026-05-30T22:15:02Z</time>
<extensions>
<gpxtpx:TrackPointExtension>
<gpxtpx:hr>170</gpxtpx:hr>
</gpxtpx:TrackPointExtension>
</extensions>
</trkpt>
<trkpt lat="33.5854524" lon="130.3946628">
<ele>1.809</ele>
<time>2026-05-30T22:15:03Z</time>
<extensions>
<gpxtpx:TrackPointExtension>
<gpxtpx:hr>170</gpxtpx:hr>
</gpxtpx:TrackPointExtension>
</extensions>
</trkpt>
<trkpt lat="33.5854593" lon="130.3946949">
<ele>1.849</ele>
<time>2026-05-30T22:15:04Z</time>
<extensions>
<gpxtpx:TrackPointExtension>
<gpxtpx:hr>170</gpxtpx:hr>
<gpxtpx:cad>177</gpxtpx:cad>
</gpxtpx:TrackPointExtension>
</extensions>
</trkpt>
<trkpt lat="33.5854662" lon="130.3947269">
<ele>1.912</ele>
<time>2026-05-30T22:15:05Z</time>
<extensions>
<gpxtpx:TrackPointExtension>
<gpxtpx:hr>170</gpxtpx:hr>
</gpxtpx:TrackPointExtension>
</extensions>
</trkpt>
<trkpt lat="33.5854731" lon="130.394759">
<ele>1.923</ele>
<time>2026-05-30T22:15:06Z</time>
<extensions>
<gpxtpx:TrackPointExtension>
<gpxtpx:hr>170</gpxtpx:hr>
</gpxtpx:TrackPointExtension>
</extensions>
</trkpt>
<trkpt lat="33.5854803" lon="130.3947911">
<ele>1.921</ele>
<time>2026-05-30T22:15:07Z</time>
<extensions>
<gpxtpx:TrackPointExtension>
<gpxtpx:hr>170</gpxtpx:hr>
</gpxtpx:TrackPointExtension>
</extensions>
</trkpt>
<trkpt lat="33.5854876" lon="130.3948233">
<ele>1.902</ele>
<time>2026-05-30T22:15:08Z</time>
<extensions>
<gpxtpx:TrackPointExtension>
<gpxtpx:hr>170</gpxtpx:hr>
</gpxtpx:TrackPointExtension>
</extensions>
</trkpt>
<trkpt lat="33.5854951" lon="130.3948557">
<ele>1.879</ele>
<time>2026-05-30T22:15:09Z</time>
<extensions>
<gpxtpx:TrackPointExtension>
<gpxtpx:hr>170</gpxtpx:hr>
<gpxtpx:cad>178</gpxtpx:cad>
</gpxtpx:TrackPointExtension>
</extensions>
</trkpt>
<trkpt lat="33.5855024" lon="130.3948881">
<ele>1.842</ele>
<time>2026-05-30T22:15:10Z</time>
<extensions>
<gpxtpx:TrackPointExtension>
<gpxtpx:hr>170</gpxtpx:hr>
</gpxtpx:TrackPointExtension>
</extensions>
</trkpt>
<trkpt lat="33.5855099" lon="130.3949223">
<ele>1.87</ele>
<time>2026-05-30T22:15:11Z</time>
<extensions>
<gpxtpx:TrackPointExtension>
<gpxtpx:hr>170</gpxtpx:hr>
</gpxtpx:TrackPointExtension>
</extensions>
</trkpt>
<trkpt lat="33.5855171" lon="130.3949547">
<ele>1.882</ele>
<time>2026-05-30T22:15:12Z</time>
<extensions>
<gpxtpx:TrackPointExtension>
<gpxtpx:hr>170</gpxtpx:hr>
</gpxtpx:TrackPointExtension>
</extensions>
</trkpt>
<trkpt lat="33.5855242" lon="130.3949871">
<ele>1.877</ele>
<time>2026-05-30T22:15:13Z</time>
<extensions>
<gpxtpx:TrackPointExtension>
<gpxtpx:hr>170</gpxtpx:hr>
</gpxtpx:TrackPointExtension>
</extensions>
</trkpt>
<trkpt lat="33.585531" lon="130.395019">
<ele>1.836</ele>
<time>2026-05-30T22:15:14Z</time>
<extensions>
<gpxtpx:TrackPointExtension>
<gpxtpx:hr>170</gpxtpx:hr>
<gpxtpx:cad>180</gpxtpx:cad>
</gpxtpx:TrackPointExtension>
</extensions>
</trkpt>
<trkpt lat="33.5855379" lon="130.3950502">
<ele>1.916</ele>
<time>2026-05-30T22:15:15Z</time>
<extensions>
<gpxtpx:TrackPointExtension>
<gpxtpx:hr>170</gpxtpx:hr>
</gpxtpx:TrackPointExtension>
</extensions>
</trkpt>
<trkpt lat="33.5855449" lon="130.395081">
<ele>1.936</ele>
<time>2026-05-30T22:15:16Z</time>
<extensions>
<gpxtpx:TrackPointExtension>
<gpxtpx:hr>170</gpxtpx:hr>
</gpxtpx:TrackPointExtension>
</extensions>
</trkpt>
<trkpt lat="33.5855521" lon="130.3951106">
<ele>1.902</ele>
<time>2026-05-30T22:15:17Z</time>
<extensions>
<gpxtpx:TrackPointExtension>
<gpxtpx:hr>170</gpxtpx:hr>
</gpxtpx:TrackPointExtension>
</extensions>
</trkpt>
<trkpt lat="33.5855592" lon="130.395139">
<ele>1.888</ele>
<time>2026-05-30T22:15:18Z</time>
<extensions>
<gpxtpx:TrackPointExtension>
<gpxtpx:hr>169</gpxtpx:hr>
</gpxtpx:TrackPointExtension>
</extensions>
</trkpt>
<trkpt lat="33.5855663" lon="130.395166">
<ele>1.862</ele>
<time>2026-05-30T22:15:19Z</time>
<extensions>
<gpxtpx:TrackPointExtension>
<gpxtpx:hr>169</gpxtpx:hr>
<gpxtpx:cad>179</gpxtpx:cad>
</gpxtpx:TrackPointExtension>
</extensions>
</trkpt>
<trkpt lat="33.5855733" lon="130.3951914">
<ele>1.778</ele>
<time>2026-05-30T22:15:20Z</time>
<extensions>
<gpxtpx:TrackPointExtension>
<gpxtpx:hr>169</gpxtpx:hr>
<gpxtpx:cad>179</gpxtpx:cad>
</gpxtpx:TrackPointExtension>
</extensions>
</trkpt>
<trkpt lat="33.5855794" lon="130.3952095">
<ele>1.738</ele>
<time>2026-05-30T22:15:21Z</time>
<extensions>
<gpxtpx:TrackPointExtension>
<gpxtpx:hr>169</gpxtpx:hr>
</gpxtpx:TrackPointExtension>
</extensions>
</trkpt>
<trkpt lat="33.5855853" lon="130.3952266">
<ele>1.648</ele>
<time>2026-05-30T22:15:22Z</time>
<extensions>
<gpxtpx:TrackPointExtension>
<gpxtpx:hr>168</gpxtpx:hr>
</gpxtpx:TrackPointExtension>
</extensions>
</trkpt>
<trkpt lat="33.5855914" lon="130.3952435">
<ele>1.588</ele>
<time>2026-05-30T22:15:23Z</time>
<extensions>
<gpxtpx:TrackPointExtension>
<gpxtpx:hr>168</gpxtpx:hr>
</gpxtpx:TrackPointExtension>
</extensions>
</trkpt>
<trkpt lat="33.5855982" lon="130.3952609">
<ele>1.61</ele>
<time>2026-05-30T22:15:24Z</time>
<extensions>
<gpxtpx:TrackPointExtension>
<gpxtpx:hr>168</gpxtpx:hr>
<gpxtpx:cad>154</gpxtpx:cad>
</gpxtpx:TrackPointExtension>
</extensions>
</trkpt>
<trkpt lat="33.5856058" lon="130.3952788">
<ele>1.603</ele>
<time>2026-05-30T22:15:25Z</time>
<extensions>
<gpxtpx:TrackPointExtension>
<gpxtpx:hr>168</gpxtpx:hr>
</gpxtpx:TrackPointExtension>
</extensions>
</trkpt>
<trkpt lat="33.585614" lon="130.3952974">
<ele>1.582</ele>
<time>2026-05-30T22:15:26Z</time>
<extensions>
<gpxtpx:TrackPointExtension>
<gpxtpx:hr>168</gpxtpx:hr>
</gpxtpx:TrackPointExtension>
</extensions>
</trkpt>
<trkpt lat="33.5856226" lon="130.3953168">
<ele>1.631</ele>
<time>2026-05-30T22:15:27Z</time>
<extensions>
<gpxtpx:TrackPointExtension>
<gpxtpx:hr>168</gpxtpx:hr>
</gpxtpx:TrackPointExtension>
</extensions>
</trkpt>
<trkpt lat="33.5856316" lon="130.3953371">
<ele>1.776</ele>
<time>2026-05-30T22:15:28Z</time>
<extensions>
<gpxtpx:TrackPointExtension>
<gpxtpx:hr>168</gpxtpx:hr>
</gpxtpx:TrackPointExtension>
</extensions>
</trkpt>
<trkpt lat="33.5856408" lon="130.3953584">
<ele>1.827</ele>
<time>2026-05-30T22:15:29Z</time>
<extensions>
<gpxtpx:TrackPointExtension>
<gpxtpx:hr>168</gpxtpx:hr>
<gpxtpx:cad>66</gpxtpx:cad>
</gpxtpx:TrackPointExtension>
</extensions>
</trkpt>
<trkpt lat="33.5856502" lon="130.3953806">
<ele>1.828</ele>
<time>2026-05-30T22:15:30Z</time>
<extensions>
<gpxtpx:TrackPointExtension>
<gpxtpx:hr>168</gpxtpx:hr>
</gpxtpx:TrackPointExtension>
</extensions>
</trkpt>
<trkpt lat="33.58566" lon="130.3954036">
<ele>1.896</ele>
<time>2026-05-30T22:15:31Z</time>
<extensions>
<gpxtpx:TrackPointExtension>
<gpxtpx:hr>168</gpxtpx:hr>
</gpxtpx:TrackPointExtension>
</extensions>
</trkpt>
<trkpt lat="33.5856703" lon="130.3954272">
<ele>2.025</ele>
<time>2026-05-30T22:15:32Z</time>
<extensions>
<gpxtpx:TrackPointExtension>
<gpxtpx:hr>167</gpxtpx:hr>
</gpxtpx:TrackPointExtension>
</extensions>
</trkpt>
<trkpt lat="33.5856783" lon="130.3954496">
<ele>2.03</ele>
<time>2026-05-30T22:15:33Z</time>
<extensions>
<gpxtpx:TrackPointExtension>
<gpxtpx:hr>167</gpxtpx:hr>
</gpxtpx:TrackPointExtension>
</extensions>
</trkpt>
<trkpt lat="33.5856864" lon="130.3954713">
<ele>2.011</ele>
<time>2026-05-30T22:15:34Z</time>
<extensions>
<gpxtpx:TrackPointExtension>
<gpxtpx:hr>167</gpxtpx:hr>
<gpxtpx:cad>75</gpxtpx:cad>
</gpxtpx:TrackPointExtension>
</extensions>
</trkpt>
<trkpt lat="33.5856946" lon="130.3954924">
<ele>1.776</ele>
<time>2026-05-30T22:15:35Z</time>
<extensions>
<gpxtpx:TrackPointExtension>
<gpxtpx:hr>167</gpxtpx:hr>
</gpxtpx:TrackPointExtension>
</extensions>
</trkpt>
<trkpt lat="33.5857029" lon="130.3955127">
<ele>1.707</ele>
<time>2026-05-30T22:15:36Z</time>
<extensions>
<gpxtpx:TrackPointExtension>
<gpxtpx:hr>167</gpxtpx:hr>
</gpxtpx:TrackPointExtension>
</extensions>
</trkpt>
<trkpt lat="33.5857113" lon="130.3955324">
<ele>1.646</ele>
<time>2026-05-30T22:15:37Z</time>
<extensions>
<gpxtpx:TrackPointExtension>
<gpxtpx:hr>167</gpxtpx:hr>
</gpxtpx:TrackPointExtension>
</extensions>
</trkpt>
<trkpt lat="33.585721" lon="130.395555">
<ele>1.659</ele>
<time>2026-05-30T22:15:38Z</time>
<extensions>
<gpxtpx:TrackPointExtension>
<gpxtpx:hr>167</gpxtpx:hr>
</gpxtpx:TrackPointExtension>
</extensions>
</trkpt>
<trkpt lat="33.5857307" lon="130.3955761">
<ele>1.649</ele>
<time>2026-05-30T22:15:39Z</time>
<extensions>
<gpxtpx:TrackPointExtension>
<gpxtpx:hr>168</gpxtpx:hr>
<gpxtpx:cad>165</gpxtpx:cad>
</gpxtpx:TrackPointExtension>
</extensions>
</trkpt>
<trkpt lat="33.5857403" lon="130.3955958">
<ele>1.731</ele>
<time>2026-05-30T22:15:40Z</time>
<extensions>
<gpxtpx:TrackPointExtension>
<gpxtpx:hr>168</gpxtpx:hr>
</gpxtpx:TrackPointExtension>
</extensions>
</trkpt>
<trkpt lat="33.58575" lon="130.3956154">
<ele>1.887</ele>
<time>2026-05-30T22:15:41Z</time>
<extensions>
<gpxtpx:TrackPointExtension>
<gpxtpx:hr>168</gpxtpx:hr>
</gpxtpx:TrackPointExtension>
</extensions>
</trkpt>
<trkpt lat="33.58576" lon="130.3956364">
<ele>1.915</ele>
<time>2026-05-30T22:15:42Z</time>
<extensions>
<gpxtpx:TrackPointExtension>
<gpxtpx:hr>168</gpxtpx:hr>
</gpxtpx:TrackPointExtension>
</extensions>
</trkpt>
<trkpt lat="33.5857704" lon="130.3956593">
<ele>1.805</ele>
<time>2026-05-30T22:15:43Z</time>
<extensions>
<gpxtpx:TrackPointExtension>
<gpxtpx:hr>167</gpxtpx:hr>
</gpxtpx:TrackPointExtension>
</extensions>
</trkpt>
<trkpt lat="33.585782" lon="130.3956859">
<ele>1.741</ele>
<time>2026-05-30T22:15:44Z</time>
<extensions>
<gpxtpx:TrackPointExtension>
<gpxtpx:hr>167</gpxtpx:hr>
<gpxtpx:cad>179</gpxtpx:cad>
</gpxtpx:TrackPointExtension>
</extensions>
</trkpt>
<trkpt lat="33.585796" lon="130.3957151">
<ele>1.67</ele>
<time>2026-05-30T22:15:45Z</time>
<extensions>
<gpxtpx:TrackPointExtension>
<gpxtpx:hr>167</gpxtpx:hr>
</gpxtpx:TrackPointExtension>
</extensions>
</trkpt>
<trkpt lat="33.5858089" lon="130.3957438">
<ele>1.739</ele>
<time>2026-05-30T22:15:46Z</time>
<extensions>
<gpxtpx:TrackPointExtension>
<gpxtpx:hr>167</gpxtpx:hr>
</gpxtpx:TrackPointExtension>
</extensions>
</trkpt>
<trkpt lat="33.5858225" lon="130.3957728">
<ele>1.693</ele>
<time>2026-05-30T22:15:47Z</time>
<extensions>
<gpxtpx:TrackPointExtension>
<gpxtpx:hr>167</gpxtpx:hr>
</gpxtpx:TrackPointExtension>
</extensions>
</trkpt>
<trkpt lat="33.5858363" lon="130.3958015">
<ele>1.669</ele>
<time>2026-05-30T22:15:48Z</time>
<extensions>
<gpxtpx:TrackPointExtension>
<gpxtpx:hr>167</gpxtpx:hr>
</gpxtpx:TrackPointExtension>
</extensions>
</trkpt>
<trkpt lat="33.58585" lon="130.3958309">
<ele>1.726</ele>
<time>2026-05-30T22:15:49Z</time>
<extensions>
<gpxtpx:TrackPointExtension>
<gpxtpx:hr>168</gpxtpx:hr>
<gpxtpx:cad>177</gpxtpx:cad>
</gpxtpx:TrackPointExtension>
</extensions>
</trkpt>
<trkpt lat="33.5858637" lon="130.3958594">
<ele>1.784</ele>
<time>2026-05-30T22:15:50Z</time>
<extensions>
<gpxtpx:TrackPointExtension>
<gpxtpx:hr>168</gpxtpx:hr>
</gpxtpx:TrackPointExtension>
</extensions>
</trkpt>
<trkpt lat="33.5858772" lon="130.3958878">
<ele>1.716</ele>
<time>2026-05-30T22:15:51Z</time>
<extensions>
<gpxtpx:TrackPointExtension>
<gpxtpx:hr>168</gpxtpx:hr>
</gpxtpx:TrackPointExtension>
</extensions>
</trkpt>
<trkpt lat="33.5858906" lon="130.3959161">
<ele>1.685</ele>
<time>2026-05-30T22:15:52Z</time>
<extensions>
<gpxtpx:TrackPointExtension>
<gpxtpx:hr>168</gpxtpx:hr>
</gpxtpx:TrackPointExtension>
</extensions>
</trkpt>
<trkpt lat="33.5859046" lon="130.3959427">
<ele>1.735</ele>
<time>2026-05-30T22:15:53Z</time>
<extensions>
<gpxtpx:TrackPointExtension>
<gpxtpx:hr>168</gpxtpx:hr>
</gpxtpx:TrackPointExtension>
</extensions>
</trkpt>
<trkpt lat="33.5859176" lon="130.3959711">
<ele>1.673</ele>
<time>2026-05-30T22:15:54Z</time>
<extensions>
<gpxtpx:TrackPointExtension>
<gpxtpx:hr>168</gpxtpx:hr>
<gpxtpx:cad>177</gpxtpx:cad>
</gpxtpx:TrackPointExtension>
</extensions>
</trkpt>
<trkpt lat="33.5859308" lon="130.3959982">
<ele>1.778</ele>
<time>2026-05-30T22:15:55Z</time>
<extensions>
<gpxtpx:TrackPointExtension>
<gpxtpx:hr>168</gpxtpx:hr>
</gpxtpx:TrackPointExtension>
</extensions>
</trkpt>
<trkpt lat="33.5859437" lon="130.3960259">
<ele>1.71</ele>
<time>2026-05-30T22:15:56Z</time>
<extensions>
<gpxtpx:TrackPointExtension>
<gpxtpx:hr>168</gpxtpx:hr>
</gpxtpx:TrackPointExtension>
</extensions>
</trkpt>
<trkpt lat="33.5859567" lon="130.3960544">
<ele>1.706</ele>
<time>2026-05-30T22:15:57Z</time>
<extensions>
<gpxtpx:TrackPointExtension>
<gpxtpx:hr>168</gpxtpx:hr>
</gpxtpx:TrackPointExtension>
</extensions>
</trkpt>
<trkpt lat="33.5859698" lon="130.3960827">
<ele>1.703</ele>
<time>2026-05-30T22:15:58Z</time>
<extensions>
<gpxtpx:TrackPointExtension>
<gpxtpx:hr>168</gpxtpx:hr>
</gpxtpx:TrackPointExtension>
</extensions>
</trkpt>
<trkpt lat="33.5859825" lon="130.3961106">
<ele>1.826</ele>
<time>2026-05-30T22:15:59Z</time>
<extensions>
<gpxtpx:TrackPointExtension>
<gpxtpx:hr>167</gpxtpx:hr>
<gpxtpx:cad>179</gpxtpx:cad>
</gpxtpx:TrackPointExtension>
</extensions>
</trkpt>
<trkpt lat="33.5859961" lon="130.396138">
<ele>1.96</ele>
<time>2026-05-30T22:16:00Z</time>
<extensions>
<gpxtpx:TrackPointExtension>
<gpxtpx:hr>167</gpxtpx:hr>
<gpxtpx:cad>180</gpxtpx:cad>
</gpxtpx:TrackPointExtension>
</extensions>
</trkpt>
<trkpt lat="33.586007" lon="130.3961668">
<ele>1.839</ele>
<time>2026-05-30T22:16:01Z</time>
<extensions>
<gpxtpx:TrackPointExtension>
<gpxtpx:hr>167</gpxtpx:hr>
</gpxtpx:TrackPointExtension>
</extensions>
</trkpt>
<trkpt lat="33.5860206" lon="130.3961939">
<ele>1.767</ele>
<time>2026-05-30T22:16:02Z</time>
<extensions>
<gpxtpx:TrackPointExtension>
<gpxtpx:hr>167</gpxtpx:hr>
</gpxtpx:TrackPointExtension>
</extensions>
</trkpt>
<trkpt lat="33.5860302" lon="130.3962238">
<ele>1.802</ele>
<time>2026-05-30T22:16:03Z</time>
<extensions>
<gpxtpx:TrackPointExtension>
<gpxtpx:hr>166</gpxtpx:hr>
</gpxtpx:TrackPointExtension>
</extensions>
</trkpt>
<trkpt lat="33.5860433" lon="130.3962509">
<ele>1.824</ele>
<time>2026-05-30T22:16:04Z</time>
<extensions>
<gpxtpx:TrackPointExtension>
<gpxtpx:hr>166</gpxtpx:hr>
<gpxtpx:cad>180</gpxtpx:cad>
</gpxtpx:TrackPointExtension>
</extensions>
</trkpt>
<trkpt lat="33.5860518" lon="130.3962822">
<ele>1.818</ele>
<time>2026-05-30T22:16:05Z</time>
<extensions>
<gpxtpx:TrackPointExtension>
<gpxtpx:hr>166</gpxtpx:hr>
</gpxtpx:TrackPointExtension>
</extensions>
</trkpt>
<trkpt lat="33.5860638" lon="130.3963097">
<ele>1.775</ele>
<time>2026-05-30T22:16:06Z</time>
<extensions>
<gpxtpx:TrackPointExtension>
<gpxtpx:hr>166</gpxtpx:hr>
</gpxtpx:TrackPointExtension>
</extensions>
</trkpt>
<trkpt lat="33.5860749" lon="130.3963376">
<ele>1.831</ele>
<time>2026-05-30T22:16:07Z</time>
<extensions>
<gpxtpx:TrackPointExtension>
<gpxtpx:hr>166</gpxtpx:hr>
</gpxtpx:TrackPointExtension>
</extensions>
</trkpt>
<trkpt lat="33.5860819" lon="130.3963708">
<ele>1.903</ele>
<time>2026-05-30T22:16:08Z</time>
<extensions>
<gpxtpx:TrackPointExtension>
<gpxtpx:hr>166</gpxtpx:hr>
</gpxtpx:TrackPointExtension>
</extensions>
</trkpt>
<trkpt lat="33.5860918" lon="130.3964002">
<ele>1.834</ele>
<time>2026-05-30T22:16:09Z</time>
<extensions>
<gpxtpx:TrackPointExtension>
<gpxtpx:hr>166</gpxtpx:hr>
<gpxtpx:cad>180</gpxtpx:cad>
</gpxtpx:TrackPointExtension>
</extensions>
</trkpt>
<trkpt lat="33.5860996" lon="130.3964323">
<ele>1.81</ele>
<time>2026-05-30T22:16:10Z</time>
<extensions>
<gpxtpx:TrackPointExtension>
<gpxtpx:hr>166</gpxtpx:hr>
</gpxtpx:TrackPointExtension>
</extensions>
</trkpt>
<trkpt lat="33.5861082" lon="130.3964635">
<ele>1.751</ele>
<time>2026-05-30T22:16:11Z</time>
<extensions>
<gpxtpx:TrackPointExtension>
<gpxtpx:hr>165</gpxtpx:hr>
</gpxtpx:TrackPointExtension>
</extensions>
</trkpt>
<trkpt lat="33.586114" lon="130.3964984">
<ele>1.665</ele>
<time>2026-05-30T22:16:12Z</time>
<extensions>
<gpxtpx:TrackPointExtension>
<gpxtpx:hr>165</gpxtpx:hr>
</gpxtpx:TrackPointExtension>
</extensions>
</trkpt>
<trkpt lat="33.5861214" lon="130.3965312">
<ele>1.583</ele>
<time>2026-05-30T22:16:13Z</time>
<extensions>
<gpxtpx:TrackPointExtension>
<gpxtpx:hr>165</gpxtpx:hr>
</gpxtpx:TrackPointExtension>
</extensions>
</trkpt>
<trkpt lat="33.5861276" lon="130.3965655">
<ele>1.439</ele>
<time>2026-05-30T22:16:14Z</time>
<extensions>
<gpxtpx:TrackPointExtension>
<gpxtpx:hr>165</gpxtpx:hr>
<gpxtpx:cad>181</gpxtpx:cad>
</gpxtpx:TrackPointExtension>
</extensions>
</trkpt>
<trkpt lat="33.5861336" lon="130.3966002">
<ele>1.484</ele>
<time>2026-05-30T22:16:15Z</time>
<extensions>
<gpxtpx:TrackPointExtension>
<gpxtpx:hr>165</gpxtpx:hr>
</gpxtpx:TrackPointExtension>
</extensions>
</trkpt>
<trkpt lat="33.5861395" lon="130.3966349">
<ele>1.602</ele>
<time>2026-05-30T22:16:16Z</time>
<extensions>
<gpxtpx:TrackPointExtension>
<gpxtpx:hr>165</gpxtpx:hr>
</gpxtpx:TrackPointExtension>
</extensions>
</trkpt>
<trkpt lat="33.5861453" lon="130.3966697">
<ele>1.623</ele>
<time>2026-05-30T22:16:17Z</time>
<extensions>
<gpxtpx:TrackPointExtension>
<gpxtpx:hr>165</gpxtpx:hr>
</gpxtpx:TrackPointExtension>
</extensions>
</trkpt>
<trkpt lat="33.5861511" lon="130.3967044">
<ele>1.607</ele>
<time>2026-05-30T22:16:18Z</time>
<extensions>
<gpxtpx:TrackPointExtension>
<gpxtpx:hr>165</gpxtpx:hr>
</gpxtpx:TrackPointExtension>
</extensions>
</trkpt>
<trkpt lat="33.586157" lon="130.3967388">
<ele>1.62</ele>
<time>2026-05-30T22:16:19Z</time>
<extensions>
<gpxtpx:TrackPointExtension>
<gpxtpx:hr>165</gpxtpx:hr>
<gpxtpx:cad>182</gpxtpx:cad>
</gpxtpx:TrackPointExtension>
</extensions>
</trkpt>
<trkpt lat="33.5861631" lon="130.3967729">
<ele>1.648</ele>
<time>2026-05-30T22:16:20Z</time>
<extensions>
<gpxtpx:TrackPointExtension>
<gpxtpx:hr>165</gpxtpx:hr>
</gpxtpx:TrackPointExtension>
</extensions>
</trkpt>
<trkpt lat="33.5861695" lon="130.3968066">
<ele>1.661</ele>
<time>2026-05-30T22:16:21Z</time>
<extensions>
<gpxtpx:TrackPointExtension>
<gpxtpx:hr>165</gpxtpx:hr>
</gpxtpx:TrackPointExtension>
</extensions>
</trkpt>
<trkpt lat="33.5861769" lon="130.3968386">
<ele>1.743</ele>
<time>2026-05-30T22:16:22Z</time>
<extensions>
<gpxtpx:TrackPointExtension>
<gpxtpx:hr>164</gpxtpx:hr>
</gpxtpx:TrackPointExtension>
</extensions>
</trkpt>
<trkpt lat="33.5861829" lon="130.3968728">
<ele>1.805</ele>
<time>2026-05-30T22:16:23Z</time>
<extensions>
<gpxtpx:TrackPointExtension>
<gpxtpx:hr>164</gpxtpx:hr>
</gpxtpx:TrackPointExtension>
</extensions>
</trkpt>
<trkpt lat="33.5861907" lon="130.3969039">
<ele>1.891</ele>
<time>2026-05-30T22:16:24Z</time>
<extensions>
<gpxtpx:TrackPointExtension>
<gpxtpx:hr>164</gpxtpx:hr>
<gpxtpx:cad>182</gpxtpx:cad>
</gpxtpx:TrackPointExtension>
</extensions>
</trkpt>
<trkpt lat="33.5861978" lon="130.3969359">
<ele>1.549</ele>
<time>2026-05-30T22:16:25Z</time>
<extensions>
<gpxtpx:TrackPointExtension>
<gpxtpx:hr>164</gpxtpx:hr>
</gpxtpx:TrackPointExtension>
</extensions>
</trkpt>
<trkpt lat="33.5862054" lon="130.396966">
<ele>1.598</ele>
<time>2026-05-30T22:16:26Z</time>
<extensions>
<gpxtpx:TrackPointExtension>
<gpxtpx:hr>164</gpxtpx:hr>
</gpxtpx:TrackPointExtension>
</extensions>
</trkpt>
<trkpt lat="33.5862124" lon="130.3969986">
<ele>1.892</ele>
<time>2026-05-30T22:16:27Z</time>
<extensions>
<gpxtpx:TrackPointExtension>
<gpxtpx:hr>164</gpxtpx:hr>
</gpxtpx:TrackPointExtension>
</extensions>
</trkpt>
<trkpt lat="33.5862201" lon="130.397028">
<ele>1.971</ele>
<time>2026-05-30T22:16:28Z</time>
<extensions>
<gpxtpx:TrackPointExtension>
<gpxtpx:hr>164</gpxtpx:hr>
</gpxtpx:TrackPointExtension>
</extensions>
</trkpt>
<trkpt lat="33.5862276" lon="130.3970595">
<ele>1.738</ele>
<time>2026-05-30T22:16:29Z</time>
<extensions>
<gpxtpx:TrackPointExtension>
<gpxtpx:hr>164</gpxtpx:hr>
<gpxtpx:cad>181</gpxtpx:cad>
</gpxtpx:TrackPointExtension>
</extensions>
</trkpt>
<trkpt lat="33.5862362" lon="130.3970884">
<ele>1.662</ele>
<time>2026-05-30T22:16:30Z</time>
<extensions>
<gpxtpx:TrackPointExtension>
<gpxtpx:hr>164</gpxtpx:hr>
</gpxtpx:TrackPointExtension>
</extensions>
</trkpt>
<trkpt lat="33.5862447" lon="130.3971181">
<ele>1.592</ele>
<time>2026-05-30T22:16:31Z</time>
<extensions>
<gpxtpx:TrackPointExtension>
<gpxtpx:hr>164</gpxtpx:hr>
</gpxtpx:TrackPointExtension>
</extensions>
</trkpt>
<trkpt lat="33.5862535" lon="130.3971477">
<ele>1.569</ele>
<time>2026-05-30T22:16:32Z</time>
<extensions>
<gpxtpx:TrackPointExtension>
<gpxtpx:hr>164</gpxtpx:hr>
<gpxtpx:cad>179</gpxtpx:cad>
</gpxtpx:TrackPointExtension>
</extensions>
</trkpt>
<trkpt lat="33.586263" lon="130.3971772">
<ele>1.615</ele>
<time>2026-05-30T22:16:33Z</time>
</trkpt>
<trkpt lat="33.5862717" lon="130.3972068">
<ele>1.623</ele>
<time>2026-05-30T22:16:34Z</time>
<extensions>
<gpxtpx:TrackPointExtension>
<gpxtpx:hr>164</gpxtpx:hr>
<gpxtpx:cad>178</gpxtpx:cad>
</gpxtpx:TrackPointExtension>
</extensions>
</trkpt>
<trkpt lat="33.5862811" lon="130.3972364">
<ele>1.556</ele>
<time>2026-05-30T22:16:35Z</time>
<extensions>
<gpxtpx:TrackPointExtension>
<gpxtpx:hr>164</gpxtpx:hr>
</gpxtpx:TrackPointExtension>
</extensions>
</trkpt>
<trkpt lat="33.5862893" lon="130.3972653">
<ele>1.544</ele>
<time>2026-05-30T22:16:36Z</time>
<extensions>
<gpxtpx:TrackPointExtension>
<gpxtpx:hr>164</gpxtpx:hr>
</gpxtpx:TrackPointExtension>
</extensions>
</trkpt>
<trkpt lat="33.5862984" lon="130.3972943">
<ele>1.603</ele>
<time>2026-05-30T22:16:37Z</time>
<extensions>
<gpxtpx:TrackPointExtension>
<gpxtpx:hr>165</gpxtpx:hr>
</gpxtpx:TrackPointExtension>
</extensions>
</trkpt>
<trkpt lat="33.5863087" lon="130.3973243">
<ele>1.654</ele>
<time>2026-05-30T22:16:38Z</time>
<extensions>
<gpxtpx:TrackPointExtension>
<gpxtpx:hr>165</gpxtpx:hr>
</gpxtpx:TrackPointExtension>
</extensions>
</trkpt>
<trkpt lat="33.5863187" lon="130.3973538">
<ele>1.688</ele>
<time>2026-05-30T22:16:39Z</time>
<extensions>
<gpxtpx:TrackPointExtension>
<gpxtpx:hr>165</gpxtpx:hr>
<gpxtpx:cad>177</gpxtpx:cad>
</gpxtpx:TrackPointExtension>
</extensions>
</trkpt>
<trkpt lat="33.5863289" lon="130.3973834">
<ele>1.629</ele>
<time>2026-05-30T22:16:40Z</time>
<extensions>
<gpxtpx:TrackPointExtension>
<gpxtpx:hr>165</gpxtpx:hr>
</gpxtpx:TrackPointExtension>
</extensions>
</trkpt>
<trkpt lat="33.5863393" lon="130.3974146">
<ele>1.493</ele>
<time>2026-05-30T22:16:41Z</time>
<extensions>
<gpxtpx:TrackPointExtension>
<gpxtpx:hr>165</gpxtpx:hr>
</gpxtpx:TrackPointExtension>
</extensions>
</trkpt>
<trkpt lat="33.5863494" lon="130.3974449">
<ele>1.468</ele>
<time>2026-05-30T22:16:42Z</time>
<extensions>
<gpxtpx:TrackPointExtension>
<gpxtpx:hr>165</gpxtpx:hr>
</gpxtpx:TrackPointExtension>
</extensions>
</trkpt>
<trkpt lat="33.5863586" lon="130.3974779">
<ele>1.417</ele>
<time>2026-05-30T22:16:43Z</time>
<extensions>
<gpxtpx:TrackPointExtension>
<gpxtpx:hr>166</gpxtpx:hr>
</gpxtpx:TrackPointExtension>
</extensions>
</trkpt>
<trkpt lat="33.5863688" lon="130.3975083">
<ele>1.352</ele>
<time>2026-05-30T22:16:44Z</time>
<extensions>
<gpxtpx:TrackPointExtension>
<gpxtpx:hr>166</gpxtpx:hr>
<gpxtpx:cad>178</gpxtpx:cad>
</gpxtpx:TrackPointExtension>
</extensions>
</trkpt>
<trkpt lat="33.5863764" lon="130.3975421">
<ele>1.397</ele>
<time>2026-05-30T22:16:45Z</time>
<extensions>
<gpxtpx:TrackPointExtension>
<gpxtpx:hr>166</gpxtpx:hr>
</gpxtpx:TrackPointExtension>
</extensions>
</trkpt>
<trkpt lat="33.5863867" lon="130.3975735">
<ele>1.325</ele>
<time>2026-05-30T22:16:46Z</time>
<extensions>
<gpxtpx:TrackPointExtension>
<gpxtpx:hr>167</gpxtpx:hr>
</gpxtpx:TrackPointExtension>
</extensions>
</trkpt>
<trkpt lat="33.5863925" lon="130.3976078">
<ele>1.398</ele>
<time>2026-05-30T22:16:47Z</time>
<extensions>
<gpxtpx:TrackPointExtension>
<gpxtpx:hr>167</gpxtpx:hr>
</gpxtpx:TrackPointExtension>
</extensions>
</trkpt>
<trkpt lat="33.5863997" lon="130.3976412">
<ele>1.36</ele>
<time>2026-05-30T22:16:48Z</time>
<extensions>
<gpxtpx:TrackPointExtension>
<gpxtpx:hr>167</gpxtpx:hr>
</gpxtpx:TrackPointExtension>
</extensions>
</trkpt>
<trkpt lat="33.5864063" lon="130.3976749">
<ele>1.327</ele>
<time>2026-05-30T22:16:49Z</time>
<extensions>
<gpxtpx:TrackPointExtension>
<gpxtpx:hr>167</gpxtpx:hr>
<gpxtpx:cad>178</gpxtpx:cad>
</gpxtpx:TrackPointExtension>
</extensions>
</trkpt>
<trkpt lat="33.5864124" lon="130.3977089">
<ele>1.322</ele>
<time>2026-05-30T22:16:50Z</time>
<extensions>
<gpxtpx:TrackPointExtension>
<gpxtpx:hr>167</gpxtpx:hr>
</gpxtpx:TrackPointExtension>
</extensions>
</trkpt>
<trkpt lat="33.5864188" lon="130.3977431">
<ele>1.305</ele>
<time>2026-05-30T22:16:51Z</time>
<extensions>
<gpxtpx:TrackPointExtension>
<gpxtpx:hr>166</gpxtpx:hr>
</gpxtpx:TrackPointExtension>
</extensions>
</trkpt>
<trkpt lat="33.586426" lon="130.3977776">
<ele>1.293</ele>
<time>2026-05-30T22:16:52Z</time>
<extensions>
<gpxtpx:TrackPointExtension>
<gpxtpx:hr>166</gpxtpx:hr>
</gpxtpx:TrackPointExtension>
</extensions>
</trkpt>
<trkpt lat="33.5864288" lon="130.3978125">
<ele>1.212</ele>
<time>2026-05-30T22:16:53Z</time>
<extensions>
<gpxtpx:TrackPointExtension>
<gpxtpx:hr>167</gpxtpx:hr>
</gpxtpx:TrackPointExtension>
</extensions>
</trkpt>
<trkpt lat="33.5864332" lon="130.3978474">
<ele>1.194</ele>
<time>2026-05-30T22:16:54Z</time>
<extensions>
<gpxtpx:TrackPointExtension>
<gpxtpx:hr>167</gpxtpx:hr>
<gpxtpx:cad>176</gpxtpx:cad>
</gpxtpx:TrackPointExtension>
</extensions>
</trkpt>
<trkpt lat="33.5864357" lon="130.3978823">
<ele>1.151</ele>
<time>2026-05-30T22:16:55Z</time>
<extensions>
<gpxtpx:TrackPointExtension>
<gpxtpx:hr>168</gpxtpx:hr>
</gpxtpx:TrackPointExtension>
</extensions>
</trkpt>
<trkpt lat="33.5864376" lon="130.3979171">
<ele>1.081</ele>
<time>2026-05-30T22:16:56Z</time>
<extensions>
<gpxtpx:TrackPointExtension>
<gpxtpx:hr>168</gpxtpx:hr>
</gpxtpx:TrackPointExtension>
</extensions>
</trkpt>
<trkpt lat="33.5864404" lon="130.3979517">
<ele>1.115</ele>
<time>2026-05-30T22:16:57Z</time>
<extensions>
<gpxtpx:TrackPointExtension>
<gpxtpx:hr>169</gpxtpx:hr>
</gpxtpx:TrackPointExtension>
</extensions>
</trkpt>
<trkpt lat="33.5864427" lon="130.3979865">
<ele>1.195</ele>
<time>2026-05-30T22:16:58Z</time>
<extensions>
<gpxtpx:TrackPointExtension>
<gpxtpx:hr>169</gpxtpx:hr>
</gpxtpx:TrackPointExtension>
</extensions>
</trkpt>
<trkpt lat="33.5864494" lon="130.3980204">
<ele>1.223</ele>
<time>2026-05-30T22:16:59Z</time>
<extensions>
<gpxtpx:TrackPointExtension>
<gpxtpx:hr>168</gpxtpx:hr>
<gpxtpx:cad>176</gpxtpx:cad>
</gpxtpx:TrackPointExtension>
</extensions>
</trkpt>
<trkpt lat="33.5864531" lon="130.3980549">
<ele>1.174</ele>
<time>2026-05-30T22:17:00Z</time>
<extensions>
<gpxtpx:TrackPointExtension>
<gpxtpx:hr>169</gpxtpx:hr>
</gpxtpx:TrackPointExtension>
</extensions>
</trkpt>
<trkpt lat="33.5864623" lon="130.3980883">
<ele>1.027</ele>
<time>2026-05-30T22:17:01Z</time>
<extensions>
<gpxtpx:TrackPointExtension>
<gpxtpx:hr>169</gpxtpx:hr>
</gpxtpx:TrackPointExtension>
</extensions>
</trkpt>
<trkpt lat="33.5864694" lon="130.398122">
<ele>1.1</ele>
<time>2026-05-30T22:17:02Z</time>
<extensions>
<gpxtpx:TrackPointExtension>
<gpxtpx:hr>169</gpxtpx:hr>
</gpxtpx:TrackPointExtension>
</extensions>
</trkpt>
<trkpt lat="33.5864758" lon="130.3981556">
<ele>1.13</ele>
<time>2026-05-30T22:17:03Z</time>
<extensions>
<gpxtpx:TrackPointExtension>
<gpxtpx:hr>169</gpxtpx:hr>
</gpxtpx:TrackPointExtension>
</extensions>
</trkpt>
<trkpt lat="33.5864833" lon="130.3981889">
<ele>1.098</ele>
<time>2026-05-30T22:17:04Z</time>
<extensions>
<gpxtpx:TrackPointExtension>
<gpxtpx:hr>169</gpxtpx:hr>
<gpxtpx:cad>179</gpxtpx:cad>
</gpxtpx:TrackPointExtension>
</extensions>
</trkpt>
<trkpt lat="33.5864921" lon="130.3982219">
<ele>1.067</ele>
<time>2026-05-30T22:17:05Z</time>
<extensions>
<gpxtpx:TrackPointExtension>
<gpxtpx:hr>169</gpxtpx:hr>
<gpxtpx:cad>180</gpxtpx:cad>
</gpxtpx:TrackPointExtension>
</extensions>
</trkpt>
<trkpt lat="33.5865023" lon="130.3982547">
<ele>0.986</ele>
<time>2026-05-30T22:17:06Z</time>
<extensions>
<gpxtpx:TrackPointExtension>
<gpxtpx:hr>169</gpxtpx:hr>
</gpxtpx:TrackPointExtension>
</extensions>
</trkpt>
<trkpt lat="33.5865138" lon="130.398287">
<ele>1.017</ele>
<time>2026-05-30T22:17:07Z</time>
<extensions>
<gpxtpx:TrackPointExtension>
<gpxtpx:hr>169</gpxtpx:hr>
</gpxtpx:TrackPointExtension>
</extensions>
</trkpt>
<trkpt lat="33.5865265" lon="130.3983192">
<ele>1.019</ele>
<time>2026-05-30T22:17:08Z</time>
<extensions>
<gpxtpx:TrackPointExtension>
<gpxtpx:hr>169</gpxtpx:hr>
</gpxtpx:TrackPointExtension>
</extensions>
</trkpt>
<trkpt lat="33.5865388" lon="130.3983494">
<ele>1.075</ele>
<time>2026-05-30T22:17:09Z</time>
<extensions>
<gpxtpx:TrackPointExtension>
<gpxtpx:hr>169</gpxtpx:hr>
<gpxtpx:cad>181</gpxtpx:cad>
</gpxtpx:TrackPointExtension>
</extensions>
</trkpt>
<trkpt lat="33.5865508" lon="130.3983801">
<ele>1.086</ele>
<time>2026-05-30T22:17:10Z</time>
<extensions>
<gpxtpx:TrackPointExtension>
<gpxtpx:hr>169</gpxtpx:hr>
</gpxtpx:TrackPointExtension>
</extensions>
</trkpt>
<trkpt lat="33.5865604" lon="130.3984102">
<ele>1.07</ele>
<time>2026-05-30T22:17:11Z</time>
<extensions>
<gpxtpx:TrackPointExtension>
<gpxtpx:hr>169</gpxtpx:hr>
</gpxtpx:TrackPointExtension>
</extensions>
</trkpt>
<trkpt lat="33.5865688" lon="130.3984404">
<ele>0.988</ele>
<time>2026-05-30T22:17:12Z</time>
<extensions>
<gpxtpx:TrackPointExtension>
<gpxtpx:hr>169</gpxtpx:hr>
</gpxtpx:TrackPointExtension>
</extensions>
</trkpt>
<trkpt lat="33.58658" lon="130.3984709">
<ele>0.976</ele>
<time>2026-05-30T22:17:13Z</time>
<extensions>
<gpxtpx:TrackPointExtension>
<gpxtpx:hr>169</gpxtpx:hr>
</gpxtpx:TrackPointExtension>
</extensions>
</trkpt>
<trkpt lat="33.5865867" lon="130.3985013">
<ele>0.896</ele>
<time>2026-05-30T22:17:14Z</time>
<extensions>
<gpxtpx:TrackPointExtension>
<gpxtpx:hr>169</gpxtpx:hr>
<gpxtpx:cad>181</gpxtpx:cad>
</gpxtpx:TrackPointExtension>
</extensions>
</trkpt>
<trkpt lat="33.5865961" lon="130.3985315">
<ele>0.882</ele>
<time>2026-05-30T22:17:15Z</time>
<extensions>
<gpxtpx:TrackPointExtension>
<gpxtpx:hr>169</gpxtpx:hr>
</gpxtpx:TrackPointExtension>
</extensions>
</trkpt>
<trkpt lat="33.586603" lon="130.3985619">
<ele>0.842</ele>
<time>2026-05-30T22:17:16Z</time>
<extensions>
<gpxtpx:TrackPointExtension>
<gpxtpx:hr>170</gpxtpx:hr>
</gpxtpx:TrackPointExtension>
</extensions>
</trkpt>
<trkpt lat="33.5866092" lon="130.3985924">
<ele>0.844</ele>
<time>2026-05-30T22:17:17Z</time>
<extensions>
<gpxtpx:TrackPointExtension>
<gpxtpx:hr>170</gpxtpx:hr>
</gpxtpx:TrackPointExtension>
</extensions>
</trkpt>
<trkpt lat="33.5866154" lon="130.3986228">
<ele>0.804</ele>
<time>2026-05-30T22:17:18Z</time>
<extensions>
<gpxtpx:TrackPointExtension>
<gpxtpx:hr>170</gpxtpx:hr>
</gpxtpx:TrackPointExtension>
</extensions>
</trkpt>
<trkpt lat="33.5866205" lon="130.3986538">
<ele>0.896</ele>
<time>2026-05-30T22:17:19Z</time>
<extensions>
<gpxtpx:TrackPointExtension>
<gpxtpx:hr>170</gpxtpx:hr>
<gpxtpx:cad>181</gpxtpx:cad>
</gpxtpx:TrackPointExtension>
</extensions>
</trkpt>
<trkpt lat="33.5866256" lon="130.3986846">
<ele>0.899</ele>
<time>2026-05-30T22:17:20Z</time>
<extensions>
<gpxtpx:TrackPointExtension>
<gpxtpx:hr>171</gpxtpx:hr>
</gpxtpx:TrackPointExtension>
</extensions>
</trkpt>
<trkpt lat="33.5866316" lon="130.3987153">
<ele>0.889</ele>
<time>2026-05-30T22:17:21Z</time>
<extensions>
<gpxtpx:TrackPointExtension>
<gpxtpx:hr>170</gpxtpx:hr>
</gpxtpx:TrackPointExtension>
</extensions>
</trkpt>
<trkpt lat="33.5866374" lon="130.3987459">
<ele>0.826</ele>
<time>2026-05-30T22:17:22Z</time>
<extensions>
<gpxtpx:TrackPointExtension>
<gpxtpx:hr>170</gpxtpx:hr>
</gpxtpx:TrackPointExtension>
</extensions>
</trkpt>
<trkpt lat="33.5866448" lon="130.3987761">
<ele>0.824</ele>
<time>2026-05-30T22:17:23Z</time>
<extensions>
<gpxtpx:TrackPointExtension>
<gpxtpx:hr>170</gpxtpx:hr>
</gpxtpx:TrackPointExtension>
</extensions>
</trkpt>
<trkpt lat="33.5866525" lon="130.3988062">
<ele>0.899</ele>
<time>2026-05-30T22:17:24Z</time>
<extensions>
<gpxtpx:TrackPointExtension>
<gpxtpx:cad>181</gpxtpx:cad>
</gpxtpx:TrackPointExtension>
</extensions>
</trkpt>
<trkpt lat="33.58666" lon="130.3988364">
<ele>0.949</ele>
<time>2026-05-30T22:17:25Z</time>
<extensions>
<gpxtpx:TrackPointExtension>
<gpxtpx:hr>170</gpxtpx:hr>
</gpxtpx:TrackPointExtension>
</extensions>
</trkpt>
<trkpt lat="33.5866667" lon="130.3988668">
<ele>0.877</ele>
<time>2026-05-30T22:17:26Z</time>
<extensions>
<gpxtpx:TrackPointExtension>
<gpxtpx:hr>170</gpxtpx:hr>
</gpxtpx:TrackPointExtension>
</extensions>
</trkpt>
<trkpt lat="33.5866768" lon="130.3988962">
<ele>0.904</ele>
<time>2026-05-30T22:17:27Z</time>
<extensions>
<gpxtpx:TrackPointExtension>
<gpxtpx:hr>170</gpxtpx:hr>
</gpxtpx:TrackPointExtension>
</extensions>
</trkpt>
<trkpt lat="33.5866847" lon="130.3989263">
<ele>0.871</ele>
<time>2026-05-30T22:17:28Z</time>
<extensions>
<gpxtpx:TrackPointExtension>
<gpxtpx:hr>169</gpxtpx:hr>
</gpxtpx:TrackPointExtension>
</extensions>
</trkpt>
<trkpt lat="33.5866954" lon="130.3989553">
<ele>0.913</ele>
<time>2026-05-30T22:17:29Z</time>
<extensions>
<gpxtpx:TrackPointExtension>
<gpxtpx:hr>169</gpxtpx:hr>
<gpxtpx:cad>181</gpxtpx:cad>
</gpxtpx:TrackPointExtension>
</extensions>
</trkpt>
<trkpt lat="33.5867048" lon="130.398985">
<ele>0.879</ele>
<time>2026-05-30T22:17:30Z</time>
<extensions>
<gpxtpx:TrackPointExtension>
<gpxtpx:hr>169</gpxtpx:hr>
</gpxtpx:TrackPointExtension>
</extensions>
</trkpt>
<trkpt lat="33.5867175" lon="130.3990132">
<ele>0.969</ele>
<time>2026-05-30T22:17:31Z</time>
<extensions>
<gpxtpx:TrackPointExtension>
<gpxtpx:hr>169</gpxtpx:hr>
</gpxtpx:TrackPointExtension>
</extensions>
</trkpt>
<trkpt lat="33.5867282" lon="130.3990424">
<ele>1.03</ele>
<time>2026-05-30T22:17:32Z</time>
<extensions>
<gpxtpx:TrackPointExtension>
<gpxtpx:hr>169</gpxtpx:hr>
</gpxtpx:TrackPointExtension>
</extensions>
</trkpt>
<trkpt lat="33.5867423" lon="130.3990699">
<ele>1.016</ele>
<time>2026-05-30T22:17:33Z</time>
<extensions>
<gpxtpx:TrackPointExtension>
<gpxtpx:hr>169</gpxtpx:hr>
</gpxtpx:TrackPointExtension>
</extensions>
</trkpt>
<trkpt lat="33.5867544" lon="130.3990984">
<ele>1.079</ele>
<time>2026-05-30T22:17:34Z</time>
<extensions>
<gpxtpx:TrackPointExtension>
<gpxtpx:hr>169</gpxtpx:hr>
<gpxtpx:cad>181</gpxtpx:cad>
</gpxtpx:TrackPointExtension>
</extensions>
</trkpt>
<trkpt lat="33.5867705" lon="130.3991247">
<ele>1.069</ele>
<time>2026-05-30T22:17:35Z</time>
<extensions>
<gpxtpx:TrackPointExtension>
<gpxtpx:hr>169</gpxtpx:hr>
</gpxtpx:TrackPointExtension>
</extensions>
</trkpt>
<trkpt lat="33.5867858" lon="130.3991514">
<ele>1.078</ele>
<time>2026-05-30T22:17:36Z</time>
<extensions>
<gpxtpx:TrackPointExtension>
<gpxtpx:hr>170</gpxtpx:hr>
</gpxtpx:TrackPointExtension>
</extensions>
</trkpt>
<trkpt lat="33.5868015" lon="130.3991779">
<ele>1.039</ele>
<time>2026-05-30T22:17:37Z</time>
<extensions>
<gpxtpx:TrackPointExtension>
<gpxtpx:hr>170</gpxtpx:hr>
<gpxtpx:cad>180</gpxtpx:cad>
</gpxtpx:TrackPointExtension>
</extensions>
</trkpt>
<trkpt lat="33.5868176" lon="130.3992045">
<ele>0.985</ele>
<time>2026-05-30T22:17:38Z</time>
<extensions>
<gpxtpx:TrackPointExtension>
<gpxtpx:hr>170</gpxtpx:hr>
</gpxtpx:TrackPointExtension>
</extensions>
</trkpt>
<trkpt lat="33.586834" lon="130.399231">
<ele>0.918</ele>
<time>2026-05-30T22:17:39Z</time>
<extensions>
<gpxtpx:TrackPointExtension>
<gpxtpx:hr>170</gpxtpx:hr>
<gpxtpx:cad>181</gpxtpx:cad>
</gpxtpx:TrackPointExtension>
</extensions>
</trkpt>
<trkpt lat="33.5868503" lon="130.3992576">
<ele>0.983</ele>
<time>2026-05-30T22:17:40Z</time>
<extensions>
<gpxtpx:TrackPointExtension>
<gpxtpx:hr>170</gpxtpx:hr>
</gpxtpx:TrackPointExtension>
</extensions>
</trkpt>
<trkpt lat="33.5868686" lon="130.3992835">
<ele>0.949</ele>
<time>2026-05-30T22:17:41Z</time>
<extensions>
<gpxtpx:TrackPointExtension>
<gpxtpx:hr>169</gpxtpx:hr>
</gpxtpx:TrackPointExtension>
</extensions>
</trkpt>
<trkpt lat="33.5868845" lon="130.3993103">
<ele>0.882</ele>
<time>2026-05-30T22:17:42Z</time>
<extensions>
<gpxtpx:TrackPointExtension>
<gpxtpx:hr>169</gpxtpx:hr>
</gpxtpx:TrackPointExtension>
</extensions>
</trkpt>
<trkpt lat="33.586903" lon="130.3993363">
<ele>0.88</ele>
<time>2026-05-30T22:17:43Z</time>
<extensions>
<gpxtpx:TrackPointExtension>
<gpxtpx:hr>169</gpxtpx:hr>
</gpxtpx:TrackPointExtension>
</extensions>
</trkpt>
<trkpt lat="33.5869199" lon="130.3993626">
<ele>0.928</ele>
<time>2026-05-30T22:17:44Z</time>
<extensions>
<gpxtpx:TrackPointExtension>
<gpxtpx:hr>170</gpxtpx:hr>
<gpxtpx:cad>181</gpxtpx:cad>
</gpxtpx:TrackPointExtension>
</extensions>
</trkpt>
<trkpt lat="33.5869384" lon="130.3993892">
<ele>0.867</ele>
<time>2026-05-30T22:17:45Z</time>
<extensions>
<gpxtpx:TrackPointExtension>
<gpxtpx:hr>170</gpxtpx:hr>
</gpxtpx:TrackPointExtension>
</extensions>
</trkpt>
<trkpt lat="33.586956" lon="130.3994152">
<ele>0.886</ele>
<time>2026-05-30T22:17:46Z</time>
<extensions>
<gpxtpx:TrackPointExtension>
<gpxtpx:hr>170</gpxtpx:hr>
</gpxtpx:TrackPointExtension>
</extensions>
</trkpt>
<trkpt lat="33.5869742" lon="130.3994414">
<ele>0.941</ele>
<time>2026-05-30T22:17:47Z</time>
<extensions>
<gpxtpx:TrackPointExtension>
<gpxtpx:hr>170</gpxtpx:hr>
</gpxtpx:TrackPointExtension>
</extensions>
</trkpt>
<trkpt lat="33.5869927" lon="130.3994684">
<ele>0.987</ele>
<time>2026-05-30T22:17:48Z</time>
<extensions>
<gpxtpx:TrackPointExtension>
<gpxtpx:hr>169</gpxtpx:hr>
</gpxtpx:TrackPointExtension>
</extensions>
</trkpt>
<trkpt lat="33.5870106" lon="130.3994945">
<ele>1.06</ele>
<time>2026-05-30T22:17:49Z</time>
<extensions>
<gpxtpx:TrackPointExtension>
<gpxtpx:hr>169</gpxtpx:hr>
<gpxtpx:cad>178</gpxtpx:cad>
</gpxtpx:TrackPointExtension>
</extensions>
</trkpt>
<trkpt lat="33.5870291" lon="130.3995217">
<ele>1.051</ele>
<time>2026-05-30T22:17:50Z</time>
<extensions>
<gpxtpx:TrackPointExtension>
<gpxtpx:hr>169</gpxtpx:hr>
</gpxtpx:TrackPointExtension>
</extensions>
</trkpt>
<trkpt lat="33.5870466" lon="130.3995508">
<ele>1.009</ele>
<time>2026-05-30T22:17:51Z</time>
<extensions>
<gpxtpx:TrackPointExtension>
<gpxtpx:hr>169</gpxtpx:hr>
</gpxtpx:TrackPointExtension>
</extensions>
</trkpt>
<trkpt lat="33.5870654" lon="130.3995769">
<ele>0.943</ele>
<time>2026-05-30T22:17:52Z</time>
<extensions>
<gpxtpx:TrackPointExtension>
<gpxtpx:hr>169</gpxtpx:hr>
</gpxtpx:TrackPointExtension>
</extensions>
</trkpt>
<trkpt lat="33.5870823" lon="130.3996061">
<ele>0.972</ele>
<time>2026-05-30T22:17:53Z</time>
<extensions>
<gpxtpx:TrackPointExtension>
<gpxtpx:hr>168</gpxtpx:hr>
</gpxtpx:TrackPointExtension>
</extensions>
</trkpt>
<trkpt lat="33.5871006" lon="130.3996335">
<ele>1.152</ele>
<time>2026-05-30T22:17:54Z</time>
<extensions>
<gpxtpx:TrackPointExtension>
<gpxtpx:hr>168</gpxtpx:hr>
<gpxtpx:cad>176</gpxtpx:cad>
</gpxtpx:TrackPointExtension>
</extensions>
</trkpt>
<trkpt lat="33.5871173" lon="130.3996625">
<ele>1.212</ele>
<time>2026-05-30T22:17:55Z</time>
<extensions>
<gpxtpx:TrackPointExtension>
<gpxtpx:hr>168</gpxtpx:hr>
</gpxtpx:TrackPointExtension>
</extensions>
</trkpt>
<trkpt lat="33.5871335" lon="130.3996919">
<ele>1.196</ele>
<time>2026-05-30T22:17:56Z</time>
<extensions>
<gpxtpx:TrackPointExtension>
<gpxtpx:hr>168</gpxtpx:hr>
</gpxtpx:TrackPointExtension>
</extensions>
</trkpt>
<trkpt lat="33.5871513" lon="130.3997204">
<ele>1.171</ele>
<time>2026-05-30T22:17:57Z</time>
<extensions>
<gpxtpx:TrackPointExtension>
<gpxtpx:hr>168</gpxtpx:hr>
</gpxtpx:TrackPointExtension>
</extensions>
</trkpt>
<trkpt lat="33.5871665" lon="130.3997506">
<ele>1.162</ele>
<time>2026-05-30T22:17:58Z</time>
<extensions>
<gpxtpx:TrackPointExtension>
<gpxtpx:hr>169</gpxtpx:hr>
</gpxtpx:TrackPointExtension>
</extensions>
</trkpt>
<trkpt lat="33.5871811" lon="130.399781">
<ele>1.137</ele>
<time>2026-05-30T22:17:59Z</time>
<extensions>
<gpxtpx:TrackPointExtension>
<gpxtpx:hr>169</gpxtpx:hr>
<gpxtpx:cad>176</gpxtpx:cad>
</gpxtpx:TrackPointExtension>
</extensions>
</trkpt>
<trkpt lat="33.587195" lon="130.3998117">
<ele>1.071</ele>
<time>2026-05-30T22:18:00Z</time>
<extensions>
<gpxtpx:TrackPointExtension>
<gpxtpx:hr>169</gpxtpx:hr>
</gpxtpx:TrackPointExtension>
</extensions>
</trkpt>
<trkpt lat="33.5872063" lon="130.3998431">
<ele>1.091</ele>
<time>2026-05-30T22:18:01Z</time>
<extensions>
<gpxtpx:TrackPointExtension>
<gpxtpx:hr>169</gpxtpx:hr>
</gpxtpx:TrackPointExtension>
</extensions>
</trkpt>
<trkpt lat="33.5872172" lon="130.3998742">
<ele>1.095</ele>
<time>2026-05-30T22:18:02Z</time>
<extensions>
<gpxtpx:TrackPointExtension>
<gpxtpx:hr>169</gpxtpx:hr>
</gpxtpx:TrackPointExtension>
</extensions>
</trkpt>
<trkpt lat="33.5872311" lon="130.3999048">
<ele>1.081</ele>
<time>2026-05-30T22:18:03Z</time>
<extensions>
<gpxtpx:TrackPointExtension>
<gpxtpx:hr>169</gpxtpx:hr>
</gpxtpx:TrackPointExtension>
</extensions>
</trkpt>
<trkpt lat="33.5872415" lon="130.3999356">
<ele>1.06</ele>
<time>2026-05-30T22:18:04Z</time>
<extensions>
<gpxtpx:TrackPointExtension>
<gpxtpx:hr>170</gpxtpx:hr>
<gpxtpx:cad>178</gpxtpx:cad>
</gpxtpx:TrackPointExtension>
</extensions>
</trkpt>
<trkpt lat="33.587253" lon="130.3999665">
<ele>1.024</ele>
<time>2026-05-30T22:18:05Z</time>
<extensions>
<gpxtpx:TrackPointExtension>
<gpxtpx:hr>170</gpxtpx:hr>
</gpxtpx:TrackPointExtension>
</extensions>
</trkpt>
<trkpt lat="33.5872635" lon="130.3999968">
<ele>1.015</ele>
<time>2026-05-30T22:18:06Z</time>
<extensions>
<gpxtpx:TrackPointExtension>
<gpxtpx:hr>170</gpxtpx:hr>
</gpxtpx:TrackPointExtension>
</extensions>
</trkpt>
<trkpt lat="33.587275" lon="130.4000282">
<ele>1.103</ele>
<time>2026-05-30T22:18:07Z</time>
<extensions>
<gpxtpx:TrackPointExtension>
<gpxtpx:hr>170</gpxtpx:hr>
<gpxtpx:cad>179</gpxtpx:cad>
</gpxtpx:TrackPointExtension>
</extensions>
</trkpt>
<trkpt lat="33.5872854" lon="130.400058">
<ele>1.121</ele>
<time>2026-05-30T22:18:08Z</time>
<extensions>
<gpxtpx:TrackPointExtension>
<gpxtpx:hr>171</gpxtpx:hr>
</gpxtpx:TrackPointExtension>
</extensions>
</trkpt>
<trkpt lat="33.5872964" lon="130.4000896">
<ele>1.103</ele>
<time>2026-05-30T22:18:09Z</time>
<extensions>
<gpxtpx:TrackPointExtension>
<gpxtpx:hr>171</gpxtpx:hr>
<gpxtpx:cad>180</gpxtpx:cad>
</gpxtpx:TrackPointExtension>
</extensions>
</trkpt>
<trkpt lat="33.5873067" lon="130.4001201">
<ele>1.095</ele>
<time>2026-05-30T22:18:10Z</time>
<extensions>
<gpxtpx:TrackPointExtension>
<gpxtpx:hr>171</gpxtpx:hr>
</gpxtpx:TrackPointExtension>
</extensions>
</trkpt>
<trkpt lat="33.5873173" lon="130.4001497">
<ele>1.145</ele>
<time>2026-05-30T22:18:11Z</time>
<extensions>
<gpxtpx:TrackPointExtension>
<gpxtpx:hr>171</gpxtpx:hr>
</gpxtpx:TrackPointExtension>
</extensions>
</trkpt>
<trkpt lat="33.5873274" lon="130.40018">
<ele>1.163</ele>
<time>2026-05-30T22:18:12Z</time>
<extensions>
<gpxtpx:TrackPointExtension>
<gpxtpx:hr>171</gpxtpx:hr>
</gpxtpx:TrackPointExtension>
</extensions>
</trkpt>
<trkpt lat="33.5873382" lon="130.4002095">
<ele>1.132</ele>
<time>2026-05-30T22:18:13Z</time>
<extensions>
<gpxtpx:TrackPointExtension>
<gpxtpx:hr>171</gpxtpx:hr>
</gpxtpx:TrackPointExtension>
</extensions>
</trkpt>
<trkpt lat="33.5873485" lon="130.4002389">
<ele>1.176</ele>
<time>2026-05-30T22:18:14Z</time>
<extensions>
<gpxtpx:TrackPointExtension>
<gpxtpx:hr>171</gpxtpx:hr>
<gpxtpx:cad>181</gpxtpx:cad>
</gpxtpx:TrackPointExtension>
</extensions>
</trkpt>
<trkpt lat="33.5873614" lon="130.4002666">
<ele>1.24</ele>
<time>2026-05-30T22:18:15Z</time>
<extensions>
<gpxtpx:TrackPointExtension>
<gpxtpx:hr>171</gpxtpx:hr>
</gpxtpx:TrackPointExtension>
</extensions>
</trkpt>
<trkpt lat="33.5873719" lon="130.4002956">
<ele>1.21</ele>
<time>2026-05-30T22:18:16Z</time>
<extensions>
<gpxtpx:TrackPointExtension>
<gpxtpx:hr>171</gpxtpx:hr>
</gpxtpx:TrackPointExtension>
</extensions>
</trkpt>
<trkpt lat="33.5873853" lon="130.4003228">
<ele>1.238</ele>
<time>2026-05-30T22:18:17Z</time>
<extensions>
<gpxtpx:TrackPointExtension>
<gpxtpx:hr>171</gpxtpx:hr>
</gpxtpx:TrackPointExtension>
</extensions>
</trkpt>
<trkpt lat="33.5873977" lon="130.4003506">
<ele>1.261</ele>
<time>2026-05-30T22:18:18Z</time>
<extensions>
<gpxtpx:TrackPointExtension>
<gpxtpx:hr>170</gpxtpx:hr>
</gpxtpx:TrackPointExtension>
</extensions>
</trkpt>
<trkpt lat="33.5874129" lon="130.4003766">
<ele>1.365</ele>
<time>2026-05-30T22:18:19Z</time>
<extensions>
<gpxtpx:TrackPointExtension>
<gpxtpx:hr>170</gpxtpx:hr>
<gpxtpx:cad>181</gpxtpx:cad>
</gpxtpx:TrackPointExtension>
</extensions>
</trkpt>
<trkpt lat="33.5874268" lon="130.4004037">
<ele>1.352</ele>
<time>2026-05-30T22:18:20Z</time>
<extensions>
<gpxtpx:TrackPointExtension>
<gpxtpx:hr>170</gpxtpx:hr>
</gpxtpx:TrackPointExtension>
</extensions>
</trkpt>
<trkpt lat="33.5874402" lon="130.400431">
<ele>1.46</ele>
<time>2026-05-30T22:18:21Z</time>
<extensions>
<gpxtpx:TrackPointExtension>
<gpxtpx:hr>170</gpxtpx:hr>
</gpxtpx:TrackPointExtension>
</extensions>
</trkpt>
<trkpt lat="33.5874542" lon="130.4004578">
<ele>1.484</ele>
<time>2026-05-30T22:18:22Z</time>
<extensions>
<gpxtpx:TrackPointExtension>
<gpxtpx:hr>170</gpxtpx:hr>
</gpxtpx:TrackPointExtension>
</extensions>
</trkpt>
<trkpt lat="33.5874722" lon="130.4004819">
<ele>1.508</ele>
<time>2026-05-30T22:18:23Z</time>
<extensions>
<gpxtpx:TrackPointExtension>
<gpxtpx:hr>170</gpxtpx:hr>
</gpxtpx:TrackPointExtension>
</extensions>
</trkpt>
<trkpt lat="33.587496" lon="130.4005025">
<ele>1.637</ele>
<time>2026-05-30T22:18:24Z</time>
<extensions>
<gpxtpx:TrackPointExtension>
<gpxtpx:hr>171</gpxtpx:hr>
<gpxtpx:cad>180</gpxtpx:cad>
</gpxtpx:TrackPointExtension>
</extensions>
</trkpt>
<trkpt lat="33.587518" lon="130.4005243">
<ele>1.547</ele>
<time>2026-05-30T22:18:25Z</time>
<extensions>
<gpxtpx:TrackPointExtension>
<gpxtpx:hr>171</gpxtpx:hr>
</gpxtpx:TrackPointExtension>
</extensions>
</trkpt>
<trkpt lat="33.5875463" lon="130.4005426">
<ele>1.556</ele>
<time>2026-05-30T22:18:27Z</time>
<extensions>
<gpxtpx:TrackPointExtension>
<gpxtpx:hr>171</gpxtpx:hr>
</gpxtpx:TrackPointExtension>
</extensions>
</trkpt>
<trkpt lat="33.5875678" lon="130.4005646">
<ele>1.438</ele>
<time>2026-05-30T22:18:28Z</time>
<extensions>
<gpxtpx:TrackPointExtension>
<gpxtpx:hr>171</gpxtpx:hr>
</gpxtpx:TrackPointExtension>
</extensions>
</trkpt>
<trkpt lat="33.5875914" lon="130.4005852">
<ele>1.336</ele>
<time>2026-05-30T22:18:29Z</time>
<extensions>
<gpxtpx:TrackPointExtension>
<gpxtpx:hr>172</gpxtpx:hr>
</gpxtpx:TrackPointExtension>
</extensions>
</trkpt>
<trkpt lat="33.5876176" lon="130.4006042">
<ele>1.324</ele>
<time>2026-05-30T22:18:30Z</time>
<extensions>
<gpxtpx:TrackPointExtension>
<gpxtpx:hr>172</gpxtpx:hr>
<gpxtpx:cad>180</gpxtpx:cad>
</gpxtpx:TrackPointExtension>
</extensions>
</trkpt>
<trkpt lat="33.5876469" lon="130.4006215">
<ele>1.444</ele>
<time>2026-05-30T22:18:31Z</time>
<extensions>
<gpxtpx:TrackPointExtension>
<gpxtpx:hr>171</gpxtpx:hr>
</gpxtpx:TrackPointExtension>
</extensions>
</trkpt>
<trkpt lat="33.5876798" lon="130.4006369">
<ele>1.631</ele>
<time>2026-05-30T22:18:32Z</time>
<extensions>
<gpxtpx:TrackPointExtension>
<gpxtpx:hr>171</gpxtpx:hr>
</gpxtpx:TrackPointExtension>
</extensions>
</trkpt>
<trkpt lat="33.5877167" lon="130.4006504">
<ele>1.565</ele>
<time>2026-05-30T22:18:33Z</time>
<extensions>
<gpxtpx:TrackPointExtension>
<gpxtpx:hr>171</gpxtpx:hr>
</gpxtpx:TrackPointExtension>
</extensions>
</trkpt>
<trkpt lat="33.5877576" lon="130.4006626">
<ele>1.426</ele>
<time>2026-05-30T22:18:34Z</time>
<extensions>
<gpxtpx:TrackPointExtension>
<gpxtpx:hr>171</gpxtpx:hr>
</gpxtpx:TrackPointExtension>
</extensions>
</trkpt>
<trkpt lat="33.5877961" lon="130.4006775">
<ele>1.523</ele>
<time>2026-05-30T22:18:35Z</time>
<extensions>
<gpxtpx:TrackPointExtension>
<gpxtpx:hr>172</gpxtpx:hr>
<gpxtpx:cad>178</gpxtpx:cad>
</gpxtpx:TrackPointExtension>
</extensions>
</trkpt>
<trkpt lat="33.5878293" lon="130.4006948">
<ele>1.716</ele>
<time>2026-05-30T22:18:36Z</time>
<extensions>
<gpxtpx:TrackPointExtension>
<gpxtpx:hr>171</gpxtpx:hr>
</gpxtpx:TrackPointExtension>
</extensions>
</trkpt>
<trkpt lat="33.5878572" lon="130.4007139">
<ele>1.746</ele>
<time>2026-05-30T22:18:37Z</time>
<extensions>
<gpxtpx:TrackPointExtension>
<gpxtpx:hr>171</gpxtpx:hr>
<gpxtpx:cad>176</gpxtpx:cad>
</gpxtpx:TrackPointExtension>
</extensions>
</trkpt>
<trkpt lat="33.5878802" lon="130.4007345">
<ele>1.622</ele>
<time>2026-05-30T22:18:38Z</time>
</trkpt>
<trkpt lat="33.5878987" lon="130.4007561">
<ele>1.567</ele>
<time>2026-05-30T22:18:39Z</time>
<extensions>
<gpxtpx:TrackPointExtension>
<gpxtpx:hr>171</gpxtpx:hr>
</gpxtpx:TrackPointExtension>
</extensions>
</trkpt>
<trkpt lat="33.5879135" lon="130.4007782">
<ele>1.513</ele>
<time>2026-05-30T22:18:40Z</time>
<extensions>
<gpxtpx:TrackPointExtension>
<gpxtpx:hr>171</gpxtpx:hr>
<gpxtpx:cad>172</gpxtpx:cad>
</gpxtpx:TrackPointExtension>
</extensions>
</trkpt>
<trkpt lat="33.587925" lon="130.4008002">
<ele>1.522</ele>
<time>2026-05-30T22:18:41Z</time>
<extensions>
<gpxtpx:TrackPointExtension>
<gpxtpx:hr>172</gpxtpx:hr>
</gpxtpx:TrackPointExtension>
</extensions>
</trkpt>
<trkpt lat="33.5879338" lon="130.4008218">
<ele>1.525</ele>
<time>2026-05-30T22:18:42Z</time>
<extensions>
<gpxtpx:TrackPointExtension>
<gpxtpx:hr>172</gpxtpx:hr>
</gpxtpx:TrackPointExtension>
</extensions>
</trkpt>
<trkpt lat="33.5879403" lon="130.4008425">
<ele>1.5</ele>
<time>2026-05-30T22:18:43Z</time>
<extensions>
<gpxtpx:TrackPointExtension>
<gpxtpx:hr>172</gpxtpx:hr>
</gpxtpx:TrackPointExtension>
</extensions>
</trkpt>
<trkpt lat="33.5879451" lon="130.4008621">
<ele>1.457</ele>
<time>2026-05-30T22:18:44Z</time>
<extensions>
<gpxtpx:TrackPointExtension>
<gpxtpx:hr>172</gpxtpx:hr>
</gpxtpx:TrackPointExtension>
</extensions>
</trkpt>
<trkpt lat="33.5879483" lon="130.4008806">
<ele>1.439</ele>
<time>2026-05-30T22:18:45Z</time>
<extensions>
<gpxtpx:TrackPointExtension>
<gpxtpx:hr>172</gpxtpx:hr>
<gpxtpx:cad>152</gpxtpx:cad>
</gpxtpx:TrackPointExtension>
</extensions>
</trkpt>
<trkpt lat="33.5879613" lon="130.4009007">
<ele>1.439</ele>
<time>2026-05-30T22:18:46Z</time>
<extensions>
<gpxtpx:TrackPointExtension>
<gpxtpx:hr>172</gpxtpx:hr>
</gpxtpx:TrackPointExtension>
</extensions>
</trkpt>
<trkpt lat="33.5879617" lon="130.4009175">
<ele>1.366</ele>
<time>2026-05-30T22:18:47Z</time>
<extensions>
<gpxtpx:TrackPointExtension>
<gpxtpx:hr>172</gpxtpx:hr>
</gpxtpx:TrackPointExtension>
</extensions>
</trkpt>
<trkpt lat="33.5879614" lon="130.4009329">
<ele>1.551</ele>
<time>2026-05-30T22:18:48Z</time>
<extensions>
<gpxtpx:TrackPointExtension>
<gpxtpx:hr>172</gpxtpx:hr>
</gpxtpx:TrackPointExtension>
</extensions>
</trkpt>
<trkpt lat="33.5879603" lon="130.4009472">
<ele>1.764</ele>
<time>2026-05-30T22:18:49Z</time>
<extensions>
<gpxtpx:TrackPointExtension>
<gpxtpx:hr>172</gpxtpx:hr>
</gpxtpx:TrackPointExtension>
</extensions>
</trkpt>
<trkpt lat="33.5879585" lon="130.4009603">
<ele>1.717</ele>
<time>2026-05-30T22:18:50Z</time>
<extensions>
<gpxtpx:TrackPointExtension>
<gpxtpx:hr>171</gpxtpx:hr>
<gpxtpx:cad>126</gpxtpx:cad>
</gpxtpx:TrackPointExtension>
</extensions>
</trkpt>
<trkpt lat="33.5879562" lon="130.4009725">
<ele>1.638</ele>
<time>2026-05-30T22:18:51Z</time>
<extensions>
<gpxtpx:TrackPointExtension>
<gpxtpx:hr>171</gpxtpx:hr>
</gpxtpx:TrackPointExtension>
</extensions>
</trkpt>
<trkpt lat="33.5879534" lon="130.4009837">
<ele>1.576</ele>
<time>2026-05-30T22:18:52Z</time>
<extensions>
<gpxtpx:TrackPointExtension>
<gpxtpx:hr>171</gpxtpx:hr>
</gpxtpx:TrackPointExtension>
</extensions>
</trkpt>
<trkpt lat="33.5879502" lon="130.4009942">
<ele>1.683</ele>
<time>2026-05-30T22:18:53Z</time>
<extensions>
<gpxtpx:TrackPointExtension>
<gpxtpx:hr>171</gpxtpx:hr>
</gpxtpx:TrackPointExtension>
</extensions>
</trkpt>
<trkpt lat="33.5879467" lon="130.401004">
<ele>1.819</ele>
<time>2026-05-30T22:18:54Z</time>
<extensions>
<gpxtpx:TrackPointExtension>
<gpxtpx:hr>171</gpxtpx:hr>
</gpxtpx:TrackPointExtension>
</extensions>
</trkpt>
<trkpt lat="33.587943" lon="130.4010131">
<ele>1.766</ele>
<time>2026-05-30T22:18:55Z</time>
<extensions>
<gpxtpx:TrackPointExtension>
<gpxtpx:hr>171</gpxtpx:hr>
<gpxtpx:cad>115</gpxtpx:cad>
</gpxtpx:TrackPointExtension>
</extensions>
</trkpt>
<trkpt lat="33.5879393" lon="130.4010215">
<ele>1.521</ele>
<time>2026-05-30T22:18:56Z</time>
<extensions>
<gpxtpx:TrackPointExtension>
<gpxtpx:hr>172</gpxtpx:hr>
</gpxtpx:TrackPointExtension>
</extensions>
</trkpt>
<trkpt lat="33.5879406" lon="130.4010348">
<ele>1.381</ele>
<time>2026-05-30T22:18:57Z</time>
<extensions>
<gpxtpx:TrackPointExtension>
<gpxtpx:hr>171</gpxtpx:hr>
</gpxtpx:TrackPointExtension>
</extensions>
</trkpt>
<trkpt lat="33.5879365" lon="130.401042">
<ele>1.299</ele>
<time>2026-05-30T22:18:58Z</time>
<extensions>
<gpxtpx:TrackPointExtension>
<gpxtpx:hr>171</gpxtpx:hr>
</gpxtpx:TrackPointExtension>
</extensions>
</trkpt>
<trkpt lat="33.5879359" lon="130.4010541">
<ele>1.304</ele>
<time>2026-05-30T22:18:59Z</time>
<extensions>
<gpxtpx:TrackPointExtension>
<gpxtpx:hr>170</gpxtpx:hr>
</gpxtpx:TrackPointExtension>
</extensions>
</trkpt>
<trkpt lat="33.5879317" lon="130.40106">
<ele>1.316</ele>
<time>2026-05-30T22:19:00Z</time>
<extensions>
<gpxtpx:TrackPointExtension>
<gpxtpx:hr>168</gpxtpx:hr>
<gpxtpx:cad>109</gpxtpx:cad>
</gpxtpx:TrackPointExtension>
</extensions>
</trkpt>
<trkpt lat="33.5879295" lon="130.4010709">
<ele>1.25</ele>
<time>2026-05-30T22:19:01Z</time>
<extensions>
<gpxtpx:TrackPointExtension>
<gpxtpx:hr>166</gpxtpx:hr>
</gpxtpx:TrackPointExtension>
</extensions>
</trkpt>
<trkpt lat="33.5879254" lon="130.4010757">
<ele>1.247</ele>
<time>2026-05-30T22:19:02Z</time>
<extensions>
<gpxtpx:TrackPointExtension>
<gpxtpx:hr>164</gpxtpx:hr>
</gpxtpx:TrackPointExtension>
</extensions>
</trkpt>
<trkpt lat="33.5879221" lon="130.4010853">
<ele>1.248</ele>
<time>2026-05-30T22:19:03Z</time>
<extensions>
<gpxtpx:TrackPointExtension>
<gpxtpx:hr>163</gpxtpx:hr>
</gpxtpx:TrackPointExtension>
</extensions>
</trkpt>
<trkpt lat="33.5879183" lon="130.4010889">
<ele>1.22</ele>
<time>2026-05-30T22:19:04Z</time>
<extensions>
<gpxtpx:TrackPointExtension>
<gpxtpx:hr>162</gpxtpx:hr>
</gpxtpx:TrackPointExtension>
</extensions>
</trkpt>
<trkpt lat="33.5879142" lon="130.4010972">
<ele>1.212</ele>
<time>2026-05-30T22:19:05Z</time>
<extensions>
<gpxtpx:TrackPointExtension>
<gpxtpx:hr>161</gpxtpx:hr>
<gpxtpx:cad>72</gpxtpx:cad>
</gpxtpx:TrackPointExtension>
</extensions>
</trkpt>
<trkpt lat="33.5879103" lon="130.4011023">
<ele>1.189</ele>
<time>2026-05-30T22:19:06Z</time>
<extensions>
<gpxtpx:TrackPointExtension>
<gpxtpx:hr>160</gpxtpx:hr>
</gpxtpx:TrackPointExtension>
</extensions>
</trkpt>
<trkpt lat="33.5879071" lon="130.4011045">
<ele>1.163</ele>
<time>2026-05-30T22:19:07Z</time>
<extensions>
<gpxtpx:TrackPointExtension>
<gpxtpx:hr>160</gpxtpx:hr>
</gpxtpx:TrackPointExtension>
</extensions>
</trkpt>
<trkpt lat="33.5879026" lon="130.4011108">
<ele>1.193</ele>
<time>2026-05-30T22:19:08Z</time>
<extensions>
<gpxtpx:TrackPointExtension>
<gpxtpx:hr>159</gpxtpx:hr>
</gpxtpx:TrackPointExtension>
</extensions>
</trkpt>
<trkpt lat="33.5878999" lon="130.4011121">
<ele>1.154</ele>
<time>2026-05-30T22:19:09Z</time>
<extensions>
<gpxtpx:TrackPointExtension>
<gpxtpx:hr>159</gpxtpx:hr>
</gpxtpx:TrackPointExtension>
</extensions>
</trkpt>
<trkpt lat="33.5878954" lon="130.4011173">
<ele>1.159</ele>
<time>2026-05-30T22:19:10Z</time>
<extensions>
<gpxtpx:TrackPointExtension>
<gpxtpx:hr>159</gpxtpx:hr>
<gpxtpx:cad>20</gpxtpx:cad>
</gpxtpx:TrackPointExtension>
</extensions>
</trkpt>
<trkpt lat="33.5878933" lon="130.4011177">
<ele>1.184</ele>
<time>2026-05-30T22:19:11Z</time>
<extensions>
<gpxtpx:TrackPointExtension>
<gpxtpx:hr>159</gpxtpx:hr>
</gpxtpx:TrackPointExtension>
</extensions>
</trkpt>
<trkpt lat="33.5878892" lon="130.4011218">
<ele>1.146</ele>
<time>2026-05-30T22:19:12Z</time>
<extensions>
<gpxtpx:TrackPointExtension>
<gpxtpx:hr>159</gpxtpx:hr>
</gpxtpx:TrackPointExtension>
</extensions>
</trkpt>
<trkpt lat="33.5878877" lon="130.4011213">
<ele>1.174</ele>
<time>2026-05-30T22:19:13Z</time>
<extensions>
<gpxtpx:TrackPointExtension>
<gpxtpx:hr>159</gpxtpx:hr>
</gpxtpx:TrackPointExtension>
</extensions>
</trkpt>
<trkpt lat="33.587884" lon="130.4011243">
<ele>1.19</ele>
<time>2026-05-30T22:19:14Z</time>
<extensions>
<gpxtpx:TrackPointExtension>
<gpxtpx:hr>158</gpxtpx:hr>
</gpxtpx:TrackPointExtension>
</extensions>
</trkpt>
<trkpt lat="33.5878831" lon="130.4011231">
<ele>1.188</ele>
<time>2026-05-30T22:19:15Z</time>
<extensions>
<gpxtpx:TrackPointExtension>
<gpxtpx:hr>158</gpxtpx:hr>
</gpxtpx:TrackPointExtension>
</extensions>
</trkpt>
<trkpt lat="33.5878799" lon="130.401125">
<ele>1.225</ele>
<time>2026-05-30T22:19:16Z</time>
<extensions>
<gpxtpx:TrackPointExtension>
<gpxtpx:hr>157</gpxtpx:hr>
</gpxtpx:TrackPointExtension>
</extensions>
</trkpt>
<trkpt lat="33.5878797" lon="130.4011231">
<ele>1.225</ele>
<time>2026-05-30T22:19:17Z</time>
<extensions>
<gpxtpx:TrackPointExtension>
<gpxtpx:hr>157</gpxtpx:hr>
</gpxtpx:TrackPointExtension>
</extensions>
</trkpt>
<trkpt lat="33.5878787" lon="130.4011221">
<ele>1.274</ele>
<time>2026-05-30T22:19:18Z</time>
<extensions>
<gpxtpx:TrackPointExtension>
<gpxtpx:hr>157</gpxtpx:hr>
</gpxtpx:TrackPointExtension>
</extensions>
</trkpt>
<trkpt lat="33.5878805" lon="130.4011176">
<ele>1.284</ele>
<time>2026-05-30T22:19:19Z</time>
<extensions>
<gpxtpx:TrackPointExtension>
<gpxtpx:hr>157</gpxtpx:hr>
</gpxtpx:TrackPointExtension>
</extensions>
</trkpt>
<trkpt lat="33.5878797" lon="130.4011163">
<ele>1.244</ele>
<time>2026-05-30T22:19:20Z</time>
<extensions>
<gpxtpx:TrackPointExtension>
<gpxtpx:hr>156</gpxtpx:hr>
</gpxtpx:TrackPointExtension>
</extensions>
</trkpt>
<trkpt lat="33.5878813" lon="130.4011118">
<ele>1.241</ele>
<time>2026-05-30T22:19:21Z</time>
<extensions>
<gpxtpx:TrackPointExtension>
<gpxtpx:hr>155</gpxtpx:hr>
</gpxtpx:TrackPointExtension>
</extensions>
</trkpt>
<trkpt lat="33.5878804" lon="130.4011105">
<ele>1.258</ele>
<time>2026-05-30T22:19:22Z</time>
<extensions>
<gpxtpx:TrackPointExtension>
<gpxtpx:hr>154</gpxtpx:hr>
</gpxtpx:TrackPointExtension>
</extensions>
</trkpt>
<trkpt lat="33.5878807" lon="130.4011078">
<ele>1.236</ele>
<time>2026-05-30T22:19:23Z</time>
<extensions>
<gpxtpx:TrackPointExtension>
<gpxtpx:hr>153</gpxtpx:hr>
</gpxtpx:TrackPointExtension>
</extensions>
</trkpt>
<trkpt lat="33.5878789" lon="130.4011076">
<ele>1.198</ele>
<time>2026-05-30T22:19:24Z</time>
<extensions>
<gpxtpx:TrackPointExtension>
<gpxtpx:hr>152</gpxtpx:hr>
</gpxtpx:TrackPointExtension>
</extensions>
</trkpt>
<trkpt lat="33.5878784" lon="130.4011059">
<ele>1.389</ele>
<time>2026-05-30T22:19:25Z</time>
<extensions>
<gpxtpx:TrackPointExtension>
<gpxtpx:hr>151</gpxtpx:hr>
</gpxtpx:TrackPointExtension>
</extensions>
</trkpt>
<trkpt lat="33.587878" lon="130.4011039">
<ele>1.594</ele>
<time>2026-05-30T22:19:26Z</time>
<extensions>
<gpxtpx:TrackPointExtension>
<gpxtpx:hr>150</gpxtpx:hr>
</gpxtpx:TrackPointExtension>
</extensions>
</trkpt>
<trkpt lat="33.5878778" lon="130.4011016">
<ele>1.689</ele>
<time>2026-05-30T22:19:27Z</time>
<extensions>
<gpxtpx:TrackPointExtension>
<gpxtpx:hr>150</gpxtpx:hr>
</gpxtpx:TrackPointExtension>
</extensions>
</trkpt>
<trkpt lat="33.5878766" lon="130.4011007">
<ele>1.605</ele>
<time>2026-05-30T22:19:28Z</time>
<extensions>
<gpxtpx:TrackPointExtension>
<gpxtpx:hr>149</gpxtpx:hr>
</gpxtpx:TrackPointExtension>
</extensions>
</trkpt>
<trkpt lat="33.587877" lon="130.4010978">
<ele>1.63</ele>
<time>2026-05-30T22:19:29Z</time>
<extensions>
<gpxtpx:TrackPointExtension>
<gpxtpx:hr>149</gpxtpx:hr>
</gpxtpx:TrackPointExtension>
</extensions>
</trkpt>
<trkpt lat="33.5878769" lon="130.4010954">
<ele>1.651</ele>
<time>2026-05-30T22:19:30Z</time>
<extensions>
<gpxtpx:TrackPointExtension>
<gpxtpx:hr>149</gpxtpx:hr>
</gpxtpx:TrackPointExtension>
</extensions>
</trkpt>
<trkpt lat="33.5878777" lon="130.4010921">
<ele>1.593</ele>
<time>2026-05-30T22:19:31Z</time>
</trkpt>
<trkpt lat="33.5878784" lon="130.4010888">
<ele>1.547</ele>
<time>2026-05-30T22:19:32Z</time>
<extensions>
<gpxtpx:TrackPointExtension>
<gpxtpx:hr>149</gpxtpx:hr>
</gpxtpx:TrackPointExtension>
</extensions>
</trkpt>
<trkpt lat="33.5878789" lon="130.4010856">
<ele>1.578</ele>
<time>2026-05-30T22:19:33Z</time>
<extensions>
<gpxtpx:TrackPointExtension>
<gpxtpx:hr>148</gpxtpx:hr>
</gpxtpx:TrackPointExtension>
</extensions>
</trkpt>
<trkpt lat="33.5878797" lon="130.4010822">
<ele>1.408</ele>
<time>2026-05-30T22:19:34Z</time>
<extensions>
<gpxtpx:TrackPointExtension>
<gpxtpx:hr>147</gpxtpx:hr>
</gpxtpx:TrackPointExtension>
</extensions>
</trkpt>
<trkpt lat="33.58788" lon="130.4010793">
<ele>1.274</ele>
<time>2026-05-30T22:19:35Z</time>
<extensions>
<gpxtpx:TrackPointExtension>
<gpxtpx:hr>146</gpxtpx:hr>
<gpxtpx:cad>47</gpxtpx:cad>
</gpxtpx:TrackPointExtension>
</extensions>
</trkpt>
<trkpt lat="33.5878809" lon="130.4010758">
<ele>1.172</ele>
<time>2026-05-30T22:19:36Z</time>
<extensions>
<gpxtpx:TrackPointExtension>
<gpxtpx:hr>146</gpxtpx:hr>
</gpxtpx:TrackPointExtension>
</extensions>
</trkpt>
<trkpt lat="33.587881" lon="130.4010732">
<ele>1.074</ele>
<time>2026-05-30T22:19:37Z</time>
<extensions>
<gpxtpx:TrackPointExtension>
<gpxtpx:hr>145</gpxtpx:hr>
</gpxtpx:TrackPointExtension>
</extensions>
</trkpt>
<trkpt lat="33.5878818" lon="130.4010698">
<ele>1.04</ele>
<time>2026-05-30T22:19:38Z</time>
<extensions>
<gpxtpx:TrackPointExtension>
<gpxtpx:hr>144</gpxtpx:hr>
</gpxtpx:TrackPointExtension>
</extensions>
</trkpt>
<trkpt lat="33.5878818" lon="130.4010676">
<ele>1.079</ele>
<time>2026-05-30T22:19:39Z</time>
<extensions>
<gpxtpx:TrackPointExtension>
<gpxtpx:hr>143</gpxtpx:hr>
</gpxtpx:TrackPointExtension>
</extensions>
</trkpt>
<trkpt lat="33.5878825" lon="130.4010643">
<ele>1.028</ele>
<time>2026-05-30T22:19:40Z</time>
<extensions>
<gpxtpx:TrackPointExtension>
<gpxtpx:hr>143</gpxtpx:hr>
<gpxtpx:cad>59</gpxtpx:cad>
</gpxtpx:TrackPointExtension>
</extensions>
</trkpt>
<trkpt lat="33.5878822" lon="130.4010626">
<ele>1.037</ele>
<time>2026-05-30T22:19:41Z</time>
<extensions>
<gpxtpx:TrackPointExtension>
<gpxtpx:hr>143</gpxtpx:hr>
</gpxtpx:TrackPointExtension>
</extensions>
</trkpt>
<trkpt lat="33.5878828" lon="130.4010594">
<ele>1.001</ele>
<time>2026-05-30T22:19:42Z</time>
<extensions>
<gpxtpx:TrackPointExtension>
<gpxtpx:hr>143</gpxtpx:hr>
</gpxtpx:TrackPointExtension>
</extensions>
</trkpt>
<trkpt lat="33.5878823" lon="130.4010583">
<ele>1.015</ele>
<time>2026-05-30T22:19:43Z</time>
<extensions>
<gpxtpx:TrackPointExtension>
<gpxtpx:hr>143</gpxtpx:hr>
</gpxtpx:TrackPointExtension>
</extensions>
</trkpt>
<trkpt lat="33.5878822" lon="130.4010564">
<ele>1.022</ele>
<time>2026-05-30T22:19:44Z</time>
<extensions>
<gpxtpx:TrackPointExtension>
<gpxtpx:hr>144</gpxtpx:hr>
</gpxtpx:TrackPointExtension>
</extensions>
</trkpt>
<trkpt lat="33.5878815" lon="130.401056">
<ele>1.007</ele>
<time>2026-05-30T22:19:45Z</time>
<extensions>
<gpxtpx:TrackPointExtension>
<gpxtpx:hr>144</gpxtpx:hr>
<gpxtpx:cad>11</gpxtpx:cad>
</gpxtpx:TrackPointExtension>
</extensions>
</trkpt>
<trkpt lat="33.5878818" lon="130.4010534">
<ele>1.012</ele>
<time>2026-05-30T22:19:46Z</time>
<extensions>
<gpxtpx:TrackPointExtension>
<gpxtpx:hr>144</gpxtpx:hr>
</gpxtpx:TrackPointExtension>
</extensions>
</trkpt>
<trkpt lat="33.5878808" lon="130.4010535">
<ele>1.017</ele>
<time>2026-05-30T22:19:47Z</time>
<extensions>
<gpxtpx:TrackPointExtension>
<gpxtpx:hr>144</gpxtpx:hr>
</gpxtpx:TrackPointExtension>
</extensions>
</trkpt>
<trkpt lat="33.5878808" lon="130.4010513">
<ele>1.03</ele>
<time>2026-05-30T22:19:48Z</time>
<extensions>
<gpxtpx:TrackPointExtension>
<gpxtpx:hr>143</gpxtpx:hr>
</gpxtpx:TrackPointExtension>
</extensions>
</trkpt>
<trkpt lat="33.5878803" lon="130.4010505">
<ele>1.049</ele>
<time>2026-05-30T22:19:49Z</time>
<extensions>
<gpxtpx:TrackPointExtension>
<gpxtpx:hr>143</gpxtpx:hr>
</gpxtpx:TrackPointExtension>
</extensions>
</trkpt>
<trkpt lat="33.5878799" lon="130.4010489">
<ele>1.027</ele>
<time>2026-05-30T22:19:50Z</time>
<extensions>
<gpxtpx:TrackPointExtension>
<gpxtpx:hr>142</gpxtpx:hr>
</gpxtpx:TrackPointExtension>
</extensions>
</trkpt>
<trkpt lat="33.5878788" lon="130.4010502">
<ele>1.01</ele>
<time>2026-05-30T22:19:51Z</time>
<extensions>
<gpxtpx:TrackPointExtension>
<gpxtpx:hr>142</gpxtpx:hr>
</gpxtpx:TrackPointExtension>
</extensions>
</trkpt>
<trkpt lat="33.5878783" lon="130.4010492">
<ele>1.163</ele>
<time>2026-05-30T22:19:52Z</time>
<extensions>
<gpxtpx:TrackPointExtension>
<gpxtpx:hr>142</gpxtpx:hr>
</gpxtpx:TrackPointExtension>
</extensions>
</trkpt>
<trkpt lat="33.5878772" lon="130.4010515">
<ele>1.423</ele>
<time>2026-05-30T22:19:53Z</time>
<extensions>
<gpxtpx:TrackPointExtension>
<gpxtpx:hr>142</gpxtpx:hr>
</gpxtpx:TrackPointExtension>
</extensions>
</trkpt>
<trkpt lat="33.5878764" lon="130.401051">
<ele>1.581</ele>
<time>2026-05-30T22:19:54Z</time>
<extensions>
<gpxtpx:TrackPointExtension>
<gpxtpx:hr>142</gpxtpx:hr>
</gpxtpx:TrackPointExtension>
</extensions>
</trkpt>
<trkpt lat="33.5878756" lon="130.4010545">
<ele>1.481</ele>
<time>2026-05-30T22:19:55Z</time>
<extensions>
<gpxtpx:TrackPointExtension>
<gpxtpx:hr>141</gpxtpx:hr>
</gpxtpx:TrackPointExtension>
</extensions>
</trkpt>
<trkpt lat="33.5878747" lon="130.4010546">
<ele>1.222</ele>
<time>2026-05-30T22:19:56Z</time>
<extensions>
<gpxtpx:TrackPointExtension>
<gpxtpx:hr>141</gpxtpx:hr>
</gpxtpx:TrackPointExtension>
</extensions>
</trkpt>
<trkpt lat="33.5878743" lon="130.4010594">
<ele>1.106</ele>
<time>2026-05-30T22:19:57Z</time>
<extensions>
<gpxtpx:TrackPointExtension>
<gpxtpx:hr>141</gpxtpx:hr>
</gpxtpx:TrackPointExtension>
</extensions>
</trkpt>
<trkpt lat="33.5878734" lon="130.4010603">
<ele>1.016</ele>
<time>2026-05-30T22:19:58Z</time>
<extensions>
<gpxtpx:TrackPointExtension>
<gpxtpx:hr>141</gpxtpx:hr>
</gpxtpx:TrackPointExtension>
</extensions>
</trkpt>
<trkpt lat="33.5878735" lon="130.4010664">
<ele>0.983</ele>
<time>2026-05-30T22:19:59Z</time>
</trkpt>
<trkpt lat="33.5878726" lon="130.401068">
<ele>0.945</ele>
<time>2026-05-30T22:20:00Z</time>
<extensions>
<gpxtpx:TrackPointExtension>
<gpxtpx:hr>141</gpxtpx:hr>
</gpxtpx:TrackPointExtension>
</extensions>
</trkpt>
<trkpt lat="33.5878736" lon="130.4010756">
<ele>0.924</ele>
<time>2026-05-30T22:20:01Z</time>
<extensions>
<gpxtpx:TrackPointExtension>
<gpxtpx:hr>142</gpxtpx:hr>
</gpxtpx:TrackPointExtension>
</extensions>
</trkpt>
<trkpt lat="33.5878727" lon="130.4010782">
<ele>0.928</ele>
<time>2026-05-30T22:20:02Z</time>
<extensions>
<gpxtpx:TrackPointExtension>
<gpxtpx:hr>142</gpxtpx:hr>
</gpxtpx:TrackPointExtension>
</extensions>
</trkpt>
<trkpt lat="33.5878749" lon="130.4010872">
<ele>0.95</ele>
<time>2026-05-30T22:20:03Z</time>
<extensions>
<gpxtpx:TrackPointExtension>
<gpxtpx:hr>142</gpxtpx:hr>
</gpxtpx:TrackPointExtension>
</extensions>
</trkpt>
<trkpt lat="33.5878742" lon="130.4010909">
<ele>0.938</ele>
<time>2026-05-30T22:20:04Z</time>
<extensions>
<gpxtpx:TrackPointExtension>
<gpxtpx:hr>142</gpxtpx:hr>
</gpxtpx:TrackPointExtension>
</extensions>
</trkpt>
<trkpt lat="33.5878778" lon="130.4011015">
<ele>0.92</ele>
<time>2026-05-30T22:20:05Z</time>
<extensions>
<gpxtpx:TrackPointExtension>
<gpxtpx:hr>142</gpxtpx:hr>
</gpxtpx:TrackPointExtension>
</extensions>
</trkpt>
<trkpt lat="33.5878775" lon="130.4011064">
<ele>0.928</ele>
<time>2026-05-30T22:20:06Z</time>
<extensions>
<gpxtpx:TrackPointExtension>
<gpxtpx:hr>142</gpxtpx:hr>
</gpxtpx:TrackPointExtension>
</extensions>
</trkpt>
<trkpt lat="33.5878825" lon="130.4011188">
<ele>0.931</ele>
<time>2026-05-30T22:20:07Z</time>
<extensions>
<gpxtpx:TrackPointExtension>
<gpxtpx:hr>142</gpxtpx:hr>
</gpxtpx:TrackPointExtension>
</extensions>
</trkpt>
<trkpt lat="33.5878828" lon="130.401125">
<ele>0.976</ele>
<time>2026-05-30T22:20:08Z</time>
<extensions>
<gpxtpx:TrackPointExtension>
<gpxtpx:hr>142</gpxtpx:hr>
</gpxtpx:TrackPointExtension>
</extensions>
</trkpt>
<trkpt lat="33.5878895" lon="130.4011392">
<ele>0.933</ele>
<time>2026-05-30T22:20:09Z</time>
<extensions>
<gpxtpx:TrackPointExtension>
<gpxtpx:hr>142</gpxtpx:hr>
</gpxtpx:TrackPointExtension>
</extensions>
</trkpt>
<trkpt lat="33.5878907" lon="130.4011468">
<ele>0.986</ele>
<time>2026-05-30T22:20:10Z</time>
<extensions>
<gpxtpx:TrackPointExtension>
<gpxtpx:hr>142</gpxtpx:hr>
</gpxtpx:TrackPointExtension>
</extensions>
</trkpt>
<trkpt lat="33.5878992" lon="130.4011627">
<ele>1.238</ele>
<time>2026-05-30T22:20:11Z</time>
<extensions>
<gpxtpx:TrackPointExtension>
<gpxtpx:hr>142</gpxtpx:hr>
</gpxtpx:TrackPointExtension>
</extensions>
</trkpt>
<trkpt lat="33.5879015" lon="130.4011719">
<ele>1.59</ele>
<time>2026-05-30T22:20:12Z</time>
<extensions>
<gpxtpx:TrackPointExtension>
<gpxtpx:hr>141</gpxtpx:hr>
</gpxtpx:TrackPointExtension>
</extensions>
</trkpt>
<trkpt lat="33.5879117" lon="130.4011895">
<ele>1.86</ele>
<time>2026-05-30T22:20:13Z</time>
<extensions>
<gpxtpx:TrackPointExtension>
<gpxtpx:hr>141</gpxtpx:hr>
</gpxtpx:TrackPointExtension>
</extensions>
</trkpt>
<trkpt lat="33.5879153" lon="130.4012004">
<ele>2.008</ele>
<time>2026-05-30T22:20:14Z</time>
<extensions>
<gpxtpx:TrackPointExtension>
<gpxtpx:hr>141</gpxtpx:hr>
</gpxtpx:TrackPointExtension>
</extensions>
</trkpt>
<trkpt lat="33.5879195" lon="130.4012122">
<ele>1.965</ele>
<time>2026-05-30T22:20:15Z</time>
<extensions>
<gpxtpx:TrackPointExtension>
<gpxtpx:hr>140</gpxtpx:hr>
<gpxtpx:cad>32</gpxtpx:cad>
</gpxtpx:TrackPointExtension>
</extensions>
</trkpt>
<trkpt lat="33.5879245" lon="130.401225">
<ele>1.848</ele>
<time>2026-05-30T22:20:16Z</time>
<extensions>
<gpxtpx:TrackPointExtension>
<gpxtpx:hr>140</gpxtpx:hr>
</gpxtpx:TrackPointExtension>
</extensions>
</trkpt>
<trkpt lat="33.5879305" lon="130.4012389">
<ele>1.889</ele>
<time>2026-05-30T22:20:17Z</time>
<extensions>
<gpxtpx:TrackPointExtension>
<gpxtpx:hr>141</gpxtpx:hr>
</gpxtpx:TrackPointExtension>
</extensions>
</trkpt>
<trkpt lat="33.5879374" lon="130.4012538">
<ele>1.931</ele>
<time>2026-05-30T22:20:18Z</time>
<extensions>
<gpxtpx:TrackPointExtension>
<gpxtpx:hr>141</gpxtpx:hr>
</gpxtpx:TrackPointExtension>
</extensions>
</trkpt>
<trkpt lat="33.5879456" lon="130.40127">
<ele>1.94</ele>
<time>2026-05-30T22:20:19Z</time>
<extensions>
<gpxtpx:TrackPointExtension>
<gpxtpx:hr>142</gpxtpx:hr>
</gpxtpx:TrackPointExtension>
</extensions>
</trkpt>
<trkpt lat="33.587955" lon="130.4012874">
<ele>1.906</ele>
<time>2026-05-30T22:20:20Z</time>
<extensions>
<gpxtpx:TrackPointExtension>
<gpxtpx:hr>143</gpxtpx:hr>
<gpxtpx:cad>122</gpxtpx:cad>
</gpxtpx:TrackPointExtension>
</extensions>
</trkpt>
<trkpt lat="33.5879659" lon="130.4013062">
<ele>1.814</ele>
<time>2026-05-30T22:20:21Z</time>
<extensions>
<gpxtpx:TrackPointExtension>
<gpxtpx:hr>143</gpxtpx:hr>
</gpxtpx:TrackPointExtension>
</extensions>
</trkpt>
<trkpt lat="33.5879783" lon="130.4013263">
<ele>1.687</ele>
<time>2026-05-30T22:20:22Z</time>
<extensions>
<gpxtpx:TrackPointExtension>
<gpxtpx:hr>144</gpxtpx:hr>
</gpxtpx:TrackPointExtension>
</extensions>
</trkpt>
<trkpt lat="33.5879923" lon="130.401348">
<ele>1.765</ele>
<time>2026-05-30T22:20:23Z</time>
<extensions>
<gpxtpx:TrackPointExtension>
<gpxtpx:hr>146</gpxtpx:hr>
</gpxtpx:TrackPointExtension>
</extensions>
</trkpt>
<trkpt lat="33.5880081" lon="130.4013711">
<ele>1.813</ele>
<time>2026-05-30T22:20:24Z</time>
<extensions>
<gpxtpx:TrackPointExtension>
<gpxtpx:hr>147</gpxtpx:hr>
</gpxtpx:TrackPointExtension>
</extensions>
</trkpt>
<trkpt lat="33.5880256" lon="130.4013955">
<ele>1.783</ele>
<time>2026-05-30T22:20:25Z</time>
<extensions>
<gpxtpx:TrackPointExtension>
<gpxtpx:hr>148</gpxtpx:hr>
<gpxtpx:cad>181</gpxtpx:cad>
</gpxtpx:TrackPointExtension>
</extensions>
</trkpt>
<trkpt lat="33.5880449" lon="130.4014211">
<ele>1.628</ele>
<time>2026-05-30T22:20:26Z</time>
<extensions>
<gpxtpx:TrackPointExtension>
<gpxtpx:hr>148</gpxtpx:hr>
</gpxtpx:TrackPointExtension>
</extensions>
</trkpt>
<trkpt lat="33.5880658" lon="130.4014475">
<ele>1.69</ele>
<time>2026-05-30T22:20:27Z</time>
<extensions>
<gpxtpx:TrackPointExtension>
<gpxtpx:hr>149</gpxtpx:hr>
<gpxtpx:cad>182</gpxtpx:cad>
</gpxtpx:TrackPointExtension>
</extensions>
</trkpt>
<trkpt lat="33.5880881" lon="130.4014741">
<ele>1.676</ele>
<time>2026-05-30T22:20:28Z</time>
<extensions>
<gpxtpx:TrackPointExtension>
<gpxtpx:hr>149</gpxtpx:hr>
</gpxtpx:TrackPointExtension>
</extensions>
</trkpt>
<trkpt lat="33.5881116" lon="130.4015005">
<ele>1.688</ele>
<time>2026-05-30T22:20:29Z</time>
<extensions>
<gpxtpx:TrackPointExtension>
<gpxtpx:hr>149</gpxtpx:hr>
</gpxtpx:TrackPointExtension>
</extensions>
</trkpt>
<trkpt lat="33.588136" lon="130.4015266">
<ele>1.644</ele>
<time>2026-05-30T22:20:30Z</time>
<extensions>
<gpxtpx:TrackPointExtension>
<gpxtpx:hr>150</gpxtpx:hr>
<gpxtpx:cad>182</gpxtpx:cad>
</gpxtpx:TrackPointExtension>
</extensions>
</trkpt>
<trkpt lat="33.588157" lon="130.4015539">
<ele>1.462</ele>
<time>2026-05-30T22:20:31Z</time>
<extensions>
<gpxtpx:TrackPointExtension>
<gpxtpx:hr>151</gpxtpx:hr>
</gpxtpx:TrackPointExtension>
</extensions>
</trkpt>
<trkpt lat="33.5881784" lon="130.4015811">
<ele>1.315</ele>
<time>2026-05-30T22:20:32Z</time>
<extensions>
<gpxtpx:TrackPointExtension>
<gpxtpx:hr>152</gpxtpx:hr>
</gpxtpx:TrackPointExtension>
</extensions>
</trkpt>
<trkpt lat="33.5881967" lon="130.4016102">
<ele>1.025</ele>
<time>2026-05-30T22:20:33Z</time>
<extensions>
<gpxtpx:TrackPointExtension>
<gpxtpx:hr>153</gpxtpx:hr>
</gpxtpx:TrackPointExtension>
</extensions>
</trkpt>
<trkpt lat="33.588214" lon="130.4016406">
<ele>0.93</ele>
<time>2026-05-30T22:20:34Z</time>
<extensions>
<gpxtpx:TrackPointExtension>
<gpxtpx:hr>154</gpxtpx:hr>
</gpxtpx:TrackPointExtension>
</extensions>
</trkpt>
<trkpt lat="33.5882325" lon="130.4016702">
<ele>0.854</ele>
<time>2026-05-30T22:20:35Z</time>
<extensions>
<gpxtpx:TrackPointExtension>
<gpxtpx:hr>154</gpxtpx:hr>
<gpxtpx:cad>180</gpxtpx:cad>
</gpxtpx:TrackPointExtension>
</extensions>
</trkpt>
<trkpt lat="33.5882502" lon="130.4017006">
<ele>0.809</ele>
<time>2026-05-30T22:20:36Z</time>
<extensions>
<gpxtpx:TrackPointExtension>
<gpxtpx:hr>155</gpxtpx:hr>
</gpxtpx:TrackPointExtension>
</extensions>
</trkpt>
<trkpt lat="33.5882685" lon="130.40173">
<ele>0.782</ele>
<time>2026-05-30T22:20:37Z</time>
<extensions>
<gpxtpx:TrackPointExtension>
<gpxtpx:hr>155</gpxtpx:hr>
</gpxtpx:TrackPointExtension>
</extensions>
</trkpt>
<trkpt lat="33.5882854" lon="130.4017604">
<ele>0.821</ele>
<time>2026-05-30T22:20:38Z</time>
<extensions>
<gpxtpx:TrackPointExtension>
<gpxtpx:hr>156</gpxtpx:hr>
</gpxtpx:TrackPointExtension>
</extensions>
</trkpt>
<trkpt lat="33.5883006" lon="130.4017935">
<ele>0.646</ele>
<time>2026-05-30T22:20:39Z</time>
<extensions>
<gpxtpx:TrackPointExtension>
<gpxtpx:hr>157</gpxtpx:hr>
</gpxtpx:TrackPointExtension>
</extensions>
</trkpt>
<trkpt lat="33.5883154" lon="130.4018263">
<ele>0.596</ele>
<time>2026-05-30T22:20:40Z</time>
<extensions>
<gpxtpx:TrackPointExtension>
<gpxtpx:hr>156</gpxtpx:hr>
<gpxtpx:cad>180</gpxtpx:cad>
</gpxtpx:TrackPointExtension>
</extensions>
</trkpt>
<trkpt lat="33.5883301" lon="130.4018611">
<ele>0.527</ele>
<time>2026-05-30T22:20:41Z</time>
<extensions>
<gpxtpx:TrackPointExtension>
<gpxtpx:hr>158</gpxtpx:hr>
</gpxtpx:TrackPointExtension>
</extensions>
</trkpt>
<trkpt lat="33.5883452" lon="130.4018963">
<ele>0.485</ele>
<time>2026-05-30T22:20:42Z</time>
<extensions>
<gpxtpx:TrackPointExtension>
<gpxtpx:hr>159</gpxtpx:hr>
</gpxtpx:TrackPointExtension>
</extensions>
</trkpt>
<trkpt lat="33.5883615" lon="130.4019311">
<ele>0.512</ele>
<time>2026-05-30T22:20:43Z</time>
<extensions>
<gpxtpx:TrackPointExtension>
<gpxtpx:hr>159</gpxtpx:hr>
</gpxtpx:TrackPointExtension>
</extensions>
</trkpt>
<trkpt lat="33.5883802" lon="130.4019638">
<ele>0.643</ele>
<time>2026-05-30T22:20:44Z</time>
<extensions>
<gpxtpx:TrackPointExtension>
<gpxtpx:hr>159</gpxtpx:hr>
</gpxtpx:TrackPointExtension>
</extensions>
</trkpt>
<trkpt lat="33.5883967" lon="130.4019978">
<ele>0.633</ele>
<time>2026-05-30T22:20:45Z</time>
<extensions>
<gpxtpx:TrackPointExtension>
<gpxtpx:hr>159</gpxtpx:hr>
<gpxtpx:cad>180</gpxtpx:cad>
</gpxtpx:TrackPointExtension>
</extensions>
</trkpt>
<trkpt lat="33.5884171" lon="130.4020278">
<ele>0.728</ele>
<time>2026-05-30T22:20:46Z</time>
<extensions>
<gpxtpx:TrackPointExtension>
<gpxtpx:hr>159</gpxtpx:hr>
</gpxtpx:TrackPointExtension>
</extensions>
</trkpt>
<trkpt lat="33.5884346" lon="130.402061">
<ele>0.856</ele>
<time>2026-05-30T22:20:47Z</time>
<extensions>
<gpxtpx:TrackPointExtension>
<gpxtpx:hr>160</gpxtpx:hr>
</gpxtpx:TrackPointExtension>
</extensions>
</trkpt>
<trkpt lat="33.588455" lon="130.4020903">
<ele>0.899</ele>
<time>2026-05-30T22:20:48Z</time>
<extensions>
<gpxtpx:TrackPointExtension>
<gpxtpx:hr>160</gpxtpx:hr>
</gpxtpx:TrackPointExtension>
</extensions>
</trkpt>
<trkpt lat="33.5884732" lon="130.4021232">
<ele>0.828</ele>
<time>2026-05-30T22:20:49Z</time>
<extensions>
<gpxtpx:TrackPointExtension>
<gpxtpx:hr>160</gpxtpx:hr>
</gpxtpx:TrackPointExtension>
</extensions>
</trkpt>
<trkpt lat="33.5884935" lon="130.4021517">
<ele>0.719</ele>
<time>2026-05-30T22:20:50Z</time>
<extensions>
<gpxtpx:TrackPointExtension>
<gpxtpx:hr>160</gpxtpx:hr>
<gpxtpx:cad>180</gpxtpx:cad>
</gpxtpx:TrackPointExtension>
</extensions>
</trkpt>
<trkpt lat="33.5885131" lon="130.4021821">
<ele>0.568</ele>
<time>2026-05-30T22:20:51Z</time>
<extensions>
<gpxtpx:TrackPointExtension>
<gpxtpx:hr>160</gpxtpx:hr>
</gpxtpx:TrackPointExtension>
</extensions>
</trkpt>
<trkpt lat="33.5885332" lon="130.4022116">
<ele>0.693</ele>
<time>2026-05-30T22:20:52Z</time>
<extensions>
<gpxtpx:TrackPointExtension>
<gpxtpx:hr>161</gpxtpx:hr>
</gpxtpx:TrackPointExtension>
</extensions>
</trkpt>
<trkpt lat="33.5885535" lon="130.4022404">
<ele>0.766</ele>
<time>2026-05-30T22:20:53Z</time>
<extensions>
<gpxtpx:TrackPointExtension>
<gpxtpx:hr>161</gpxtpx:hr>
</gpxtpx:TrackPointExtension>
</extensions>
</trkpt>
<trkpt lat="33.5885737" lon="130.4022686">
<ele>0.781</ele>
<time>2026-05-30T22:20:54Z</time>
<extensions>
<gpxtpx:TrackPointExtension>
<gpxtpx:hr>161</gpxtpx:hr>
</gpxtpx:TrackPointExtension>
</extensions>
</trkpt>
<trkpt lat="33.5885938" lon="130.4022966">
<ele>0.845</ele>
<time>2026-05-30T22:20:55Z</time>
<extensions>
<gpxtpx:TrackPointExtension>
<gpxtpx:hr>161</gpxtpx:hr>
<gpxtpx:cad>180</gpxtpx:cad>
</gpxtpx:TrackPointExtension>
</extensions>
</trkpt>
<trkpt lat="33.5886118" lon="130.4023252">
<ele>0.755</ele>
<time>2026-05-30T22:20:56Z</time>
<extensions>
<gpxtpx:TrackPointExtension>
<gpxtpx:hr>161</gpxtpx:hr>
<gpxtpx:cad>180</gpxtpx:cad>
</gpxtpx:TrackPointExtension>
</extensions>
</trkpt>
<trkpt lat="33.5886256" lon="130.4023552">
<ele>0.648</ele>
<time>2026-05-30T22:20:57Z</time>
<extensions>
<gpxtpx:TrackPointExtension>
<gpxtpx:hr>161</gpxtpx:hr>
</gpxtpx:TrackPointExtension>
</extensions>
</trkpt>
<trkpt lat="33.5886432" lon="130.402384">
<ele>0.625</ele>
<time>2026-05-30T22:20:58Z</time>
<extensions>
<gpxtpx:TrackPointExtension>
<gpxtpx:hr>161</gpxtpx:hr>
</gpxtpx:TrackPointExtension>
</extensions>
</trkpt>
<trkpt lat="33.5886523" lon="130.4024154">
<ele>0.596</ele>
<time>2026-05-30T22:20:59Z</time>
<extensions>
<gpxtpx:TrackPointExtension>
<gpxtpx:hr>162</gpxtpx:hr>
</gpxtpx:TrackPointExtension>
</extensions>
</trkpt>
<trkpt lat="33.5886674" lon="130.4024447">
<ele>0.583</ele>
<time>2026-05-30T22:21:00Z</time>
<extensions>
<gpxtpx:TrackPointExtension>
<gpxtpx:hr>162</gpxtpx:hr>
<gpxtpx:cad>180</gpxtpx:cad>
</gpxtpx:TrackPointExtension>
</extensions>
</trkpt>
<trkpt lat="33.5886768" lon="130.4024762">
<ele>0.582</ele>
<time>2026-05-30T22:21:01Z</time>
<extensions>
<gpxtpx:TrackPointExtension>
<gpxtpx:hr>163</gpxtpx:hr>
</gpxtpx:TrackPointExtension>
</extensions>
</trkpt>
<trkpt lat="33.5886893" lon="130.4025068">
<ele>0.656</ele>
<time>2026-05-30T22:21:02Z</time>
<extensions>
<gpxtpx:TrackPointExtension>
<gpxtpx:hr>163</gpxtpx:hr>
</gpxtpx:TrackPointExtension>
</extensions>
</trkpt>
<trkpt lat="33.5886974" lon="130.4025393">
<ele>0.626</ele>
<time>2026-05-30T22:21:03Z</time>
<extensions>
<gpxtpx:TrackPointExtension>
<gpxtpx:hr>163</gpxtpx:hr>
</gpxtpx:TrackPointExtension>
</extensions>
</trkpt>
<trkpt lat="33.5887075" lon="130.4025708">
<ele>0.444</ele>
<time>2026-05-30T22:21:04Z</time>
<extensions>
<gpxtpx:TrackPointExtension>
<gpxtpx:hr>164</gpxtpx:hr>
</gpxtpx:TrackPointExtension>
</extensions>
</trkpt>
<trkpt lat="33.588716" lon="130.4026029">
<ele>0.405</ele>
<time>2026-05-30T22:21:05Z</time>
<extensions>
<gpxtpx:TrackPointExtension>
<gpxtpx:hr>164</gpxtpx:hr>
<gpxtpx:cad>181</gpxtpx:cad>
</gpxtpx:TrackPointExtension>
</extensions>
</trkpt>
<trkpt lat="33.588721" lon="130.4026372">
<ele>0.57</ele>
<time>2026-05-30T22:21:06Z</time>
<extensions>
<gpxtpx:TrackPointExtension>
<gpxtpx:hr>164</gpxtpx:hr>
</gpxtpx:TrackPointExtension>
</extensions>
</trkpt>
<trkpt lat="33.5887278" lon="130.40267">
<ele>0.522</ele>
<time>2026-05-30T22:21:07Z</time>
<extensions>
<gpxtpx:TrackPointExtension>
<gpxtpx:hr>164</gpxtpx:hr>
</gpxtpx:TrackPointExtension>
</extensions>
</trkpt>
<trkpt lat="33.5887334" lon="130.4027048">
<ele>0.664</ele>
<time>2026-05-30T22:21:08Z</time>
<extensions>
<gpxtpx:TrackPointExtension>
<gpxtpx:hr>164</gpxtpx:hr>
</gpxtpx:TrackPointExtension>
</extensions>
</trkpt>
<trkpt lat="33.5887387" lon="130.4027386">
<ele>0.442</ele>
<time>2026-05-30T22:21:09Z</time>
<extensions>
<gpxtpx:TrackPointExtension>
<gpxtpx:hr>164</gpxtpx:hr>
</gpxtpx:TrackPointExtension>
</extensions>
</trkpt>
<trkpt lat="33.5887446" lon="130.4027734">
<ele>0.611</ele>
<time>2026-05-30T22:21:10Z</time>
<extensions>
<gpxtpx:TrackPointExtension>
<gpxtpx:hr>164</gpxtpx:hr>
<gpxtpx:cad>180</gpxtpx:cad>
</gpxtpx:TrackPointExtension>
</extensions>
</trkpt>
<trkpt lat="33.5887504" lon="130.4028082">
<ele>0.617</ele>
<time>2026-05-30T22:21:11Z</time>
<extensions>
<gpxtpx:TrackPointExtension>
<gpxtpx:hr>164</gpxtpx:hr>
</gpxtpx:TrackPointExtension>
</extensions>
</trkpt>
<trkpt lat="33.588759" lon="130.4028433">
<ele>0.503</ele>
<time>2026-05-30T22:21:12Z</time>
<extensions>
<gpxtpx:TrackPointExtension>
<gpxtpx:hr>164</gpxtpx:hr>
</gpxtpx:TrackPointExtension>
</extensions>
</trkpt>
<trkpt lat="33.5887658" lon="130.4028783">
<ele>0.459</ele>
<time>2026-05-30T22:21:13Z</time>
<extensions>
<gpxtpx:TrackPointExtension>
<gpxtpx:hr>164</gpxtpx:hr>
</gpxtpx:TrackPointExtension>
</extensions>
</trkpt>
<trkpt lat="33.5887759" lon="130.4029131">
<ele>0.519</ele>
<time>2026-05-30T22:21:14Z</time>
<extensions>
<gpxtpx:TrackPointExtension>
<gpxtpx:hr>164</gpxtpx:hr>
</gpxtpx:TrackPointExtension>
</extensions>
</trkpt>
<trkpt lat="33.58879" lon="130.4029468">
<ele>0.659</ele>
<time>2026-05-30T22:21:15Z</time>
<extensions>
<gpxtpx:TrackPointExtension>
<gpxtpx:hr>164</gpxtpx:hr>
<gpxtpx:cad>180</gpxtpx:cad>
</gpxtpx:TrackPointExtension>
</extensions>
</trkpt>
<trkpt lat="33.5887976" lon="130.402982">
<ele>0.502</ele>
<time>2026-05-30T22:21:16Z</time>
<extensions>
<gpxtpx:TrackPointExtension>
<gpxtpx:hr>164</gpxtpx:hr>
</gpxtpx:TrackPointExtension>
</extensions>
</trkpt>
<trkpt lat="33.5888119" lon="130.4030151">
<ele>0.482</ele>
<time>2026-05-30T22:21:17Z</time>
<extensions>
<gpxtpx:TrackPointExtension>
<gpxtpx:hr>164</gpxtpx:hr>
</gpxtpx:TrackPointExtension>
</extensions>
</trkpt>
<trkpt lat="33.5888242" lon="130.4030487">
<ele>0.536</ele>
<time>2026-05-30T22:21:18Z</time>
<extensions>
<gpxtpx:TrackPointExtension>
<gpxtpx:hr>165</gpxtpx:hr>
</gpxtpx:TrackPointExtension>
</extensions>
</trkpt>
<trkpt lat="33.5888373" lon="130.403082">
<ele>0.627</ele>
<time>2026-05-30T22:21:19Z</time>
<extensions>
<gpxtpx:TrackPointExtension>
<gpxtpx:hr>165</gpxtpx:hr>
</gpxtpx:TrackPointExtension>
</extensions>
</trkpt>
<trkpt lat="33.5888499" lon="130.4031162">
<ele>0.776</ele>
<time>2026-05-30T22:21:20Z</time>
<extensions>
<gpxtpx:TrackPointExtension>
<gpxtpx:hr>166</gpxtpx:hr>
<gpxtpx:cad>180</gpxtpx:cad>
</gpxtpx:TrackPointExtension>
</extensions>
</trkpt>
<trkpt lat="33.5888651" lon="130.4031476">
<ele>0.877</ele>
<time>2026-05-30T22:21:21Z</time>
<extensions>
<gpxtpx:TrackPointExtension>
<gpxtpx:hr>166</gpxtpx:hr>
</gpxtpx:TrackPointExtension>
</extensions>
</trkpt>
<trkpt lat="33.5888793" lon="130.403181">
<ele>1.018</ele>
<time>2026-05-30T22:21:22Z</time>
<extensions>
<gpxtpx:TrackPointExtension>
<gpxtpx:hr>166</gpxtpx:hr>
</gpxtpx:TrackPointExtension>
</extensions>
</trkpt>
<trkpt lat="33.5888944" lon="130.4032118">
<ele>1.182</ele>
<time>2026-05-30T22:21:23Z</time>
<extensions>
<gpxtpx:TrackPointExtension>
<gpxtpx:hr>166</gpxtpx:hr>
</gpxtpx:TrackPointExtension>
</extensions>
</trkpt>
<trkpt lat="33.5889093" lon="130.4032439">
<ele>1.284</ele>
<time>2026-05-30T22:21:24Z</time>
<extensions>
<gpxtpx:TrackPointExtension>
<gpxtpx:hr>166</gpxtpx:hr>
<gpxtpx:cad>180</gpxtpx:cad>
</gpxtpx:TrackPointExtension>
</extensions>
</trkpt>
<trkpt lat="33.5889235" lon="130.4032738">
<ele>1.35</ele>
<time>2026-05-30T22:21:25Z</time>
<extensions>
<gpxtpx:TrackPointExtension>
<gpxtpx:hr>166</gpxtpx:hr>
<gpxtpx:cad>180</gpxtpx:cad>
</gpxtpx:TrackPointExtension>
</extensions>
</trkpt>
<trkpt lat="33.5889378" lon="130.4033044">
<ele>1.485</ele>
<time>2026-05-30T22:21:26Z</time>
<extensions>
<gpxtpx:TrackPointExtension>
<gpxtpx:hr>167</gpxtpx:hr>
</gpxtpx:TrackPointExtension>
</extensions>
</trkpt>
<trkpt lat="33.5889518" lon="130.4033347">
<ele>1.64</ele>
<time>2026-05-30T22:21:27Z</time>
<extensions>
<gpxtpx:TrackPointExtension>
<gpxtpx:hr>167</gpxtpx:hr>
</gpxtpx:TrackPointExtension>
</extensions>
</trkpt>
<trkpt lat="33.5889658" lon="130.4033648">
<ele>1.731</ele>
<time>2026-05-30T22:21:28Z</time>
<extensions>
<gpxtpx:TrackPointExtension>
<gpxtpx:hr>167</gpxtpx:hr>
</gpxtpx:TrackPointExtension>
</extensions>
</trkpt>
<trkpt lat="33.5889794" lon="130.4033941">
<ele>1.819</ele>
<time>2026-05-30T22:21:29Z</time>
<extensions>
<gpxtpx:TrackPointExtension>
<gpxtpx:hr>167</gpxtpx:hr>
<gpxtpx:cad>181</gpxtpx:cad>
</gpxtpx:TrackPointExtension>
</extensions>
</trkpt>
<trkpt lat="33.588994" lon="130.403425">
<ele>1.853</ele>
<time>2026-05-30T22:21:30Z</time>
<extensions>
<gpxtpx:TrackPointExtension>
<gpxtpx:hr>167</gpxtpx:hr>
</gpxtpx:TrackPointExtension>
</extensions>
</trkpt>
<trkpt lat="33.5890067" lon="130.4034537">
<ele>1.852</ele>
<time>2026-05-30T22:21:31Z</time>
<extensions>
<gpxtpx:TrackPointExtension>
<gpxtpx:hr>168</gpxtpx:hr>
</gpxtpx:TrackPointExtension>
</extensions>
</trkpt>
<trkpt lat="33.5890215" lon="130.4034841">
<ele>1.884</ele>
<time>2026-05-30T22:21:32Z</time>
<extensions>
<gpxtpx:TrackPointExtension>
<gpxtpx:hr>168</gpxtpx:hr>
</gpxtpx:TrackPointExtension>
</extensions>
</trkpt>
<trkpt lat="33.5890348" lon="130.4035128">
<ele>1.901</ele>
<time>2026-05-30T22:21:33Z</time>
<extensions>
<gpxtpx:TrackPointExtension>
<gpxtpx:hr>168</gpxtpx:hr>
</gpxtpx:TrackPointExtension>
</extensions>
</trkpt>
<trkpt lat="33.5890475" lon="130.4035408">
<ele>1.926</ele>
<time>2026-05-30T22:21:34Z</time>
<extensions>
<gpxtpx:TrackPointExtension>
<gpxtpx:hr>168</gpxtpx:hr>
<gpxtpx:cad>181</gpxtpx:cad>
</gpxtpx:TrackPointExtension>
</extensions>
</trkpt>
<trkpt lat="33.5890597" lon="130.4035681">
<ele>1.854</ele>
<time>2026-05-30T22:21:35Z</time>
<extensions>
<gpxtpx:TrackPointExtension>
<gpxtpx:hr>168</gpxtpx:hr>
</gpxtpx:TrackPointExtension>
</extensions>
</trkpt>
<trkpt lat="33.5890712" lon="130.4035945">
<ele>1.769</ele>
<time>2026-05-30T22:21:36Z</time>
<extensions>
<gpxtpx:TrackPointExtension>
<gpxtpx:hr>168</gpxtpx:hr>
</gpxtpx:TrackPointExtension>
</extensions>
</trkpt>
<trkpt lat="33.5890821" lon="130.40362">
<ele>1.695</ele>
<time>2026-05-30T22:21:37Z</time>
<extensions>
<gpxtpx:TrackPointExtension>
<gpxtpx:hr>168</gpxtpx:hr>
</gpxtpx:TrackPointExtension>
</extensions>
</trkpt>
<trkpt lat="33.5890924" lon="130.4036443">
<ele>1.566</ele>
<time>2026-05-30T22:21:38Z</time>
<extensions>
<gpxtpx:TrackPointExtension>
<gpxtpx:hr>168</gpxtpx:hr>
</gpxtpx:TrackPointExtension>
</extensions>
</trkpt>
<trkpt lat="33.5891021" lon="130.4036675">
<ele>1.401</ele>
<time>2026-05-30T22:21:39Z</time>
<extensions>
<gpxtpx:TrackPointExtension>
<gpxtpx:hr>167</gpxtpx:hr>
<gpxtpx:cad>178</gpxtpx:cad>
</gpxtpx:TrackPointExtension>
</extensions>
</trkpt>
<trkpt lat="33.5891088" lon="130.4036842">
<ele>1.314</ele>
<time>2026-05-30T22:21:40Z</time>
<extensions>
<gpxtpx:TrackPointExtension>
<gpxtpx:hr>167</gpxtpx:hr>
</gpxtpx:TrackPointExtension>
</extensions>
</trkpt>
<trkpt lat="33.5891141" lon="130.4036986">
<ele>1.223</ele>
<time>2026-05-30T22:21:41Z</time>
<extensions>
<gpxtpx:TrackPointExtension>
<gpxtpx:hr>167</gpxtpx:hr>
</gpxtpx:TrackPointExtension>
</extensions>
</trkpt>
<trkpt lat="33.5891178" lon="130.4037111">
<ele>1.139</ele>
<time>2026-05-30T22:21:42Z</time>
<extensions>
<gpxtpx:TrackPointExtension>
<gpxtpx:hr>168</gpxtpx:hr>
</gpxtpx:TrackPointExtension>
</extensions>
</trkpt>
<trkpt lat="33.5891204" lon="130.403722">
<ele>1.063</ele>
<time>2026-05-30T22:21:43Z</time>
<extensions>
<gpxtpx:TrackPointExtension>
<gpxtpx:hr>168</gpxtpx:hr>
</gpxtpx:TrackPointExtension>
</extensions>
</trkpt>
<trkpt lat="33.5891221" lon="130.4037321">
<ele>1.1</ele>
<time>2026-05-30T22:21:44Z</time>
<extensions>
<gpxtpx:TrackPointExtension>
<gpxtpx:hr>168</gpxtpx:hr>
<gpxtpx:cad>165</gpxtpx:cad>
</gpxtpx:TrackPointExtension>
</extensions>
</trkpt>
<trkpt lat="33.5891235" lon="130.4037414">
<ele>1.106</ele>
<time>2026-05-30T22:21:45Z</time>
<extensions>
<gpxtpx:TrackPointExtension>
<gpxtpx:hr>168</gpxtpx:hr>
</gpxtpx:TrackPointExtension>
</extensions>
</trkpt>
<trkpt lat="33.5891254" lon="130.4037509">
<ele>1.109</ele>
<time>2026-05-30T22:21:46Z</time>
<extensions>
<gpxtpx:TrackPointExtension>
<gpxtpx:hr>168</gpxtpx:hr>
</gpxtpx:TrackPointExtension>
</extensions>
</trkpt>
<trkpt lat="33.5891285" lon="130.4037619">
<ele>1.113</ele>
<time>2026-05-30T22:21:47Z</time>
<extensions>
<gpxtpx:TrackPointExtension>
<gpxtpx:hr>168</gpxtpx:hr>
</gpxtpx:TrackPointExtension>
</extensions>
</trkpt>
<trkpt lat="33.5891326" lon="130.4037752">
<ele>1.122</ele>
<time>2026-05-30T22:21:48Z</time>
<extensions>
<gpxtpx:TrackPointExtension>
<gpxtpx:hr>167</gpxtpx:hr>
</gpxtpx:TrackPointExtension>
</extensions>
</trkpt>
<trkpt lat="33.5891374" lon="130.4037906">
<ele>1.149</ele>
<time>2026-05-30T22:21:49Z</time>
<extensions>
<gpxtpx:TrackPointExtension>
<gpxtpx:hr>167</gpxtpx:hr>
<gpxtpx:cad>130</gpxtpx:cad>
</gpxtpx:TrackPointExtension>
</extensions>
</trkpt>
<trkpt lat="33.5891429" lon="130.4038076">
<ele>1.18</ele>
<time>2026-05-30T22:21:50Z</time>
<extensions>
<gpxtpx:TrackPointExtension>
<gpxtpx:hr>166</gpxtpx:hr>
</gpxtpx:TrackPointExtension>
</extensions>
</trkpt>
<trkpt lat="33.5891494" lon="130.4038258">
<ele>1.132</ele>
<time>2026-05-30T22:21:51Z</time>
<extensions>
<gpxtpx:TrackPointExtension>
<gpxtpx:hr>166</gpxtpx:hr>
</gpxtpx:TrackPointExtension>
</extensions>
</trkpt>
<trkpt lat="33.5891566" lon="130.4038452">
<ele>1.116</ele>
<time>2026-05-30T22:21:52Z</time>
<extensions>
<gpxtpx:TrackPointExtension>
<gpxtpx:hr>165</gpxtpx:hr>
</gpxtpx:TrackPointExtension>
</extensions>
</trkpt>
<trkpt lat="33.5891643" lon="130.4038656">
<ele>1.088</ele>
<time>2026-05-30T22:21:53Z</time>
<extensions>
<gpxtpx:TrackPointExtension>
<gpxtpx:hr>165</gpxtpx:hr>
</gpxtpx:TrackPointExtension>
</extensions>
</trkpt>
<trkpt lat="33.5891722" lon="130.4038868">
<ele>1.11</ele>
<time>2026-05-30T22:21:54Z</time>
<extensions>
<gpxtpx:TrackPointExtension>
<gpxtpx:hr>165</gpxtpx:hr>
<gpxtpx:cad>53</gpxtpx:cad>
</gpxtpx:TrackPointExtension>
</extensions>
</trkpt>
<trkpt lat="33.5891793" lon="130.4039062">
<ele>1.151</ele>
<time>2026-05-30T22:21:55Z</time>
<extensions>
<gpxtpx:TrackPointExtension>
<gpxtpx:hr>165</gpxtpx:hr>
</gpxtpx:TrackPointExtension>
</extensions>
</trkpt>
<trkpt lat="33.5891874" lon="130.4039284">
<ele>1.143</ele>
<time>2026-05-30T22:21:56Z</time>
<extensions>
<gpxtpx:TrackPointExtension>
<gpxtpx:hr>165</gpxtpx:hr>
</gpxtpx:TrackPointExtension>
</extensions>
</trkpt>
<trkpt lat="33.5891942" lon="130.4039472">
<ele>1.079</ele>
<time>2026-05-30T22:21:57Z</time>
<extensions>
<gpxtpx:TrackPointExtension>
<gpxtpx:hr>165</gpxtpx:hr>
</gpxtpx:TrackPointExtension>
</extensions>
</trkpt>
<trkpt lat="33.5892027" lon="130.4039705">
<ele>1.172</ele>
<time>2026-05-30T22:21:58Z</time>
<extensions>
<gpxtpx:TrackPointExtension>
<gpxtpx:hr>164</gpxtpx:hr>
</gpxtpx:TrackPointExtension>
</extensions>
</trkpt>
<trkpt lat="33.5892092" lon="130.4039885">
<ele>1.312</ele>
<time>2026-05-30T22:21:59Z</time>
<extensions>
<gpxtpx:TrackPointExtension>
<gpxtpx:hr>163</gpxtpx:hr>
</gpxtpx:TrackPointExtension>
</extensions>
</trkpt>
<trkpt lat="33.589218" lon="130.4040127">
<ele>1.466</ele>
<time>2026-05-30T22:22:00Z</time>
<extensions>
<gpxtpx:TrackPointExtension>
<gpxtpx:hr>163</gpxtpx:hr>
</gpxtpx:TrackPointExtension>
</extensions>
</trkpt>
<trkpt lat="33.5892241" lon="130.4040302">
<ele>1.528</ele>
<time>2026-05-30T22:22:01Z</time>
<extensions>
<gpxtpx:TrackPointExtension>
<gpxtpx:hr>163</gpxtpx:hr>
</gpxtpx:TrackPointExtension>
</extensions>
</trkpt>
<trkpt lat="33.5892299" lon="130.4040468">
<ele>1.563</ele>
<time>2026-05-30T22:22:02Z</time>
<extensions>
<gpxtpx:TrackPointExtension>
<gpxtpx:hr>163</gpxtpx:hr>
</gpxtpx:TrackPointExtension>
</extensions>
</trkpt>
<trkpt lat="33.589235" lon="130.4040627">
<ele>1.472</ele>
<time>2026-05-30T22:22:03Z</time>
<extensions>
<gpxtpx:TrackPointExtension>
<gpxtpx:hr>163</gpxtpx:hr>
</gpxtpx:TrackPointExtension>
</extensions>
</trkpt>
<trkpt lat="33.5892395" lon="130.4040775">
<ele>1.448</ele>
<time>2026-05-30T22:22:04Z</time>
<extensions>
<gpxtpx:TrackPointExtension>
<gpxtpx:hr>163</gpxtpx:hr>
<gpxtpx:cad>52</gpxtpx:cad>
</gpxtpx:TrackPointExtension>
</extensions>
</trkpt>
<trkpt lat="33.5892437" lon="130.4040914">
<ele>1.487</ele>
<time>2026-05-30T22:22:05Z</time>
<extensions>
<gpxtpx:TrackPointExtension>
<gpxtpx:hr>163</gpxtpx:hr>
</gpxtpx:TrackPointExtension>
</extensions>
</trkpt>
<trkpt lat="33.5892479" lon="130.4041049">
<ele>1.522</ele>
<time>2026-05-30T22:22:06Z</time>
<extensions>
<gpxtpx:TrackPointExtension>
<gpxtpx:hr>164</gpxtpx:hr>
</gpxtpx:TrackPointExtension>
</extensions>
</trkpt>
<trkpt lat="33.589252" lon="130.4041185">
<ele>1.431</ele>
<time>2026-05-30T22:22:07Z</time>
<extensions>
<gpxtpx:TrackPointExtension>
<gpxtpx:hr>164</gpxtpx:hr>
</gpxtpx:TrackPointExtension>
</extensions>
</trkpt>
<trkpt lat="33.589255" lon="130.4041306">
<ele>1.36</ele>
<time>2026-05-30T22:22:08Z</time>
<extensions>
<gpxtpx:TrackPointExtension>
<gpxtpx:hr>164</gpxtpx:hr>
</gpxtpx:TrackPointExtension>
</extensions>
</trkpt>
<trkpt lat="33.5892585" lon="130.4041445">
<ele>1.356</ele>
<time>2026-05-30T22:22:09Z</time>
<extensions>
<gpxtpx:TrackPointExtension>
<gpxtpx:hr>164</gpxtpx:hr>
<gpxtpx:cad>141</gpxtpx:cad>
</gpxtpx:TrackPointExtension>
</extensions>
</trkpt>
<trkpt lat="33.5892634" lon="130.4041609">
<ele>1.234</ele>
<time>2026-05-30T22:22:10Z</time>
<extensions>
<gpxtpx:TrackPointExtension>
<gpxtpx:hr>164</gpxtpx:hr>
</gpxtpx:TrackPointExtension>
</extensions>
</trkpt>
<trkpt lat="33.5892704" lon="130.4041805">
<ele>1.331</ele>
<time>2026-05-30T22:22:11Z</time>
<extensions>
<gpxtpx:TrackPointExtension>
<gpxtpx:hr>164</gpxtpx:hr>
</gpxtpx:TrackPointExtension>
</extensions>
</trkpt>
<trkpt lat="33.5892798" lon="130.404204">
<ele>1.326</ele>
<time>2026-05-30T22:22:12Z</time>
<extensions>
<gpxtpx:TrackPointExtension>
<gpxtpx:hr>164</gpxtpx:hr>
<gpxtpx:cad>177</gpxtpx:cad>
</gpxtpx:TrackPointExtension>
</extensions>
</trkpt>
<trkpt lat="33.5892913" lon="130.4042319">
<ele>1.465</ele>
<time>2026-05-30T22:22:13Z</time>
<extensions>
<gpxtpx:TrackPointExtension>
<gpxtpx:hr>164</gpxtpx:hr>
</gpxtpx:TrackPointExtension>
</extensions>
</trkpt>
<trkpt lat="33.5893042" lon="130.4042623">
<ele>1.454</ele>
<time>2026-05-30T22:22:14Z</time>
<extensions>
<gpxtpx:TrackPointExtension>
<gpxtpx:hr>164</gpxtpx:hr>
<gpxtpx:cad>177</gpxtpx:cad>
</gpxtpx:TrackPointExtension>
</extensions>
</trkpt>
<trkpt lat="33.589318" lon="130.404295">
<ele>1.353</ele>
<time>2026-05-30T22:22:15Z</time>
<extensions>
<gpxtpx:TrackPointExtension>
<gpxtpx:hr>164</gpxtpx:hr>
</gpxtpx:TrackPointExtension>
</extensions>
</trkpt>
<trkpt lat="33.5893318" lon="130.4043289">
<ele>1.389</ele>
<time>2026-05-30T22:22:16Z</time>
<extensions>
<gpxtpx:TrackPointExtension>
<gpxtpx:hr>164</gpxtpx:hr>
</gpxtpx:TrackPointExtension>
</extensions>
</trkpt>
<trkpt lat="33.5893449" lon="130.4043621">
<ele>1.47</ele>
<time>2026-05-30T22:22:17Z</time>
<extensions>
<gpxtpx:TrackPointExtension>
<gpxtpx:hr>163</gpxtpx:hr>
</gpxtpx:TrackPointExtension>
</extensions>
</trkpt>
<trkpt lat="33.5893572" lon="130.4043946">
<ele>1.424</ele>
<time>2026-05-30T22:22:18Z</time>
<extensions>
<gpxtpx:TrackPointExtension>
<gpxtpx:hr>163</gpxtpx:hr>
</gpxtpx:TrackPointExtension>
</extensions>
</trkpt>
<trkpt lat="33.5893704" lon="130.4044279">
<ele>1.453</ele>
<time>2026-05-30T22:22:19Z</time>
<extensions>
<gpxtpx:TrackPointExtension>
<gpxtpx:hr>163</gpxtpx:hr>
<gpxtpx:cad>178</gpxtpx:cad>
</gpxtpx:TrackPointExtension>
</extensions>
</trkpt>
<trkpt lat="33.5893834" lon="130.4044605">
<ele>1.457</ele>
<time>2026-05-30T22:22:20Z</time>
<extensions>
<gpxtpx:TrackPointExtension>
<gpxtpx:hr>163</gpxtpx:hr>
</gpxtpx:TrackPointExtension>
</extensions>
</trkpt>
<trkpt lat="33.5893966" lon="130.4044929">
<ele>1.404</ele>
<time>2026-05-30T22:22:21Z</time>
<extensions>
<gpxtpx:TrackPointExtension>
<gpxtpx:hr>163</gpxtpx:hr>
</gpxtpx:TrackPointExtension>
</extensions>
</trkpt>
<trkpt lat="33.58941" lon="130.4045253">
<ele>1.313</ele>
<time>2026-05-30T22:22:22Z</time>
<extensions>
<gpxtpx:TrackPointExtension>
<gpxtpx:hr>163</gpxtpx:hr>
</gpxtpx:TrackPointExtension>
</extensions>
</trkpt>
<trkpt lat="33.589423" lon="130.4045572">
<ele>1.331</ele>
<time>2026-05-30T22:22:23Z</time>
<extensions>
<gpxtpx:TrackPointExtension>
<gpxtpx:hr>163</gpxtpx:hr>
</gpxtpx:TrackPointExtension>
</extensions>
</trkpt>
<trkpt lat="33.5894361" lon="130.4045892">
<ele>1.294</ele>
<time>2026-05-30T22:22:24Z</time>
<extensions>
<gpxtpx:TrackPointExtension>
<gpxtpx:hr>163</gpxtpx:hr>
<gpxtpx:cad>180</gpxtpx:cad>
</gpxtpx:TrackPointExtension>
</extensions>
</trkpt>
<trkpt lat="33.5894496" lon="130.4046204">
<ele>1.297</ele>
<time>2026-05-30T22:22:25Z</time>
<extensions>
<gpxtpx:TrackPointExtension>
<gpxtpx:hr>163</gpxtpx:hr>
</gpxtpx:TrackPointExtension>
</extensions>
</trkpt>
<trkpt lat="33.5894621" lon="130.4046526">
<ele>1.31</ele>
<time>2026-05-30T22:22:26Z</time>
<extensions>
<gpxtpx:TrackPointExtension>
<gpxtpx:hr>163</gpxtpx:hr>
</gpxtpx:TrackPointExtension>
</extensions>
</trkpt>
<trkpt lat="33.5894752" lon="130.4046843">
<ele>1.286</ele>
<time>2026-05-30T22:22:27Z</time>
<extensions>
<gpxtpx:TrackPointExtension>
<gpxtpx:hr>163</gpxtpx:hr>
</gpxtpx:TrackPointExtension>
</extensions>
</trkpt>
<trkpt lat="33.5894884" lon="130.404716">
<ele>1.221</ele>
<time>2026-05-30T22:22:28Z</time>
<extensions>
<gpxtpx:TrackPointExtension>
<gpxtpx:hr>163</gpxtpx:hr>
</gpxtpx:TrackPointExtension>
</extensions>
</trkpt>
<trkpt lat="33.5895016" lon="130.4047478">
<ele>1.264</ele>
<time>2026-05-30T22:22:29Z</time>
<extensions>
<gpxtpx:TrackPointExtension>
<gpxtpx:hr>164</gpxtpx:hr>
<gpxtpx:cad>180</gpxtpx:cad>
</gpxtpx:TrackPointExtension>
</extensions>
</trkpt>
<trkpt lat="33.589515" lon="130.4047797">
<ele>1.256</ele>
<time>2026-05-30T22:22:30Z</time>
<extensions>
<gpxtpx:TrackPointExtension>
<gpxtpx:hr>164</gpxtpx:hr>
</gpxtpx:TrackPointExtension>
</extensions>
</trkpt>
<trkpt lat="33.5895284" lon="130.4048117">
<ele>1.217</ele>
<time>2026-05-30T22:22:31Z</time>
<extensions>
<gpxtpx:TrackPointExtension>
<gpxtpx:hr>164</gpxtpx:hr>
</gpxtpx:TrackPointExtension>
</extensions>
</trkpt>
<trkpt lat="33.5895417" lon="130.4048437">
<ele>1.001</ele>
<time>2026-05-30T22:22:32Z</time>
<extensions>
<gpxtpx:TrackPointExtension>
<gpxtpx:hr>164</gpxtpx:hr>
</gpxtpx:TrackPointExtension>
</extensions>
</trkpt>
<trkpt lat="33.5895552" lon="130.4048758">
<ele>0.819</ele>
<time>2026-05-30T22:22:33Z</time>
<extensions>
<gpxtpx:TrackPointExtension>
<gpxtpx:hr>164</gpxtpx:hr>
</gpxtpx:TrackPointExtension>
</extensions>
</trkpt>
<trkpt lat="33.5895689" lon="130.4049073">
<ele>0.872</ele>
<time>2026-05-30T22:22:34Z</time>
<extensions>
<gpxtpx:TrackPointExtension>
<gpxtpx:hr>165</gpxtpx:hr>
<gpxtpx:cad>179</gpxtpx:cad>
</gpxtpx:TrackPointExtension>
</extensions>
</trkpt>
<trkpt lat="33.5895828" lon="130.404939">
<ele>0.924</ele>
<time>2026-05-30T22:22:35Z</time>
<extensions>
<gpxtpx:TrackPointExtension>
<gpxtpx:hr>165</gpxtpx:hr>
</gpxtpx:TrackPointExtension>
</extensions>
</trkpt>
<trkpt lat="33.5895969" lon="130.4049707">
<ele>0.589</ele>
<time>2026-05-30T22:22:36Z</time>
<extensions>
<gpxtpx:TrackPointExtension>
<gpxtpx:hr>165</gpxtpx:hr>
</gpxtpx:TrackPointExtension>
</extensions>
</trkpt>
<trkpt lat="33.5896111" lon="130.4050024">
<ele>0.546</ele>
<time>2026-05-30T22:22:37Z</time>
<extensions>
<gpxtpx:TrackPointExtension>
<gpxtpx:hr>165</gpxtpx:hr>
</gpxtpx:TrackPointExtension>
</extensions>
</trkpt>
<trkpt lat="33.5896254" lon="130.4050342">
<ele>0.905</ele>
<time>2026-05-30T22:22:38Z</time>
<extensions>
<gpxtpx:TrackPointExtension>
<gpxtpx:hr>164</gpxtpx:hr>
</gpxtpx:TrackPointExtension>
</extensions>
</trkpt>
<trkpt lat="33.5896395" lon="130.4050658">
<ele>1.122</ele>
<time>2026-05-30T22:22:39Z</time>
<extensions>
<gpxtpx:TrackPointExtension>
<gpxtpx:hr>164</gpxtpx:hr>
<gpxtpx:cad>167</gpxtpx:cad>
</gpxtpx:TrackPointExtension>
</extensions>
</trkpt>
<trkpt lat="33.5896535" lon="130.4050974">
<ele>1.02</ele>
<time>2026-05-30T22:22:40Z</time>
</trkpt>
<trkpt lat="33.5896674" lon="130.4051288">
<ele>1.01</ele>
<time>2026-05-30T22:22:41Z</time>
<extensions>
<gpxtpx:TrackPointExtension>
<gpxtpx:hr>164</gpxtpx:hr>
</gpxtpx:TrackPointExtension>
</extensions>
</trkpt>
<trkpt lat="33.5896812" lon="130.40516">
<ele>0.886</ele>
<time>2026-05-30T22:22:42Z</time>
<extensions>
<gpxtpx:TrackPointExtension>
<gpxtpx:hr>165</gpxtpx:hr>
<gpxtpx:cad>158</gpxtpx:cad>
</gpxtpx:TrackPointExtension>
</extensions>
</trkpt>
<trkpt lat="33.5896953" lon="130.4051917">
<ele>0.853</ele>
<time>2026-05-30T22:22:43Z</time>
<extensions>
<gpxtpx:TrackPointExtension>
<gpxtpx:hr>165</gpxtpx:hr>
</gpxtpx:TrackPointExtension>
</extensions>
</trkpt>
<trkpt lat="33.5897093" lon="130.405222">
<ele>0.93</ele>
<time>2026-05-30T22:22:44Z</time>
<extensions>
<gpxtpx:TrackPointExtension>
<gpxtpx:hr>165</gpxtpx:hr>
<gpxtpx:cad>157</gpxtpx:cad>
</gpxtpx:TrackPointExtension>
</extensions>
</trkpt>
<trkpt lat="33.5897233" lon="130.4052539">
<ele>1.029</ele>
<time>2026-05-30T22:22:45Z</time>
<extensions>
<gpxtpx:TrackPointExtension>
<gpxtpx:hr>165</gpxtpx:hr>
</gpxtpx:TrackPointExtension>
</extensions>
</trkpt>
<trkpt lat="33.5897377" lon="130.4052836">
<ele>0.878</ele>
<time>2026-05-30T22:22:46Z</time>
<extensions>
<gpxtpx:TrackPointExtension>
<gpxtpx:hr>165</gpxtpx:hr>
</gpxtpx:TrackPointExtension>
</extensions>
</trkpt>
<trkpt lat="33.5897518" lon="130.4053144">
<ele>0.831</ele>
<time>2026-05-30T22:22:47Z</time>
<extensions>
<gpxtpx:TrackPointExtension>
<gpxtpx:hr>165</gpxtpx:hr>
</gpxtpx:TrackPointExtension>
</extensions>
</trkpt>
<trkpt lat="33.589766" lon="130.4053437">
<ele>0.813</ele>
<time>2026-05-30T22:22:48Z</time>
<extensions>
<gpxtpx:TrackPointExtension>
<gpxtpx:hr>166</gpxtpx:hr>
</gpxtpx:TrackPointExtension>
</extensions>
</trkpt>
<trkpt lat="33.5897796" lon="130.4053742">
<ele>0.826</ele>
<time>2026-05-30T22:22:49Z</time>
<extensions>
<gpxtpx:TrackPointExtension>
<gpxtpx:hr>166</gpxtpx:hr>
<gpxtpx:cad>169</gpxtpx:cad>
</gpxtpx:TrackPointExtension>
</extensions>
</trkpt>
<trkpt lat="33.5897926" lon="130.4054038">
<ele>0.791</ele>
<time>2026-05-30T22:22:50Z</time>
<extensions>
<gpxtpx:TrackPointExtension>
<gpxtpx:hr>166</gpxtpx:hr>
</gpxtpx:TrackPointExtension>
</extensions>
</trkpt>
<trkpt lat="33.5898062" lon="130.4054348">
<ele>0.809</ele>
<time>2026-05-30T22:22:51Z</time>
<extensions>
<gpxtpx:TrackPointExtension>
<gpxtpx:hr>166</gpxtpx:hr>
</gpxtpx:TrackPointExtension>
</extensions>
</trkpt>
<trkpt lat="33.5898192" lon="130.405465">
<ele>0.848</ele>
<time>2026-05-30T22:22:52Z</time>
<extensions>
<gpxtpx:TrackPointExtension>
<gpxtpx:hr>167</gpxtpx:hr>
</gpxtpx:TrackPointExtension>
</extensions>
</trkpt>
<trkpt lat="33.5898323" lon="130.4054951">
<ele>0.791</ele>
<time>2026-05-30T22:22:53Z</time>
<extensions>
<gpxtpx:TrackPointExtension>
<gpxtpx:hr>167</gpxtpx:hr>
</gpxtpx:TrackPointExtension>
</extensions>
</trkpt>
<trkpt lat="33.5898466" lon="130.4055249">
<ele>0.824</ele>
<time>2026-05-30T22:22:54Z</time>
<extensions>
<gpxtpx:TrackPointExtension>
<gpxtpx:hr>167</gpxtpx:hr>
<gpxtpx:cad>178</gpxtpx:cad>
</gpxtpx:TrackPointExtension>
</extensions>
</trkpt>
<trkpt lat="33.5898585" lon="130.405555">
<ele>0.857</ele>
<time>2026-05-30T22:22:55Z</time>
<extensions>
<gpxtpx:TrackPointExtension>
<gpxtpx:hr>167</gpxtpx:hr>
</gpxtpx:TrackPointExtension>
</extensions>
</trkpt>
<trkpt lat="33.5898723" lon="130.4055845">
<ele>0.902</ele>
<time>2026-05-30T22:22:56Z</time>
<extensions>
<gpxtpx:TrackPointExtension>
<gpxtpx:hr>167</gpxtpx:hr>
</gpxtpx:TrackPointExtension>
</extensions>
</trkpt>
<trkpt lat="33.589884" lon="130.405615">
<ele>0.868</ele>
<time>2026-05-30T22:22:57Z</time>
<extensions>
<gpxtpx:TrackPointExtension>
<gpxtpx:hr>167</gpxtpx:hr>
</gpxtpx:TrackPointExtension>
</extensions>
</trkpt>
<trkpt lat="33.5898971" lon="130.4056443">
<ele>0.785</ele>
<time>2026-05-30T22:22:58Z</time>
<extensions>
<gpxtpx:TrackPointExtension>
<gpxtpx:hr>167</gpxtpx:hr>
</gpxtpx:TrackPointExtension>
</extensions>
</trkpt>
<trkpt lat="33.5899091" lon="130.4056753">
<ele>0.777</ele>
<time>2026-05-30T22:22:59Z</time>
<extensions>
<gpxtpx:TrackPointExtension>
<gpxtpx:hr>167</gpxtpx:hr>
<gpxtpx:cad>179</gpxtpx:cad>
</gpxtpx:TrackPointExtension>
</extensions>
</trkpt>
<trkpt lat="33.5899218" lon="130.4057046">
<ele>0.743</ele>
<time>2026-05-30T22:23:00Z</time>
<extensions>
<gpxtpx:TrackPointExtension>
<gpxtpx:hr>167</gpxtpx:hr>
</gpxtpx:TrackPointExtension>
</extensions>
</trkpt>
<trkpt lat="33.5899341" lon="130.4057358">
<ele>0.754</ele>
<time>2026-05-30T22:23:01Z</time>
<extensions>
<gpxtpx:TrackPointExtension>
<gpxtpx:hr>167</gpxtpx:hr>
</gpxtpx:TrackPointExtension>
</extensions>
</trkpt>
<trkpt lat="33.5899469" lon="130.4057654">
<ele>0.799</ele>
<time>2026-05-30T22:23:02Z</time>
<extensions>
<gpxtpx:TrackPointExtension>
<gpxtpx:hr>167</gpxtpx:hr>
</gpxtpx:TrackPointExtension>
</extensions>
</trkpt>
<trkpt lat="33.5899594" lon="130.4057967">
<ele>0.868</ele>
<time>2026-05-30T22:23:03Z</time>
<extensions>
<gpxtpx:TrackPointExtension>
<gpxtpx:hr>167</gpxtpx:hr>
</gpxtpx:TrackPointExtension>
</extensions>
</trkpt>
<trkpt lat="33.5899719" lon="130.4058269">
<ele>0.941</ele>
<time>2026-05-30T22:23:04Z</time>
<extensions>
<gpxtpx:TrackPointExtension>
<gpxtpx:hr>167</gpxtpx:hr>
<gpxtpx:cad>180</gpxtpx:cad>
</gpxtpx:TrackPointExtension>
</extensions>
</trkpt>
<trkpt lat="33.5899843" lon="130.405858">
<ele>0.987</ele>
<time>2026-05-30T22:23:05Z</time>
<extensions>
<gpxtpx:TrackPointExtension>
<gpxtpx:hr>167</gpxtpx:hr>
</gpxtpx:TrackPointExtension>
</extensions>
</trkpt>
<trkpt lat="33.5899964" lon="130.4058894">
<ele>1.012</ele>
<time>2026-05-30T22:23:06Z</time>
<extensions>
<gpxtpx:TrackPointExtension>
<gpxtpx:hr>167</gpxtpx:hr>
</gpxtpx:TrackPointExtension>
</extensions>
</trkpt>
<trkpt lat="33.5900082" lon="130.4059211">
<ele>0.954</ele>
<time>2026-05-30T22:23:07Z</time>
<extensions>
<gpxtpx:TrackPointExtension>
<gpxtpx:hr>167</gpxtpx:hr>
</gpxtpx:TrackPointExtension>
</extensions>
</trkpt>
<trkpt lat="33.59002" lon="130.4059528">
<ele>0.87</ele>
<time>2026-05-30T22:23:08Z</time>
<extensions>
<gpxtpx:TrackPointExtension>
<gpxtpx:hr>167</gpxtpx:hr>
</gpxtpx:TrackPointExtension>
</extensions>
</trkpt>
<trkpt lat="33.590032" lon="130.4059844">
<ele>0.826</ele>
<time>2026-05-30T22:23:09Z</time>
<extensions>
<gpxtpx:TrackPointExtension>
<gpxtpx:hr>167</gpxtpx:hr>
<gpxtpx:cad>181</gpxtpx:cad>
</gpxtpx:TrackPointExtension>
</extensions>
</trkpt>
<trkpt lat="33.5900441" lon="130.4060161">
<ele>0.765</ele>
<time>2026-05-30T22:23:10Z</time>
<extensions>
<gpxtpx:TrackPointExtension>
<gpxtpx:hr>167</gpxtpx:hr>
</gpxtpx:TrackPointExtension>
</extensions>
</trkpt>
<trkpt lat="33.590059" lon="130.406049">
<ele>0.827</ele>
<time>2026-05-30T22:23:11Z</time>
<extensions>
<gpxtpx:TrackPointExtension>
<gpxtpx:hr>168</gpxtpx:hr>
</gpxtpx:TrackPointExtension>
</extensions>
</trkpt>
<trkpt lat="33.5900712" lon="130.4060811">
<ele>0.919</ele>
<time>2026-05-30T22:23:12Z</time>
<extensions>
<gpxtpx:TrackPointExtension>
<gpxtpx:hr>168</gpxtpx:hr>
</gpxtpx:TrackPointExtension>
</extensions>
</trkpt>
<trkpt lat="33.5900862" lon="130.4061122">
<ele>0.948</ele>
<time>2026-05-30T22:23:13Z</time>
<extensions>
<gpxtpx:TrackPointExtension>
<gpxtpx:hr>168</gpxtpx:hr>
<gpxtpx:cad>181</gpxtpx:cad>
</gpxtpx:TrackPointExtension>
</extensions>
</trkpt>
<trkpt lat="33.5900995" lon="130.4061442">
<ele>0.921</ele>
<time>2026-05-30T22:23:14Z</time>
<extensions>
<gpxtpx:TrackPointExtension>
<gpxtpx:hr>168</gpxtpx:hr>
<gpxtpx:cad>181</gpxtpx:cad>
</gpxtpx:TrackPointExtension>
</extensions>
</trkpt>
<trkpt lat="33.5901143" lon="130.4061762">
<ele>0.965</ele>
<time>2026-05-30T22:23:15Z</time>
<extensions>
<gpxtpx:TrackPointExtension>
<gpxtpx:hr>168</gpxtpx:hr>
</gpxtpx:TrackPointExtension>
</extensions>
</trkpt>
<trkpt lat="33.5901293" lon="130.4062081">
<ele>1.028</ele>
<time>2026-05-30T22:23:16Z</time>
<extensions>
<gpxtpx:TrackPointExtension>
<gpxtpx:hr>168</gpxtpx:hr>
</gpxtpx:TrackPointExtension>
</extensions>
</trkpt>
<trkpt lat="33.5901443" lon="130.40624">
<ele>1.024</ele>
<time>2026-05-30T22:23:17Z</time>
<extensions>
<gpxtpx:TrackPointExtension>
<gpxtpx:hr>168</gpxtpx:hr>
</gpxtpx:TrackPointExtension>
</extensions>
</trkpt>
<trkpt lat="33.5901598" lon="130.4062711">
<ele>1.037</ele>
<time>2026-05-30T22:23:18Z</time>
<extensions>
<gpxtpx:TrackPointExtension>
<gpxtpx:hr>168</gpxtpx:hr>
</gpxtpx:TrackPointExtension>
</extensions>
</trkpt>
<trkpt lat="33.5901743" lon="130.4063029">
<ele>1.026</ele>
<time>2026-05-30T22:23:19Z</time>
<extensions>
<gpxtpx:TrackPointExtension>
<gpxtpx:hr>169</gpxtpx:hr>
<gpxtpx:cad>181</gpxtpx:cad>
</gpxtpx:TrackPointExtension>
</extensions>
</trkpt>
<trkpt lat="33.5901894" lon="130.4063331">
<ele>1.012</ele>
<time>2026-05-30T22:23:20Z</time>
<extensions>
<gpxtpx:TrackPointExtension>
<gpxtpx:hr>169</gpxtpx:hr>
</gpxtpx:TrackPointExtension>
</extensions>
</trkpt>
<trkpt lat="33.5902041" lon="130.4063647">
<ele>1.009</ele>
<time>2026-05-30T22:23:21Z</time>
<extensions>
<gpxtpx:TrackPointExtension>
<gpxtpx:hr>169</gpxtpx:hr>
</gpxtpx:TrackPointExtension>
</extensions>
</trkpt>
<trkpt lat="33.5902189" lon="130.406394">
<ele>0.784</ele>
<time>2026-05-30T22:23:22Z</time>
<extensions>
<gpxtpx:TrackPointExtension>
<gpxtpx:hr>169</gpxtpx:hr>
</gpxtpx:TrackPointExtension>
</extensions>
</trkpt>
<trkpt lat="33.5902337" lon="130.4064255">
<ele>0.916</ele>
<time>2026-05-30T22:23:23Z</time>
<extensions>
<gpxtpx:TrackPointExtension>
<gpxtpx:hr>169</gpxtpx:hr>
</gpxtpx:TrackPointExtension>
</extensions>
</trkpt>
<trkpt lat="33.5902484" lon="130.4064558">
<ele>1.034</ele>
<time>2026-05-30T22:23:24Z</time>
<extensions>
<gpxtpx:TrackPointExtension>
<gpxtpx:hr>169</gpxtpx:hr>
<gpxtpx:cad>177</gpxtpx:cad>
</gpxtpx:TrackPointExtension>
</extensions>
</trkpt>
<trkpt lat="33.5902622" lon="130.4064848">
<ele>1.266</ele>
<time>2026-05-30T22:23:25Z</time>
<extensions>
<gpxtpx:TrackPointExtension>
<gpxtpx:hr>169</gpxtpx:hr>
</gpxtpx:TrackPointExtension>
</extensions>
</trkpt>
<trkpt lat="33.5902772" lon="130.4065158">
<ele>1.388</ele>
<time>2026-05-30T22:23:26Z</time>
<extensions>
<gpxtpx:TrackPointExtension>
<gpxtpx:hr>169</gpxtpx:hr>
</gpxtpx:TrackPointExtension>
</extensions>
</trkpt>
<trkpt lat="33.5902896" lon="130.4065448">
<ele>1.455</ele>
<time>2026-05-30T22:23:27Z</time>
<extensions>
<gpxtpx:TrackPointExtension>
<gpxtpx:hr>168</gpxtpx:hr>
</gpxtpx:TrackPointExtension>
</extensions>
</trkpt>
<trkpt lat="33.5903006" lon="130.4065741">
<ele>1.489</ele>
<time>2026-05-30T22:23:28Z</time>
<extensions>
<gpxtpx:TrackPointExtension>
<gpxtpx:hr>168</gpxtpx:hr>
</gpxtpx:TrackPointExtension>
</extensions>
</trkpt>
<trkpt lat="33.5903158" lon="130.4066042">
<ele>1.63</ele>
<time>2026-05-30T22:23:29Z</time>
<extensions>
<gpxtpx:TrackPointExtension>
<gpxtpx:cad>172</gpxtpx:cad>
</gpxtpx:TrackPointExtension>
</extensions>
</trkpt>
<trkpt lat="33.5903256" lon="130.4066335">
<ele>1.642</ele>
<time>2026-05-30T22:23:30Z</time>
<extensions>
<gpxtpx:TrackPointExtension>
<gpxtpx:hr>168</gpxtpx:hr>
</gpxtpx:TrackPointExtension>
</extensions>
</trkpt>
<trkpt lat="33.5903405" lon="130.4066634">
<ele>1.794</ele>
<time>2026-05-30T22:23:31Z</time>
<extensions>
<gpxtpx:TrackPointExtension>
<gpxtpx:hr>168</gpxtpx:hr>
</gpxtpx:TrackPointExtension>
</extensions>
</trkpt>
<trkpt lat="33.5903502" lon="130.4066926">
<ele>1.883</ele>
<time>2026-05-30T22:23:32Z</time>
<extensions>
<gpxtpx:TrackPointExtension>
<gpxtpx:hr>168</gpxtpx:hr>
</gpxtpx:TrackPointExtension>
</extensions>
</trkpt>
<trkpt lat="33.5903638" lon="130.4067217">
<ele>1.86</ele>
<time>2026-05-30T22:23:33Z</time>
<extensions>
<gpxtpx:TrackPointExtension>
<gpxtpx:hr>169</gpxtpx:hr>
</gpxtpx:TrackPointExtension>
</extensions>
</trkpt>
<trkpt lat="33.5903748" lon="130.4067505">
<ele>1.956</ele>
<time>2026-05-30T22:23:34Z</time>
<extensions>
<gpxtpx:TrackPointExtension>
<gpxtpx:hr>169</gpxtpx:hr>
<gpxtpx:cad>173</gpxtpx:cad>
</gpxtpx:TrackPointExtension>
</extensions>
</trkpt>
<trkpt lat="33.5903865" lon="130.4067803">
<ele>2.038</ele>
<time>2026-05-30T22:23:35Z</time>
<extensions>
<gpxtpx:TrackPointExtension>
<gpxtpx:hr>169</gpxtpx:hr>
</gpxtpx:TrackPointExtension>
</extensions>
</trkpt>
<trkpt lat="33.5903974" lon="130.4068088">
<ele>2.127</ele>
<time>2026-05-30T22:23:36Z</time>
<extensions>
<gpxtpx:TrackPointExtension>
<gpxtpx:hr>169</gpxtpx:hr>
</gpxtpx:TrackPointExtension>
</extensions>
</trkpt>
<trkpt lat="33.590408" lon="130.4068376">
<ele>2.297</ele>
<time>2026-05-30T22:23:37Z</time>
<extensions>
<gpxtpx:TrackPointExtension>
<gpxtpx:hr>169</gpxtpx:hr>
</gpxtpx:TrackPointExtension>
</extensions>
</trkpt>
<trkpt lat="33.5904185" lon="130.4068659">
<ele>2.356</ele>
<time>2026-05-30T22:23:38Z</time>
<extensions>
<gpxtpx:TrackPointExtension>
<gpxtpx:hr>169</gpxtpx:hr>
</gpxtpx:TrackPointExtension>
</extensions>
</trkpt>
<trkpt lat="33.5904286" lon="130.4068947">
<ele>2.409</ele>
<time>2026-05-30T22:23:39Z</time>
<extensions>
<gpxtpx:TrackPointExtension>
<gpxtpx:hr>169</gpxtpx:hr>
<gpxtpx:cad>177</gpxtpx:cad>
</gpxtpx:TrackPointExtension>
</extensions>
</trkpt>
<trkpt lat="33.5904379" lon="130.4069235">
<ele>2.464</ele>
<time>2026-05-30T22:23:40Z</time>
<extensions>
<gpxtpx:TrackPointExtension>
<gpxtpx:hr>169</gpxtpx:hr>
</gpxtpx:TrackPointExtension>
</extensions>
</trkpt>
<trkpt lat="33.5904469" lon="130.4069528">
<ele>2.55</ele>
<time>2026-05-30T22:23:41Z</time>
<extensions>
<gpxtpx:TrackPointExtension>
<gpxtpx:hr>169</gpxtpx:hr>
</gpxtpx:TrackPointExtension>
</extensions>
</trkpt>
<trkpt lat="33.5904555" lon="130.4069823">
<ele>2.533</ele>
<time>2026-05-30T22:23:42Z</time>
<extensions>
<gpxtpx:TrackPointExtension>
<gpxtpx:hr>169</gpxtpx:hr>
</gpxtpx:TrackPointExtension>
</extensions>
</trkpt>
<trkpt lat="33.5904641" lon="130.4070118">
<ele>2.487</ele>
<time>2026-05-30T22:23:43Z</time>
<extensions>
<gpxtpx:TrackPointExtension>
<gpxtpx:hr>169</gpxtpx:hr>
</gpxtpx:TrackPointExtension>
</extensions>
</trkpt>
<trkpt lat="33.5904734" lon="130.4070412">
<ele>2.586</ele>
<time>2026-05-30T22:23:44Z</time>
<extensions>
<gpxtpx:TrackPointExtension>
<gpxtpx:hr>169</gpxtpx:hr>
<gpxtpx:cad>177</gpxtpx:cad>
</gpxtpx:TrackPointExtension>
</extensions>
</trkpt>
<trkpt lat="33.5904846" lon="130.40707">
<ele>2.721</ele>
<time>2026-05-30T22:23:45Z</time>
<extensions>
<gpxtpx:TrackPointExtension>
<gpxtpx:hr>169</gpxtpx:hr>
<gpxtpx:cad>176</gpxtpx:cad>
</gpxtpx:TrackPointExtension>
</extensions>
</trkpt>
<trkpt lat="33.5904979" lon="130.4070984">
<ele>2.692</ele>
<time>2026-05-30T22:23:46Z</time>
<extensions>
<gpxtpx:TrackPointExtension>
<gpxtpx:hr>169</gpxtpx:hr>
</gpxtpx:TrackPointExtension>
</extensions>
</trkpt>
<trkpt lat="33.5905124" lon="130.4071267">
<ele>2.525</ele>
<time>2026-05-30T22:23:47Z</time>
<extensions>
<gpxtpx:TrackPointExtension>
<gpxtpx:hr>169</gpxtpx:hr>
</gpxtpx:TrackPointExtension>
</extensions>
</trkpt>
<trkpt lat="33.5905264" lon="130.4071555">
<ele>2.334</ele>
<time>2026-05-30T22:23:48Z</time>
<extensions>
<gpxtpx:TrackPointExtension>
<gpxtpx:hr>169</gpxtpx:hr>
</gpxtpx:TrackPointExtension>
</extensions>
</trkpt>
<trkpt lat="33.5905391" lon="130.4071855">
<ele>2.18</ele>
<time>2026-05-30T22:23:49Z</time>
<extensions>
<gpxtpx:TrackPointExtension>
<gpxtpx:hr>169</gpxtpx:hr>
</gpxtpx:TrackPointExtension>
</extensions>
</trkpt>
</trkseg>
</trk>
<exerciseinfo>
<exercisetype>1002</exercisetype>
<distance>10014.845</distance>
<elevationgain>14.28</elevationgain>
<avggradient>2.030750169142479</avggradient>
<duration>3300247</duration>
<avgspeed>3.0345743</avgspeed>
</exerciseinfo>
</gpx>
