<?xml version="1.0" encoding="UTF-8"?>
<gpx xmlns="http://www.topografix.com/GPX/1/1" xmlns:xsi="http://www.w3.org/2001/XMLSchema-instance" xmlns:gpxtpx="http://www.garmin.com/xmlschemas/TrackPointExtension/v1" version="1.1" creator="Samsung Health_0.2" xsi:schemaLocation="http://www.topografix.com/GPX/1/1 http://www.topografix.com/GPX/1/1/gpx.xsd http://www.garmin.com/xmlschemas/TrackPointExtension/v1 http://www.garmin.com/xmlschemas/TrackPointExtensionv1.xsd">
<metadate>2026-05-14T13:35:06Z</metadate>
<trk>
<name>20260514_223505.gpx</name>
<trkseg>
<trkpt lat="36.9674078" lon="127.8676335">
<ele>65.751</ele>
<time>2026-05-14T13:35:06Z</time>
</trkpt>
<trkpt lat="36.9674052" lon="127.8676414">
<ele>65.928</ele>
<time>2026-05-14T13:35:07Z</time>
<extensions>
<gpxtpx:TrackPointExtension>
<gpxtpx:hr>92</gpxtpx:hr>
</gpxtpx:TrackPointExtension>
</extensions>
</trkpt>
<trkpt lat="36.9674024" lon="127.8676583">
<ele>66.089</ele>
<time>2026-05-14T13:35:08Z</time>
<extensions>
<gpxtpx:TrackPointExtension>
<gpxtpx:hr>92</gpxtpx:hr>
</gpxtpx:TrackPointExtension>
</extensions>
</trkpt>
<trkpt lat="36.9673985" lon="127.8676831">
<ele>66.326</ele>
<time>2026-05-14T13:35:09Z</time>
<extensions>
<gpxtpx:TrackPointExtension>
<gpxtpx:hr>92</gpxtpx:hr>
</gpxtpx:TrackPointExtension>
</extensions>
</trkpt>
<trkpt lat="36.9673932" lon="127.8677151">
<ele>66.646</ele>
<time>2026-05-14T13:35:10Z</time>
<extensions>
<gpxtpx:TrackPointExtension>
<gpxtpx:hr>93</gpxtpx:hr>
<gpxtpx:cad>34</gpxtpx:cad>
</gpxtpx:TrackPointExtension>
</extensions>
</trkpt>
<trkpt lat="36.9673886" lon="127.8677481">
<ele>66.648</ele>
<time>2026-05-14T13:35:11Z</time>
<extensions>
<gpxtpx:TrackPointExtension>
<gpxtpx:hr>93</gpxtpx:hr>
</gpxtpx:TrackPointExtension>
</extensions>
</trkpt>
<trkpt lat="36.9673835" lon="127.8677828">
<ele>66.592</ele>
<time>2026-05-14T13:35:12Z</time>
<extensions>
<gpxtpx:TrackPointExtension>
<gpxtpx:hr>93</gpxtpx:hr>
</gpxtpx:TrackPointExtension>
</extensions>
</trkpt>
<trkpt lat="36.9673781" lon="127.8678159">
<ele>66.64</ele>
<time>2026-05-14T13:35:13Z</time>
<extensions>
<gpxtpx:TrackPointExtension>
<gpxtpx:hr>94</gpxtpx:hr>
</gpxtpx:TrackPointExtension>
</extensions>
</trkpt>
<trkpt lat="36.9673712" lon="127.8678459">
<ele>66.669</ele>
<time>2026-05-14T13:35:14Z</time>
<extensions>
<gpxtpx:TrackPointExtension>
<gpxtpx:hr>94</gpxtpx:hr>
</gpxtpx:TrackPointExtension>
</extensions>
</trkpt>
<trkpt lat="36.9673643" lon="127.8678747">
<ele>66.695</ele>
<time>2026-05-14T13:35:15Z</time>
<extensions>
<gpxtpx:TrackPointExtension>
<gpxtpx:hr>95</gpxtpx:hr>
<gpxtpx:cad>96</gpxtpx:cad>
</gpxtpx:TrackPointExtension>
</extensions>
</trkpt>
<trkpt lat="36.9673582" lon="127.8679033">
<ele>66.678</ele>
<time>2026-05-14T13:35:16Z</time>
<extensions>
<gpxtpx:TrackPointExtension>
<gpxtpx:hr>95</gpxtpx:hr>
</gpxtpx:TrackPointExtension>
</extensions>
</trkpt>
<trkpt lat="36.9673529" lon="127.867932">
<ele>66.628</ele>
<time>2026-05-14T13:35:17Z</time>
<extensions>
<gpxtpx:TrackPointExtension>
<gpxtpx:hr>95</gpxtpx:hr>
</gpxtpx:TrackPointExtension>
</extensions>
</trkpt>
<trkpt lat="36.9673471" lon="127.8679604">
<ele>66.609</ele>
<time>2026-05-14T13:35:18Z</time>
<extensions>
<gpxtpx:TrackPointExtension>
<gpxtpx:hr>96</gpxtpx:hr>
</gpxtpx:TrackPointExtension>
</extensions>
</trkpt>
<trkpt lat="36.9673416" lon="127.8679904">
<ele>66.547</ele>
<time>2026-05-14T13:35:19Z</time>
<extensions>
<gpxtpx:TrackPointExtension>
<gpxtpx:hr>97</gpxtpx:hr>
</gpxtpx:TrackPointExtension>
</extensions>
</trkpt>
<trkpt lat="36.9673366" lon="127.8680205">
<ele>66.455</ele>
<time>2026-05-14T13:35:20Z</time>
<extensions>
<gpxtpx:TrackPointExtension>
<gpxtpx:hr>97</gpxtpx:hr>
<gpxtpx:cad>161</gpxtpx:cad>
</gpxtpx:TrackPointExtension>
</extensions>
</trkpt>
<trkpt lat="36.9673307" lon="127.8680524">
<ele>66.507</ele>
<time>2026-05-14T13:35:22Z</time>
<extensions>
<gpxtpx:TrackPointExtension>
<gpxtpx:hr>100</gpxtpx:hr>
</gpxtpx:TrackPointExtension>
</extensions>
</trkpt>
<trkpt lat="36.967327" lon="127.8680838">
<ele>66.43</ele>
<time>2026-05-14T13:35:23Z</time>
<extensions>
<gpxtpx:TrackPointExtension>
<gpxtpx:hr>101</gpxtpx:hr>
</gpxtpx:TrackPointExtension>
</extensions>
</trkpt>
<trkpt lat="36.9673231" lon="127.8681158">
<ele>66.389</ele>
<time>2026-05-14T13:35:24Z</time>
<extensions>
<gpxtpx:TrackPointExtension>
<gpxtpx:hr>102</gpxtpx:hr>
</gpxtpx:TrackPointExtension>
</extensions>
</trkpt>
<trkpt lat="36.9673174" lon="127.8681476">
<ele>66.403</ele>
<time>2026-05-14T13:35:25Z</time>
<extensions>
<gpxtpx:TrackPointExtension>
<gpxtpx:hr>103</gpxtpx:hr>
</gpxtpx:TrackPointExtension>
</extensions>
</trkpt>
<trkpt lat="36.9673139" lon="127.8681794">
<ele>66.443</ele>
<time>2026-05-14T13:35:26Z</time>
<extensions>
<gpxtpx:TrackPointExtension>
<gpxtpx:hr>104</gpxtpx:hr>
<gpxtpx:cad>173</gpxtpx:cad>
</gpxtpx:TrackPointExtension>
</extensions>
</trkpt>
<trkpt lat="36.9673095" lon="127.8682104">
<ele>66.411</ele>
<time>2026-05-14T13:35:27Z</time>
<extensions>
<gpxtpx:TrackPointExtension>
<gpxtpx:hr>105</gpxtpx:hr>
</gpxtpx:TrackPointExtension>
</extensions>
</trkpt>
<trkpt lat="36.9673041" lon="127.8682406">
<ele>66.501</ele>
<time>2026-05-14T13:35:28Z</time>
<extensions>
<gpxtpx:TrackPointExtension>
<gpxtpx:hr>106</gpxtpx:hr>
</gpxtpx:TrackPointExtension>
</extensions>
</trkpt>
<trkpt lat="36.9673" lon="127.8682706">
<ele>66.567</ele>
<time>2026-05-14T13:35:29Z</time>
<extensions>
<gpxtpx:TrackPointExtension>
<gpxtpx:hr>107</gpxtpx:hr>
</gpxtpx:TrackPointExtension>
</extensions>
</trkpt>
<trkpt lat="36.9672958" lon="127.8682994">
<ele>66.523</ele>
<time>2026-05-14T13:35:30Z</time>
<extensions>
<gpxtpx:TrackPointExtension>
<gpxtpx:hr>108</gpxtpx:hr>
</gpxtpx:TrackPointExtension>
</extensions>
</trkpt>
<trkpt lat="36.9672917" lon="127.8683276">
<ele>66.517</ele>
<time>2026-05-14T13:35:31Z</time>
<extensions>
<gpxtpx:TrackPointExtension>
<gpxtpx:hr>109</gpxtpx:hr>
<gpxtpx:cad>173</gpxtpx:cad>
</gpxtpx:TrackPointExtension>
</extensions>
</trkpt>
<trkpt lat="36.967287" lon="127.8683563">
<ele>66.357</ele>
<time>2026-05-14T13:35:32Z</time>
<extensions>
<gpxtpx:TrackPointExtension>
<gpxtpx:hr>110</gpxtpx:hr>
</gpxtpx:TrackPointExtension>
</extensions>
</trkpt>
<trkpt lat="36.9672835" lon="127.868384">
<ele>66.311</ele>
<time>2026-05-14T13:35:33Z</time>
<extensions>
<gpxtpx:TrackPointExtension>
<gpxtpx:hr>111</gpxtpx:hr>
</gpxtpx:TrackPointExtension>
</extensions>
</trkpt>
<trkpt lat="36.9672803" lon="127.8684143">
<ele>66.374</ele>
<time>2026-05-14T13:35:34Z</time>
<extensions>
<gpxtpx:TrackPointExtension>
<gpxtpx:hr>112</gpxtpx:hr>
</gpxtpx:TrackPointExtension>
</extensions>
</trkpt>
<trkpt lat="36.9672761" lon="127.8684411">
<ele>66.443</ele>
<time>2026-05-14T13:35:35Z</time>
<extensions>
<gpxtpx:TrackPointExtension>
<gpxtpx:hr>113</gpxtpx:hr>
</gpxtpx:TrackPointExtension>
</extensions>
</trkpt>
<trkpt lat="36.9672734" lon="127.8684719">
<ele>66.49</ele>
<time>2026-05-14T13:35:36Z</time>
<extensions>
<gpxtpx:TrackPointExtension>
<gpxtpx:hr>114</gpxtpx:hr>
<gpxtpx:cad>172</gpxtpx:cad>
</gpxtpx:TrackPointExtension>
</extensions>
</trkpt>
<trkpt lat="36.9672688" lon="127.868498">
<ele>66.456</ele>
<time>2026-05-14T13:35:37Z</time>
<extensions>
<gpxtpx:TrackPointExtension>
<gpxtpx:hr>115</gpxtpx:hr>
</gpxtpx:TrackPointExtension>
</extensions>
</trkpt>
<trkpt lat="36.9672649" lon="127.8685269">
<ele>66.504</ele>
<time>2026-05-14T13:35:38Z</time>
<extensions>
<gpxtpx:TrackPointExtension>
<gpxtpx:hr>116</gpxtpx:hr>
</gpxtpx:TrackPointExtension>
</extensions>
</trkpt>
<trkpt lat="36.9672603" lon="127.8685542">
<ele>66.575</ele>
<time>2026-05-14T13:35:39Z</time>
<extensions>
<gpxtpx:TrackPointExtension>
<gpxtpx:hr>117</gpxtpx:hr>
</gpxtpx:TrackPointExtension>
</extensions>
</trkpt>
<trkpt lat="36.9672562" lon="127.8685827">
<ele>66.591</ele>
<time>2026-05-14T13:35:40Z</time>
<extensions>
<gpxtpx:TrackPointExtension>
<gpxtpx:hr>118</gpxtpx:hr>
</gpxtpx:TrackPointExtension>
</extensions>
</trkpt>
<trkpt lat="36.9672518" lon="127.8686109">
<ele>66.585</ele>
<time>2026-05-14T13:35:41Z</time>
<extensions>
<gpxtpx:TrackPointExtension>
<gpxtpx:hr>118</gpxtpx:hr>
<gpxtpx:cad>174</gpxtpx:cad>
</gpxtpx:TrackPointExtension>
</extensions>
</trkpt>
<trkpt lat="36.9672476" lon="127.8686387">
<ele>66.544</ele>
<time>2026-05-14T13:35:42Z</time>
<extensions>
<gpxtpx:TrackPointExtension>
<gpxtpx:hr>119</gpxtpx:hr>
</gpxtpx:TrackPointExtension>
</extensions>
</trkpt>
<trkpt lat="36.9672434" lon="127.8686658">
<ele>66.523</ele>
<time>2026-05-14T13:35:43Z</time>
<extensions>
<gpxtpx:TrackPointExtension>
<gpxtpx:hr>120</gpxtpx:hr>
</gpxtpx:TrackPointExtension>
</extensions>
</trkpt>
<trkpt lat="36.9672386" lon="127.8686905">
<ele>66.518</ele>
<time>2026-05-14T13:35:44Z</time>
<extensions>
<gpxtpx:TrackPointExtension>
<gpxtpx:hr>121</gpxtpx:hr>
</gpxtpx:TrackPointExtension>
</extensions>
</trkpt>
<trkpt lat="36.9672347" lon="127.8687184">
<ele>66.608</ele>
<time>2026-05-14T13:35:45Z</time>
<extensions>
<gpxtpx:TrackPointExtension>
<gpxtpx:hr>122</gpxtpx:hr>
</gpxtpx:TrackPointExtension>
</extensions>
</trkpt>
<trkpt lat="36.9672301" lon="127.8687438">
<ele>66.621</ele>
<time>2026-05-14T13:35:46Z</time>
<extensions>
<gpxtpx:TrackPointExtension>
<gpxtpx:hr>122</gpxtpx:hr>
<gpxtpx:cad>173</gpxtpx:cad>
</gpxtpx:TrackPointExtension>
</extensions>
</trkpt>
<trkpt lat="36.967225" lon="127.8687685">
<ele>66.656</ele>
<time>2026-05-14T13:35:47Z</time>
<extensions>
<gpxtpx:TrackPointExtension>
<gpxtpx:hr>123</gpxtpx:hr>
<gpxtpx:cad>173</gpxtpx:cad>
</gpxtpx:TrackPointExtension>
</extensions>
</trkpt>
<trkpt lat="36.9672201" lon="127.8687928">
<ele>66.626</ele>
<time>2026-05-14T13:35:48Z</time>
<extensions>
<gpxtpx:TrackPointExtension>
<gpxtpx:hr>124</gpxtpx:hr>
</gpxtpx:TrackPointExtension>
</extensions>
</trkpt>
<trkpt lat="36.9672154" lon="127.868817">
<ele>66.567</ele>
<time>2026-05-14T13:35:49Z</time>
<extensions>
<gpxtpx:TrackPointExtension>
<gpxtpx:hr>125</gpxtpx:hr>
</gpxtpx:TrackPointExtension>
</extensions>
</trkpt>
<trkpt lat="36.9672106" lon="127.8688412">
<ele>66.516</ele>
<time>2026-05-14T13:35:50Z</time>
<extensions>
<gpxtpx:TrackPointExtension>
<gpxtpx:hr>125</gpxtpx:hr>
</gpxtpx:TrackPointExtension>
</extensions>
</trkpt>
<trkpt lat="36.9672058" lon="127.8688651">
<ele>66.394</ele>
<time>2026-05-14T13:35:51Z</time>
<extensions>
<gpxtpx:TrackPointExtension>
<gpxtpx:hr>126</gpxtpx:hr>
<gpxtpx:cad>171</gpxtpx:cad>
</gpxtpx:TrackPointExtension>
</extensions>
</trkpt>
<trkpt lat="36.967201" lon="127.8688889">
<ele>66.167</ele>
<time>2026-05-14T13:35:52Z</time>
<extensions>
<gpxtpx:TrackPointExtension>
<gpxtpx:hr>126</gpxtpx:hr>
</gpxtpx:TrackPointExtension>
</extensions>
</trkpt>
<trkpt lat="36.9671968" lon="127.8689136">
<ele>66.261</ele>
<time>2026-05-14T13:35:53Z</time>
<extensions>
<gpxtpx:TrackPointExtension>
<gpxtpx:hr>127</gpxtpx:hr>
</gpxtpx:TrackPointExtension>
</extensions>
</trkpt>
<trkpt lat="36.9671914" lon="127.8689381">
<ele>66.403</ele>
<time>2026-05-14T13:35:54Z</time>
<extensions>
<gpxtpx:TrackPointExtension>
<gpxtpx:hr>127</gpxtpx:hr>
</gpxtpx:TrackPointExtension>
</extensions>
</trkpt>
<trkpt lat="36.967187" lon="127.8689629">
<ele>66.566</ele>
<time>2026-05-14T13:35:55Z</time>
<extensions>
<gpxtpx:TrackPointExtension>
<gpxtpx:hr>128</gpxtpx:hr>
</gpxtpx:TrackPointExtension>
</extensions>
</trkpt>
<trkpt lat="36.9671819" lon="127.8689882">
<ele>66.72</ele>
<time>2026-05-14T13:35:56Z</time>
<extensions>
<gpxtpx:TrackPointExtension>
<gpxtpx:hr>128</gpxtpx:hr>
<gpxtpx:cad>169</gpxtpx:cad>
</gpxtpx:TrackPointExtension>
</extensions>
</trkpt>
<trkpt lat="36.9671773" lon="127.8690135">
<ele>66.821</ele>
<time>2026-05-14T13:35:57Z</time>
<extensions>
<gpxtpx:TrackPointExtension>
<gpxtpx:hr>129</gpxtpx:hr>
</gpxtpx:TrackPointExtension>
</extensions>
</trkpt>
<trkpt lat="36.9671725" lon="127.8690388">
<ele>66.832</ele>
<time>2026-05-14T13:35:58Z</time>
</trkpt>
<trkpt lat="36.9671679" lon="127.8690645">
<ele>66.788</ele>
<time>2026-05-14T13:35:59Z</time>
<extensions>
<gpxtpx:TrackPointExtension>
<gpxtpx:hr>129</gpxtpx:hr>
</gpxtpx:TrackPointExtension>
</extensions>
</trkpt>
<trkpt lat="36.9671634" lon="127.8690905">
<ele>66.734</ele>
<time>2026-05-14T13:36:00Z</time>
<extensions>
<gpxtpx:TrackPointExtension>
<gpxtpx:hr>130</gpxtpx:hr>
</gpxtpx:TrackPointExtension>
</extensions>
</trkpt>
<trkpt lat="36.9671589" lon="127.8691162">
<ele>66.731</ele>
<time>2026-05-14T13:36:01Z</time>
<extensions>
<gpxtpx:TrackPointExtension>
<gpxtpx:hr>130</gpxtpx:hr>
<gpxtpx:cad>174</gpxtpx:cad>
</gpxtpx:TrackPointExtension>
</extensions>
</trkpt>
<trkpt lat="36.9671544" lon="127.8691415">
<ele>66.687</ele>
<time>2026-05-14T13:36:02Z</time>
<extensions>
<gpxtpx:TrackPointExtension>
<gpxtpx:hr>131</gpxtpx:hr>
</gpxtpx:TrackPointExtension>
</extensions>
</trkpt>
<trkpt lat="36.9671497" lon="127.8691682">
<ele>66.645</ele>
<time>2026-05-14T13:36:03Z</time>
<extensions>
<gpxtpx:TrackPointExtension>
<gpxtpx:hr>131</gpxtpx:hr>
</gpxtpx:TrackPointExtension>
</extensions>
</trkpt>
<trkpt lat="36.9671454" lon="127.8691919">
<ele>66.603</ele>
<time>2026-05-14T13:36:04Z</time>
<extensions>
<gpxtpx:TrackPointExtension>
<gpxtpx:hr>132</gpxtpx:hr>
</gpxtpx:TrackPointExtension>
</extensions>
</trkpt>
<trkpt lat="36.9671404" lon="127.8692192">
<ele>66.442</ele>
<time>2026-05-14T13:36:05Z</time>
<extensions>
<gpxtpx:TrackPointExtension>
<gpxtpx:hr>133</gpxtpx:hr>
</gpxtpx:TrackPointExtension>
</extensions>
</trkpt>
<trkpt lat="36.9671362" lon="127.8692446">
<ele>66.319</ele>
<time>2026-05-14T13:36:06Z</time>
<extensions>
<gpxtpx:TrackPointExtension>
<gpxtpx:hr>133</gpxtpx:hr>
<gpxtpx:cad>179</gpxtpx:cad>
</gpxtpx:TrackPointExtension>
</extensions>
</trkpt>
<trkpt lat="36.9671305" lon="127.8692732">
<ele>66.417</ele>
<time>2026-05-14T13:36:07Z</time>
<extensions>
<gpxtpx:TrackPointExtension>
<gpxtpx:hr>134</gpxtpx:hr>
</gpxtpx:TrackPointExtension>
</extensions>
</trkpt>
<trkpt lat="36.9671259" lon="127.8692995">
<ele>66.542</ele>
<time>2026-05-14T13:36:08Z</time>
<extensions>
<gpxtpx:TrackPointExtension>
<gpxtpx:hr>134</gpxtpx:hr>
</gpxtpx:TrackPointExtension>
</extensions>
</trkpt>
<trkpt lat="36.9671199" lon="127.8693285">
<ele>66.543</ele>
<time>2026-05-14T13:36:09Z</time>
<extensions>
<gpxtpx:TrackPointExtension>
<gpxtpx:hr>134</gpxtpx:hr>
</gpxtpx:TrackPointExtension>
</extensions>
</trkpt>
<trkpt lat="36.967115" lon="127.8693558">
<ele>66.582</ele>
<time>2026-05-14T13:36:10Z</time>
<extensions>
<gpxtpx:TrackPointExtension>
<gpxtpx:hr>135</gpxtpx:hr>
</gpxtpx:TrackPointExtension>
</extensions>
</trkpt>
<trkpt lat="36.9671099" lon="127.8693836">
<ele>66.634</ele>
<time>2026-05-14T13:36:11Z</time>
<extensions>
<gpxtpx:TrackPointExtension>
<gpxtpx:hr>135</gpxtpx:hr>
<gpxtpx:cad>167</gpxtpx:cad>
</gpxtpx:TrackPointExtension>
</extensions>
</trkpt>
<trkpt lat="36.9671033" lon="127.869413">
<ele>66.622</ele>
<time>2026-05-14T13:36:12Z</time>
</trkpt>
<trkpt lat="36.9670979" lon="127.8694416">
<ele>66.741</ele>
<time>2026-05-14T13:36:13Z</time>
<extensions>
<gpxtpx:TrackPointExtension>
<gpxtpx:hr>136</gpxtpx:hr>
</gpxtpx:TrackPointExtension>
</extensions>
</trkpt>
<trkpt lat="36.9670908" lon="127.869471">
<ele>66.794</ele>
<time>2026-05-14T13:36:14Z</time>
<extensions>
<gpxtpx:TrackPointExtension>
<gpxtpx:hr>136</gpxtpx:hr>
</gpxtpx:TrackPointExtension>
</extensions>
</trkpt>
<trkpt lat="36.9670851" lon="127.8695001">
<ele>66.739</ele>
<time>2026-05-14T13:36:15Z</time>
<extensions>
<gpxtpx:TrackPointExtension>
<gpxtpx:hr>136</gpxtpx:hr>
</gpxtpx:TrackPointExtension>
</extensions>
</trkpt>
<trkpt lat="36.967079" lon="127.8695299">
<ele>66.674</ele>
<time>2026-05-14T13:36:16Z</time>
<extensions>
<gpxtpx:TrackPointExtension>
<gpxtpx:hr>137</gpxtpx:hr>
<gpxtpx:cad>166</gpxtpx:cad>
</gpxtpx:TrackPointExtension>
</extensions>
</trkpt>
<trkpt lat="36.9670728" lon="127.8695604">
<ele>66.661</ele>
<time>2026-05-14T13:36:17Z</time>
<extensions>
<gpxtpx:TrackPointExtension>
<gpxtpx:hr>137</gpxtpx:hr>
</gpxtpx:TrackPointExtension>
</extensions>
</trkpt>
<trkpt lat="36.9670654" lon="127.8695901">
<ele>66.712</ele>
<time>2026-05-14T13:36:18Z</time>
<extensions>
<gpxtpx:TrackPointExtension>
<gpxtpx:hr>138</gpxtpx:hr>
</gpxtpx:TrackPointExtension>
</extensions>
</trkpt>
<trkpt lat="36.9670577" lon="127.8696196">
<ele>66.82</ele>
<time>2026-05-14T13:36:19Z</time>
<extensions>
<gpxtpx:TrackPointExtension>
<gpxtpx:hr>138</gpxtpx:hr>
</gpxtpx:TrackPointExtension>
</extensions>
</trkpt>
<trkpt lat="36.9670499" lon="127.8696489">
<ele>66.871</ele>
<time>2026-05-14T13:36:20Z</time>
<extensions>
<gpxtpx:TrackPointExtension>
<gpxtpx:hr>138</gpxtpx:hr>
</gpxtpx:TrackPointExtension>
</extensions>
</trkpt>
<trkpt lat="36.967042" lon="127.8696775">
<ele>66.913</ele>
<time>2026-05-14T13:36:21Z</time>
<extensions>
<gpxtpx:TrackPointExtension>
<gpxtpx:hr>139</gpxtpx:hr>
<gpxtpx:cad>173</gpxtpx:cad>
</gpxtpx:TrackPointExtension>
</extensions>
</trkpt>
<trkpt lat="36.9670342" lon="127.8697063">
<ele>66.896</ele>
<time>2026-05-14T13:36:22Z</time>
<extensions>
<gpxtpx:TrackPointExtension>
<gpxtpx:hr>139</gpxtpx:hr>
</gpxtpx:TrackPointExtension>
</extensions>
</trkpt>
<trkpt lat="36.9670265" lon="127.8697346">
<ele>66.879</ele>
<time>2026-05-14T13:36:23Z</time>
<extensions>
<gpxtpx:TrackPointExtension>
<gpxtpx:hr>139</gpxtpx:hr>
</gpxtpx:TrackPointExtension>
</extensions>
</trkpt>
<trkpt lat="36.9670187" lon="127.869763">
<ele>66.908</ele>
<time>2026-05-14T13:36:24Z</time>
<extensions>
<gpxtpx:TrackPointExtension>
<gpxtpx:hr>140</gpxtpx:hr>
</gpxtpx:TrackPointExtension>
</extensions>
</trkpt>
<trkpt lat="36.9670113" lon="127.8697914">
<ele>66.931</ele>
<time>2026-05-14T13:36:25Z</time>
<extensions>
<gpxtpx:TrackPointExtension>
<gpxtpx:hr>140</gpxtpx:hr>
</gpxtpx:TrackPointExtension>
</extensions>
</trkpt>
<trkpt lat="36.967004" lon="127.86982">
<ele>66.937</ele>
<time>2026-05-14T13:36:26Z</time>
<extensions>
<gpxtpx:TrackPointExtension>
<gpxtpx:hr>141</gpxtpx:hr>
<gpxtpx:cad>173</gpxtpx:cad>
</gpxtpx:TrackPointExtension>
</extensions>
</trkpt>
<trkpt lat="36.9669971" lon="127.8698487">
<ele>66.875</ele>
<time>2026-05-14T13:36:27Z</time>
<extensions>
<gpxtpx:TrackPointExtension>
<gpxtpx:hr>141</gpxtpx:hr>
<gpxtpx:cad>174</gpxtpx:cad>
</gpxtpx:TrackPointExtension>
</extensions>
</trkpt>
<trkpt lat="36.9669905" lon="127.8698774">
<ele>66.797</ele>
<time>2026-05-14T13:36:28Z</time>
<extensions>
<gpxtpx:TrackPointExtension>
<gpxtpx:hr>141</gpxtpx:hr>
</gpxtpx:TrackPointExtension>
</extensions>
</trkpt>
<trkpt lat="36.9669836" lon="127.869906">
<ele>66.74</ele>
<time>2026-05-14T13:36:29Z</time>
<extensions>
<gpxtpx:TrackPointExtension>
<gpxtpx:hr>141</gpxtpx:hr>
</gpxtpx:TrackPointExtension>
</extensions>
</trkpt>
<trkpt lat="36.9669771" lon="127.8699344">
<ele>66.735</ele>
<time>2026-05-14T13:36:30Z</time>
<extensions>
<gpxtpx:TrackPointExtension>
<gpxtpx:hr>145</gpxtpx:hr>
</gpxtpx:TrackPointExtension>
</extensions>
</trkpt>
<trkpt lat="36.9669703" lon="127.8699628">
<ele>66.764</ele>
<time>2026-05-14T13:36:31Z</time>
<extensions>
<gpxtpx:TrackPointExtension>
<gpxtpx:hr>145</gpxtpx:hr>
<gpxtpx:cad>174</gpxtpx:cad>
</gpxtpx:TrackPointExtension>
</extensions>
</trkpt>
<trkpt lat="36.9669636" lon="127.8699912">
<ele>66.746</ele>
<time>2026-05-14T13:36:32Z</time>
<extensions>
<gpxtpx:TrackPointExtension>
<gpxtpx:hr>145</gpxtpx:hr>
</gpxtpx:TrackPointExtension>
</extensions>
</trkpt>
<trkpt lat="36.9669569" lon="127.8700195">
<ele>66.759</ele>
<time>2026-05-14T13:36:33Z</time>
<extensions>
<gpxtpx:TrackPointExtension>
<gpxtpx:hr>145</gpxtpx:hr>
</gpxtpx:TrackPointExtension>
</extensions>
</trkpt>
<trkpt lat="36.9669503" lon="127.8700478">
<ele>66.736</ele>
<time>2026-05-14T13:36:34Z</time>
<extensions>
<gpxtpx:TrackPointExtension>
<gpxtpx:hr>146</gpxtpx:hr>
</gpxtpx:TrackPointExtension>
</extensions>
</trkpt>
<trkpt lat="36.9669438" lon="127.870076">
<ele>66.792</ele>
<time>2026-05-14T13:36:35Z</time>
<extensions>
<gpxtpx:TrackPointExtension>
<gpxtpx:hr>146</gpxtpx:hr>
</gpxtpx:TrackPointExtension>
</extensions>
</trkpt>
<trkpt lat="36.9669372" lon="127.8701042">
<ele>66.868</ele>
<time>2026-05-14T13:36:36Z</time>
<extensions>
<gpxtpx:TrackPointExtension>
<gpxtpx:hr>146</gpxtpx:hr>
<gpxtpx:cad>173</gpxtpx:cad>
</gpxtpx:TrackPointExtension>
</extensions>
</trkpt>
<trkpt lat="36.9669307" lon="127.8701322">
<ele>66.948</ele>
<time>2026-05-14T13:36:37Z</time>
<extensions>
<gpxtpx:TrackPointExtension>
<gpxtpx:hr>146</gpxtpx:hr>
</gpxtpx:TrackPointExtension>
</extensions>
</trkpt>
<trkpt lat="36.9669243" lon="127.8701603">
<ele>66.981</ele>
<time>2026-05-14T13:36:38Z</time>
<extensions>
<gpxtpx:TrackPointExtension>
<gpxtpx:hr>146</gpxtpx:hr>
</gpxtpx:TrackPointExtension>
</extensions>
</trkpt>
<trkpt lat="36.966918" lon="127.8701886">
<ele>66.938</ele>
<time>2026-05-14T13:36:39Z</time>
<extensions>
<gpxtpx:TrackPointExtension>
<gpxtpx:hr>146</gpxtpx:hr>
</gpxtpx:TrackPointExtension>
</extensions>
</trkpt>
<trkpt lat="36.9669118" lon="127.8702163">
<ele>66.854</ele>
<time>2026-05-14T13:36:40Z</time>
<extensions>
<gpxtpx:TrackPointExtension>
<gpxtpx:hr>146</gpxtpx:hr>
</gpxtpx:TrackPointExtension>
</extensions>
</trkpt>
<trkpt lat="36.9669056" lon="127.8702443">
<ele>66.87</ele>
<time>2026-05-14T13:36:41Z</time>
<extensions>
<gpxtpx:TrackPointExtension>
<gpxtpx:hr>146</gpxtpx:hr>
<gpxtpx:cad>173</gpxtpx:cad>
</gpxtpx:TrackPointExtension>
</extensions>
</trkpt>
<trkpt lat="36.9668996" lon="127.8702723">
<ele>66.864</ele>
<time>2026-05-14T13:36:42Z</time>
<extensions>
<gpxtpx:TrackPointExtension>
<gpxtpx:hr>146</gpxtpx:hr>
</gpxtpx:TrackPointExtension>
</extensions>
</trkpt>
<trkpt lat="36.9668938" lon="127.8703004">
<ele>66.841</ele>
<time>2026-05-14T13:36:43Z</time>
<extensions>
<gpxtpx:TrackPointExtension>
<gpxtpx:hr>146</gpxtpx:hr>
</gpxtpx:TrackPointExtension>
</extensions>
</trkpt>
<trkpt lat="36.9668876" lon="127.8703283">
<ele>66.861</ele>
<time>2026-05-14T13:36:44Z</time>
<extensions>
<gpxtpx:TrackPointExtension>
<gpxtpx:hr>147</gpxtpx:hr>
</gpxtpx:TrackPointExtension>
</extensions>
</trkpt>
<trkpt lat="36.9668818" lon="127.8703565">
<ele>66.995</ele>
<time>2026-05-14T13:36:45Z</time>
<extensions>
<gpxtpx:TrackPointExtension>
<gpxtpx:hr>146</gpxtpx:hr>
</gpxtpx:TrackPointExtension>
</extensions>
</trkpt>
<trkpt lat="36.9668757" lon="127.8703843">
<ele>66.963</ele>
<time>2026-05-14T13:36:46Z</time>
<extensions>
<gpxtpx:TrackPointExtension>
<gpxtpx:hr>146</gpxtpx:hr>
<gpxtpx:cad>173</gpxtpx:cad>
</gpxtpx:TrackPointExtension>
</extensions>
</trkpt>
<trkpt lat="36.9668698" lon="127.8704128">
<ele>67.145</ele>
<time>2026-05-14T13:36:47Z</time>
<extensions>
<gpxtpx:TrackPointExtension>
<gpxtpx:hr>146</gpxtpx:hr>
</gpxtpx:TrackPointExtension>
</extensions>
</trkpt>
<trkpt lat="36.9668638" lon="127.8704406">
<ele>67.25</ele>
<time>2026-05-14T13:36:48Z</time>
<extensions>
<gpxtpx:TrackPointExtension>
<gpxtpx:hr>146</gpxtpx:hr>
</gpxtpx:TrackPointExtension>
</extensions>
</trkpt>
<trkpt lat="36.9668579" lon="127.870469">
<ele>67.187</ele>
<time>2026-05-14T13:36:49Z</time>
<extensions>
<gpxtpx:TrackPointExtension>
<gpxtpx:hr>146</gpxtpx:hr>
</gpxtpx:TrackPointExtension>
</extensions>
</trkpt>
<trkpt lat="36.9668519" lon="127.8704969">
<ele>67.015</ele>
<time>2026-05-14T13:36:50Z</time>
<extensions>
<gpxtpx:TrackPointExtension>
<gpxtpx:hr>145</gpxtpx:hr>
</gpxtpx:TrackPointExtension>
</extensions>
</trkpt>
<trkpt lat="36.9668461" lon="127.8705259">
<ele>66.865</ele>
<time>2026-05-14T13:36:51Z</time>
<extensions>
<gpxtpx:TrackPointExtension>
<gpxtpx:hr>145</gpxtpx:hr>
<gpxtpx:cad>173</gpxtpx:cad>
</gpxtpx:TrackPointExtension>
</extensions>
</trkpt>
<trkpt lat="36.9668402" lon="127.8705541">
<ele>67.117</ele>
<time>2026-05-14T13:36:52Z</time>
<extensions>
<gpxtpx:TrackPointExtension>
<gpxtpx:hr>145</gpxtpx:hr>
</gpxtpx:TrackPointExtension>
</extensions>
</trkpt>
<trkpt lat="36.9668342" lon="127.8705832">
<ele>67.289</ele>
<time>2026-05-14T13:36:53Z</time>
<extensions>
<gpxtpx:TrackPointExtension>
<gpxtpx:hr>146</gpxtpx:hr>
</gpxtpx:TrackPointExtension>
</extensions>
</trkpt>
<trkpt lat="36.9668284" lon="127.8706116">
<ele>67.24</ele>
<time>2026-05-14T13:36:54Z</time>
<extensions>
<gpxtpx:TrackPointExtension>
<gpxtpx:hr>146</gpxtpx:hr>
</gpxtpx:TrackPointExtension>
</extensions>
</trkpt>
<trkpt lat="36.9668222" lon="127.8706408">
<ele>67.128</ele>
<time>2026-05-14T13:36:55Z</time>
<extensions>
<gpxtpx:TrackPointExtension>
<gpxtpx:hr>146</gpxtpx:hr>
</gpxtpx:TrackPointExtension>
</extensions>
</trkpt>
<trkpt lat="36.9668164" lon="127.8706694">
<ele>66.919</ele>
<time>2026-05-14T13:36:56Z</time>
<extensions>
<gpxtpx:TrackPointExtension>
<gpxtpx:hr>146</gpxtpx:hr>
<gpxtpx:cad>172</gpxtpx:cad>
</gpxtpx:TrackPointExtension>
</extensions>
</trkpt>
<trkpt lat="36.9668102" lon="127.8706982">
<ele>66.369</ele>
<time>2026-05-14T13:36:57Z</time>
<extensions>
<gpxtpx:TrackPointExtension>
<gpxtpx:hr>146</gpxtpx:hr>
</gpxtpx:TrackPointExtension>
</extensions>
</trkpt>
<trkpt lat="36.9668044" lon="127.8707271">
<ele>66.251</ele>
<time>2026-05-14T13:36:58Z</time>
<extensions>
<gpxtpx:TrackPointExtension>
<gpxtpx:hr>145</gpxtpx:hr>
</gpxtpx:TrackPointExtension>
</extensions>
</trkpt>
<trkpt lat="36.9667981" lon="127.8707566">
<ele>66.479</ele>
<time>2026-05-14T13:36:59Z</time>
<extensions>
<gpxtpx:TrackPointExtension>
<gpxtpx:hr>145</gpxtpx:hr>
</gpxtpx:TrackPointExtension>
</extensions>
</trkpt>
<trkpt lat="36.9667923" lon="127.8707858">
<ele>66.806</ele>
<time>2026-05-14T13:37:00Z</time>
<extensions>
<gpxtpx:TrackPointExtension>
<gpxtpx:hr>145</gpxtpx:hr>
</gpxtpx:TrackPointExtension>
</extensions>
</trkpt>
<trkpt lat="36.9667858" lon="127.8708155">
<ele>66.868</ele>
<time>2026-05-14T13:37:01Z</time>
<extensions>
<gpxtpx:TrackPointExtension>
<gpxtpx:hr>145</gpxtpx:hr>
<gpxtpx:cad>172</gpxtpx:cad>
</gpxtpx:TrackPointExtension>
</extensions>
</trkpt>
<trkpt lat="36.9667796" lon="127.8708451">
<ele>66.858</ele>
<time>2026-05-14T13:37:02Z</time>
<extensions>
<gpxtpx:TrackPointExtension>
<gpxtpx:hr>145</gpxtpx:hr>
</gpxtpx:TrackPointExtension>
</extensions>
</trkpt>
<trkpt lat="36.9667733" lon="127.8708748">
<ele>66.853</ele>
<time>2026-05-14T13:37:03Z</time>
<extensions>
<gpxtpx:TrackPointExtension>
<gpxtpx:hr>146</gpxtpx:hr>
</gpxtpx:TrackPointExtension>
</extensions>
</trkpt>
<trkpt lat="36.966767" lon="127.8709046">
<ele>66.763</ele>
<time>2026-05-14T13:37:04Z</time>
<extensions>
<gpxtpx:TrackPointExtension>
<gpxtpx:hr>146</gpxtpx:hr>
<gpxtpx:cad>172</gpxtpx:cad>
</gpxtpx:TrackPointExtension>
</extensions>
</trkpt>
<trkpt lat="36.9667605" lon="127.870934">
<ele>66.305</ele>
<time>2026-05-14T13:37:05Z</time>
<extensions>
<gpxtpx:TrackPointExtension>
<gpxtpx:hr>146</gpxtpx:hr>
</gpxtpx:TrackPointExtension>
</extensions>
</trkpt>
<trkpt lat="36.9667539" lon="127.8709642">
<ele>66.64</ele>
<time>2026-05-14T13:37:06Z</time>
<extensions>
<gpxtpx:TrackPointExtension>
<gpxtpx:hr>146</gpxtpx:hr>
<gpxtpx:cad>172</gpxtpx:cad>
</gpxtpx:TrackPointExtension>
</extensions>
</trkpt>
<trkpt lat="36.9667473" lon="127.8709938">
<ele>66.786</ele>
<time>2026-05-14T13:37:07Z</time>
<extensions>
<gpxtpx:TrackPointExtension>
<gpxtpx:hr>146</gpxtpx:hr>
</gpxtpx:TrackPointExtension>
</extensions>
</trkpt>
<trkpt lat="36.9667406" lon="127.8710239">
<ele>66.885</ele>
<time>2026-05-14T13:37:08Z</time>
<extensions>
<gpxtpx:TrackPointExtension>
<gpxtpx:hr>146</gpxtpx:hr>
</gpxtpx:TrackPointExtension>
</extensions>
</trkpt>
<trkpt lat="36.966734" lon="127.8710542">
<ele>66.895</ele>
<time>2026-05-14T13:37:09Z</time>
<extensions>
<gpxtpx:TrackPointExtension>
<gpxtpx:hr>147</gpxtpx:hr>
</gpxtpx:TrackPointExtension>
</extensions>
</trkpt>
<trkpt lat="36.9667273" lon="127.8710845">
<ele>66.8</ele>
<time>2026-05-14T13:37:10Z</time>
<extensions>
<gpxtpx:TrackPointExtension>
<gpxtpx:hr>147</gpxtpx:hr>
</gpxtpx:TrackPointExtension>
</extensions>
</trkpt>
<trkpt lat="36.9667206" lon="127.8711151">
<ele>66.767</ele>
<time>2026-05-14T13:37:11Z</time>
<extensions>
<gpxtpx:TrackPointExtension>
<gpxtpx:cad>172</gpxtpx:cad>
</gpxtpx:TrackPointExtension>
</extensions>
</trkpt>
<trkpt lat="36.9667139" lon="127.8711458">
<ele>67.012</ele>
<time>2026-05-14T13:37:12Z</time>
<extensions>
<gpxtpx:TrackPointExtension>
<gpxtpx:hr>147</gpxtpx:hr>
</gpxtpx:TrackPointExtension>
</extensions>
</trkpt>
<trkpt lat="36.9667071" lon="127.8711768">
<ele>67.23</ele>
<time>2026-05-14T13:37:13Z</time>
<extensions>
<gpxtpx:TrackPointExtension>
<gpxtpx:hr>147</gpxtpx:hr>
</gpxtpx:TrackPointExtension>
</extensions>
</trkpt>
<trkpt lat="36.9667004" lon="127.8712073">
<ele>67.07</ele>
<time>2026-05-14T13:37:14Z</time>
<extensions>
<gpxtpx:TrackPointExtension>
<gpxtpx:hr>148</gpxtpx:hr>
</gpxtpx:TrackPointExtension>
</extensions>
</trkpt>
<trkpt lat="36.9666935" lon="127.8712394">
<ele>67.135</ele>
<time>2026-05-14T13:37:15Z</time>
<extensions>
<gpxtpx:TrackPointExtension>
<gpxtpx:hr>148</gpxtpx:hr>
</gpxtpx:TrackPointExtension>
</extensions>
</trkpt>
<trkpt lat="36.9666868" lon="127.8712705">
<ele>67.311</ele>
<time>2026-05-14T13:37:16Z</time>
<extensions>
<gpxtpx:TrackPointExtension>
<gpxtpx:hr>148</gpxtpx:hr>
<gpxtpx:cad>174</gpxtpx:cad>
</gpxtpx:TrackPointExtension>
</extensions>
</trkpt>
<trkpt lat="36.9666797" lon="127.8713034">
<ele>67.312</ele>
<time>2026-05-14T13:37:17Z</time>
<extensions>
<gpxtpx:TrackPointExtension>
<gpxtpx:hr>148</gpxtpx:hr>
</gpxtpx:TrackPointExtension>
</extensions>
</trkpt>
<trkpt lat="36.9666729" lon="127.871335">
<ele>67.197</ele>
<time>2026-05-14T13:37:18Z</time>
<extensions>
<gpxtpx:TrackPointExtension>
<gpxtpx:hr>148</gpxtpx:hr>
</gpxtpx:TrackPointExtension>
</extensions>
</trkpt>
<trkpt lat="36.9666654" lon="127.8713682">
<ele>67.323</ele>
<time>2026-05-14T13:37:19Z</time>
<extensions>
<gpxtpx:TrackPointExtension>
<gpxtpx:hr>148</gpxtpx:hr>
</gpxtpx:TrackPointExtension>
</extensions>
</trkpt>
<trkpt lat="36.9666583" lon="127.8714013">
<ele>67.482</ele>
<time>2026-05-14T13:37:20Z</time>
<extensions>
<gpxtpx:TrackPointExtension>
<gpxtpx:hr>149</gpxtpx:hr>
</gpxtpx:TrackPointExtension>
</extensions>
</trkpt>
<trkpt lat="36.966651" lon="127.8714335">
<ele>67.529</ele>
<time>2026-05-14T13:37:21Z</time>
<extensions>
<gpxtpx:TrackPointExtension>
<gpxtpx:hr>149</gpxtpx:hr>
<gpxtpx:cad>172</gpxtpx:cad>
</gpxtpx:TrackPointExtension>
</extensions>
</trkpt>
<trkpt lat="36.9666434" lon="127.8714658">
<ele>67.458</ele>
<time>2026-05-14T13:37:22Z</time>
<extensions>
<gpxtpx:TrackPointExtension>
<gpxtpx:hr>149</gpxtpx:hr>
</gpxtpx:TrackPointExtension>
</extensions>
</trkpt>
<trkpt lat="36.9666358" lon="127.8714981">
<ele>67.482</ele>
<time>2026-05-14T13:37:23Z</time>
<extensions>
<gpxtpx:TrackPointExtension>
<gpxtpx:hr>149</gpxtpx:hr>
</gpxtpx:TrackPointExtension>
</extensions>
</trkpt>
<trkpt lat="36.9666282" lon="127.8715306">
<ele>67.432</ele>
<time>2026-05-14T13:37:24Z</time>
<extensions>
<gpxtpx:TrackPointExtension>
<gpxtpx:hr>150</gpxtpx:hr>
</gpxtpx:TrackPointExtension>
</extensions>
</trkpt>
<trkpt lat="36.9666204" lon="127.8715631">
<ele>67.414</ele>
<time>2026-05-14T13:37:25Z</time>
<extensions>
<gpxtpx:TrackPointExtension>
<gpxtpx:hr>150</gpxtpx:hr>
</gpxtpx:TrackPointExtension>
</extensions>
</trkpt>
<trkpt lat="36.9666125" lon="127.8715958">
<ele>67.445</ele>
<time>2026-05-14T13:37:26Z</time>
<extensions>
<gpxtpx:TrackPointExtension>
<gpxtpx:hr>151</gpxtpx:hr>
<gpxtpx:cad>170</gpxtpx:cad>
</gpxtpx:TrackPointExtension>
</extensions>
</trkpt>
<trkpt lat="36.9666049" lon="127.8716287">
<ele>67.424</ele>
<time>2026-05-14T13:37:27Z</time>
<extensions>
<gpxtpx:TrackPointExtension>
<gpxtpx:hr>151</gpxtpx:hr>
</gpxtpx:TrackPointExtension>
</extensions>
</trkpt>
<trkpt lat="36.9665964" lon="127.8716617">
<ele>67.36</ele>
<time>2026-05-14T13:37:28Z</time>
<extensions>
<gpxtpx:TrackPointExtension>
<gpxtpx:hr>151</gpxtpx:hr>
</gpxtpx:TrackPointExtension>
</extensions>
</trkpt>
<trkpt lat="36.9665886" lon="127.871695">
<ele>67.262</ele>
<time>2026-05-14T13:37:29Z</time>
<extensions>
<gpxtpx:TrackPointExtension>
<gpxtpx:hr>152</gpxtpx:hr>
</gpxtpx:TrackPointExtension>
</extensions>
</trkpt>
<trkpt lat="36.9665799" lon="127.8717279">
<ele>67.141</ele>
<time>2026-05-14T13:37:30Z</time>
<extensions>
<gpxtpx:TrackPointExtension>
<gpxtpx:hr>152</gpxtpx:hr>
</gpxtpx:TrackPointExtension>
</extensions>
</trkpt>
<trkpt lat="36.9665716" lon="127.8717608">
<ele>67.048</ele>
<time>2026-05-14T13:37:31Z</time>
<extensions>
<gpxtpx:TrackPointExtension>
<gpxtpx:hr>152</gpxtpx:hr>
<gpxtpx:cad>171</gpxtpx:cad>
</gpxtpx:TrackPointExtension>
</extensions>
</trkpt>
<trkpt lat="36.9665633" lon="127.8717936">
<ele>67.051</ele>
<time>2026-05-14T13:37:32Z</time>
<extensions>
<gpxtpx:TrackPointExtension>
<gpxtpx:hr>153</gpxtpx:hr>
</gpxtpx:TrackPointExtension>
</extensions>
</trkpt>
<trkpt lat="36.966555" lon="127.8718261">
<ele>67.006</ele>
<time>2026-05-14T13:37:33Z</time>
<extensions>
<gpxtpx:TrackPointExtension>
<gpxtpx:hr>153</gpxtpx:hr>
</gpxtpx:TrackPointExtension>
</extensions>
</trkpt>
<trkpt lat="36.9665464" lon="127.8718584">
<ele>66.952</ele>
<time>2026-05-14T13:37:34Z</time>
<extensions>
<gpxtpx:TrackPointExtension>
<gpxtpx:hr>153</gpxtpx:hr>
</gpxtpx:TrackPointExtension>
</extensions>
</trkpt>
<trkpt lat="36.9665377" lon="127.8718904">
<ele>66.76</ele>
<time>2026-05-14T13:37:35Z</time>
<extensions>
<gpxtpx:TrackPointExtension>
<gpxtpx:hr>153</gpxtpx:hr>
</gpxtpx:TrackPointExtension>
</extensions>
</trkpt>
<trkpt lat="36.9665287" lon="127.8719223">
<ele>66.703</ele>
<time>2026-05-14T13:37:36Z</time>
<extensions>
<gpxtpx:TrackPointExtension>
<gpxtpx:hr>153</gpxtpx:hr>
<gpxtpx:cad>172</gpxtpx:cad>
</gpxtpx:TrackPointExtension>
</extensions>
</trkpt>
<trkpt lat="36.9665198" lon="127.8719539">
<ele>66.674</ele>
<time>2026-05-14T13:37:37Z</time>
<extensions>
<gpxtpx:TrackPointExtension>
<gpxtpx:hr>153</gpxtpx:hr>
<gpxtpx:cad>172</gpxtpx:cad>
</gpxtpx:TrackPointExtension>
</extensions>
</trkpt>
<trkpt lat="36.9665109" lon="127.8719851">
<ele>66.589</ele>
<time>2026-05-14T13:37:38Z</time>
<extensions>
<gpxtpx:TrackPointExtension>
<gpxtpx:hr>154</gpxtpx:hr>
</gpxtpx:TrackPointExtension>
</extensions>
</trkpt>
<trkpt lat="36.9665024" lon="127.8720152">
<ele>66.511</ele>
<time>2026-05-14T13:37:39Z</time>
<extensions>
<gpxtpx:TrackPointExtension>
<gpxtpx:hr>154</gpxtpx:hr>
</gpxtpx:TrackPointExtension>
</extensions>
</trkpt>
<trkpt lat="36.9664936" lon="127.8720465">
<ele>66.436</ele>
<time>2026-05-14T13:37:40Z</time>
<extensions>
<gpxtpx:TrackPointExtension>
<gpxtpx:hr>154</gpxtpx:hr>
</gpxtpx:TrackPointExtension>
</extensions>
</trkpt>
<trkpt lat="36.9664853" lon="127.8720761">
<ele>66.448</ele>
<time>2026-05-14T13:37:41Z</time>
<extensions>
<gpxtpx:TrackPointExtension>
<gpxtpx:hr>154</gpxtpx:hr>
<gpxtpx:cad>173</gpxtpx:cad>
</gpxtpx:TrackPointExtension>
</extensions>
</trkpt>
<trkpt lat="36.966477" lon="127.8721062">
<ele>66.518</ele>
<time>2026-05-14T13:37:42Z</time>
<extensions>
<gpxtpx:TrackPointExtension>
<gpxtpx:hr>154</gpxtpx:hr>
</gpxtpx:TrackPointExtension>
</extensions>
</trkpt>
<trkpt lat="36.9664683" lon="127.8721369">
<ele>66.444</ele>
<time>2026-05-14T13:37:43Z</time>
<extensions>
<gpxtpx:TrackPointExtension>
<gpxtpx:hr>154</gpxtpx:hr>
</gpxtpx:TrackPointExtension>
</extensions>
</trkpt>
<trkpt lat="36.9664605" lon="127.8721657">
<ele>66.413</ele>
<time>2026-05-14T13:37:44Z</time>
<extensions>
<gpxtpx:TrackPointExtension>
<gpxtpx:hr>154</gpxtpx:hr>
</gpxtpx:TrackPointExtension>
</extensions>
</trkpt>
<trkpt lat="36.9664514" lon="127.8721965">
<ele>66.301</ele>
<time>2026-05-14T13:37:45Z</time>
<extensions>
<gpxtpx:TrackPointExtension>
<gpxtpx:hr>154</gpxtpx:hr>
</gpxtpx:TrackPointExtension>
</extensions>
</trkpt>
<trkpt lat="36.9664431" lon="127.8722256">
<ele>66.312</ele>
<time>2026-05-14T13:37:46Z</time>
<extensions>
<gpxtpx:TrackPointExtension>
<gpxtpx:hr>154</gpxtpx:hr>
<gpxtpx:cad>173</gpxtpx:cad>
</gpxtpx:TrackPointExtension>
</extensions>
</trkpt>
<trkpt lat="36.9664347" lon="127.8722546">
<ele>66.39</ele>
<time>2026-05-14T13:37:47Z</time>
<extensions>
<gpxtpx:TrackPointExtension>
<gpxtpx:hr>155</gpxtpx:hr>
</gpxtpx:TrackPointExtension>
</extensions>
</trkpt>
<trkpt lat="36.9664266" lon="127.8722833">
<ele>66.471</ele>
<time>2026-05-14T13:37:48Z</time>
<extensions>
<gpxtpx:TrackPointExtension>
<gpxtpx:hr>155</gpxtpx:hr>
</gpxtpx:TrackPointExtension>
</extensions>
</trkpt>
<trkpt lat="36.9664193" lon="127.8723118">
<ele>66.448</ele>
<time>2026-05-14T13:37:49Z</time>
<extensions>
<gpxtpx:TrackPointExtension>
<gpxtpx:hr>155</gpxtpx:hr>
</gpxtpx:TrackPointExtension>
</extensions>
</trkpt>
<trkpt lat="36.9664122" lon="127.8723403">
<ele>66.508</ele>
<time>2026-05-14T13:37:50Z</time>
<extensions>
<gpxtpx:TrackPointExtension>
<gpxtpx:hr>155</gpxtpx:hr>
</gpxtpx:TrackPointExtension>
</extensions>
</trkpt>
<trkpt lat="36.9664056" lon="127.8723691">
<ele>66.499</ele>
<time>2026-05-14T13:37:51Z</time>
<extensions>
<gpxtpx:TrackPointExtension>
<gpxtpx:hr>155</gpxtpx:hr>
<gpxtpx:cad>173</gpxtpx:cad>
</gpxtpx:TrackPointExtension>
</extensions>
</trkpt>
<trkpt lat="36.9663988" lon="127.8723977">
<ele>66.509</ele>
<time>2026-05-14T13:37:52Z</time>
<extensions>
<gpxtpx:TrackPointExtension>
<gpxtpx:hr>155</gpxtpx:hr>
</gpxtpx:TrackPointExtension>
</extensions>
</trkpt>
<trkpt lat="36.9663932" lon="127.8724279">
<ele>66.614</ele>
<time>2026-05-14T13:37:53Z</time>
<extensions>
<gpxtpx:TrackPointExtension>
<gpxtpx:hr>154</gpxtpx:hr>
</gpxtpx:TrackPointExtension>
</extensions>
</trkpt>
<trkpt lat="36.9663882" lon="127.8724579">
<ele>66.665</ele>
<time>2026-05-14T13:37:54Z</time>
<extensions>
<gpxtpx:TrackPointExtension>
<gpxtpx:hr>154</gpxtpx:hr>
</gpxtpx:TrackPointExtension>
</extensions>
</trkpt>
<trkpt lat="36.9663875" lon="127.8724891">
<ele>66.729</ele>
<time>2026-05-14T13:37:55Z</time>
<extensions>
<gpxtpx:TrackPointExtension>
<gpxtpx:hr>154</gpxtpx:hr>
</gpxtpx:TrackPointExtension>
</extensions>
</trkpt>
<trkpt lat="36.9663853" lon="127.8725196">
<ele>66.829</ele>
<time>2026-05-14T13:37:56Z</time>
<extensions>
<gpxtpx:TrackPointExtension>
<gpxtpx:hr>154</gpxtpx:hr>
<gpxtpx:cad>171</gpxtpx:cad>
</gpxtpx:TrackPointExtension>
</extensions>
</trkpt>
<trkpt lat="36.9663905" lon="127.8725516">
<ele>66.912</ele>
<time>2026-05-14T13:37:57Z</time>
<extensions>
<gpxtpx:TrackPointExtension>
<gpxtpx:hr>155</gpxtpx:hr>
</gpxtpx:TrackPointExtension>
</extensions>
</trkpt>
<trkpt lat="36.966386" lon="127.8725816">
<ele>66.932</ele>
<time>2026-05-14T13:37:58Z</time>
<extensions>
<gpxtpx:TrackPointExtension>
<gpxtpx:hr>155</gpxtpx:hr>
</gpxtpx:TrackPointExtension>
</extensions>
</trkpt>
<trkpt lat="36.9663887" lon="127.8726136">
<ele>66.87</ele>
<time>2026-05-14T13:37:59Z</time>
<extensions>
<gpxtpx:TrackPointExtension>
<gpxtpx:hr>155</gpxtpx:hr>
</gpxtpx:TrackPointExtension>
</extensions>
</trkpt>
<trkpt lat="36.9663889" lon="127.8726446">
<ele>66.762</ele>
<time>2026-05-14T13:38:00Z</time>
<extensions>
<gpxtpx:TrackPointExtension>
<gpxtpx:hr>155</gpxtpx:hr>
</gpxtpx:TrackPointExtension>
</extensions>
</trkpt>
<trkpt lat="36.9663933" lon="127.8726769">
<ele>66.761</ele>
<time>2026-05-14T13:38:01Z</time>
<extensions>
<gpxtpx:TrackPointExtension>
<gpxtpx:hr>155</gpxtpx:hr>
<gpxtpx:cad>170</gpxtpx:cad>
</gpxtpx:TrackPointExtension>
</extensions>
</trkpt>
<trkpt lat="36.966397" lon="127.8727087">
<ele>66.827</ele>
<time>2026-05-14T13:38:02Z</time>
<extensions>
<gpxtpx:TrackPointExtension>
<gpxtpx:hr>155</gpxtpx:hr>
</gpxtpx:TrackPointExtension>
</extensions>
</trkpt>
<trkpt lat="36.9664049" lon="127.8727428">
<ele>66.738</ele>
<time>2026-05-14T13:38:03Z</time>
<extensions>
<gpxtpx:TrackPointExtension>
<gpxtpx:hr>155</gpxtpx:hr>
</gpxtpx:TrackPointExtension>
</extensions>
</trkpt>
<trkpt lat="36.9664117" lon="127.8727765">
<ele>66.657</ele>
<time>2026-05-14T13:38:04Z</time>
<extensions>
<gpxtpx:TrackPointExtension>
<gpxtpx:hr>155</gpxtpx:hr>
</gpxtpx:TrackPointExtension>
</extensions>
</trkpt>
<trkpt lat="36.9664186" lon="127.8728107">
<ele>66.713</ele>
<time>2026-05-14T13:38:05Z</time>
<extensions>
<gpxtpx:TrackPointExtension>
<gpxtpx:hr>155</gpxtpx:hr>
</gpxtpx:TrackPointExtension>
</extensions>
</trkpt>
<trkpt lat="36.9664256" lon="127.8728454">
<ele>66.615</ele>
<time>2026-05-14T13:38:06Z</time>
<extensions>
<gpxtpx:TrackPointExtension>
<gpxtpx:hr>155</gpxtpx:hr>
<gpxtpx:cad>171</gpxtpx:cad>
</gpxtpx:TrackPointExtension>
</extensions>
</trkpt>
<trkpt lat="36.9664315" lon="127.8728813">
<ele>66.578</ele>
<time>2026-05-14T13:38:07Z</time>
<extensions>
<gpxtpx:TrackPointExtension>
<gpxtpx:hr>155</gpxtpx:hr>
</gpxtpx:TrackPointExtension>
</extensions>
</trkpt>
<trkpt lat="36.9664367" lon="127.8729173">
<ele>66.626</ele>
<time>2026-05-14T13:38:08Z</time>
<extensions>
<gpxtpx:TrackPointExtension>
<gpxtpx:hr>155</gpxtpx:hr>
</gpxtpx:TrackPointExtension>
</extensions>
</trkpt>
<trkpt lat="36.9664415" lon="127.8729532">
<ele>66.576</ele>
<time>2026-05-14T13:38:09Z</time>
<extensions>
<gpxtpx:TrackPointExtension>
<gpxtpx:hr>156</gpxtpx:hr>
</gpxtpx:TrackPointExtension>
</extensions>
</trkpt>
<trkpt lat="36.9664461" lon="127.8729885">
<ele>66.638</ele>
<time>2026-05-14T13:38:10Z</time>
<extensions>
<gpxtpx:TrackPointExtension>
<gpxtpx:hr>156</gpxtpx:hr>
</gpxtpx:TrackPointExtension>
</extensions>
</trkpt>
<trkpt lat="36.9664505" lon="127.8730239">
<ele>66.651</ele>
<time>2026-05-14T13:38:11Z</time>
<extensions>
<gpxtpx:TrackPointExtension>
<gpxtpx:hr>156</gpxtpx:hr>
<gpxtpx:cad>171</gpxtpx:cad>
</gpxtpx:TrackPointExtension>
</extensions>
</trkpt>
<trkpt lat="36.9664546" lon="127.873059">
<ele>66.687</ele>
<time>2026-05-14T13:38:12Z</time>
<extensions>
<gpxtpx:TrackPointExtension>
<gpxtpx:hr>156</gpxtpx:hr>
<gpxtpx:cad>172</gpxtpx:cad>
</gpxtpx:TrackPointExtension>
</extensions>
</trkpt>
<trkpt lat="36.9664605" lon="127.8730953">
<ele>66.705</ele>
<time>2026-05-14T13:38:13Z</time>
<extensions>
<gpxtpx:TrackPointExtension>
<gpxtpx:hr>156</gpxtpx:hr>
</gpxtpx:TrackPointExtension>
</extensions>
</trkpt>
<trkpt lat="36.9664637" lon="127.8731303">
<ele>66.7</ele>
<time>2026-05-14T13:38:14Z</time>
<extensions>
<gpxtpx:TrackPointExtension>
<gpxtpx:hr>156</gpxtpx:hr>
</gpxtpx:TrackPointExtension>
</extensions>
</trkpt>
<trkpt lat="36.9664673" lon="127.8731658">
<ele>66.633</ele>
<time>2026-05-14T13:38:15Z</time>
<extensions>
<gpxtpx:TrackPointExtension>
<gpxtpx:hr>156</gpxtpx:hr>
</gpxtpx:TrackPointExtension>
</extensions>
</trkpt>
<trkpt lat="36.9664705" lon="127.8732037">
<ele>66.613</ele>
<time>2026-05-14T13:38:16Z</time>
<extensions>
<gpxtpx:TrackPointExtension>
<gpxtpx:hr>156</gpxtpx:hr>
<gpxtpx:cad>172</gpxtpx:cad>
</gpxtpx:TrackPointExtension>
</extensions>
</trkpt>
<trkpt lat="36.9664731" lon="127.873239">
<ele>66.575</ele>
<time>2026-05-14T13:38:17Z</time>
<extensions>
<gpxtpx:TrackPointExtension>
<gpxtpx:hr>156</gpxtpx:hr>
</gpxtpx:TrackPointExtension>
</extensions>
</trkpt>
<trkpt lat="36.9664757" lon="127.8732722">
<ele>66.541</ele>
<time>2026-05-14T13:38:18Z</time>
<extensions>
<gpxtpx:TrackPointExtension>
<gpxtpx:hr>156</gpxtpx:hr>
</gpxtpx:TrackPointExtension>
</extensions>
</trkpt>
<trkpt lat="36.9664784" lon="127.8733048">
<ele>66.537</ele>
<time>2026-05-14T13:38:19Z</time>
<extensions>
<gpxtpx:TrackPointExtension>
<gpxtpx:hr>156</gpxtpx:hr>
</gpxtpx:TrackPointExtension>
</extensions>
</trkpt>
<trkpt lat="36.9664812" lon="127.873337">
<ele>66.485</ele>
<time>2026-05-14T13:38:20Z</time>
<extensions>
<gpxtpx:TrackPointExtension>
<gpxtpx:hr>156</gpxtpx:hr>
</gpxtpx:TrackPointExtension>
</extensions>
</trkpt>
<trkpt lat="36.9664841" lon="127.8733694">
<ele>66.618</ele>
<time>2026-05-14T13:38:21Z</time>
<extensions>
<gpxtpx:TrackPointExtension>
<gpxtpx:hr>156</gpxtpx:hr>
<gpxtpx:cad>172</gpxtpx:cad>
</gpxtpx:TrackPointExtension>
</extensions>
</trkpt>
<trkpt lat="36.9664869" lon="127.8734017">
<ele>66.544</ele>
<time>2026-05-14T13:38:22Z</time>
<extensions>
<gpxtpx:TrackPointExtension>
<gpxtpx:hr>156</gpxtpx:hr>
</gpxtpx:TrackPointExtension>
</extensions>
</trkpt>
<trkpt lat="36.9664893" lon="127.873434">
<ele>66.51</ele>
<time>2026-05-14T13:38:23Z</time>
<extensions>
<gpxtpx:TrackPointExtension>
<gpxtpx:hr>156</gpxtpx:hr>
</gpxtpx:TrackPointExtension>
</extensions>
</trkpt>
<trkpt lat="36.9664919" lon="127.8734664">
<ele>66.512</ele>
<time>2026-05-14T13:38:24Z</time>
<extensions>
<gpxtpx:TrackPointExtension>
<gpxtpx:hr>156</gpxtpx:hr>
</gpxtpx:TrackPointExtension>
</extensions>
</trkpt>
<trkpt lat="36.966494" lon="127.8734987">
<ele>66.405</ele>
<time>2026-05-14T13:38:25Z</time>
<extensions>
<gpxtpx:TrackPointExtension>
<gpxtpx:hr>156</gpxtpx:hr>
</gpxtpx:TrackPointExtension>
</extensions>
</trkpt>
<trkpt lat="36.966496" lon="127.8735311">
<ele>66.409</ele>
<time>2026-05-14T13:38:26Z</time>
<extensions>
<gpxtpx:TrackPointExtension>
<gpxtpx:hr>156</gpxtpx:hr>
<gpxtpx:cad>173</gpxtpx:cad>
</gpxtpx:TrackPointExtension>
</extensions>
</trkpt>
<trkpt lat="36.9664977" lon="127.8735635">
<ele>66.342</ele>
<time>2026-05-14T13:38:27Z</time>
<extensions>
<gpxtpx:TrackPointExtension>
<gpxtpx:hr>156</gpxtpx:hr>
</gpxtpx:TrackPointExtension>
</extensions>
</trkpt>
<trkpt lat="36.9664993" lon="127.873596">
<ele>66.401</ele>
<time>2026-05-14T13:38:28Z</time>
<extensions>
<gpxtpx:TrackPointExtension>
<gpxtpx:hr>156</gpxtpx:hr>
</gpxtpx:TrackPointExtension>
</extensions>
</trkpt>
<trkpt lat="36.9665007" lon="127.8736283">
<ele>66.337</ele>
<time>2026-05-14T13:38:29Z</time>
<extensions>
<gpxtpx:TrackPointExtension>
<gpxtpx:hr>157</gpxtpx:hr>
</gpxtpx:TrackPointExtension>
</extensions>
</trkpt>
<trkpt lat="36.9665021" lon="127.8736604">
<ele>66.37</ele>
<time>2026-05-14T13:38:30Z</time>
<extensions>
<gpxtpx:TrackPointExtension>
<gpxtpx:hr>157</gpxtpx:hr>
</gpxtpx:TrackPointExtension>
</extensions>
</trkpt>
<trkpt lat="36.9665033" lon="127.8736922">
<ele>66.328</ele>
<time>2026-05-14T13:38:31Z</time>
<extensions>
<gpxtpx:TrackPointExtension>
<gpxtpx:hr>157</gpxtpx:hr>
<gpxtpx:cad>172</gpxtpx:cad>
</gpxtpx:TrackPointExtension>
</extensions>
</trkpt>
<trkpt lat="36.9665044" lon="127.8737236">
<ele>66.282</ele>
<time>2026-05-14T13:38:32Z</time>
<extensions>
<gpxtpx:TrackPointExtension>
<gpxtpx:hr>157</gpxtpx:hr>
</gpxtpx:TrackPointExtension>
</extensions>
</trkpt>
<trkpt lat="36.9665051" lon="127.8737539">
<ele>66.403</ele>
<time>2026-05-14T13:38:33Z</time>
<extensions>
<gpxtpx:TrackPointExtension>
<gpxtpx:hr>157</gpxtpx:hr>
</gpxtpx:TrackPointExtension>
</extensions>
</trkpt>
<trkpt lat="36.9665055" lon="127.873784">
<ele>66.504</ele>
<time>2026-05-14T13:38:34Z</time>
<extensions>
<gpxtpx:TrackPointExtension>
<gpxtpx:hr>157</gpxtpx:hr>
</gpxtpx:TrackPointExtension>
</extensions>
</trkpt>
<trkpt lat="36.9665055" lon="127.8738144">
<ele>66.599</ele>
<time>2026-05-14T13:38:35Z</time>
<extensions>
<gpxtpx:TrackPointExtension>
<gpxtpx:hr>157</gpxtpx:hr>
</gpxtpx:TrackPointExtension>
</extensions>
</trkpt>
<trkpt lat="36.9665051" lon="127.8738457">
<ele>66.664</ele>
<time>2026-05-14T13:38:36Z</time>
<extensions>
<gpxtpx:TrackPointExtension>
<gpxtpx:hr>156</gpxtpx:hr>
<gpxtpx:cad>165</gpxtpx:cad>
</gpxtpx:TrackPointExtension>
</extensions>
</trkpt>
<trkpt lat="36.9665047" lon="127.8738775">
<ele>66.632</ele>
<time>2026-05-14T13:38:37Z</time>
<extensions>
<gpxtpx:TrackPointExtension>
<gpxtpx:hr>156</gpxtpx:hr>
</gpxtpx:TrackPointExtension>
</extensions>
</trkpt>
<trkpt lat="36.9665044" lon="127.8739098">
<ele>66.526</ele>
<time>2026-05-14T13:38:38Z</time>
<extensions>
<gpxtpx:TrackPointExtension>
<gpxtpx:hr>156</gpxtpx:hr>
</gpxtpx:TrackPointExtension>
</extensions>
</trkpt>
<trkpt lat="36.9665038" lon="127.873943">
<ele>66.454</ele>
<time>2026-05-14T13:38:39Z</time>
<extensions>
<gpxtpx:TrackPointExtension>
<gpxtpx:hr>156</gpxtpx:hr>
</gpxtpx:TrackPointExtension>
</extensions>
</trkpt>
<trkpt lat="36.9665038" lon="127.8739746">
<ele>66.382</ele>
<time>2026-05-14T13:38:40Z</time>
<extensions>
<gpxtpx:TrackPointExtension>
<gpxtpx:hr>157</gpxtpx:hr>
</gpxtpx:TrackPointExtension>
</extensions>
</trkpt>
<trkpt lat="36.9665033" lon="127.8740077">
<ele>66.296</ele>
<time>2026-05-14T13:38:41Z</time>
<extensions>
<gpxtpx:TrackPointExtension>
<gpxtpx:hr>157</gpxtpx:hr>
<gpxtpx:cad>164</gpxtpx:cad>
</gpxtpx:TrackPointExtension>
</extensions>
</trkpt>
<trkpt lat="36.966503" lon="127.8740396">
<ele>66.272</ele>
<time>2026-05-14T13:38:42Z</time>
<extensions>
<gpxtpx:TrackPointExtension>
<gpxtpx:hr>158</gpxtpx:hr>
</gpxtpx:TrackPointExtension>
</extensions>
</trkpt>
<trkpt lat="36.9665024" lon="127.8740723">
<ele>66.355</ele>
<time>2026-05-14T13:38:43Z</time>
<extensions>
<gpxtpx:TrackPointExtension>
<gpxtpx:hr>158</gpxtpx:hr>
</gpxtpx:TrackPointExtension>
</extensions>
</trkpt>
<trkpt lat="36.9665016" lon="127.8741055">
<ele>66.34</ele>
<time>2026-05-14T13:38:44Z</time>
<extensions>
<gpxtpx:TrackPointExtension>
<gpxtpx:hr>158</gpxtpx:hr>
</gpxtpx:TrackPointExtension>
</extensions>
</trkpt>
<trkpt lat="36.966501" lon="127.8741379">
<ele>66.274</ele>
<time>2026-05-14T13:38:45Z</time>
<extensions>
<gpxtpx:TrackPointExtension>
<gpxtpx:hr>158</gpxtpx:hr>
<gpxtpx:cad>170</gpxtpx:cad>
</gpxtpx:TrackPointExtension>
</extensions>
</trkpt>
<trkpt lat="36.9665001" lon="127.8741709">
<ele>66.245</ele>
<time>2026-05-14T13:38:46Z</time>
<extensions>
<gpxtpx:TrackPointExtension>
<gpxtpx:hr>158</gpxtpx:hr>
<gpxtpx:cad>172</gpxtpx:cad>
</gpxtpx:TrackPointExtension>
</extensions>
</trkpt>
<trkpt lat="36.9664993" lon="127.8742041">
<ele>66.273</ele>
<time>2026-05-14T13:38:47Z</time>
<extensions>
<gpxtpx:TrackPointExtension>
<gpxtpx:hr>158</gpxtpx:hr>
</gpxtpx:TrackPointExtension>
</extensions>
</trkpt>
<trkpt lat="36.9664981" lon="127.8742366">
<ele>66.31</ele>
<time>2026-05-14T13:38:48Z</time>
<extensions>
<gpxtpx:TrackPointExtension>
<gpxtpx:hr>158</gpxtpx:hr>
</gpxtpx:TrackPointExtension>
</extensions>
</trkpt>
<trkpt lat="36.9664972" lon="127.8742702">
<ele>66.377</ele>
<time>2026-05-14T13:38:49Z</time>
<extensions>
<gpxtpx:TrackPointExtension>
<gpxtpx:hr>158</gpxtpx:hr>
</gpxtpx:TrackPointExtension>
</extensions>
</trkpt>
<trkpt lat="36.9664956" lon="127.8743021">
<ele>66.35</ele>
<time>2026-05-14T13:38:50Z</time>
<extensions>
<gpxtpx:TrackPointExtension>
<gpxtpx:hr>158</gpxtpx:hr>
</gpxtpx:TrackPointExtension>
</extensions>
</trkpt>
<trkpt lat="36.9664943" lon="127.8743346">
<ele>66.381</ele>
<time>2026-05-14T13:38:51Z</time>
<extensions>
<gpxtpx:TrackPointExtension>
<gpxtpx:hr>158</gpxtpx:hr>
<gpxtpx:cad>175</gpxtpx:cad>
</gpxtpx:TrackPointExtension>
</extensions>
</trkpt>
<trkpt lat="36.9664935" lon="127.8743678">
<ele>66.4</ele>
<time>2026-05-14T13:38:52Z</time>
<extensions>
<gpxtpx:TrackPointExtension>
<gpxtpx:hr>158</gpxtpx:hr>
</gpxtpx:TrackPointExtension>
</extensions>
</trkpt>
<trkpt lat="36.9664926" lon="127.8744006">
<ele>66.371</ele>
<time>2026-05-14T13:38:53Z</time>
<extensions>
<gpxtpx:TrackPointExtension>
<gpxtpx:hr>158</gpxtpx:hr>
</gpxtpx:TrackPointExtension>
</extensions>
</trkpt>
<trkpt lat="36.9664912" lon="127.8744325">
<ele>66.409</ele>
<time>2026-05-14T13:38:54Z</time>
<extensions>
<gpxtpx:TrackPointExtension>
<gpxtpx:hr>158</gpxtpx:hr>
</gpxtpx:TrackPointExtension>
</extensions>
</trkpt>
<trkpt lat="36.9664898" lon="127.8744648">
<ele>66.381</ele>
<time>2026-05-14T13:38:55Z</time>
<extensions>
<gpxtpx:TrackPointExtension>
<gpxtpx:hr>158</gpxtpx:hr>
</gpxtpx:TrackPointExtension>
</extensions>
</trkpt>
<trkpt lat="36.9664877" lon="127.8744952">
<ele>66.394</ele>
<time>2026-05-14T13:38:56Z</time>
<extensions>
<gpxtpx:TrackPointExtension>
<gpxtpx:hr>158</gpxtpx:hr>
<gpxtpx:cad>175</gpxtpx:cad>
</gpxtpx:TrackPointExtension>
</extensions>
</trkpt>
<trkpt lat="36.9664857" lon="127.8745255">
<ele>66.392</ele>
<time>2026-05-14T13:38:57Z</time>
<extensions>
<gpxtpx:TrackPointExtension>
<gpxtpx:hr>158</gpxtpx:hr>
</gpxtpx:TrackPointExtension>
</extensions>
</trkpt>
<trkpt lat="36.9664849" lon="127.8745543">
<ele>66.407</ele>
<time>2026-05-14T13:38:58Z</time>
<extensions>
<gpxtpx:TrackPointExtension>
<gpxtpx:hr>157</gpxtpx:hr>
</gpxtpx:TrackPointExtension>
</extensions>
</trkpt>
<trkpt lat="36.9664853" lon="127.8745831">
<ele>66.429</ele>
<time>2026-05-14T13:38:59Z</time>
<extensions>
<gpxtpx:TrackPointExtension>
<gpxtpx:hr>157</gpxtpx:hr>
</gpxtpx:TrackPointExtension>
</extensions>
</trkpt>
<trkpt lat="36.9664871" lon="127.8746115">
<ele>66.386</ele>
<time>2026-05-14T13:39:00Z</time>
<extensions>
<gpxtpx:TrackPointExtension>
<gpxtpx:hr>157</gpxtpx:hr>
</gpxtpx:TrackPointExtension>
</extensions>
</trkpt>
<trkpt lat="36.9664896" lon="127.8746397">
<ele>66.394</ele>
<time>2026-05-14T13:39:01Z</time>
<extensions>
<gpxtpx:TrackPointExtension>
<gpxtpx:hr>157</gpxtpx:hr>
<gpxtpx:cad>175</gpxtpx:cad>
</gpxtpx:TrackPointExtension>
</extensions>
</trkpt>
<trkpt lat="36.966489" lon="127.8746697">
<ele>66.417</ele>
<time>2026-05-14T13:39:02Z</time>
<extensions>
<gpxtpx:TrackPointExtension>
<gpxtpx:hr>157</gpxtpx:hr>
</gpxtpx:TrackPointExtension>
</extensions>
</trkpt>
<trkpt lat="36.966493" lon="127.8746974">
<ele>66.3</ele>
<time>2026-05-14T13:39:03Z</time>
<extensions>
<gpxtpx:TrackPointExtension>
<gpxtpx:hr>156</gpxtpx:hr>
</gpxtpx:TrackPointExtension>
</extensions>
</trkpt>
<trkpt lat="36.9664955" lon="127.8747258">
<ele>66.256</ele>
<time>2026-05-14T13:39:04Z</time>
<extensions>
<gpxtpx:TrackPointExtension>
<gpxtpx:hr>157</gpxtpx:hr>
</gpxtpx:TrackPointExtension>
</extensions>
</trkpt>
<trkpt lat="36.9664918" lon="127.8747562">
<ele>66.242</ele>
<time>2026-05-14T13:39:05Z</time>
<extensions>
<gpxtpx:TrackPointExtension>
<gpxtpx:hr>157</gpxtpx:hr>
</gpxtpx:TrackPointExtension>
</extensions>
</trkpt>
<trkpt lat="36.9664902" lon="127.8747855">
<ele>66.323</ele>
<time>2026-05-14T13:39:06Z</time>
<extensions>
<gpxtpx:TrackPointExtension>
<gpxtpx:hr>157</gpxtpx:hr>
<gpxtpx:cad>175</gpxtpx:cad>
</gpxtpx:TrackPointExtension>
</extensions>
</trkpt>
<trkpt lat="36.9664919" lon="127.8748138">
<ele>66.344</ele>
<time>2026-05-14T13:39:07Z</time>
<extensions>
<gpxtpx:TrackPointExtension>
<gpxtpx:hr>157</gpxtpx:hr>
</gpxtpx:TrackPointExtension>
</extensions>
</trkpt>
<trkpt lat="36.9664973" lon="127.874841">
<ele>66.294</ele>
<time>2026-05-14T13:39:08Z</time>
<extensions>
<gpxtpx:TrackPointExtension>
<gpxtpx:hr>156</gpxtpx:hr>
</gpxtpx:TrackPointExtension>
</extensions>
</trkpt>
<trkpt lat="36.9665043" lon="127.8748677">
<ele>66.292</ele>
<time>2026-05-14T13:39:09Z</time>
<extensions>
<gpxtpx:TrackPointExtension>
<gpxtpx:hr>156</gpxtpx:hr>
</gpxtpx:TrackPointExtension>
</extensions>
</trkpt>
<trkpt lat="36.9665135" lon="127.8748937">
<ele>66.331</ele>
<time>2026-05-14T13:39:10Z</time>
<extensions>
<gpxtpx:TrackPointExtension>
<gpxtpx:hr>156</gpxtpx:hr>
</gpxtpx:TrackPointExtension>
</extensions>
</trkpt>
<trkpt lat="36.9665247" lon="127.874919">
<ele>66.322</ele>
<time>2026-05-14T13:39:11Z</time>
<extensions>
<gpxtpx:TrackPointExtension>
<gpxtpx:hr>156</gpxtpx:hr>
<gpxtpx:cad>175</gpxtpx:cad>
</gpxtpx:TrackPointExtension>
</extensions>
</trkpt>
<trkpt lat="36.9665385" lon="127.8749429">
<ele>66.367</ele>
<time>2026-05-14T13:39:12Z</time>
<extensions>
<gpxtpx:TrackPointExtension>
<gpxtpx:hr>156</gpxtpx:hr>
</gpxtpx:TrackPointExtension>
</extensions>
</trkpt>
<trkpt lat="36.9665463" lon="127.8749693">
<ele>66.318</ele>
<time>2026-05-14T13:39:13Z</time>
<extensions>
<gpxtpx:TrackPointExtension>
<gpxtpx:hr>156</gpxtpx:hr>
</gpxtpx:TrackPointExtension>
</extensions>
</trkpt>
<trkpt lat="36.9665541" lon="127.8749958">
<ele>66.235</ele>
<time>2026-05-14T13:39:14Z</time>
<extensions>
<gpxtpx:TrackPointExtension>
<gpxtpx:hr>156</gpxtpx:hr>
</gpxtpx:TrackPointExtension>
</extensions>
</trkpt>
<trkpt lat="36.9665631" lon="127.8750221">
<ele>66.214</ele>
<time>2026-05-14T13:39:15Z</time>
<extensions>
<gpxtpx:TrackPointExtension>
<gpxtpx:hr>156</gpxtpx:hr>
</gpxtpx:TrackPointExtension>
</extensions>
</trkpt>
<trkpt lat="36.966576" lon="127.8750462">
<ele>66.164</ele>
<time>2026-05-14T13:39:16Z</time>
<extensions>
<gpxtpx:TrackPointExtension>
<gpxtpx:hr>156</gpxtpx:hr>
<gpxtpx:cad>175</gpxtpx:cad>
</gpxtpx:TrackPointExtension>
</extensions>
</trkpt>
<trkpt lat="36.966587" lon="127.8750718">
<ele>66.164</ele>
<time>2026-05-14T13:39:17Z</time>
<extensions>
<gpxtpx:TrackPointExtension>
<gpxtpx:hr>155</gpxtpx:hr>
</gpxtpx:TrackPointExtension>
</extensions>
</trkpt>
<trkpt lat="36.9666024" lon="127.8750937">
<ele>66.143</ele>
<time>2026-05-14T13:39:18Z</time>
<extensions>
<gpxtpx:TrackPointExtension>
<gpxtpx:hr>155</gpxtpx:hr>
</gpxtpx:TrackPointExtension>
</extensions>
</trkpt>
<trkpt lat="36.9666175" lon="127.8751156">
<ele>66.116</ele>
<time>2026-05-14T13:39:19Z</time>
<extensions>
<gpxtpx:TrackPointExtension>
<gpxtpx:hr>155</gpxtpx:hr>
</gpxtpx:TrackPointExtension>
</extensions>
</trkpt>
<trkpt lat="36.9666338" lon="127.8751357">
<ele>66.142</ele>
<time>2026-05-14T13:39:20Z</time>
<extensions>
<gpxtpx:TrackPointExtension>
<gpxtpx:hr>155</gpxtpx:hr>
</gpxtpx:TrackPointExtension>
</extensions>
</trkpt>
<trkpt lat="36.9666482" lon="127.8751586">
<ele>66.113</ele>
<time>2026-05-14T13:39:21Z</time>
<extensions>
<gpxtpx:TrackPointExtension>
<gpxtpx:hr>155</gpxtpx:hr>
<gpxtpx:cad>175</gpxtpx:cad>
</gpxtpx:TrackPointExtension>
</extensions>
</trkpt>
<trkpt lat="36.9666648" lon="127.8751783">
<ele>66.153</ele>
<time>2026-05-14T13:39:22Z</time>
<extensions>
<gpxtpx:TrackPointExtension>
<gpxtpx:hr>155</gpxtpx:hr>
</gpxtpx:TrackPointExtension>
</extensions>
</trkpt>
<trkpt lat="36.9666816" lon="127.8751979">
<ele>66.136</ele>
<time>2026-05-14T13:39:23Z</time>
<extensions>
<gpxtpx:TrackPointExtension>
<gpxtpx:hr>155</gpxtpx:hr>
<gpxtpx:cad>175</gpxtpx:cad>
</gpxtpx:TrackPointExtension>
</extensions>
</trkpt>
<trkpt lat="36.9666993" lon="127.8752157">
<ele>66.129</ele>
<time>2026-05-14T13:39:24Z</time>
<extensions>
<gpxtpx:TrackPointExtension>
<gpxtpx:hr>155</gpxtpx:hr>
</gpxtpx:TrackPointExtension>
</extensions>
</trkpt>
<trkpt lat="36.9667176" lon="127.8752327">
<ele>66.179</ele>
<time>2026-05-14T13:39:25Z</time>
<extensions>
<gpxtpx:TrackPointExtension>
<gpxtpx:hr>155</gpxtpx:hr>
</gpxtpx:TrackPointExtension>
</extensions>
</trkpt>
<trkpt lat="36.9667364" lon="127.875249">
<ele>66.186</ele>
<time>2026-05-14T13:39:26Z</time>
<extensions>
<gpxtpx:TrackPointExtension>
<gpxtpx:hr>155</gpxtpx:hr>
<gpxtpx:cad>175</gpxtpx:cad>
</gpxtpx:TrackPointExtension>
</extensions>
</trkpt>
<trkpt lat="36.9667552" lon="127.8752651">
<ele>66.191</ele>
<time>2026-05-14T13:39:27Z</time>
<extensions>
<gpxtpx:TrackPointExtension>
<gpxtpx:hr>155</gpxtpx:hr>
</gpxtpx:TrackPointExtension>
</extensions>
</trkpt>
<trkpt lat="36.9667757" lon="127.8752796">
<ele>66.182</ele>
<time>2026-05-14T13:39:28Z</time>
<extensions>
<gpxtpx:TrackPointExtension>
<gpxtpx:hr>154</gpxtpx:hr>
</gpxtpx:TrackPointExtension>
</extensions>
</trkpt>
<trkpt lat="36.9667957" lon="127.8752945">
<ele>66.224</ele>
<time>2026-05-14T13:39:29Z</time>
<extensions>
<gpxtpx:TrackPointExtension>
<gpxtpx:hr>154</gpxtpx:hr>
</gpxtpx:TrackPointExtension>
</extensions>
</trkpt>
<trkpt lat="36.9668168" lon="127.8753087">
<ele>66.308</ele>
<time>2026-05-14T13:39:30Z</time>
<extensions>
<gpxtpx:TrackPointExtension>
<gpxtpx:hr>154</gpxtpx:hr>
</gpxtpx:TrackPointExtension>
</extensions>
</trkpt>
<trkpt lat="36.9668385" lon="127.8753229">
<ele>66.274</ele>
<time>2026-05-14T13:39:31Z</time>
<extensions>
<gpxtpx:TrackPointExtension>
<gpxtpx:hr>154</gpxtpx:hr>
<gpxtpx:cad>173</gpxtpx:cad>
</gpxtpx:TrackPointExtension>
</extensions>
</trkpt>
<trkpt lat="36.9668612" lon="127.8753378">
<ele>66.267</ele>
<time>2026-05-14T13:39:32Z</time>
<extensions>
<gpxtpx:TrackPointExtension>
<gpxtpx:hr>153</gpxtpx:hr>
</gpxtpx:TrackPointExtension>
</extensions>
</trkpt>
<trkpt lat="36.9668831" lon="127.875353">
<ele>66.249</ele>
<time>2026-05-14T13:39:33Z</time>
<extensions>
<gpxtpx:TrackPointExtension>
<gpxtpx:hr>153</gpxtpx:hr>
</gpxtpx:TrackPointExtension>
</extensions>
</trkpt>
<trkpt lat="36.9669068" lon="127.8753682">
<ele>66.018</ele>
<time>2026-05-14T13:39:34Z</time>
<extensions>
<gpxtpx:TrackPointExtension>
<gpxtpx:hr>153</gpxtpx:hr>
</gpxtpx:TrackPointExtension>
</extensions>
</trkpt>
<trkpt lat="36.9669292" lon="127.8753834">
<ele>66.083</ele>
<time>2026-05-14T13:39:35Z</time>
<extensions>
<gpxtpx:TrackPointExtension>
<gpxtpx:hr>152</gpxtpx:hr>
</gpxtpx:TrackPointExtension>
</extensions>
</trkpt>
<trkpt lat="36.9669508" lon="127.8753982">
<ele>66.206</ele>
<time>2026-05-14T13:39:36Z</time>
<extensions>
<gpxtpx:TrackPointExtension>
<gpxtpx:hr>152</gpxtpx:hr>
<gpxtpx:cad>171</gpxtpx:cad>
</gpxtpx:TrackPointExtension>
</extensions>
</trkpt>
<trkpt lat="36.9669726" lon="127.8754128">
<ele>66.301</ele>
<time>2026-05-14T13:39:37Z</time>
<extensions>
<gpxtpx:TrackPointExtension>
<gpxtpx:hr>152</gpxtpx:hr>
</gpxtpx:TrackPointExtension>
</extensions>
</trkpt>
<trkpt lat="36.9669941" lon="127.8754274">
<ele>66.386</ele>
<time>2026-05-14T13:39:38Z</time>
<extensions>
<gpxtpx:TrackPointExtension>
<gpxtpx:hr>152</gpxtpx:hr>
</gpxtpx:TrackPointExtension>
</extensions>
</trkpt>
<trkpt lat="36.9670165" lon="127.875442">
<ele>66.329</ele>
<time>2026-05-14T13:39:39Z</time>
<extensions>
<gpxtpx:TrackPointExtension>
<gpxtpx:hr>152</gpxtpx:hr>
</gpxtpx:TrackPointExtension>
</extensions>
</trkpt>
<trkpt lat="36.9670389" lon="127.8754567">
<ele>66.387</ele>
<time>2026-05-14T13:39:40Z</time>
<extensions>
<gpxtpx:TrackPointExtension>
<gpxtpx:hr>153</gpxtpx:hr>
</gpxtpx:TrackPointExtension>
</extensions>
</trkpt>
<trkpt lat="36.9670621" lon="127.8754708">
<ele>66.396</ele>
<time>2026-05-14T13:39:41Z</time>
<extensions>
<gpxtpx:TrackPointExtension>
<gpxtpx:hr>153</gpxtpx:hr>
<gpxtpx:cad>173</gpxtpx:cad>
</gpxtpx:TrackPointExtension>
</extensions>
</trkpt>
<trkpt lat="36.9670848" lon="127.8754856">
<ele>66.461</ele>
<time>2026-05-14T13:39:42Z</time>
<extensions>
<gpxtpx:TrackPointExtension>
<gpxtpx:hr>153</gpxtpx:hr>
</gpxtpx:TrackPointExtension>
</extensions>
</trkpt>
<trkpt lat="36.9671079" lon="127.875499">
<ele>66.491</ele>
<time>2026-05-14T13:39:43Z</time>
<extensions>
<gpxtpx:TrackPointExtension>
<gpxtpx:hr>153</gpxtpx:hr>
</gpxtpx:TrackPointExtension>
</extensions>
</trkpt>
<trkpt lat="36.9671307" lon="127.8755138">
<ele>66.527</ele>
<time>2026-05-14T13:39:44Z</time>
<extensions>
<gpxtpx:TrackPointExtension>
<gpxtpx:hr>154</gpxtpx:hr>
</gpxtpx:TrackPointExtension>
</extensions>
</trkpt>
<trkpt lat="36.9671538" lon="127.8755262">
<ele>66.486</ele>
<time>2026-05-14T13:39:45Z</time>
<extensions>
<gpxtpx:TrackPointExtension>
<gpxtpx:hr>154</gpxtpx:hr>
</gpxtpx:TrackPointExtension>
</extensions>
</trkpt>
<trkpt lat="36.9671768" lon="127.8755407">
<ele>66.505</ele>
<time>2026-05-14T13:39:46Z</time>
<extensions>
<gpxtpx:TrackPointExtension>
<gpxtpx:hr>154</gpxtpx:hr>
<gpxtpx:cad>176</gpxtpx:cad>
</gpxtpx:TrackPointExtension>
</extensions>
</trkpt>
<trkpt lat="36.9672001" lon="127.8755522">
<ele>66.516</ele>
<time>2026-05-14T13:39:47Z</time>
<extensions>
<gpxtpx:TrackPointExtension>
<gpxtpx:hr>155</gpxtpx:hr>
</gpxtpx:TrackPointExtension>
</extensions>
</trkpt>
<trkpt lat="36.9672234" lon="127.8755636">
<ele>66.525</ele>
<time>2026-05-14T13:39:48Z</time>
<extensions>
<gpxtpx:TrackPointExtension>
<gpxtpx:hr>155</gpxtpx:hr>
</gpxtpx:TrackPointExtension>
</extensions>
</trkpt>
<trkpt lat="36.9672465" lon="127.875577">
<ele>66.527</ele>
<time>2026-05-14T13:39:49Z</time>
<extensions>
<gpxtpx:TrackPointExtension>
<gpxtpx:hr>156</gpxtpx:hr>
</gpxtpx:TrackPointExtension>
</extensions>
</trkpt>
<trkpt lat="36.9672699" lon="127.8755879">
<ele>66.527</ele>
<time>2026-05-14T13:39:50Z</time>
<extensions>
<gpxtpx:TrackPointExtension>
<gpxtpx:hr>156</gpxtpx:hr>
</gpxtpx:TrackPointExtension>
</extensions>
</trkpt>
<trkpt lat="36.9672933" lon="127.8756006">
<ele>66.498</ele>
<time>2026-05-14T13:39:51Z</time>
<extensions>
<gpxtpx:TrackPointExtension>
<gpxtpx:hr>156</gpxtpx:hr>
<gpxtpx:cad>177</gpxtpx:cad>
</gpxtpx:TrackPointExtension>
</extensions>
</trkpt>
<trkpt lat="36.9673169" lon="127.8756113">
<ele>66.478</ele>
<time>2026-05-14T13:39:52Z</time>
<extensions>
<gpxtpx:TrackPointExtension>
<gpxtpx:hr>156</gpxtpx:hr>
</gpxtpx:TrackPointExtension>
</extensions>
</trkpt>
<trkpt lat="36.9673405" lon="127.8756227">
<ele>66.507</ele>
<time>2026-05-14T13:39:53Z</time>
<extensions>
<gpxtpx:TrackPointExtension>
<gpxtpx:hr>157</gpxtpx:hr>
</gpxtpx:TrackPointExtension>
</extensions>
</trkpt>
<trkpt lat="36.9673641" lon="127.875634">
<ele>66.595</ele>
<time>2026-05-14T13:39:54Z</time>
<extensions>
<gpxtpx:TrackPointExtension>
<gpxtpx:hr>157</gpxtpx:hr>
</gpxtpx:TrackPointExtension>
</extensions>
</trkpt>
<trkpt lat="36.9673878" lon="127.8756452">
<ele>66.606</ele>
<time>2026-05-14T13:39:55Z</time>
<extensions>
<gpxtpx:TrackPointExtension>
<gpxtpx:hr>157</gpxtpx:hr>
</gpxtpx:TrackPointExtension>
</extensions>
</trkpt>
<trkpt lat="36.9674113" lon="127.8756564">
<ele>66.56</ele>
<time>2026-05-14T13:39:56Z</time>
<extensions>
<gpxtpx:TrackPointExtension>
<gpxtpx:hr>157</gpxtpx:hr>
<gpxtpx:cad>177</gpxtpx:cad>
</gpxtpx:TrackPointExtension>
</extensions>
</trkpt>
<trkpt lat="36.9674351" lon="127.8756672">
<ele>66.604</ele>
<time>2026-05-14T13:39:57Z</time>
<extensions>
<gpxtpx:TrackPointExtension>
<gpxtpx:hr>157</gpxtpx:hr>
</gpxtpx:TrackPointExtension>
</extensions>
</trkpt>
<trkpt lat="36.9674585" lon="127.8756777">
<ele>66.618</ele>
<time>2026-05-14T13:39:58Z</time>
<extensions>
<gpxtpx:TrackPointExtension>
<gpxtpx:hr>157</gpxtpx:hr>
</gpxtpx:TrackPointExtension>
</extensions>
</trkpt>
<trkpt lat="36.9674831" lon="127.8756886">
<ele>66.626</ele>
<time>2026-05-14T13:39:59Z</time>
<extensions>
<gpxtpx:TrackPointExtension>
<gpxtpx:hr>157</gpxtpx:hr>
<gpxtpx:cad>177</gpxtpx:cad>
</gpxtpx:TrackPointExtension>
</extensions>
</trkpt>
<trkpt lat="36.9675077" lon="127.8756993">
<ele>66.62</ele>
<time>2026-05-14T13:40:00Z</time>
<extensions>
<gpxtpx:TrackPointExtension>
<gpxtpx:hr>157</gpxtpx:hr>
</gpxtpx:TrackPointExtension>
</extensions>
</trkpt>
<trkpt lat="36.967533" lon="127.8757101">
<ele>66.525</ele>
<time>2026-05-14T13:40:01Z</time>
<extensions>
<gpxtpx:TrackPointExtension>
<gpxtpx:hr>157</gpxtpx:hr>
<gpxtpx:cad>177</gpxtpx:cad>
</gpxtpx:TrackPointExtension>
</extensions>
</trkpt>
<trkpt lat="36.9675571" lon="127.8757205">
<ele>66.477</ele>
<time>2026-05-14T13:40:02Z</time>
<extensions>
<gpxtpx:TrackPointExtension>
<gpxtpx:hr>157</gpxtpx:hr>
</gpxtpx:TrackPointExtension>
</extensions>
</trkpt>
<trkpt lat="36.9675816" lon="127.8757309">
<ele>66.402</ele>
<time>2026-05-14T13:40:03Z</time>
<extensions>
<gpxtpx:TrackPointExtension>
<gpxtpx:hr>157</gpxtpx:hr>
</gpxtpx:TrackPointExtension>
</extensions>
</trkpt>
<trkpt lat="36.9676063" lon="127.8757412">
<ele>66.425</ele>
<time>2026-05-14T13:40:04Z</time>
<extensions>
<gpxtpx:TrackPointExtension>
<gpxtpx:hr>157</gpxtpx:hr>
</gpxtpx:TrackPointExtension>
</extensions>
</trkpt>
<trkpt lat="36.9676309" lon="127.8757516">
<ele>66.401</ele>
<time>2026-05-14T13:40:05Z</time>
<extensions>
<gpxtpx:TrackPointExtension>
<gpxtpx:hr>156</gpxtpx:hr>
</gpxtpx:TrackPointExtension>
</extensions>
</trkpt>
<trkpt lat="36.9676557" lon="127.875762">
<ele>66.436</ele>
<time>2026-05-14T13:40:06Z</time>
<extensions>
<gpxtpx:TrackPointExtension>
<gpxtpx:hr>157</gpxtpx:hr>
<gpxtpx:cad>176</gpxtpx:cad>
</gpxtpx:TrackPointExtension>
</extensions>
</trkpt>
<trkpt lat="36.9676807" lon="127.8757724">
<ele>66.393</ele>
<time>2026-05-14T13:40:07Z</time>
<extensions>
<gpxtpx:TrackPointExtension>
<gpxtpx:hr>157</gpxtpx:hr>
</gpxtpx:TrackPointExtension>
</extensions>
</trkpt>
<trkpt lat="36.9677059" lon="127.8757825">
<ele>66.36</ele>
<time>2026-05-14T13:40:08Z</time>
<extensions>
<gpxtpx:TrackPointExtension>
<gpxtpx:hr>157</gpxtpx:hr>
</gpxtpx:TrackPointExtension>
</extensions>
</trkpt>
<trkpt lat="36.9677311" lon="127.8757924">
<ele>66.322</ele>
<time>2026-05-14T13:40:09Z</time>
<extensions>
<gpxtpx:TrackPointExtension>
<gpxtpx:hr>157</gpxtpx:hr>
</gpxtpx:TrackPointExtension>
</extensions>
</trkpt>
<trkpt lat="36.9677563" lon="127.8758032">
<ele>66.272</ele>
<time>2026-05-14T13:40:10Z</time>
<extensions>
<gpxtpx:TrackPointExtension>
<gpxtpx:hr>158</gpxtpx:hr>
</gpxtpx:TrackPointExtension>
</extensions>
</trkpt>
<trkpt lat="36.9677814" lon="127.8758114">
<ele>66.251</ele>
<time>2026-05-14T13:40:11Z</time>
<extensions>
<gpxtpx:TrackPointExtension>
<gpxtpx:hr>158</gpxtpx:hr>
<gpxtpx:cad>176</gpxtpx:cad>
</gpxtpx:TrackPointExtension>
</extensions>
</trkpt>
<trkpt lat="36.9678065" lon="127.8758204">
<ele>66.245</ele>
<time>2026-05-14T13:40:12Z</time>
<extensions>
<gpxtpx:TrackPointExtension>
<gpxtpx:hr>158</gpxtpx:hr>
</gpxtpx:TrackPointExtension>
</extensions>
</trkpt>
<trkpt lat="36.9678314" lon="127.8758279">
<ele>66.233</ele>
<time>2026-05-14T13:40:13Z</time>
<extensions>
<gpxtpx:TrackPointExtension>
<gpxtpx:hr>158</gpxtpx:hr>
</gpxtpx:TrackPointExtension>
</extensions>
</trkpt>
<trkpt lat="36.9678567" lon="127.8758375">
<ele>66.242</ele>
<time>2026-05-14T13:40:14Z</time>
<extensions>
<gpxtpx:TrackPointExtension>
<gpxtpx:hr>158</gpxtpx:hr>
</gpxtpx:TrackPointExtension>
</extensions>
</trkpt>
<trkpt lat="36.9678816" lon="127.8758447">
<ele>66.241</ele>
<time>2026-05-14T13:40:15Z</time>
<extensions>
<gpxtpx:TrackPointExtension>
<gpxtpx:hr>158</gpxtpx:hr>
</gpxtpx:TrackPointExtension>
</extensions>
</trkpt>
<trkpt lat="36.9679069" lon="127.8758537">
<ele>66.177</ele>
<time>2026-05-14T13:40:16Z</time>
<extensions>
<gpxtpx:TrackPointExtension>
<gpxtpx:hr>158</gpxtpx:hr>
<gpxtpx:cad>178</gpxtpx:cad>
</gpxtpx:TrackPointExtension>
</extensions>
</trkpt>
<trkpt lat="36.9679321" lon="127.8758622">
<ele>66.138</ele>
<time>2026-05-14T13:40:17Z</time>
<extensions>
<gpxtpx:TrackPointExtension>
<gpxtpx:hr>158</gpxtpx:hr>
</gpxtpx:TrackPointExtension>
</extensions>
</trkpt>
<trkpt lat="36.967957" lon="127.8758691">
<ele>66.167</ele>
<time>2026-05-14T13:40:18Z</time>
<extensions>
<gpxtpx:TrackPointExtension>
<gpxtpx:hr>158</gpxtpx:hr>
</gpxtpx:TrackPointExtension>
</extensions>
</trkpt>
<trkpt lat="36.9679821" lon="127.8758765">
<ele>66.173</ele>
<time>2026-05-14T13:40:19Z</time>
<extensions>
<gpxtpx:TrackPointExtension>
<gpxtpx:hr>158</gpxtpx:hr>
</gpxtpx:TrackPointExtension>
</extensions>
</trkpt>
<trkpt lat="36.9680071" lon="127.8758839">
<ele>66.126</ele>
<time>2026-05-14T13:40:20Z</time>
<extensions>
<gpxtpx:TrackPointExtension>
<gpxtpx:hr>158</gpxtpx:hr>
</gpxtpx:TrackPointExtension>
</extensions>
</trkpt>
<trkpt lat="36.9680322" lon="127.8758915">
<ele>66.179</ele>
<time>2026-05-14T13:40:21Z</time>
<extensions>
<gpxtpx:TrackPointExtension>
<gpxtpx:hr>159</gpxtpx:hr>
<gpxtpx:cad>178</gpxtpx:cad>
</gpxtpx:TrackPointExtension>
</extensions>
</trkpt>
<trkpt lat="36.9680572" lon="127.8758986">
<ele>66.25</ele>
<time>2026-05-14T13:40:22Z</time>
<extensions>
<gpxtpx:TrackPointExtension>
<gpxtpx:hr>159</gpxtpx:hr>
</gpxtpx:TrackPointExtension>
</extensions>
</trkpt>
<trkpt lat="36.9680825" lon="127.8759063">
<ele>66.327</ele>
<time>2026-05-14T13:40:23Z</time>
<extensions>
<gpxtpx:TrackPointExtension>
<gpxtpx:hr>159</gpxtpx:hr>
</gpxtpx:TrackPointExtension>
</extensions>
</trkpt>
<trkpt lat="36.9681074" lon="127.8759134">
<ele>66.442</ele>
<time>2026-05-14T13:40:24Z</time>
<extensions>
<gpxtpx:TrackPointExtension>
<gpxtpx:hr>159</gpxtpx:hr>
</gpxtpx:TrackPointExtension>
</extensions>
</trkpt>
<trkpt lat="36.9681322" lon="127.8759203">
<ele>66.505</ele>
<time>2026-05-14T13:40:25Z</time>
<extensions>
<gpxtpx:TrackPointExtension>
<gpxtpx:hr>159</gpxtpx:hr>
</gpxtpx:TrackPointExtension>
</extensions>
</trkpt>
<trkpt lat="36.9681575" lon="127.8759283">
<ele>66.516</ele>
<time>2026-05-14T13:40:26Z</time>
<extensions>
<gpxtpx:TrackPointExtension>
<gpxtpx:hr>159</gpxtpx:hr>
<gpxtpx:cad>176</gpxtpx:cad>
</gpxtpx:TrackPointExtension>
</extensions>
</trkpt>
<trkpt lat="36.9681826" lon="127.8759356">
<ele>66.539</ele>
<time>2026-05-14T13:40:27Z</time>
<extensions>
<gpxtpx:TrackPointExtension>
<gpxtpx:hr>159</gpxtpx:hr>
</gpxtpx:TrackPointExtension>
</extensions>
</trkpt>
<trkpt lat="36.968208" lon="127.8759435">
<ele>66.526</ele>
<time>2026-05-14T13:40:28Z</time>
<extensions>
<gpxtpx:TrackPointExtension>
<gpxtpx:hr>159</gpxtpx:hr>
</gpxtpx:TrackPointExtension>
</extensions>
</trkpt>
<trkpt lat="36.9682331" lon="127.8759504">
<ele>66.537</ele>
<time>2026-05-14T13:40:29Z</time>
<extensions>
<gpxtpx:TrackPointExtension>
<gpxtpx:hr>159</gpxtpx:hr>
</gpxtpx:TrackPointExtension>
</extensions>
</trkpt>
<trkpt lat="36.9682582" lon="127.8759576">
<ele>66.52</ele>
<time>2026-05-14T13:40:30Z</time>
<extensions>
<gpxtpx:TrackPointExtension>
<gpxtpx:hr>159</gpxtpx:hr>
</gpxtpx:TrackPointExtension>
</extensions>
</trkpt>
<trkpt lat="36.9682833" lon="127.8759646">
<ele>66.543</ele>
<time>2026-05-14T13:40:31Z</time>
<extensions>
<gpxtpx:TrackPointExtension>
<gpxtpx:hr>159</gpxtpx:hr>
<gpxtpx:cad>176</gpxtpx:cad>
</gpxtpx:TrackPointExtension>
</extensions>
</trkpt>
<trkpt lat="36.9683085" lon="127.8759723">
<ele>66.55</ele>
<time>2026-05-14T13:40:32Z</time>
<extensions>
<gpxtpx:TrackPointExtension>
<gpxtpx:hr>158</gpxtpx:hr>
</gpxtpx:TrackPointExtension>
</extensions>
</trkpt>
<trkpt lat="36.9683339" lon="127.8759802">
<ele>66.528</ele>
<time>2026-05-14T13:40:33Z</time>
<extensions>
<gpxtpx:TrackPointExtension>
<gpxtpx:hr>159</gpxtpx:hr>
<gpxtpx:cad>176</gpxtpx:cad>
</gpxtpx:TrackPointExtension>
</extensions>
</trkpt>
<trkpt lat="36.9683591" lon="127.8759884">
<ele>66.58</ele>
<time>2026-05-14T13:40:34Z</time>
<extensions>
<gpxtpx:TrackPointExtension>
<gpxtpx:hr>159</gpxtpx:hr>
</gpxtpx:TrackPointExtension>
</extensions>
</trkpt>
<trkpt lat="36.9683843" lon="127.8759965">
<ele>66.518</ele>
<time>2026-05-14T13:40:35Z</time>
<extensions>
<gpxtpx:TrackPointExtension>
<gpxtpx:hr>159</gpxtpx:hr>
</gpxtpx:TrackPointExtension>
</extensions>
</trkpt>
<trkpt lat="36.9684094" lon="127.8760048">
<ele>66.532</ele>
<time>2026-05-14T13:40:36Z</time>
<extensions>
<gpxtpx:TrackPointExtension>
<gpxtpx:hr>159</gpxtpx:hr>
<gpxtpx:cad>175</gpxtpx:cad>
</gpxtpx:TrackPointExtension>
</extensions>
</trkpt>
<trkpt lat="36.9684338" lon="127.8760137">
<ele>66.537</ele>
<time>2026-05-14T13:40:37Z</time>
<extensions>
<gpxtpx:TrackPointExtension>
<gpxtpx:hr>159</gpxtpx:hr>
</gpxtpx:TrackPointExtension>
</extensions>
</trkpt>
<trkpt lat="36.9684595" lon="127.8760213">
<ele>66.554</ele>
<time>2026-05-14T13:40:38Z</time>
<extensions>
<gpxtpx:TrackPointExtension>
<gpxtpx:hr>158</gpxtpx:hr>
</gpxtpx:TrackPointExtension>
</extensions>
</trkpt>
<trkpt lat="36.9684843" lon="127.8760291">
<ele>66.412</ele>
<time>2026-05-14T13:40:39Z</time>
<extensions>
<gpxtpx:TrackPointExtension>
<gpxtpx:hr>158</gpxtpx:hr>
</gpxtpx:TrackPointExtension>
</extensions>
</trkpt>
<trkpt lat="36.9685092" lon="127.8760367">
<ele>66.212</ele>
<time>2026-05-14T13:40:40Z</time>
<extensions>
<gpxtpx:TrackPointExtension>
<gpxtpx:hr>158</gpxtpx:hr>
</gpxtpx:TrackPointExtension>
</extensions>
</trkpt>
<trkpt lat="36.9685335" lon="127.8760452">
<ele>66.351</ele>
<time>2026-05-14T13:40:41Z</time>
<extensions>
<gpxtpx:TrackPointExtension>
<gpxtpx:hr>158</gpxtpx:hr>
<gpxtpx:cad>173</gpxtpx:cad>
</gpxtpx:TrackPointExtension>
</extensions>
</trkpt>
<trkpt lat="36.9685572" lon="127.8760552">
<ele>66.548</ele>
<time>2026-05-14T13:40:42Z</time>
<extensions>
<gpxtpx:TrackPointExtension>
<gpxtpx:hr>158</gpxtpx:hr>
</gpxtpx:TrackPointExtension>
</extensions>
</trkpt>
<trkpt lat="36.9685806" lon="127.8760659">
<ele>66.617</ele>
<time>2026-05-14T13:40:43Z</time>
<extensions>
<gpxtpx:TrackPointExtension>
<gpxtpx:hr>158</gpxtpx:hr>
</gpxtpx:TrackPointExtension>
</extensions>
</trkpt>
<trkpt lat="36.9686026" lon="127.8760791">
<ele>66.686</ele>
<time>2026-05-14T13:40:44Z</time>
<extensions>
<gpxtpx:TrackPointExtension>
<gpxtpx:hr>157</gpxtpx:hr>
</gpxtpx:TrackPointExtension>
</extensions>
</trkpt>
<trkpt lat="36.9686267" lon="127.876088">
<ele>66.636</ele>
<time>2026-05-14T13:40:45Z</time>
<extensions>
<gpxtpx:TrackPointExtension>
<gpxtpx:hr>157</gpxtpx:hr>
</gpxtpx:TrackPointExtension>
</extensions>
</trkpt>
<trkpt lat="36.9686499" lon="127.8760993">
<ele>66.641</ele>
<time>2026-05-14T13:40:46Z</time>
<extensions>
<gpxtpx:TrackPointExtension>
<gpxtpx:hr>157</gpxtpx:hr>
<gpxtpx:cad>167</gpxtpx:cad>
</gpxtpx:TrackPointExtension>
</extensions>
</trkpt>
<trkpt lat="36.9686738" lon="127.8761084">
<ele>66.691</ele>
<time>2026-05-14T13:40:47Z</time>
<extensions>
<gpxtpx:TrackPointExtension>
<gpxtpx:hr>157</gpxtpx:hr>
</gpxtpx:TrackPointExtension>
</extensions>
</trkpt>
<trkpt lat="36.9686972" lon="127.8761197">
<ele>66.721</ele>
<time>2026-05-14T13:40:48Z</time>
<extensions>
<gpxtpx:TrackPointExtension>
<gpxtpx:hr>157</gpxtpx:hr>
</gpxtpx:TrackPointExtension>
</extensions>
</trkpt>
<trkpt lat="36.9687206" lon="127.8761307">
<ele>66.667</ele>
<time>2026-05-14T13:40:49Z</time>
<extensions>
<gpxtpx:TrackPointExtension>
<gpxtpx:hr>157</gpxtpx:hr>
</gpxtpx:TrackPointExtension>
</extensions>
</trkpt>
<trkpt lat="36.9687437" lon="127.8761421">
<ele>66.594</ele>
<time>2026-05-14T13:40:50Z</time>
<extensions>
<gpxtpx:TrackPointExtension>
<gpxtpx:hr>157</gpxtpx:hr>
</gpxtpx:TrackPointExtension>
</extensions>
</trkpt>
<trkpt lat="36.9687667" lon="127.876154">
<ele>66.606</ele>
<time>2026-05-14T13:40:51Z</time>
<extensions>
<gpxtpx:TrackPointExtension>
<gpxtpx:hr>157</gpxtpx:hr>
<gpxtpx:cad>167</gpxtpx:cad>
</gpxtpx:TrackPointExtension>
</extensions>
</trkpt>
<trkpt lat="36.9687899" lon="127.8761659">
<ele>66.517</ele>
<time>2026-05-14T13:40:52Z</time>
<extensions>
<gpxtpx:TrackPointExtension>
<gpxtpx:hr>157</gpxtpx:hr>
</gpxtpx:TrackPointExtension>
</extensions>
</trkpt>
<trkpt lat="36.9688131" lon="127.8761778">
<ele>66.436</ele>
<time>2026-05-14T13:40:53Z</time>
<extensions>
<gpxtpx:TrackPointExtension>
<gpxtpx:hr>156</gpxtpx:hr>
</gpxtpx:TrackPointExtension>
</extensions>
</trkpt>
<trkpt lat="36.9688372" lon="127.8761897">
<ele>66.465</ele>
<time>2026-05-14T13:40:54Z</time>
<extensions>
<gpxtpx:TrackPointExtension>
<gpxtpx:hr>156</gpxtpx:hr>
</gpxtpx:TrackPointExtension>
</extensions>
</trkpt>
<trkpt lat="36.9688613" lon="127.8762018">
<ele>66.37</ele>
<time>2026-05-14T13:40:55Z</time>
<extensions>
<gpxtpx:TrackPointExtension>
<gpxtpx:hr>156</gpxtpx:hr>
</gpxtpx:TrackPointExtension>
</extensions>
</trkpt>
<trkpt lat="36.9688854" lon="127.8762142">
<ele>66.353</ele>
<time>2026-05-14T13:40:56Z</time>
<extensions>
<gpxtpx:TrackPointExtension>
<gpxtpx:hr>156</gpxtpx:hr>
<gpxtpx:cad>174</gpxtpx:cad>
</gpxtpx:TrackPointExtension>
</extensions>
</trkpt>
<trkpt lat="36.968909" lon="127.8762265">
<ele>66.329</ele>
<time>2026-05-14T13:40:57Z</time>
<extensions>
<gpxtpx:TrackPointExtension>
<gpxtpx:hr>156</gpxtpx:hr>
</gpxtpx:TrackPointExtension>
</extensions>
</trkpt>
<trkpt lat="36.9689326" lon="127.8762391">
<ele>66.366</ele>
<time>2026-05-14T13:40:58Z</time>
<extensions>
<gpxtpx:TrackPointExtension>
<gpxtpx:hr>157</gpxtpx:hr>
</gpxtpx:TrackPointExtension>
</extensions>
</trkpt>
<trkpt lat="36.9689558" lon="127.8762529">
<ele>66.433</ele>
<time>2026-05-14T13:40:59Z</time>
<extensions>
<gpxtpx:TrackPointExtension>
<gpxtpx:hr>157</gpxtpx:hr>
</gpxtpx:TrackPointExtension>
</extensions>
</trkpt>
<trkpt lat="36.9689795" lon="127.8762652">
<ele>66.436</ele>
<time>2026-05-14T13:41:00Z</time>
<extensions>
<gpxtpx:TrackPointExtension>
<gpxtpx:hr>157</gpxtpx:hr>
</gpxtpx:TrackPointExtension>
</extensions>
</trkpt>
<trkpt lat="36.9690021" lon="127.87628">
<ele>66.419</ele>
<time>2026-05-14T13:41:01Z</time>
<extensions>
<gpxtpx:TrackPointExtension>
<gpxtpx:hr>157</gpxtpx:hr>
<gpxtpx:cad>173</gpxtpx:cad>
</gpxtpx:TrackPointExtension>
</extensions>
</trkpt>
<trkpt lat="36.969026" lon="127.8762925">
<ele>66.416</ele>
<time>2026-05-14T13:41:02Z</time>
<extensions>
<gpxtpx:TrackPointExtension>
<gpxtpx:hr>157</gpxtpx:hr>
</gpxtpx:TrackPointExtension>
</extensions>
</trkpt>
<trkpt lat="36.9690481" lon="127.8763082">
<ele>66.388</ele>
<time>2026-05-14T13:41:03Z</time>
<extensions>
<gpxtpx:TrackPointExtension>
<gpxtpx:hr>157</gpxtpx:hr>
</gpxtpx:TrackPointExtension>
</extensions>
</trkpt>
<trkpt lat="36.9690708" lon="127.8763228">
<ele>66.373</ele>
<time>2026-05-14T13:41:04Z</time>
<extensions>
<gpxtpx:TrackPointExtension>
<gpxtpx:hr>157</gpxtpx:hr>
</gpxtpx:TrackPointExtension>
</extensions>
</trkpt>
<trkpt lat="36.9690924" lon="127.8763396">
<ele>66.435</ele>
<time>2026-05-14T13:41:05Z</time>
<extensions>
<gpxtpx:TrackPointExtension>
<gpxtpx:hr>157</gpxtpx:hr>
</gpxtpx:TrackPointExtension>
</extensions>
</trkpt>
<trkpt lat="36.9691146" lon="127.8763552">
<ele>66.389</ele>
<time>2026-05-14T13:41:06Z</time>
<extensions>
<gpxtpx:TrackPointExtension>
<gpxtpx:hr>157</gpxtpx:hr>
<gpxtpx:cad>172</gpxtpx:cad>
</gpxtpx:TrackPointExtension>
</extensions>
</trkpt>
<trkpt lat="36.9691365" lon="127.8763714">
<ele>66.35</ele>
<time>2026-05-14T13:41:07Z</time>
<extensions>
<gpxtpx:TrackPointExtension>
<gpxtpx:hr>158</gpxtpx:hr>
</gpxtpx:TrackPointExtension>
</extensions>
</trkpt>
<trkpt lat="36.9691581" lon="127.8763882">
<ele>66.23</ele>
<time>2026-05-14T13:41:08Z</time>
<extensions>
<gpxtpx:TrackPointExtension>
<gpxtpx:hr>158</gpxtpx:hr>
</gpxtpx:TrackPointExtension>
</extensions>
</trkpt>
<trkpt lat="36.9691806" lon="127.8764036">
<ele>66.334</ele>
<time>2026-05-14T13:41:09Z</time>
<extensions>
<gpxtpx:TrackPointExtension>
<gpxtpx:hr>158</gpxtpx:hr>
<gpxtpx:cad>175</gpxtpx:cad>
</gpxtpx:TrackPointExtension>
</extensions>
</trkpt>
<trkpt lat="36.9692002" lon="127.876423">
<ele>66.422</ele>
<time>2026-05-14T13:41:10Z</time>
<extensions>
<gpxtpx:TrackPointExtension>
<gpxtpx:hr>158</gpxtpx:hr>
</gpxtpx:TrackPointExtension>
</extensions>
</trkpt>
<trkpt lat="36.9692218" lon="127.8764396">
<ele>66.414</ele>
<time>2026-05-14T13:41:11Z</time>
<extensions>
<gpxtpx:TrackPointExtension>
<gpxtpx:hr>158</gpxtpx:hr>
<gpxtpx:cad>175</gpxtpx:cad>
</gpxtpx:TrackPointExtension>
</extensions>
</trkpt>
<trkpt lat="36.9692425" lon="127.8764575">
<ele>66.47</ele>
<time>2026-05-14T13:41:12Z</time>
<extensions>
<gpxtpx:TrackPointExtension>
<gpxtpx:hr>158</gpxtpx:hr>
</gpxtpx:TrackPointExtension>
</extensions>
</trkpt>
<trkpt lat="36.9692615" lon="127.876478">
<ele>66.498</ele>
<time>2026-05-14T13:41:13Z</time>
<extensions>
<gpxtpx:TrackPointExtension>
<gpxtpx:hr>158</gpxtpx:hr>
</gpxtpx:TrackPointExtension>
</extensions>
</trkpt>
<trkpt lat="36.9692817" lon="127.8764964">
<ele>66.48</ele>
<time>2026-05-14T13:41:14Z</time>
<extensions>
<gpxtpx:TrackPointExtension>
<gpxtpx:hr>158</gpxtpx:hr>
</gpxtpx:TrackPointExtension>
</extensions>
</trkpt>
<trkpt lat="36.9693013" lon="127.8765158">
<ele>66.507</ele>
<time>2026-05-14T13:41:15Z</time>
<extensions>
<gpxtpx:TrackPointExtension>
<gpxtpx:hr>158</gpxtpx:hr>
</gpxtpx:TrackPointExtension>
</extensions>
</trkpt>
<trkpt lat="36.969321" lon="127.8765345">
<ele>66.49</ele>
<time>2026-05-14T13:41:16Z</time>
<extensions>
<gpxtpx:TrackPointExtension>
<gpxtpx:hr>158</gpxtpx:hr>
<gpxtpx:cad>175</gpxtpx:cad>
</gpxtpx:TrackPointExtension>
</extensions>
</trkpt>
<trkpt lat="36.9693413" lon="127.8765526">
<ele>66.467</ele>
<time>2026-05-14T13:41:17Z</time>
<extensions>
<gpxtpx:TrackPointExtension>
<gpxtpx:hr>158</gpxtpx:hr>
</gpxtpx:TrackPointExtension>
</extensions>
</trkpt>
<trkpt lat="36.9693607" lon="127.8765719">
<ele>66.371</ele>
<time>2026-05-14T13:41:18Z</time>
<extensions>
<gpxtpx:TrackPointExtension>
<gpxtpx:hr>158</gpxtpx:hr>
</gpxtpx:TrackPointExtension>
</extensions>
</trkpt>
<trkpt lat="36.9693814" lon="127.8765894">
<ele>66.409</ele>
<time>2026-05-14T13:41:19Z</time>
<extensions>
<gpxtpx:TrackPointExtension>
<gpxtpx:hr>158</gpxtpx:hr>
</gpxtpx:TrackPointExtension>
</extensions>
</trkpt>
<trkpt lat="36.9694016" lon="127.8766079">
<ele>66.296</ele>
<time>2026-05-14T13:41:20Z</time>
<extensions>
<gpxtpx:TrackPointExtension>
<gpxtpx:hr>159</gpxtpx:hr>
</gpxtpx:TrackPointExtension>
</extensions>
</trkpt>
<trkpt lat="36.9694219" lon="127.8766265">
<ele>66.214</ele>
<time>2026-05-14T13:41:21Z</time>
<extensions>
<gpxtpx:TrackPointExtension>
<gpxtpx:hr>158</gpxtpx:hr>
<gpxtpx:cad>180</gpxtpx:cad>
</gpxtpx:TrackPointExtension>
</extensions>
</trkpt>
<trkpt lat="36.9694436" lon="127.8766417">
<ele>66.281</ele>
<time>2026-05-14T13:41:22Z</time>
<extensions>
<gpxtpx:TrackPointExtension>
<gpxtpx:hr>158</gpxtpx:hr>
</gpxtpx:TrackPointExtension>
</extensions>
</trkpt>
<trkpt lat="36.9694637" lon="127.8766605">
<ele>66.324</ele>
<time>2026-05-14T13:41:23Z</time>
<extensions>
<gpxtpx:TrackPointExtension>
<gpxtpx:hr>158</gpxtpx:hr>
</gpxtpx:TrackPointExtension>
</extensions>
</trkpt>
<trkpt lat="36.969486" lon="127.8766744">
<ele>66.312</ele>
<time>2026-05-14T13:41:24Z</time>
<extensions>
<gpxtpx:TrackPointExtension>
<gpxtpx:hr>158</gpxtpx:hr>
</gpxtpx:TrackPointExtension>
</extensions>
</trkpt>
<trkpt lat="36.9695065" lon="127.8766923">
<ele>66.377</ele>
<time>2026-05-14T13:41:25Z</time>
<extensions>
<gpxtpx:TrackPointExtension>
<gpxtpx:hr>158</gpxtpx:hr>
</gpxtpx:TrackPointExtension>
</extensions>
</trkpt>
<trkpt lat="36.9695282" lon="127.8767074">
<ele>66.345</ele>
<time>2026-05-14T13:41:26Z</time>
<extensions>
<gpxtpx:TrackPointExtension>
<gpxtpx:hr>158</gpxtpx:hr>
<gpxtpx:cad>181</gpxtpx:cad>
</gpxtpx:TrackPointExtension>
</extensions>
</trkpt>
<trkpt lat="36.9695501" lon="127.8767219">
<ele>66.339</ele>
<time>2026-05-14T13:41:27Z</time>
<extensions>
<gpxtpx:TrackPointExtension>
<gpxtpx:hr>158</gpxtpx:hr>
</gpxtpx:TrackPointExtension>
</extensions>
</trkpt>
<trkpt lat="36.9695723" lon="127.8767359">
<ele>66.339</ele>
<time>2026-05-14T13:41:28Z</time>
<extensions>
<gpxtpx:TrackPointExtension>
<gpxtpx:hr>158</gpxtpx:hr>
</gpxtpx:TrackPointExtension>
</extensions>
</trkpt>
<trkpt lat="36.9695946" lon="127.8767493">
<ele>66.368</ele>
<time>2026-05-14T13:41:29Z</time>
<extensions>
<gpxtpx:TrackPointExtension>
<gpxtpx:hr>158</gpxtpx:hr>
</gpxtpx:TrackPointExtension>
</extensions>
</trkpt>
<trkpt lat="36.9696173" lon="127.8767622">
<ele>66.364</ele>
<time>2026-05-14T13:41:30Z</time>
<extensions>
<gpxtpx:TrackPointExtension>
<gpxtpx:hr>158</gpxtpx:hr>
</gpxtpx:TrackPointExtension>
</extensions>
</trkpt>
<trkpt lat="36.969641" lon="127.8767732">
<ele>66.364</ele>
<time>2026-05-14T13:41:31Z</time>
<extensions>
<gpxtpx:TrackPointExtension>
<gpxtpx:hr>158</gpxtpx:hr>
<gpxtpx:cad>181</gpxtpx:cad>
</gpxtpx:TrackPointExtension>
</extensions>
</trkpt>
<trkpt lat="36.9696634" lon="127.8767866">
<ele>66.344</ele>
<time>2026-05-14T13:41:32Z</time>
<extensions>
<gpxtpx:TrackPointExtension>
<gpxtpx:hr>158</gpxtpx:hr>
</gpxtpx:TrackPointExtension>
</extensions>
</trkpt>
<trkpt lat="36.9696871" lon="127.8767975">
<ele>66.299</ele>
<time>2026-05-14T13:41:33Z</time>
<extensions>
<gpxtpx:TrackPointExtension>
<gpxtpx:hr>158</gpxtpx:hr>
</gpxtpx:TrackPointExtension>
</extensions>
</trkpt>
<trkpt lat="36.9697106" lon="127.8768086">
<ele>66.376</ele>
<time>2026-05-14T13:41:34Z</time>
<extensions>
<gpxtpx:TrackPointExtension>
<gpxtpx:hr>158</gpxtpx:hr>
</gpxtpx:TrackPointExtension>
</extensions>
</trkpt>
<trkpt lat="36.9697339" lon="127.8768205">
<ele>66.417</ele>
<time>2026-05-14T13:41:35Z</time>
<extensions>
<gpxtpx:TrackPointExtension>
<gpxtpx:hr>158</gpxtpx:hr>
</gpxtpx:TrackPointExtension>
</extensions>
</trkpt>
<trkpt lat="36.9697574" lon="127.8768317">
<ele>66.477</ele>
<time>2026-05-14T13:41:36Z</time>
<extensions>
<gpxtpx:TrackPointExtension>
<gpxtpx:hr>158</gpxtpx:hr>
<gpxtpx:cad>184</gpxtpx:cad>
</gpxtpx:TrackPointExtension>
</extensions>
</trkpt>
<trkpt lat="36.9697812" lon="127.8768427">
<ele>66.449</ele>
<time>2026-05-14T13:41:37Z</time>
<extensions>
<gpxtpx:TrackPointExtension>
<gpxtpx:hr>158</gpxtpx:hr>
</gpxtpx:TrackPointExtension>
</extensions>
</trkpt>
<trkpt lat="36.9698048" lon="127.8768538">
<ele>66.441</ele>
<time>2026-05-14T13:41:38Z</time>
<extensions>
<gpxtpx:TrackPointExtension>
<gpxtpx:hr>158</gpxtpx:hr>
</gpxtpx:TrackPointExtension>
</extensions>
</trkpt>
<trkpt lat="36.9698284" lon="127.8768648">
<ele>66.431</ele>
<time>2026-05-14T13:41:39Z</time>
<extensions>
<gpxtpx:TrackPointExtension>
<gpxtpx:hr>158</gpxtpx:hr>
</gpxtpx:TrackPointExtension>
</extensions>
</trkpt>
<trkpt lat="36.9698519" lon="127.876876">
<ele>66.487</ele>
<time>2026-05-14T13:41:40Z</time>
<extensions>
<gpxtpx:TrackPointExtension>
<gpxtpx:hr>158</gpxtpx:hr>
</gpxtpx:TrackPointExtension>
</extensions>
</trkpt>
<trkpt lat="36.9698755" lon="127.876887">
<ele>66.513</ele>
<time>2026-05-14T13:41:41Z</time>
<extensions>
<gpxtpx:TrackPointExtension>
<gpxtpx:hr>158</gpxtpx:hr>
<gpxtpx:cad>183</gpxtpx:cad>
</gpxtpx:TrackPointExtension>
</extensions>
</trkpt>
<trkpt lat="36.969899" lon="127.8768981">
<ele>66.537</ele>
<time>2026-05-14T13:41:42Z</time>
<extensions>
<gpxtpx:TrackPointExtension>
<gpxtpx:hr>159</gpxtpx:hr>
</gpxtpx:TrackPointExtension>
</extensions>
</trkpt>
<trkpt lat="36.9699226" lon="127.8769089">
<ele>66.525</ele>
<time>2026-05-14T13:41:43Z</time>
<extensions>
<gpxtpx:TrackPointExtension>
<gpxtpx:hr>159</gpxtpx:hr>
</gpxtpx:TrackPointExtension>
</extensions>
</trkpt>
<trkpt lat="36.9699459" lon="127.8769197">
<ele>66.59</ele>
<time>2026-05-14T13:41:44Z</time>
<extensions>
<gpxtpx:TrackPointExtension>
<gpxtpx:hr>159</gpxtpx:hr>
<gpxtpx:cad>182</gpxtpx:cad>
</gpxtpx:TrackPointExtension>
</extensions>
</trkpt>
<trkpt lat="36.9699694" lon="127.8769304">
<ele>66.589</ele>
<time>2026-05-14T13:41:45Z</time>
<extensions>
<gpxtpx:TrackPointExtension>
<gpxtpx:hr>159</gpxtpx:hr>
</gpxtpx:TrackPointExtension>
</extensions>
</trkpt>
<trkpt lat="36.9699928" lon="127.8769415">
<ele>66.57</ele>
<time>2026-05-14T13:41:46Z</time>
<extensions>
<gpxtpx:TrackPointExtension>
<gpxtpx:hr>159</gpxtpx:hr>
<gpxtpx:cad>182</gpxtpx:cad>
</gpxtpx:TrackPointExtension>
</extensions>
</trkpt>
<trkpt lat="36.9700161" lon="127.8769524">
<ele>66.568</ele>
<time>2026-05-14T13:41:47Z</time>
<extensions>
<gpxtpx:TrackPointExtension>
<gpxtpx:hr>159</gpxtpx:hr>
</gpxtpx:TrackPointExtension>
</extensions>
</trkpt>
<trkpt lat="36.9700394" lon="127.8769637">
<ele>66.584</ele>
<time>2026-05-14T13:41:48Z</time>
<extensions>
<gpxtpx:TrackPointExtension>
<gpxtpx:hr>159</gpxtpx:hr>
</gpxtpx:TrackPointExtension>
</extensions>
</trkpt>
<trkpt lat="36.9700629" lon="127.8769741">
<ele>66.59</ele>
<time>2026-05-14T13:41:49Z</time>
<extensions>
<gpxtpx:TrackPointExtension>
<gpxtpx:hr>159</gpxtpx:hr>
</gpxtpx:TrackPointExtension>
</extensions>
</trkpt>
<trkpt lat="36.9700864" lon="127.8769849">
<ele>66.653</ele>
<time>2026-05-14T13:41:50Z</time>
<extensions>
<gpxtpx:TrackPointExtension>
<gpxtpx:hr>159</gpxtpx:hr>
</gpxtpx:TrackPointExtension>
</extensions>
</trkpt>
<trkpt lat="36.9701099" lon="127.8769956">
<ele>66.637</ele>
<time>2026-05-14T13:41:51Z</time>
<extensions>
<gpxtpx:TrackPointExtension>
<gpxtpx:hr>159</gpxtpx:hr>
<gpxtpx:cad>181</gpxtpx:cad>
</gpxtpx:TrackPointExtension>
</extensions>
</trkpt>
<trkpt lat="36.9701334" lon="127.8770066">
<ele>66.682</ele>
<time>2026-05-14T13:41:52Z</time>
<extensions>
<gpxtpx:TrackPointExtension>
<gpxtpx:hr>159</gpxtpx:hr>
</gpxtpx:TrackPointExtension>
</extensions>
</trkpt>
<trkpt lat="36.9701568" lon="127.8770176">
<ele>66.65</ele>
<time>2026-05-14T13:41:53Z</time>
<extensions>
<gpxtpx:TrackPointExtension>
<gpxtpx:hr>159</gpxtpx:hr>
</gpxtpx:TrackPointExtension>
</extensions>
</trkpt>
<trkpt lat="36.9701806" lon="127.8770281">
<ele>66.638</ele>
<time>2026-05-14T13:41:54Z</time>
<extensions>
<gpxtpx:TrackPointExtension>
<gpxtpx:hr>159</gpxtpx:hr>
</gpxtpx:TrackPointExtension>
</extensions>
</trkpt>
<trkpt lat="36.9702045" lon="127.8770387">
<ele>66.648</ele>
<time>2026-05-14T13:41:55Z</time>
<extensions>
<gpxtpx:TrackPointExtension>
<gpxtpx:hr>159</gpxtpx:hr>
</gpxtpx:TrackPointExtension>
</extensions>
</trkpt>
<trkpt lat="36.9702283" lon="127.8770496">
<ele>66.675</ele>
<time>2026-05-14T13:41:56Z</time>
<extensions>
<gpxtpx:TrackPointExtension>
<gpxtpx:hr>159</gpxtpx:hr>
<gpxtpx:cad>180</gpxtpx:cad>
</gpxtpx:TrackPointExtension>
</extensions>
</trkpt>
<trkpt lat="36.970252" lon="127.8770608">
<ele>66.623</ele>
<time>2026-05-14T13:41:57Z</time>
<extensions>
<gpxtpx:TrackPointExtension>
<gpxtpx:hr>159</gpxtpx:hr>
</gpxtpx:TrackPointExtension>
</extensions>
</trkpt>
<trkpt lat="36.9702754" lon="127.8770717">
<ele>66.634</ele>
<time>2026-05-14T13:41:58Z</time>
<extensions>
<gpxtpx:TrackPointExtension>
<gpxtpx:hr>159</gpxtpx:hr>
</gpxtpx:TrackPointExtension>
</extensions>
</trkpt>
<trkpt lat="36.9702993" lon="127.8770839">
<ele>66.638</ele>
<time>2026-05-14T13:41:59Z</time>
<extensions>
<gpxtpx:TrackPointExtension>
<gpxtpx:hr>159</gpxtpx:hr>
</gpxtpx:TrackPointExtension>
</extensions>
</trkpt>
<trkpt lat="36.970323" lon="127.8770944">
<ele>66.635</ele>
<time>2026-05-14T13:42:00Z</time>
<extensions>
<gpxtpx:TrackPointExtension>
<gpxtpx:hr>159</gpxtpx:hr>
</gpxtpx:TrackPointExtension>
</extensions>
</trkpt>
<trkpt lat="36.9703469" lon="127.8771071">
<ele>66.637</ele>
<time>2026-05-14T13:42:01Z</time>
<extensions>
<gpxtpx:TrackPointExtension>
<gpxtpx:hr>159</gpxtpx:hr>
<gpxtpx:cad>179</gpxtpx:cad>
</gpxtpx:TrackPointExtension>
</extensions>
</trkpt>
<trkpt lat="36.9703708" lon="127.8771187">
<ele>66.633</ele>
<time>2026-05-14T13:42:02Z</time>
<extensions>
<gpxtpx:TrackPointExtension>
<gpxtpx:hr>159</gpxtpx:hr>
</gpxtpx:TrackPointExtension>
</extensions>
</trkpt>
<trkpt lat="36.9703946" lon="127.8771304">
<ele>66.664</ele>
<time>2026-05-14T13:42:03Z</time>
<extensions>
<gpxtpx:TrackPointExtension>
<gpxtpx:hr>159</gpxtpx:hr>
</gpxtpx:TrackPointExtension>
</extensions>
</trkpt>
<trkpt lat="36.9704182" lon="127.8771422">
<ele>66.69</ele>
<time>2026-05-14T13:42:04Z</time>
<extensions>
<gpxtpx:TrackPointExtension>
<gpxtpx:hr>159</gpxtpx:hr>
</gpxtpx:TrackPointExtension>
</extensions>
</trkpt>
<trkpt lat="36.9704417" lon="127.877154">
<ele>66.709</ele>
<time>2026-05-14T13:42:05Z</time>
<extensions>
<gpxtpx:TrackPointExtension>
<gpxtpx:hr>159</gpxtpx:hr>
<gpxtpx:cad>179</gpxtpx:cad>
</gpxtpx:TrackPointExtension>
</extensions>
</trkpt>
<trkpt lat="36.9704652" lon="127.8771659">
<ele>66.747</ele>
<time>2026-05-14T13:42:06Z</time>
<extensions>
<gpxtpx:TrackPointExtension>
<gpxtpx:hr>159</gpxtpx:hr>
</gpxtpx:TrackPointExtension>
</extensions>
</trkpt>
<trkpt lat="36.9704883" lon="127.8771783">
<ele>66.767</ele>
<time>2026-05-14T13:42:07Z</time>
<extensions>
<gpxtpx:TrackPointExtension>
<gpxtpx:hr>159</gpxtpx:hr>
</gpxtpx:TrackPointExtension>
</extensions>
</trkpt>
<trkpt lat="36.970512" lon="127.8771898">
<ele>66.701</ele>
<time>2026-05-14T13:42:08Z</time>
<extensions>
<gpxtpx:TrackPointExtension>
<gpxtpx:hr>159</gpxtpx:hr>
</gpxtpx:TrackPointExtension>
</extensions>
</trkpt>
<trkpt lat="36.9705355" lon="127.8772017">
<ele>66.703</ele>
<time>2026-05-14T13:42:09Z</time>
<extensions>
<gpxtpx:TrackPointExtension>
<gpxtpx:hr>159</gpxtpx:hr>
</gpxtpx:TrackPointExtension>
</extensions>
</trkpt>
<trkpt lat="36.9705593" lon="127.8772137">
<ele>66.683</ele>
<time>2026-05-14T13:42:10Z</time>
<extensions>
<gpxtpx:TrackPointExtension>
<gpxtpx:hr>159</gpxtpx:hr>
<gpxtpx:cad>179</gpxtpx:cad>
</gpxtpx:TrackPointExtension>
</extensions>
</trkpt>
<trkpt lat="36.9705829" lon="127.8772254">
<ele>66.681</ele>
<time>2026-05-14T13:42:11Z</time>
<extensions>
<gpxtpx:TrackPointExtension>
<gpxtpx:hr>159</gpxtpx:hr>
</gpxtpx:TrackPointExtension>
</extensions>
</trkpt>
<trkpt lat="36.9706068" lon="127.8772377">
<ele>66.695</ele>
<time>2026-05-14T13:42:12Z</time>
<extensions>
<gpxtpx:TrackPointExtension>
<gpxtpx:hr>159</gpxtpx:hr>
</gpxtpx:TrackPointExtension>
</extensions>
</trkpt>
<trkpt lat="36.9706305" lon="127.8772489">
<ele>66.749</ele>
<time>2026-05-14T13:42:13Z</time>
<extensions>
<gpxtpx:TrackPointExtension>
<gpxtpx:hr>159</gpxtpx:hr>
</gpxtpx:TrackPointExtension>
</extensions>
</trkpt>
<trkpt lat="36.9706542" lon="127.8772606">
<ele>66.853</ele>
<time>2026-05-14T13:42:14Z</time>
<extensions>
<gpxtpx:TrackPointExtension>
<gpxtpx:hr>159</gpxtpx:hr>
</gpxtpx:TrackPointExtension>
</extensions>
</trkpt>
<trkpt lat="36.9706778" lon="127.8772722">
<ele>66.906</ele>
<time>2026-05-14T13:42:15Z</time>
<extensions>
<gpxtpx:TrackPointExtension>
<gpxtpx:hr>158</gpxtpx:hr>
<gpxtpx:cad>178</gpxtpx:cad>
</gpxtpx:TrackPointExtension>
</extensions>
</trkpt>
<trkpt lat="36.9707014" lon="127.8772831">
<ele>66.921</ele>
<time>2026-05-14T13:42:16Z</time>
<extensions>
<gpxtpx:TrackPointExtension>
<gpxtpx:hr>158</gpxtpx:hr>
</gpxtpx:TrackPointExtension>
</extensions>
</trkpt>
<trkpt lat="36.970725" lon="127.8772958">
<ele>66.897</ele>
<time>2026-05-14T13:42:17Z</time>
<extensions>
<gpxtpx:TrackPointExtension>
<gpxtpx:hr>158</gpxtpx:hr>
</gpxtpx:TrackPointExtension>
</extensions>
</trkpt>
<trkpt lat="36.9707487" lon="127.8773066">
<ele>66.976</ele>
<time>2026-05-14T13:42:18Z</time>
<extensions>
<gpxtpx:TrackPointExtension>
<gpxtpx:hr>158</gpxtpx:hr>
</gpxtpx:TrackPointExtension>
</extensions>
</trkpt>
<trkpt lat="36.9707722" lon="127.8773192">
<ele>66.996</ele>
<time>2026-05-14T13:42:19Z</time>
<extensions>
<gpxtpx:TrackPointExtension>
<gpxtpx:hr>158</gpxtpx:hr>
</gpxtpx:TrackPointExtension>
</extensions>
</trkpt>
<trkpt lat="36.9707955" lon="127.8773316">
<ele>67.04</ele>
<time>2026-05-14T13:42:20Z</time>
<extensions>
<gpxtpx:TrackPointExtension>
<gpxtpx:hr>158</gpxtpx:hr>
<gpxtpx:cad>179</gpxtpx:cad>
</gpxtpx:TrackPointExtension>
</extensions>
</trkpt>
<trkpt lat="36.970819" lon="127.8773431">
<ele>67.013</ele>
<time>2026-05-14T13:42:21Z</time>
<extensions>
<gpxtpx:TrackPointExtension>
<gpxtpx:hr>158</gpxtpx:hr>
<gpxtpx:cad>180</gpxtpx:cad>
</gpxtpx:TrackPointExtension>
</extensions>
</trkpt>
<trkpt lat="36.9708424" lon="127.8773547">
<ele>67.001</ele>
<time>2026-05-14T13:42:22Z</time>
<extensions>
<gpxtpx:TrackPointExtension>
<gpxtpx:hr>158</gpxtpx:hr>
</gpxtpx:TrackPointExtension>
</extensions>
</trkpt>
<trkpt lat="36.9708658" lon="127.8773663">
<ele>67.022</ele>
<time>2026-05-14T13:42:23Z</time>
<extensions>
<gpxtpx:TrackPointExtension>
<gpxtpx:hr>157</gpxtpx:hr>
</gpxtpx:TrackPointExtension>
</extensions>
</trkpt>
<trkpt lat="36.970889" lon="127.8773778">
<ele>67.092</ele>
<time>2026-05-14T13:42:24Z</time>
<extensions>
<gpxtpx:TrackPointExtension>
<gpxtpx:hr>157</gpxtpx:hr>
</gpxtpx:TrackPointExtension>
</extensions>
</trkpt>
<trkpt lat="36.9709118" lon="127.8773897">
<ele>67.075</ele>
<time>2026-05-14T13:42:25Z</time>
<extensions>
<gpxtpx:TrackPointExtension>
<gpxtpx:hr>157</gpxtpx:hr>
<gpxtpx:cad>182</gpxtpx:cad>
</gpxtpx:TrackPointExtension>
</extensions>
</trkpt>
<trkpt lat="36.9709351" lon="127.8774006">
<ele>67.061</ele>
<time>2026-05-14T13:42:26Z</time>
<extensions>
<gpxtpx:TrackPointExtension>
<gpxtpx:hr>157</gpxtpx:hr>
</gpxtpx:TrackPointExtension>
</extensions>
</trkpt>
<trkpt lat="36.9709581" lon="127.8774127">
<ele>67.009</ele>
<time>2026-05-14T13:42:27Z</time>
<extensions>
<gpxtpx:TrackPointExtension>
<gpxtpx:hr>157</gpxtpx:hr>
</gpxtpx:TrackPointExtension>
</extensions>
</trkpt>
<trkpt lat="36.9709812" lon="127.8774234">
<ele>66.976</ele>
<time>2026-05-14T13:42:28Z</time>
<extensions>
<gpxtpx:TrackPointExtension>
<gpxtpx:hr>157</gpxtpx:hr>
</gpxtpx:TrackPointExtension>
</extensions>
</trkpt>
<trkpt lat="36.9710044" lon="127.8774348">
<ele>66.995</ele>
<time>2026-05-14T13:42:29Z</time>
<extensions>
<gpxtpx:TrackPointExtension>
<gpxtpx:hr>156</gpxtpx:hr>
</gpxtpx:TrackPointExtension>
</extensions>
</trkpt>
<trkpt lat="36.9710278" lon="127.8774462">
<ele>66.963</ele>
<time>2026-05-14T13:42:30Z</time>
<extensions>
<gpxtpx:TrackPointExtension>
<gpxtpx:hr>156</gpxtpx:hr>
<gpxtpx:cad>182</gpxtpx:cad>
</gpxtpx:TrackPointExtension>
</extensions>
</trkpt>
<trkpt lat="36.9710514" lon="127.8774577">
<ele>66.949</ele>
<time>2026-05-14T13:42:31Z</time>
<extensions>
<gpxtpx:TrackPointExtension>
<gpxtpx:hr>157</gpxtpx:hr>
</gpxtpx:TrackPointExtension>
</extensions>
</trkpt>
<trkpt lat="36.971075" lon="127.8774693">
<ele>66.997</ele>
<time>2026-05-14T13:42:32Z</time>
<extensions>
<gpxtpx:TrackPointExtension>
<gpxtpx:hr>157</gpxtpx:hr>
</gpxtpx:TrackPointExtension>
</extensions>
</trkpt>
<trkpt lat="36.9710981" lon="127.8774822">
<ele>67.001</ele>
<time>2026-05-14T13:42:33Z</time>
<extensions>
<gpxtpx:TrackPointExtension>
<gpxtpx:hr>157</gpxtpx:hr>
</gpxtpx:TrackPointExtension>
</extensions>
</trkpt>
<trkpt lat="36.9711218" lon="127.8774932">
<ele>66.851</ele>
<time>2026-05-14T13:42:34Z</time>
<extensions>
<gpxtpx:TrackPointExtension>
<gpxtpx:hr>157</gpxtpx:hr>
</gpxtpx:TrackPointExtension>
</extensions>
</trkpt>
<trkpt lat="36.9711447" lon="127.8775062">
<ele>66.909</ele>
<time>2026-05-14T13:42:35Z</time>
<extensions>
<gpxtpx:TrackPointExtension>
<gpxtpx:hr>157</gpxtpx:hr>
<gpxtpx:cad>181</gpxtpx:cad>
</gpxtpx:TrackPointExtension>
</extensions>
</trkpt>
<trkpt lat="36.9711678" lon="127.8775184">
<ele>66.935</ele>
<time>2026-05-14T13:42:36Z</time>
<extensions>
<gpxtpx:TrackPointExtension>
<gpxtpx:hr>158</gpxtpx:hr>
</gpxtpx:TrackPointExtension>
</extensions>
</trkpt>
<trkpt lat="36.971191" lon="127.8775303">
<ele>67.017</ele>
<time>2026-05-14T13:42:37Z</time>
<extensions>
<gpxtpx:TrackPointExtension>
<gpxtpx:hr>158</gpxtpx:hr>
</gpxtpx:TrackPointExtension>
</extensions>
</trkpt>
<trkpt lat="36.971214" lon="127.8775429">
<ele>67.01</ele>
<time>2026-05-14T13:42:38Z</time>
<extensions>
<gpxtpx:TrackPointExtension>
<gpxtpx:hr>158</gpxtpx:hr>
</gpxtpx:TrackPointExtension>
</extensions>
</trkpt>
<trkpt lat="36.9712371" lon="127.8775556">
<ele>66.982</ele>
<time>2026-05-14T13:42:39Z</time>
<extensions>
<gpxtpx:TrackPointExtension>
<gpxtpx:hr>158</gpxtpx:hr>
</gpxtpx:TrackPointExtension>
</extensions>
</trkpt>
<trkpt lat="36.9712605" lon="127.8775686">
<ele>67.025</ele>
<time>2026-05-14T13:42:40Z</time>
<extensions>
<gpxtpx:TrackPointExtension>
<gpxtpx:hr>158</gpxtpx:hr>
<gpxtpx:cad>177</gpxtpx:cad>
</gpxtpx:TrackPointExtension>
</extensions>
</trkpt>
<trkpt lat="36.971284" lon="127.8775816">
<ele>67.06</ele>
<time>2026-05-14T13:42:41Z</time>
<extensions>
<gpxtpx:TrackPointExtension>
<gpxtpx:hr>158</gpxtpx:hr>
</gpxtpx:TrackPointExtension>
</extensions>
</trkpt>
<trkpt lat="36.9713081" lon="127.8775945">
<ele>67.037</ele>
<time>2026-05-14T13:42:42Z</time>
<extensions>
<gpxtpx:TrackPointExtension>
<gpxtpx:hr>158</gpxtpx:hr>
</gpxtpx:TrackPointExtension>
</extensions>
</trkpt>
<trkpt lat="36.9713311" lon="127.8776077">
<ele>67.08</ele>
<time>2026-05-14T13:42:43Z</time>
<extensions>
<gpxtpx:TrackPointExtension>
<gpxtpx:hr>158</gpxtpx:hr>
</gpxtpx:TrackPointExtension>
</extensions>
</trkpt>
<trkpt lat="36.9713552" lon="127.8776203">
<ele>67.151</ele>
<time>2026-05-14T13:42:44Z</time>
<extensions>
<gpxtpx:TrackPointExtension>
<gpxtpx:hr>159</gpxtpx:hr>
</gpxtpx:TrackPointExtension>
</extensions>
</trkpt>
<trkpt lat="36.9713788" lon="127.877633">
<ele>67.158</ele>
<time>2026-05-14T13:42:45Z</time>
<extensions>
<gpxtpx:TrackPointExtension>
<gpxtpx:hr>159</gpxtpx:hr>
<gpxtpx:cad>179</gpxtpx:cad>
</gpxtpx:TrackPointExtension>
</extensions>
</trkpt>
<trkpt lat="36.9714026" lon="127.8776451">
<ele>67.184</ele>
<time>2026-05-14T13:42:46Z</time>
<extensions>
<gpxtpx:TrackPointExtension>
<gpxtpx:hr>159</gpxtpx:hr>
</gpxtpx:TrackPointExtension>
</extensions>
</trkpt>
<trkpt lat="36.9714257" lon="127.8776583">
<ele>67.249</ele>
<time>2026-05-14T13:42:47Z</time>
<extensions>
<gpxtpx:TrackPointExtension>
<gpxtpx:hr>159</gpxtpx:hr>
</gpxtpx:TrackPointExtension>
</extensions>
</trkpt>
<trkpt lat="36.971449" lon="127.8776708">
<ele>67.314</ele>
<time>2026-05-14T13:42:48Z</time>
<extensions>
<gpxtpx:TrackPointExtension>
<gpxtpx:hr>159</gpxtpx:hr>
</gpxtpx:TrackPointExtension>
</extensions>
</trkpt>
<trkpt lat="36.9714726" lon="127.8776834">
<ele>67.368</ele>
<time>2026-05-14T13:42:49Z</time>
<extensions>
<gpxtpx:TrackPointExtension>
<gpxtpx:hr>159</gpxtpx:hr>
</gpxtpx:TrackPointExtension>
</extensions>
</trkpt>
<trkpt lat="36.9714966" lon="127.8776959">
<ele>67.359</ele>
<time>2026-05-14T13:42:50Z</time>
<extensions>
<gpxtpx:TrackPointExtension>
<gpxtpx:hr>158</gpxtpx:hr>
<gpxtpx:cad>182</gpxtpx:cad>
</gpxtpx:TrackPointExtension>
</extensions>
</trkpt>
<trkpt lat="36.9715205" lon="127.8777084">
<ele>67.348</ele>
<time>2026-05-14T13:42:51Z</time>
<extensions>
<gpxtpx:TrackPointExtension>
<gpxtpx:hr>158</gpxtpx:hr>
</gpxtpx:TrackPointExtension>
</extensions>
</trkpt>
<trkpt lat="36.9715437" lon="127.87772">
<ele>67.372</ele>
<time>2026-05-14T13:42:52Z</time>
<extensions>
<gpxtpx:TrackPointExtension>
<gpxtpx:hr>158</gpxtpx:hr>
</gpxtpx:TrackPointExtension>
</extensions>
</trkpt>
<trkpt lat="36.9715673" lon="127.8777317">
<ele>67.414</ele>
<time>2026-05-14T13:42:53Z</time>
<extensions>
<gpxtpx:TrackPointExtension>
<gpxtpx:hr>158</gpxtpx:hr>
</gpxtpx:TrackPointExtension>
</extensions>
</trkpt>
<trkpt lat="36.9715914" lon="127.8777423">
<ele>67.45</ele>
<time>2026-05-14T13:42:54Z</time>
<extensions>
<gpxtpx:TrackPointExtension>
<gpxtpx:hr>158</gpxtpx:hr>
</gpxtpx:TrackPointExtension>
</extensions>
</trkpt>
<trkpt lat="36.9716156" lon="127.8777536">
<ele>67.533</ele>
<time>2026-05-14T13:42:55Z</time>
<extensions>
<gpxtpx:TrackPointExtension>
<gpxtpx:hr>159</gpxtpx:hr>
<gpxtpx:cad>181</gpxtpx:cad>
</gpxtpx:TrackPointExtension>
</extensions>
</trkpt>
<trkpt lat="36.9716406" lon="127.8777639">
<ele>67.587</ele>
<time>2026-05-14T13:42:56Z</time>
<extensions>
<gpxtpx:TrackPointExtension>
<gpxtpx:hr>159</gpxtpx:hr>
<gpxtpx:cad>180</gpxtpx:cad>
</gpxtpx:TrackPointExtension>
</extensions>
</trkpt>
<trkpt lat="36.9716651" lon="127.877775">
<ele>67.631</ele>
<time>2026-05-14T13:42:57Z</time>
<extensions>
<gpxtpx:TrackPointExtension>
<gpxtpx:hr>159</gpxtpx:hr>
</gpxtpx:TrackPointExtension>
</extensions>
</trkpt>
<trkpt lat="36.9716898" lon="127.877786">
<ele>67.696</ele>
<time>2026-05-14T13:42:58Z</time>
<extensions>
<gpxtpx:TrackPointExtension>
<gpxtpx:hr>159</gpxtpx:hr>
</gpxtpx:TrackPointExtension>
</extensions>
</trkpt>
<trkpt lat="36.9717152" lon="127.8777964">
<ele>67.751</ele>
<time>2026-05-14T13:42:59Z</time>
<extensions>
<gpxtpx:TrackPointExtension>
<gpxtpx:hr>159</gpxtpx:hr>
</gpxtpx:TrackPointExtension>
</extensions>
</trkpt>
<trkpt lat="36.9717396" lon="127.8778077">
<ele>67.818</ele>
<time>2026-05-14T13:43:00Z</time>
<extensions>
<gpxtpx:TrackPointExtension>
<gpxtpx:hr>159</gpxtpx:hr>
<gpxtpx:cad>181</gpxtpx:cad>
</gpxtpx:TrackPointExtension>
</extensions>
</trkpt>
<trkpt lat="36.9717644" lon="127.8778185">
<ele>67.847</ele>
<time>2026-05-14T13:43:01Z</time>
<extensions>
<gpxtpx:TrackPointExtension>
<gpxtpx:hr>159</gpxtpx:hr>
</gpxtpx:TrackPointExtension>
</extensions>
</trkpt>
<trkpt lat="36.9717893" lon="127.8778295">
<ele>67.903</ele>
<time>2026-05-14T13:43:02Z</time>
<extensions>
<gpxtpx:TrackPointExtension>
<gpxtpx:hr>159</gpxtpx:hr>
</gpxtpx:TrackPointExtension>
</extensions>
</trkpt>
<trkpt lat="36.9718141" lon="127.8778405">
<ele>67.93</ele>
<time>2026-05-14T13:43:03Z</time>
<extensions>
<gpxtpx:TrackPointExtension>
<gpxtpx:hr>159</gpxtpx:hr>
</gpxtpx:TrackPointExtension>
</extensions>
</trkpt>
<trkpt lat="36.9718387" lon="127.877851">
<ele>67.996</ele>
<time>2026-05-14T13:43:04Z</time>
<extensions>
<gpxtpx:TrackPointExtension>
<gpxtpx:hr>159</gpxtpx:hr>
</gpxtpx:TrackPointExtension>
</extensions>
</trkpt>
<trkpt lat="36.9718629" lon="127.8778613">
<ele>68.061</ele>
<time>2026-05-14T13:43:05Z</time>
<extensions>
<gpxtpx:TrackPointExtension>
<gpxtpx:hr>159</gpxtpx:hr>
<gpxtpx:cad>182</gpxtpx:cad>
</gpxtpx:TrackPointExtension>
</extensions>
</trkpt>
<trkpt lat="36.9718875" lon="127.877872">
<ele>68.147</ele>
<time>2026-05-14T13:43:06Z</time>
<extensions>
<gpxtpx:TrackPointExtension>
<gpxtpx:hr>160</gpxtpx:hr>
</gpxtpx:TrackPointExtension>
</extensions>
</trkpt>
<trkpt lat="36.9719118" lon="127.877882">
<ele>68.148</ele>
<time>2026-05-14T13:43:07Z</time>
<extensions>
<gpxtpx:TrackPointExtension>
<gpxtpx:hr>160</gpxtpx:hr>
</gpxtpx:TrackPointExtension>
</extensions>
</trkpt>
<trkpt lat="36.9719363" lon="127.8778932">
<ele>68.172</ele>
<time>2026-05-14T13:43:08Z</time>
<extensions>
<gpxtpx:TrackPointExtension>
<gpxtpx:hr>159</gpxtpx:hr>
</gpxtpx:TrackPointExtension>
</extensions>
</trkpt>
<trkpt lat="36.9719608" lon="127.8779041">
<ele>68.236</ele>
<time>2026-05-14T13:43:09Z</time>
<extensions>
<gpxtpx:TrackPointExtension>
<gpxtpx:hr>159</gpxtpx:hr>
</gpxtpx:TrackPointExtension>
</extensions>
</trkpt>
<trkpt lat="36.9719855" lon="127.8779161">
<ele>68.257</ele>
<time>2026-05-14T13:43:10Z</time>
<extensions>
<gpxtpx:TrackPointExtension>
<gpxtpx:hr>159</gpxtpx:hr>
<gpxtpx:cad>180</gpxtpx:cad>
</gpxtpx:TrackPointExtension>
</extensions>
</trkpt>
<trkpt lat="36.97201" lon="127.8779276">
<ele>68.261</ele>
<time>2026-05-14T13:43:11Z</time>
<extensions>
<gpxtpx:TrackPointExtension>
<gpxtpx:hr>159</gpxtpx:hr>
</gpxtpx:TrackPointExtension>
</extensions>
</trkpt>
<trkpt lat="36.9720342" lon="127.8779402">
<ele>68.251</ele>
<time>2026-05-14T13:43:12Z</time>
<extensions>
<gpxtpx:TrackPointExtension>
<gpxtpx:hr>160</gpxtpx:hr>
</gpxtpx:TrackPointExtension>
</extensions>
</trkpt>
<trkpt lat="36.9720585" lon="127.877952">
<ele>68.312</ele>
<time>2026-05-14T13:43:13Z</time>
<extensions>
<gpxtpx:TrackPointExtension>
<gpxtpx:hr>160</gpxtpx:hr>
</gpxtpx:TrackPointExtension>
</extensions>
</trkpt>
<trkpt lat="36.9720826" lon="127.8779647">
<ele>68.225</ele>
<time>2026-05-14T13:43:14Z</time>
<extensions>
<gpxtpx:TrackPointExtension>
<gpxtpx:hr>160</gpxtpx:hr>
</gpxtpx:TrackPointExtension>
</extensions>
</trkpt>
<trkpt lat="36.972108" lon="127.8779751">
<ele>68.161</ele>
<time>2026-05-14T13:43:15Z</time>
<extensions>
<gpxtpx:TrackPointExtension>
<gpxtpx:hr>160</gpxtpx:hr>
<gpxtpx:cad>179</gpxtpx:cad>
</gpxtpx:TrackPointExtension>
</extensions>
</trkpt>
<trkpt lat="36.9721331" lon="127.8779865">
<ele>68.32</ele>
<time>2026-05-14T13:43:16Z</time>
<extensions>
<gpxtpx:TrackPointExtension>
<gpxtpx:hr>160</gpxtpx:hr>
</gpxtpx:TrackPointExtension>
</extensions>
</trkpt>
<trkpt lat="36.972159" lon="127.8779966">
<ele>68.45</ele>
<time>2026-05-14T13:43:17Z</time>
<extensions>
<gpxtpx:TrackPointExtension>
<gpxtpx:hr>160</gpxtpx:hr>
</gpxtpx:TrackPointExtension>
</extensions>
</trkpt>
<trkpt lat="36.9721833" lon="127.878008">
<ele>68.571</ele>
<time>2026-05-14T13:43:18Z</time>
<extensions>
<gpxtpx:TrackPointExtension>
<gpxtpx:hr>160</gpxtpx:hr>
</gpxtpx:TrackPointExtension>
</extensions>
</trkpt>
<trkpt lat="36.9722069" lon="127.8780211">
<ele>68.606</ele>
<time>2026-05-14T13:43:19Z</time>
<extensions>
<gpxtpx:TrackPointExtension>
<gpxtpx:hr>160</gpxtpx:hr>
</gpxtpx:TrackPointExtension>
</extensions>
</trkpt>
<trkpt lat="36.9722306" lon="127.8780346">
<ele>68.574</ele>
<time>2026-05-14T13:43:20Z</time>
<extensions>
<gpxtpx:TrackPointExtension>
<gpxtpx:hr>159</gpxtpx:hr>
<gpxtpx:cad>176</gpxtpx:cad>
</gpxtpx:TrackPointExtension>
</extensions>
</trkpt>
<trkpt lat="36.9722545" lon="127.8780486">
<ele>68.635</ele>
<time>2026-05-14T13:43:21Z</time>
<extensions>
<gpxtpx:TrackPointExtension>
<gpxtpx:hr>160</gpxtpx:hr>
</gpxtpx:TrackPointExtension>
</extensions>
</trkpt>
<trkpt lat="36.9722779" lon="127.8780628">
<ele>68.68</ele>
<time>2026-05-14T13:43:22Z</time>
<extensions>
<gpxtpx:TrackPointExtension>
<gpxtpx:hr>160</gpxtpx:hr>
</gpxtpx:TrackPointExtension>
</extensions>
</trkpt>
<trkpt lat="36.9723013" lon="127.8780769">
<ele>68.705</ele>
<time>2026-05-14T13:43:23Z</time>
<extensions>
<gpxtpx:TrackPointExtension>
<gpxtpx:hr>160</gpxtpx:hr>
</gpxtpx:TrackPointExtension>
</extensions>
</trkpt>
<trkpt lat="36.9723245" lon="127.8780906">
<ele>68.579</ele>
<time>2026-05-14T13:43:24Z</time>
<extensions>
<gpxtpx:TrackPointExtension>
<gpxtpx:hr>160</gpxtpx:hr>
</gpxtpx:TrackPointExtension>
</extensions>
</trkpt>
<trkpt lat="36.9723477" lon="127.8781045">
<ele>68.604</ele>
<time>2026-05-14T13:43:25Z</time>
<extensions>
<gpxtpx:TrackPointExtension>
<gpxtpx:hr>160</gpxtpx:hr>
<gpxtpx:cad>175</gpxtpx:cad>
</gpxtpx:TrackPointExtension>
</extensions>
</trkpt>
<trkpt lat="36.9723709" lon="127.8781178">
<ele>68.586</ele>
<time>2026-05-14T13:43:26Z</time>
<extensions>
<gpxtpx:TrackPointExtension>
<gpxtpx:hr>160</gpxtpx:hr>
</gpxtpx:TrackPointExtension>
</extensions>
</trkpt>
<trkpt lat="36.9723943" lon="127.8781304">
<ele>68.515</ele>
<time>2026-05-14T13:43:27Z</time>
<extensions>
<gpxtpx:TrackPointExtension>
<gpxtpx:hr>160</gpxtpx:hr>
</gpxtpx:TrackPointExtension>
</extensions>
</trkpt>
<trkpt lat="36.972418" lon="127.8781423">
<ele>68.451</ele>
<time>2026-05-14T13:43:28Z</time>
<extensions>
<gpxtpx:TrackPointExtension>
<gpxtpx:hr>160</gpxtpx:hr>
</gpxtpx:TrackPointExtension>
</extensions>
</trkpt>
<trkpt lat="36.9724417" lon="127.8781542">
<ele>68.385</ele>
<time>2026-05-14T13:43:29Z</time>
<extensions>
<gpxtpx:TrackPointExtension>
<gpxtpx:hr>160</gpxtpx:hr>
</gpxtpx:TrackPointExtension>
</extensions>
</trkpt>
<trkpt lat="36.9724668" lon="127.8781641">
<ele>68.298</ele>
<time>2026-05-14T13:43:30Z</time>
<extensions>
<gpxtpx:TrackPointExtension>
<gpxtpx:hr>160</gpxtpx:hr>
<gpxtpx:cad>177</gpxtpx:cad>
</gpxtpx:TrackPointExtension>
</extensions>
</trkpt>
<trkpt lat="36.9724916" lon="127.8781744">
<ele>68.286</ele>
<time>2026-05-14T13:43:31Z</time>
<extensions>
<gpxtpx:TrackPointExtension>
<gpxtpx:hr>161</gpxtpx:hr>
<gpxtpx:cad>177</gpxtpx:cad>
</gpxtpx:TrackPointExtension>
</extensions>
</trkpt>
<trkpt lat="36.9725173" lon="127.878184">
<ele>68.234</ele>
<time>2026-05-14T13:43:32Z</time>
<extensions>
<gpxtpx:TrackPointExtension>
<gpxtpx:hr>161</gpxtpx:hr>
</gpxtpx:TrackPointExtension>
</extensions>
</trkpt>
<trkpt lat="36.9725436" lon="127.8781935">
<ele>68.194</ele>
<time>2026-05-14T13:43:33Z</time>
<extensions>
<gpxtpx:TrackPointExtension>
<gpxtpx:hr>161</gpxtpx:hr>
</gpxtpx:TrackPointExtension>
</extensions>
</trkpt>
<trkpt lat="36.9725706" lon="127.8782038">
<ele>67.951</ele>
<time>2026-05-14T13:43:34Z</time>
<extensions>
<gpxtpx:TrackPointExtension>
<gpxtpx:hr>160</gpxtpx:hr>
</gpxtpx:TrackPointExtension>
</extensions>
</trkpt>
<trkpt lat="36.9725969" lon="127.878214">
<ele>67.965</ele>
<time>2026-05-14T13:43:35Z</time>
<extensions>
<gpxtpx:TrackPointExtension>
<gpxtpx:hr>160</gpxtpx:hr>
<gpxtpx:cad>177</gpxtpx:cad>
</gpxtpx:TrackPointExtension>
</extensions>
</trkpt>
<trkpt lat="36.9726231" lon="127.8782245">
<ele>67.973</ele>
<time>2026-05-14T13:43:36Z</time>
<extensions>
<gpxtpx:TrackPointExtension>
<gpxtpx:hr>160</gpxtpx:hr>
</gpxtpx:TrackPointExtension>
</extensions>
</trkpt>
<trkpt lat="36.9726496" lon="127.8782351">
<ele>67.96</ele>
<time>2026-05-14T13:43:37Z</time>
<extensions>
<gpxtpx:TrackPointExtension>
<gpxtpx:hr>160</gpxtpx:hr>
</gpxtpx:TrackPointExtension>
</extensions>
</trkpt>
<trkpt lat="36.9726761" lon="127.8782454">
<ele>67.919</ele>
<time>2026-05-14T13:43:38Z</time>
<extensions>
<gpxtpx:TrackPointExtension>
<gpxtpx:hr>160</gpxtpx:hr>
</gpxtpx:TrackPointExtension>
</extensions>
</trkpt>
<trkpt lat="36.9727025" lon="127.8782556">
<ele>67.898</ele>
<time>2026-05-14T13:43:39Z</time>
<extensions>
<gpxtpx:TrackPointExtension>
<gpxtpx:hr>160</gpxtpx:hr>
</gpxtpx:TrackPointExtension>
</extensions>
</trkpt>
<trkpt lat="36.9727296" lon="127.8782655">
<ele>67.885</ele>
<time>2026-05-14T13:43:40Z</time>
<extensions>
<gpxtpx:TrackPointExtension>
<gpxtpx:hr>160</gpxtpx:hr>
<gpxtpx:cad>178</gpxtpx:cad>
</gpxtpx:TrackPointExtension>
</extensions>
</trkpt>
<trkpt lat="36.972756" lon="127.8782755">
<ele>67.818</ele>
<time>2026-05-14T13:43:41Z</time>
<extensions>
<gpxtpx:TrackPointExtension>
<gpxtpx:hr>160</gpxtpx:hr>
</gpxtpx:TrackPointExtension>
</extensions>
</trkpt>
<trkpt lat="36.9727827" lon="127.8782852">
<ele>67.723</ele>
<time>2026-05-14T13:43:42Z</time>
<extensions>
<gpxtpx:TrackPointExtension>
<gpxtpx:hr>160</gpxtpx:hr>
</gpxtpx:TrackPointExtension>
</extensions>
</trkpt>
<trkpt lat="36.9728095" lon="127.8782952">
<ele>67.581</ele>
<time>2026-05-14T13:43:43Z</time>
<extensions>
<gpxtpx:TrackPointExtension>
<gpxtpx:hr>160</gpxtpx:hr>
</gpxtpx:TrackPointExtension>
</extensions>
</trkpt>
<trkpt lat="36.9728369" lon="127.8783049">
<ele>67.515</ele>
<time>2026-05-14T13:43:44Z</time>
<extensions>
<gpxtpx:TrackPointExtension>
<gpxtpx:hr>160</gpxtpx:hr>
</gpxtpx:TrackPointExtension>
</extensions>
</trkpt>
<trkpt lat="36.9728637" lon="127.8783155">
<ele>67.449</ele>
<time>2026-05-14T13:43:45Z</time>
<extensions>
<gpxtpx:TrackPointExtension>
<gpxtpx:hr>160</gpxtpx:hr>
<gpxtpx:cad>182</gpxtpx:cad>
</gpxtpx:TrackPointExtension>
</extensions>
</trkpt>
<trkpt lat="36.9728918" lon="127.8783242">
<ele>67.47</ele>
<time>2026-05-14T13:43:46Z</time>
<extensions>
<gpxtpx:TrackPointExtension>
<gpxtpx:hr>160</gpxtpx:hr>
</gpxtpx:TrackPointExtension>
</extensions>
</trkpt>
<trkpt lat="36.9729194" lon="127.8783337">
<ele>67.443</ele>
<time>2026-05-14T13:43:47Z</time>
<extensions>
<gpxtpx:TrackPointExtension>
<gpxtpx:hr>160</gpxtpx:hr>
</gpxtpx:TrackPointExtension>
</extensions>
</trkpt>
<trkpt lat="36.9729471" lon="127.878343">
<ele>67.447</ele>
<time>2026-05-14T13:43:48Z</time>
<extensions>
<gpxtpx:TrackPointExtension>
<gpxtpx:hr>160</gpxtpx:hr>
</gpxtpx:TrackPointExtension>
</extensions>
</trkpt>
<trkpt lat="36.9729747" lon="127.8783522">
<ele>67.452</ele>
<time>2026-05-14T13:43:49Z</time>
<extensions>
<gpxtpx:TrackPointExtension>
<gpxtpx:hr>159</gpxtpx:hr>
</gpxtpx:TrackPointExtension>
</extensions>
</trkpt>
<trkpt lat="36.9730023" lon="127.8783615">
<ele>67.419</ele>
<time>2026-05-14T13:43:50Z</time>
<extensions>
<gpxtpx:TrackPointExtension>
<gpxtpx:hr>159</gpxtpx:hr>
<gpxtpx:cad>182</gpxtpx:cad>
</gpxtpx:TrackPointExtension>
</extensions>
</trkpt>
<trkpt lat="36.9730298" lon="127.8783711">
<ele>67.392</ele>
<time>2026-05-14T13:43:51Z</time>
<extensions>
<gpxtpx:TrackPointExtension>
<gpxtpx:hr>160</gpxtpx:hr>
</gpxtpx:TrackPointExtension>
</extensions>
</trkpt>
<trkpt lat="36.9730574" lon="127.8783808">
<ele>67.468</ele>
<time>2026-05-14T13:43:52Z</time>
<extensions>
<gpxtpx:TrackPointExtension>
<gpxtpx:hr>160</gpxtpx:hr>
</gpxtpx:TrackPointExtension>
</extensions>
</trkpt>
<trkpt lat="36.9730852" lon="127.8783904">
<ele>67.503</ele>
<time>2026-05-14T13:43:53Z</time>
<extensions>
<gpxtpx:TrackPointExtension>
<gpxtpx:hr>160</gpxtpx:hr>
</gpxtpx:TrackPointExtension>
</extensions>
</trkpt>
<trkpt lat="36.9731129" lon="127.8784">
<ele>67.409</ele>
<time>2026-05-14T13:43:54Z</time>
<extensions>
<gpxtpx:TrackPointExtension>
<gpxtpx:hr>160</gpxtpx:hr>
</gpxtpx:TrackPointExtension>
</extensions>
</trkpt>
<trkpt lat="36.9731406" lon="127.8784094">
<ele>67.325</ele>
<time>2026-05-14T13:43:55Z</time>
<extensions>
<gpxtpx:TrackPointExtension>
<gpxtpx:hr>160</gpxtpx:hr>
<gpxtpx:cad>181</gpxtpx:cad>
</gpxtpx:TrackPointExtension>
</extensions>
</trkpt>
<trkpt lat="36.9731677" lon="127.8784192">
<ele>67.287</ele>
<time>2026-05-14T13:43:56Z</time>
<extensions>
<gpxtpx:TrackPointExtension>
<gpxtpx:hr>160</gpxtpx:hr>
</gpxtpx:TrackPointExtension>
</extensions>
</trkpt>
<trkpt lat="36.9731945" lon="127.8784292">
<ele>67.237</ele>
<time>2026-05-14T13:43:57Z</time>
<extensions>
<gpxtpx:TrackPointExtension>
<gpxtpx:hr>160</gpxtpx:hr>
</gpxtpx:TrackPointExtension>
</extensions>
</trkpt>
<trkpt lat="36.9732216" lon="127.8784389">
<ele>67.176</ele>
<time>2026-05-14T13:43:58Z</time>
<extensions>
<gpxtpx:TrackPointExtension>
<gpxtpx:hr>160</gpxtpx:hr>
</gpxtpx:TrackPointExtension>
</extensions>
</trkpt>
<trkpt lat="36.9732495" lon="127.8784481">
<ele>67.169</ele>
<time>2026-05-14T13:43:59Z</time>
<extensions>
<gpxtpx:TrackPointExtension>
<gpxtpx:hr>160</gpxtpx:hr>
</gpxtpx:TrackPointExtension>
</extensions>
</trkpt>
<trkpt lat="36.9732759" lon="127.8784587">
<ele>67.24</ele>
<time>2026-05-14T13:44:00Z</time>
<extensions>
<gpxtpx:TrackPointExtension>
<gpxtpx:hr>160</gpxtpx:hr>
<gpxtpx:cad>181</gpxtpx:cad>
</gpxtpx:TrackPointExtension>
</extensions>
</trkpt>
<trkpt lat="36.9733027" lon="127.8784691">
<ele>67.23</ele>
<time>2026-05-14T13:44:01Z</time>
<extensions>
<gpxtpx:TrackPointExtension>
<gpxtpx:hr>160</gpxtpx:hr>
<gpxtpx:cad>181</gpxtpx:cad>
</gpxtpx:TrackPointExtension>
</extensions>
</trkpt>
<trkpt lat="36.9733272" lon="127.878481">
<ele>67.083</ele>
<time>2026-05-14T13:44:02Z</time>
<extensions>
<gpxtpx:TrackPointExtension>
<gpxtpx:hr>160</gpxtpx:hr>
</gpxtpx:TrackPointExtension>
</extensions>
</trkpt>
<trkpt lat="36.9733512" lon="127.8784932">
<ele>66.901</ele>
<time>2026-05-14T13:44:03Z</time>
<extensions>
<gpxtpx:TrackPointExtension>
<gpxtpx:hr>160</gpxtpx:hr>
</gpxtpx:TrackPointExtension>
</extensions>
</trkpt>
<trkpt lat="36.9733745" lon="127.8785055">
<ele>66.775</ele>
<time>2026-05-14T13:44:04Z</time>
<extensions>
<gpxtpx:TrackPointExtension>
<gpxtpx:hr>160</gpxtpx:hr>
</gpxtpx:TrackPointExtension>
</extensions>
</trkpt>
<trkpt lat="36.9733979" lon="127.8785179">
<ele>66.764</ele>
<time>2026-05-14T13:44:05Z</time>
<extensions>
<gpxtpx:TrackPointExtension>
<gpxtpx:hr>160</gpxtpx:hr>
<gpxtpx:cad>177</gpxtpx:cad>
</gpxtpx:TrackPointExtension>
</extensions>
</trkpt>
<trkpt lat="36.9734212" lon="127.8785302">
<ele>66.918</ele>
<time>2026-05-14T13:44:06Z</time>
<extensions>
<gpxtpx:TrackPointExtension>
<gpxtpx:hr>160</gpxtpx:hr>
</gpxtpx:TrackPointExtension>
</extensions>
</trkpt>
<trkpt lat="36.9734444" lon="127.8785422">
<ele>67.077</ele>
<time>2026-05-14T13:44:07Z</time>
<extensions>
<gpxtpx:TrackPointExtension>
<gpxtpx:hr>160</gpxtpx:hr>
</gpxtpx:TrackPointExtension>
</extensions>
</trkpt>
<trkpt lat="36.9734675" lon="127.8785543">
<ele>67.251</ele>
<time>2026-05-14T13:44:08Z</time>
<extensions>
<gpxtpx:TrackPointExtension>
<gpxtpx:hr>160</gpxtpx:hr>
</gpxtpx:TrackPointExtension>
</extensions>
</trkpt>
<trkpt lat="36.9734902" lon="127.8785665">
<ele>67.323</ele>
<time>2026-05-14T13:44:09Z</time>
<extensions>
<gpxtpx:TrackPointExtension>
<gpxtpx:hr>160</gpxtpx:hr>
</gpxtpx:TrackPointExtension>
</extensions>
</trkpt>
<trkpt lat="36.9735131" lon="127.8785787">
<ele>67.336</ele>
<time>2026-05-14T13:44:10Z</time>
<extensions>
<gpxtpx:TrackPointExtension>
<gpxtpx:hr>160</gpxtpx:hr>
<gpxtpx:cad>173</gpxtpx:cad>
</gpxtpx:TrackPointExtension>
</extensions>
</trkpt>
<trkpt lat="36.9735352" lon="127.8785916">
<ele>67.395</ele>
<time>2026-05-14T13:44:11Z</time>
<extensions>
<gpxtpx:TrackPointExtension>
<gpxtpx:hr>160</gpxtpx:hr>
</gpxtpx:TrackPointExtension>
</extensions>
</trkpt>
<trkpt lat="36.9735575" lon="127.8786042">
<ele>67.347</ele>
<time>2026-05-14T13:44:12Z</time>
<extensions>
<gpxtpx:TrackPointExtension>
<gpxtpx:hr>160</gpxtpx:hr>
</gpxtpx:TrackPointExtension>
</extensions>
</trkpt>
<trkpt lat="36.9735788" lon="127.878618">
<ele>67.352</ele>
<time>2026-05-14T13:44:13Z</time>
<extensions>
<gpxtpx:TrackPointExtension>
<gpxtpx:hr>160</gpxtpx:hr>
</gpxtpx:TrackPointExtension>
</extensions>
</trkpt>
<trkpt lat="36.9736004" lon="127.8786314">
<ele>67.33</ele>
<time>2026-05-14T13:44:14Z</time>
<extensions>
<gpxtpx:TrackPointExtension>
<gpxtpx:hr>160</gpxtpx:hr>
</gpxtpx:TrackPointExtension>
</extensions>
</trkpt>
<trkpt lat="36.973621" lon="127.8786459">
<ele>67.228</ele>
<time>2026-05-14T13:44:15Z</time>
<extensions>
<gpxtpx:TrackPointExtension>
<gpxtpx:hr>160</gpxtpx:hr>
<gpxtpx:cad>175</gpxtpx:cad>
</gpxtpx:TrackPointExtension>
</extensions>
</trkpt>
<trkpt lat="36.9736414" lon="127.8786609">
<ele>67.189</ele>
<time>2026-05-14T13:44:16Z</time>
<extensions>
<gpxtpx:TrackPointExtension>
<gpxtpx:hr>160</gpxtpx:hr>
</gpxtpx:TrackPointExtension>
</extensions>
</trkpt>
<trkpt lat="36.9736619" lon="127.8786759">
<ele>67.207</ele>
<time>2026-05-14T13:44:17Z</time>
<extensions>
<gpxtpx:TrackPointExtension>
<gpxtpx:hr>160</gpxtpx:hr>
</gpxtpx:TrackPointExtension>
</extensions>
</trkpt>
<trkpt lat="36.9736822" lon="127.8786908">
<ele>67.192</ele>
<time>2026-05-14T13:44:18Z</time>
<extensions>
<gpxtpx:TrackPointExtension>
<gpxtpx:hr>160</gpxtpx:hr>
</gpxtpx:TrackPointExtension>
</extensions>
</trkpt>
<trkpt lat="36.9737025" lon="127.8787073">
<ele>67.195</ele>
<time>2026-05-14T13:44:19Z</time>
<extensions>
<gpxtpx:TrackPointExtension>
<gpxtpx:hr>161</gpxtpx:hr>
</gpxtpx:TrackPointExtension>
</extensions>
</trkpt>
<trkpt lat="36.9737227" lon="127.8787232">
<ele>67.188</ele>
<time>2026-05-14T13:44:20Z</time>
<extensions>
<gpxtpx:TrackPointExtension>
<gpxtpx:hr>161</gpxtpx:hr>
<gpxtpx:cad>179</gpxtpx:cad>
</gpxtpx:TrackPointExtension>
</extensions>
</trkpt>
<trkpt lat="36.973743" lon="127.8787402">
<ele>67.171</ele>
<time>2026-05-14T13:44:21Z</time>
<extensions>
<gpxtpx:TrackPointExtension>
<gpxtpx:hr>161</gpxtpx:hr>
</gpxtpx:TrackPointExtension>
</extensions>
</trkpt>
<trkpt lat="36.9737636" lon="127.8787581">
<ele>67.182</ele>
<time>2026-05-14T13:44:22Z</time>
<extensions>
<gpxtpx:TrackPointExtension>
<gpxtpx:hr>161</gpxtpx:hr>
</gpxtpx:TrackPointExtension>
</extensions>
</trkpt>
<trkpt lat="36.9737842" lon="127.8787769">
<ele>67.178</ele>
<time>2026-05-14T13:44:23Z</time>
<extensions>
<gpxtpx:TrackPointExtension>
<gpxtpx:hr>161</gpxtpx:hr>
</gpxtpx:TrackPointExtension>
</extensions>
</trkpt>
<trkpt lat="36.9738047" lon="127.8787954">
<ele>67.122</ele>
<time>2026-05-14T13:44:24Z</time>
<extensions>
<gpxtpx:TrackPointExtension>
<gpxtpx:hr>160</gpxtpx:hr>
</gpxtpx:TrackPointExtension>
</extensions>
</trkpt>
<trkpt lat="36.9738247" lon="127.8788156">
<ele>67.069</ele>
<time>2026-05-14T13:44:25Z</time>
<extensions>
<gpxtpx:TrackPointExtension>
<gpxtpx:hr>160</gpxtpx:hr>
<gpxtpx:cad>179</gpxtpx:cad>
</gpxtpx:TrackPointExtension>
</extensions>
</trkpt>
<trkpt lat="36.9738448" lon="127.8788354">
<ele>67.036</ele>
<time>2026-05-14T13:44:26Z</time>
<extensions>
<gpxtpx:TrackPointExtension>
<gpxtpx:hr>160</gpxtpx:hr>
</gpxtpx:TrackPointExtension>
</extensions>
</trkpt>
<trkpt lat="36.9738653" lon="127.878854">
<ele>67.064</ele>
<time>2026-05-14T13:44:27Z</time>
<extensions>
<gpxtpx:TrackPointExtension>
<gpxtpx:hr>160</gpxtpx:hr>
</gpxtpx:TrackPointExtension>
</extensions>
</trkpt>
<trkpt lat="36.9738857" lon="127.8788715">
<ele>67.097</ele>
<time>2026-05-14T13:44:28Z</time>
<extensions>
<gpxtpx:TrackPointExtension>
<gpxtpx:hr>160</gpxtpx:hr>
</gpxtpx:TrackPointExtension>
</extensions>
</trkpt>
<trkpt lat="36.973906" lon="127.8788907">
<ele>67.069</ele>
<time>2026-05-14T13:44:29Z</time>
<extensions>
<gpxtpx:TrackPointExtension>
<gpxtpx:hr>160</gpxtpx:hr>
</gpxtpx:TrackPointExtension>
</extensions>
</trkpt>
<trkpt lat="36.9739262" lon="127.8789094">
<ele>67.075</ele>
<time>2026-05-14T13:44:30Z</time>
<extensions>
<gpxtpx:TrackPointExtension>
<gpxtpx:hr>161</gpxtpx:hr>
<gpxtpx:cad>179</gpxtpx:cad>
</gpxtpx:TrackPointExtension>
</extensions>
</trkpt>
<trkpt lat="36.9739457" lon="127.8789288">
<ele>67.084</ele>
<time>2026-05-14T13:44:31Z</time>
<extensions>
<gpxtpx:TrackPointExtension>
<gpxtpx:hr>161</gpxtpx:hr>
</gpxtpx:TrackPointExtension>
</extensions>
</trkpt>
<trkpt lat="36.9739653" lon="127.8789492">
<ele>67.126</ele>
<time>2026-05-14T13:44:32Z</time>
<extensions>
<gpxtpx:TrackPointExtension>
<gpxtpx:hr>160</gpxtpx:hr>
</gpxtpx:TrackPointExtension>
</extensions>
</trkpt>
<trkpt lat="36.9739846" lon="127.8789698">
<ele>67.112</ele>
<time>2026-05-14T13:44:33Z</time>
<extensions>
<gpxtpx:TrackPointExtension>
<gpxtpx:hr>160</gpxtpx:hr>
</gpxtpx:TrackPointExtension>
</extensions>
</trkpt>
<trkpt lat="36.9740053" lon="127.8789915">
<ele>67.041</ele>
<time>2026-05-14T13:44:34Z</time>
<extensions>
<gpxtpx:TrackPointExtension>
<gpxtpx:hr>160</gpxtpx:hr>
</gpxtpx:TrackPointExtension>
</extensions>
</trkpt>
<trkpt lat="36.9740256" lon="127.8790129">
<ele>67.008</ele>
<time>2026-05-14T13:44:35Z</time>
<extensions>
<gpxtpx:TrackPointExtension>
<gpxtpx:hr>160</gpxtpx:hr>
<gpxtpx:cad>179</gpxtpx:cad>
</gpxtpx:TrackPointExtension>
</extensions>
</trkpt>
<trkpt lat="36.9740467" lon="127.8790347">
<ele>67.024</ele>
<time>2026-05-14T13:44:36Z</time>
<extensions>
<gpxtpx:TrackPointExtension>
<gpxtpx:hr>160</gpxtpx:hr>
</gpxtpx:TrackPointExtension>
</extensions>
</trkpt>
<trkpt lat="36.9740685" lon="127.8790573">
<ele>67.106</ele>
<time>2026-05-14T13:44:37Z</time>
<extensions>
<gpxtpx:TrackPointExtension>
<gpxtpx:hr>159</gpxtpx:hr>
<gpxtpx:cad>179</gpxtpx:cad>
</gpxtpx:TrackPointExtension>
</extensions>
</trkpt>
<trkpt lat="36.9740904" lon="127.8790797">
<ele>67.089</ele>
<time>2026-05-14T13:44:38Z</time>
<extensions>
<gpxtpx:TrackPointExtension>
<gpxtpx:hr>159</gpxtpx:hr>
</gpxtpx:TrackPointExtension>
</extensions>
</trkpt>
<trkpt lat="36.974111" lon="127.8791029">
<ele>67.081</ele>
<time>2026-05-14T13:44:39Z</time>
<extensions>
<gpxtpx:TrackPointExtension>
<gpxtpx:hr>159</gpxtpx:hr>
</gpxtpx:TrackPointExtension>
</extensions>
</trkpt>
<trkpt lat="36.9741302" lon="127.8791263">
<ele>67.076</ele>
<time>2026-05-14T13:44:40Z</time>
<extensions>
<gpxtpx:TrackPointExtension>
<gpxtpx:hr>159</gpxtpx:hr>
<gpxtpx:cad>179</gpxtpx:cad>
</gpxtpx:TrackPointExtension>
</extensions>
</trkpt>
<trkpt lat="36.9741492" lon="127.8791496">
<ele>67.064</ele>
<time>2026-05-14T13:44:41Z</time>
<extensions>
<gpxtpx:TrackPointExtension>
<gpxtpx:hr>159</gpxtpx:hr>
</gpxtpx:TrackPointExtension>
</extensions>
</trkpt>
<trkpt lat="36.9741662" lon="127.879173">
<ele>67.017</ele>
<time>2026-05-14T13:44:42Z</time>
<extensions>
<gpxtpx:TrackPointExtension>
<gpxtpx:hr>159</gpxtpx:hr>
</gpxtpx:TrackPointExtension>
</extensions>
</trkpt>
<trkpt lat="36.9741832" lon="127.8791965">
<ele>67.081</ele>
<time>2026-05-14T13:44:43Z</time>
<extensions>
<gpxtpx:TrackPointExtension>
<gpxtpx:hr>159</gpxtpx:hr>
</gpxtpx:TrackPointExtension>
</extensions>
</trkpt>
<trkpt lat="36.9741993" lon="127.8792201">
<ele>67.041</ele>
<time>2026-05-14T13:44:44Z</time>
<extensions>
<gpxtpx:TrackPointExtension>
<gpxtpx:hr>159</gpxtpx:hr>
</gpxtpx:TrackPointExtension>
</extensions>
</trkpt>
<trkpt lat="36.9742149" lon="127.8792437">
<ele>66.979</ele>
<time>2026-05-14T13:44:45Z</time>
<extensions>
<gpxtpx:TrackPointExtension>
<gpxtpx:hr>159</gpxtpx:hr>
<gpxtpx:cad>178</gpxtpx:cad>
</gpxtpx:TrackPointExtension>
</extensions>
</trkpt>
<trkpt lat="36.9742299" lon="127.8792674">
<ele>66.993</ele>
<time>2026-05-14T13:44:46Z</time>
<extensions>
<gpxtpx:TrackPointExtension>
<gpxtpx:hr>159</gpxtpx:hr>
</gpxtpx:TrackPointExtension>
</extensions>
</trkpt>
<trkpt lat="36.9742447" lon="127.8792913">
<ele>67.017</ele>
<time>2026-05-14T13:44:47Z</time>
<extensions>
<gpxtpx:TrackPointExtension>
<gpxtpx:hr>159</gpxtpx:hr>
</gpxtpx:TrackPointExtension>
</extensions>
</trkpt>
<trkpt lat="36.9742593" lon="127.8793153">
<ele>66.999</ele>
<time>2026-05-14T13:44:48Z</time>
<extensions>
<gpxtpx:TrackPointExtension>
<gpxtpx:hr>159</gpxtpx:hr>
</gpxtpx:TrackPointExtension>
</extensions>
</trkpt>
<trkpt lat="36.9742739" lon="127.8793396">
<ele>66.969</ele>
<time>2026-05-14T13:44:49Z</time>
<extensions>
<gpxtpx:TrackPointExtension>
<gpxtpx:hr>160</gpxtpx:hr>
</gpxtpx:TrackPointExtension>
</extensions>
</trkpt>
<trkpt lat="36.9742885" lon="127.8793639">
<ele>67.091</ele>
<time>2026-05-14T13:44:50Z</time>
<extensions>
<gpxtpx:TrackPointExtension>
<gpxtpx:hr>160</gpxtpx:hr>
<gpxtpx:cad>178</gpxtpx:cad>
</gpxtpx:TrackPointExtension>
</extensions>
</trkpt>
<trkpt lat="36.9743031" lon="127.8793887">
<ele>67.201</ele>
<time>2026-05-14T13:44:51Z</time>
<extensions>
<gpxtpx:TrackPointExtension>
<gpxtpx:hr>160</gpxtpx:hr>
</gpxtpx:TrackPointExtension>
</extensions>
</trkpt>
<trkpt lat="36.9743178" lon="127.8794137">
<ele>67.268</ele>
<time>2026-05-14T13:44:52Z</time>
<extensions>
<gpxtpx:TrackPointExtension>
<gpxtpx:hr>160</gpxtpx:hr>
</gpxtpx:TrackPointExtension>
</extensions>
</trkpt>
<trkpt lat="36.9743325" lon="127.8794393">
<ele>67.134</ele>
<time>2026-05-14T13:44:53Z</time>
<extensions>
<gpxtpx:TrackPointExtension>
<gpxtpx:hr>160</gpxtpx:hr>
</gpxtpx:TrackPointExtension>
</extensions>
</trkpt>
<trkpt lat="36.9743472" lon="127.8794647">
<ele>67.028</ele>
<time>2026-05-14T13:44:54Z</time>
<extensions>
<gpxtpx:TrackPointExtension>
<gpxtpx:hr>160</gpxtpx:hr>
</gpxtpx:TrackPointExtension>
</extensions>
</trkpt>
<trkpt lat="36.9743619" lon="127.8794904">
<ele>67.011</ele>
<time>2026-05-14T13:44:55Z</time>
<extensions>
<gpxtpx:TrackPointExtension>
<gpxtpx:hr>160</gpxtpx:hr>
<gpxtpx:cad>179</gpxtpx:cad>
</gpxtpx:TrackPointExtension>
</extensions>
</trkpt>
<trkpt lat="36.9743767" lon="127.8795162">
<ele>67.032</ele>
<time>2026-05-14T13:44:56Z</time>
<extensions>
<gpxtpx:TrackPointExtension>
<gpxtpx:hr>159</gpxtpx:hr>
</gpxtpx:TrackPointExtension>
</extensions>
</trkpt>
<trkpt lat="36.9743913" lon="127.8795422">
<ele>67.026</ele>
<time>2026-05-14T13:44:57Z</time>
<extensions>
<gpxtpx:TrackPointExtension>
<gpxtpx:hr>159</gpxtpx:hr>
</gpxtpx:TrackPointExtension>
</extensions>
</trkpt>
<trkpt lat="36.9744059" lon="127.8795681">
<ele>67.01</ele>
<time>2026-05-14T13:44:58Z</time>
<extensions>
<gpxtpx:TrackPointExtension>
<gpxtpx:hr>159</gpxtpx:hr>
</gpxtpx:TrackPointExtension>
</extensions>
</trkpt>
<trkpt lat="36.9744204" lon="127.8795943">
<ele>67.022</ele>
<time>2026-05-14T13:44:59Z</time>
<extensions>
<gpxtpx:TrackPointExtension>
<gpxtpx:hr>158</gpxtpx:hr>
</gpxtpx:TrackPointExtension>
</extensions>
</trkpt>
<trkpt lat="36.9744349" lon="127.8796206">
<ele>67.016</ele>
<time>2026-05-14T13:45:00Z</time>
<extensions>
<gpxtpx:TrackPointExtension>
<gpxtpx:hr>158</gpxtpx:hr>
<gpxtpx:cad>179</gpxtpx:cad>
</gpxtpx:TrackPointExtension>
</extensions>
</trkpt>
<trkpt lat="36.9744486" lon="127.8796477">
<ele>66.945</ele>
<time>2026-05-14T13:45:01Z</time>
<extensions>
<gpxtpx:TrackPointExtension>
<gpxtpx:hr>158</gpxtpx:hr>
</gpxtpx:TrackPointExtension>
</extensions>
</trkpt>
<trkpt lat="36.9744625" lon="127.8796745">
<ele>66.892</ele>
<time>2026-05-14T13:45:02Z</time>
<extensions>
<gpxtpx:TrackPointExtension>
<gpxtpx:hr>159</gpxtpx:hr>
</gpxtpx:TrackPointExtension>
</extensions>
</trkpt>
<trkpt lat="36.9744755" lon="127.8797026">
<ele>66.915</ele>
<time>2026-05-14T13:45:03Z</time>
<extensions>
<gpxtpx:TrackPointExtension>
<gpxtpx:hr>159</gpxtpx:hr>
</gpxtpx:TrackPointExtension>
</extensions>
</trkpt>
<trkpt lat="36.9744887" lon="127.8797302">
<ele>66.891</ele>
<time>2026-05-14T13:45:04Z</time>
<extensions>
<gpxtpx:TrackPointExtension>
<gpxtpx:hr>159</gpxtpx:hr>
</gpxtpx:TrackPointExtension>
</extensions>
</trkpt>
<trkpt lat="36.9745011" lon="127.8797595">
<ele>66.88</ele>
<time>2026-05-14T13:45:05Z</time>
<extensions>
<gpxtpx:TrackPointExtension>
<gpxtpx:hr>159</gpxtpx:hr>
<gpxtpx:cad>179</gpxtpx:cad>
</gpxtpx:TrackPointExtension>
</extensions>
</trkpt>
<trkpt lat="36.9745137" lon="127.8797883">
<ele>66.875</ele>
<time>2026-05-14T13:45:06Z</time>
<extensions>
<gpxtpx:TrackPointExtension>
<gpxtpx:hr>159</gpxtpx:hr>
</gpxtpx:TrackPointExtension>
</extensions>
</trkpt>
<trkpt lat="36.9745256" lon="127.8798191">
<ele>66.899</ele>
<time>2026-05-14T13:45:07Z</time>
<extensions>
<gpxtpx:TrackPointExtension>
<gpxtpx:hr>159</gpxtpx:hr>
</gpxtpx:TrackPointExtension>
</extensions>
</trkpt>
<trkpt lat="36.9745377" lon="127.8798493">
<ele>66.76</ele>
<time>2026-05-14T13:45:08Z</time>
<extensions>
<gpxtpx:TrackPointExtension>
<gpxtpx:hr>159</gpxtpx:hr>
</gpxtpx:TrackPointExtension>
</extensions>
</trkpt>
<trkpt lat="36.9745493" lon="127.8798809">
<ele>66.589</ele>
<time>2026-05-14T13:45:09Z</time>
<extensions>
<gpxtpx:TrackPointExtension>
<gpxtpx:hr>159</gpxtpx:hr>
</gpxtpx:TrackPointExtension>
</extensions>
</trkpt>
<trkpt lat="36.9745605" lon="127.8799133">
<ele>66.561</ele>
<time>2026-05-14T13:45:10Z</time>
<extensions>
<gpxtpx:TrackPointExtension>
<gpxtpx:hr>159</gpxtpx:hr>
<gpxtpx:cad>178</gpxtpx:cad>
</gpxtpx:TrackPointExtension>
</extensions>
</trkpt>
<trkpt lat="36.9745712" lon="127.8799461">
<ele>66.622</ele>
<time>2026-05-14T13:45:11Z</time>
<extensions>
<gpxtpx:TrackPointExtension>
<gpxtpx:hr>159</gpxtpx:hr>
</gpxtpx:TrackPointExtension>
</extensions>
</trkpt>
<trkpt lat="36.9745818" lon="127.8799792">
<ele>66.627</ele>
<time>2026-05-14T13:45:12Z</time>
<extensions>
<gpxtpx:TrackPointExtension>
<gpxtpx:hr>159</gpxtpx:hr>
<gpxtpx:cad>177</gpxtpx:cad>
</gpxtpx:TrackPointExtension>
</extensions>
</trkpt>
<trkpt lat="36.9745916" lon="127.8800128">
<ele>66.695</ele>
<time>2026-05-14T13:45:13Z</time>
<extensions>
<gpxtpx:TrackPointExtension>
<gpxtpx:hr>159</gpxtpx:hr>
</gpxtpx:TrackPointExtension>
</extensions>
</trkpt>
<trkpt lat="36.9746014" lon="127.8800467">
<ele>66.6</ele>
<time>2026-05-14T13:45:14Z</time>
<extensions>
<gpxtpx:TrackPointExtension>
<gpxtpx:hr>159</gpxtpx:hr>
</gpxtpx:TrackPointExtension>
</extensions>
</trkpt>
<trkpt lat="36.9746107" lon="127.8800799">
<ele>66.7</ele>
<time>2026-05-14T13:45:15Z</time>
<extensions>
<gpxtpx:TrackPointExtension>
<gpxtpx:hr>159</gpxtpx:hr>
<gpxtpx:cad>176</gpxtpx:cad>
</gpxtpx:TrackPointExtension>
</extensions>
</trkpt>
<trkpt lat="36.9746199" lon="127.8801123">
<ele>66.707</ele>
<time>2026-05-14T13:45:16Z</time>
<extensions>
<gpxtpx:TrackPointExtension>
<gpxtpx:hr>158</gpxtpx:hr>
</gpxtpx:TrackPointExtension>
</extensions>
</trkpt>
<trkpt lat="36.9746289" lon="127.8801437">
<ele>66.721</ele>
<time>2026-05-14T13:45:17Z</time>
<extensions>
<gpxtpx:TrackPointExtension>
<gpxtpx:hr>158</gpxtpx:hr>
</gpxtpx:TrackPointExtension>
</extensions>
</trkpt>
<trkpt lat="36.9746378" lon="127.8801748">
<ele>66.866</ele>
<time>2026-05-14T13:45:18Z</time>
<extensions>
<gpxtpx:TrackPointExtension>
<gpxtpx:hr>158</gpxtpx:hr>
</gpxtpx:TrackPointExtension>
</extensions>
</trkpt>
<trkpt lat="36.9746459" lon="127.8802048">
<ele>66.882</ele>
<time>2026-05-14T13:45:19Z</time>
<extensions>
<gpxtpx:TrackPointExtension>
<gpxtpx:hr>158</gpxtpx:hr>
</gpxtpx:TrackPointExtension>
</extensions>
</trkpt>
<trkpt lat="36.9746533" lon="127.880235">
<ele>66.973</ele>
<time>2026-05-14T13:45:20Z</time>
<extensions>
<gpxtpx:TrackPointExtension>
<gpxtpx:hr>158</gpxtpx:hr>
<gpxtpx:cad>175</gpxtpx:cad>
</gpxtpx:TrackPointExtension>
</extensions>
</trkpt>
<trkpt lat="36.9746596" lon="127.8802652">
<ele>66.968</ele>
<time>2026-05-14T13:45:21Z</time>
<extensions>
<gpxtpx:TrackPointExtension>
<gpxtpx:hr>158</gpxtpx:hr>
</gpxtpx:TrackPointExtension>
</extensions>
</trkpt>
<trkpt lat="36.9746667" lon="127.8802955">
<ele>67.019</ele>
<time>2026-05-14T13:45:22Z</time>
<extensions>
<gpxtpx:TrackPointExtension>
<gpxtpx:hr>158</gpxtpx:hr>
</gpxtpx:TrackPointExtension>
</extensions>
</trkpt>
<trkpt lat="36.9746709" lon="127.880326">
<ele>67.112</ele>
<time>2026-05-14T13:45:23Z</time>
<extensions>
<gpxtpx:TrackPointExtension>
<gpxtpx:hr>158</gpxtpx:hr>
</gpxtpx:TrackPointExtension>
</extensions>
</trkpt>
<trkpt lat="36.974675" lon="127.8803565">
<ele>67.158</ele>
<time>2026-05-14T13:45:24Z</time>
<extensions>
<gpxtpx:TrackPointExtension>
<gpxtpx:hr>158</gpxtpx:hr>
</gpxtpx:TrackPointExtension>
</extensions>
</trkpt>
<trkpt lat="36.9746789" lon="127.880387">
<ele>67.251</ele>
<time>2026-05-14T13:45:25Z</time>
<extensions>
<gpxtpx:TrackPointExtension>
<gpxtpx:hr>158</gpxtpx:hr>
<gpxtpx:cad>175</gpxtpx:cad>
</gpxtpx:TrackPointExtension>
</extensions>
</trkpt>
<trkpt lat="36.9746815" lon="127.8804177">
<ele>67.321</ele>
<time>2026-05-14T13:45:26Z</time>
<extensions>
<gpxtpx:TrackPointExtension>
<gpxtpx:hr>158</gpxtpx:hr>
</gpxtpx:TrackPointExtension>
</extensions>
</trkpt>
<trkpt lat="36.9746826" lon="127.8804491">
<ele>67.281</ele>
<time>2026-05-14T13:45:27Z</time>
<extensions>
<gpxtpx:TrackPointExtension>
<gpxtpx:hr>158</gpxtpx:hr>
</gpxtpx:TrackPointExtension>
</extensions>
</trkpt>
<trkpt lat="36.9746841" lon="127.8804811">
<ele>67.241</ele>
<time>2026-05-14T13:45:28Z</time>
<extensions>
<gpxtpx:TrackPointExtension>
<gpxtpx:hr>159</gpxtpx:hr>
</gpxtpx:TrackPointExtension>
</extensions>
</trkpt>
<trkpt lat="36.9746868" lon="127.8805131">
<ele>67.263</ele>
<time>2026-05-14T13:45:29Z</time>
<extensions>
<gpxtpx:TrackPointExtension>
<gpxtpx:hr>159</gpxtpx:hr>
</gpxtpx:TrackPointExtension>
</extensions>
</trkpt>
<trkpt lat="36.9746906" lon="127.8805451">
<ele>67.275</ele>
<time>2026-05-14T13:45:30Z</time>
<extensions>
<gpxtpx:TrackPointExtension>
<gpxtpx:hr>160</gpxtpx:hr>
<gpxtpx:cad>175</gpxtpx:cad>
</gpxtpx:TrackPointExtension>
</extensions>
</trkpt>
<trkpt lat="36.9746958" lon="127.880577">
<ele>67.31</ele>
<time>2026-05-14T13:45:31Z</time>
<extensions>
<gpxtpx:TrackPointExtension>
<gpxtpx:hr>160</gpxtpx:hr>
</gpxtpx:TrackPointExtension>
</extensions>
</trkpt>
<trkpt lat="36.9746999" lon="127.8806087">
<ele>67.321</ele>
<time>2026-05-14T13:45:32Z</time>
<extensions>
<gpxtpx:TrackPointExtension>
<gpxtpx:hr>160</gpxtpx:hr>
</gpxtpx:TrackPointExtension>
</extensions>
</trkpt>
<trkpt lat="36.9747037" lon="127.8806404">
<ele>67.321</ele>
<time>2026-05-14T13:45:33Z</time>
<extensions>
<gpxtpx:TrackPointExtension>
<gpxtpx:hr>160</gpxtpx:hr>
</gpxtpx:TrackPointExtension>
</extensions>
</trkpt>
<trkpt lat="36.9747076" lon="127.8806721">
<ele>67.321</ele>
<time>2026-05-14T13:45:34Z</time>
<extensions>
<gpxtpx:TrackPointExtension>
<gpxtpx:hr>160</gpxtpx:hr>
</gpxtpx:TrackPointExtension>
</extensions>
</trkpt>
<trkpt lat="36.9747111" lon="127.8807035">
<ele>67.364</ele>
<time>2026-05-14T13:45:35Z</time>
<extensions>
<gpxtpx:TrackPointExtension>
<gpxtpx:hr>160</gpxtpx:hr>
<gpxtpx:cad>177</gpxtpx:cad>
</gpxtpx:TrackPointExtension>
</extensions>
</trkpt>
<trkpt lat="36.9747136" lon="127.8807347">
<ele>67.347</ele>
<time>2026-05-14T13:45:36Z</time>
<extensions>
<gpxtpx:TrackPointExtension>
<gpxtpx:hr>160</gpxtpx:hr>
</gpxtpx:TrackPointExtension>
</extensions>
</trkpt>
<trkpt lat="36.9747153" lon="127.8807657">
<ele>67.401</ele>
<time>2026-05-14T13:45:37Z</time>
<extensions>
<gpxtpx:TrackPointExtension>
<gpxtpx:hr>160</gpxtpx:hr>
</gpxtpx:TrackPointExtension>
</extensions>
</trkpt>
<trkpt lat="36.9747162" lon="127.8807964">
<ele>67.388</ele>
<time>2026-05-14T13:45:38Z</time>
<extensions>
<gpxtpx:TrackPointExtension>
<gpxtpx:hr>160</gpxtpx:hr>
</gpxtpx:TrackPointExtension>
</extensions>
</trkpt>
<trkpt lat="36.9747176" lon="127.8808273">
<ele>67.4</ele>
<time>2026-05-14T13:45:39Z</time>
<extensions>
<gpxtpx:TrackPointExtension>
<gpxtpx:hr>160</gpxtpx:hr>
</gpxtpx:TrackPointExtension>
</extensions>
</trkpt>
<trkpt lat="36.9747186" lon="127.8808581">
<ele>67.386</ele>
<time>2026-05-14T13:45:40Z</time>
<extensions>
<gpxtpx:TrackPointExtension>
<gpxtpx:hr>161</gpxtpx:hr>
<gpxtpx:cad>178</gpxtpx:cad>
</gpxtpx:TrackPointExtension>
</extensions>
</trkpt>
<trkpt lat="36.9747171" lon="127.8808884">
<ele>67.36</ele>
<time>2026-05-14T13:45:41Z</time>
<extensions>
<gpxtpx:TrackPointExtension>
<gpxtpx:hr>161</gpxtpx:hr>
</gpxtpx:TrackPointExtension>
</extensions>
</trkpt>
<trkpt lat="36.9747172" lon="127.880919">
<ele>67.318</ele>
<time>2026-05-14T13:45:42Z</time>
<extensions>
<gpxtpx:TrackPointExtension>
<gpxtpx:hr>161</gpxtpx:hr>
</gpxtpx:TrackPointExtension>
</extensions>
</trkpt>
<trkpt lat="36.9747151" lon="127.8809492">
<ele>67.298</ele>
<time>2026-05-14T13:45:43Z</time>
<extensions>
<gpxtpx:TrackPointExtension>
<gpxtpx:hr>161</gpxtpx:hr>
</gpxtpx:TrackPointExtension>
</extensions>
</trkpt>
<trkpt lat="36.9747163" lon="127.8809798">
<ele>67.256</ele>
<time>2026-05-14T13:45:44Z</time>
<extensions>
<gpxtpx:TrackPointExtension>
<gpxtpx:hr>161</gpxtpx:hr>
</gpxtpx:TrackPointExtension>
</extensions>
</trkpt>
<trkpt lat="36.9747164" lon="127.8810103">
<ele>67.283</ele>
<time>2026-05-14T13:45:45Z</time>
<extensions>
<gpxtpx:TrackPointExtension>
<gpxtpx:hr>161</gpxtpx:hr>
<gpxtpx:cad>178</gpxtpx:cad>
</gpxtpx:TrackPointExtension>
</extensions>
</trkpt>
<trkpt lat="36.9747136" lon="127.8810403">
<ele>67.288</ele>
<time>2026-05-14T13:45:46Z</time>
<extensions>
<gpxtpx:TrackPointExtension>
<gpxtpx:hr>161</gpxtpx:hr>
</gpxtpx:TrackPointExtension>
</extensions>
</trkpt>
<trkpt lat="36.9747121" lon="127.8810706">
<ele>67.246</ele>
<time>2026-05-14T13:45:47Z</time>
<extensions>
<gpxtpx:TrackPointExtension>
<gpxtpx:hr>161</gpxtpx:hr>
<gpxtpx:cad>179</gpxtpx:cad>
</gpxtpx:TrackPointExtension>
</extensions>
</trkpt>
<trkpt lat="36.9747094" lon="127.8811006">
<ele>67.177</ele>
<time>2026-05-14T13:45:48Z</time>
<extensions>
<gpxtpx:TrackPointExtension>
<gpxtpx:hr>161</gpxtpx:hr>
</gpxtpx:TrackPointExtension>
</extensions>
</trkpt>
<trkpt lat="36.9747069" lon="127.8811307">
<ele>67.12</ele>
<time>2026-05-14T13:45:49Z</time>
<extensions>
<gpxtpx:TrackPointExtension>
<gpxtpx:hr>161</gpxtpx:hr>
</gpxtpx:TrackPointExtension>
</extensions>
</trkpt>
<trkpt lat="36.9747042" lon="127.8811607">
<ele>67.104</ele>
<time>2026-05-14T13:45:50Z</time>
<extensions>
<gpxtpx:TrackPointExtension>
<gpxtpx:hr>161</gpxtpx:hr>
<gpxtpx:cad>180</gpxtpx:cad>
</gpxtpx:TrackPointExtension>
</extensions>
</trkpt>
<trkpt lat="36.9747012" lon="127.8811906">
<ele>67.134</ele>
<time>2026-05-14T13:45:51Z</time>
<extensions>
<gpxtpx:TrackPointExtension>
<gpxtpx:hr>161</gpxtpx:hr>
</gpxtpx:TrackPointExtension>
</extensions>
</trkpt>
<trkpt lat="36.974699" lon="127.8812205">
<ele>67.16</ele>
<time>2026-05-14T13:45:52Z</time>
<extensions>
<gpxtpx:TrackPointExtension>
<gpxtpx:hr>161</gpxtpx:hr>
</gpxtpx:TrackPointExtension>
</extensions>
</trkpt>
<trkpt lat="36.9746968" lon="127.88125">
<ele>67.181</ele>
<time>2026-05-14T13:45:53Z</time>
<extensions>
<gpxtpx:TrackPointExtension>
<gpxtpx:hr>161</gpxtpx:hr>
</gpxtpx:TrackPointExtension>
</extensions>
</trkpt>
<trkpt lat="36.9746939" lon="127.8812796">
<ele>67.139</ele>
<time>2026-05-14T13:45:54Z</time>
<extensions>
<gpxtpx:TrackPointExtension>
<gpxtpx:hr>161</gpxtpx:hr>
</gpxtpx:TrackPointExtension>
</extensions>
</trkpt>
<trkpt lat="36.9746915" lon="127.8813087">
<ele>66.998</ele>
<time>2026-05-14T13:45:55Z</time>
<extensions>
<gpxtpx:TrackPointExtension>
<gpxtpx:hr>161</gpxtpx:hr>
<gpxtpx:cad>180</gpxtpx:cad>
</gpxtpx:TrackPointExtension>
</extensions>
</trkpt>
<trkpt lat="36.9746885" lon="127.8813379">
<ele>66.864</ele>
<time>2026-05-14T13:45:56Z</time>
<extensions>
<gpxtpx:TrackPointExtension>
<gpxtpx:hr>160</gpxtpx:hr>
</gpxtpx:TrackPointExtension>
</extensions>
</trkpt>
<trkpt lat="36.9746854" lon="127.8813673">
<ele>66.816</ele>
<time>2026-05-14T13:45:57Z</time>
<extensions>
<gpxtpx:TrackPointExtension>
<gpxtpx:hr>160</gpxtpx:hr>
</gpxtpx:TrackPointExtension>
</extensions>
</trkpt>
<trkpt lat="36.9746825" lon="127.8813969">
<ele>66.812</ele>
<time>2026-05-14T13:45:58Z</time>
<extensions>
<gpxtpx:TrackPointExtension>
<gpxtpx:hr>160</gpxtpx:hr>
</gpxtpx:TrackPointExtension>
</extensions>
</trkpt>
<trkpt lat="36.9746796" lon="127.8814267">
<ele>66.898</ele>
<time>2026-05-14T13:45:59Z</time>
<extensions>
<gpxtpx:TrackPointExtension>
<gpxtpx:hr>160</gpxtpx:hr>
</gpxtpx:TrackPointExtension>
</extensions>
</trkpt>
<trkpt lat="36.974677" lon="127.8814564">
<ele>66.867</ele>
<time>2026-05-14T13:46:00Z</time>
<extensions>
<gpxtpx:TrackPointExtension>
<gpxtpx:hr>160</gpxtpx:hr>
<gpxtpx:cad>178</gpxtpx:cad>
</gpxtpx:TrackPointExtension>
</extensions>
</trkpt>
<trkpt lat="36.9746746" lon="127.8814864">
<ele>66.856</ele>
<time>2026-05-14T13:46:01Z</time>
<extensions>
<gpxtpx:TrackPointExtension>
<gpxtpx:hr>160</gpxtpx:hr>
</gpxtpx:TrackPointExtension>
</extensions>
</trkpt>
<trkpt lat="36.9746722" lon="127.8815165">
<ele>66.853</ele>
<time>2026-05-14T13:46:02Z</time>
<extensions>
<gpxtpx:TrackPointExtension>
<gpxtpx:hr>160</gpxtpx:hr>
</gpxtpx:TrackPointExtension>
</extensions>
</trkpt>
<trkpt lat="36.9746698" lon="127.8815471">
<ele>66.937</ele>
<time>2026-05-14T13:46:03Z</time>
<extensions>
<gpxtpx:TrackPointExtension>
<gpxtpx:hr>160</gpxtpx:hr>
</gpxtpx:TrackPointExtension>
</extensions>
</trkpt>
<trkpt lat="36.9746675" lon="127.8815775">
<ele>67.044</ele>
<time>2026-05-14T13:46:04Z</time>
<extensions>
<gpxtpx:TrackPointExtension>
<gpxtpx:hr>160</gpxtpx:hr>
</gpxtpx:TrackPointExtension>
</extensions>
</trkpt>
<trkpt lat="36.9746651" lon="127.881608">
<ele>67.054</ele>
<time>2026-05-14T13:46:05Z</time>
<extensions>
<gpxtpx:TrackPointExtension>
<gpxtpx:hr>159</gpxtpx:hr>
<gpxtpx:cad>176</gpxtpx:cad>
</gpxtpx:TrackPointExtension>
</extensions>
</trkpt>
<trkpt lat="36.9746628" lon="127.8816377">
<ele>67.115</ele>
<time>2026-05-14T13:46:06Z</time>
<extensions>
<gpxtpx:TrackPointExtension>
<gpxtpx:hr>159</gpxtpx:hr>
</gpxtpx:TrackPointExtension>
</extensions>
</trkpt>
<trkpt lat="36.9746606" lon="127.8816681">
<ele>66.959</ele>
<time>2026-05-14T13:46:07Z</time>
<extensions>
<gpxtpx:TrackPointExtension>
<gpxtpx:hr>158</gpxtpx:hr>
</gpxtpx:TrackPointExtension>
</extensions>
</trkpt>
<trkpt lat="36.9746583" lon="127.8816977">
<ele>66.874</ele>
<time>2026-05-14T13:46:08Z</time>
<extensions>
<gpxtpx:TrackPointExtension>
<gpxtpx:hr>158</gpxtpx:hr>
</gpxtpx:TrackPointExtension>
</extensions>
</trkpt>
<trkpt lat="36.9746562" lon="127.8817294">
<ele>66.81</ele>
<time>2026-05-14T13:46:09Z</time>
<extensions>
<gpxtpx:TrackPointExtension>
<gpxtpx:hr>157</gpxtpx:hr>
</gpxtpx:TrackPointExtension>
</extensions>
</trkpt>
<trkpt lat="36.9746538" lon="127.8817592">
<ele>66.774</ele>
<time>2026-05-14T13:46:10Z</time>
<extensions>
<gpxtpx:TrackPointExtension>
<gpxtpx:hr>157</gpxtpx:hr>
<gpxtpx:cad>174</gpxtpx:cad>
</gpxtpx:TrackPointExtension>
</extensions>
</trkpt>
<trkpt lat="36.9746515" lon="127.8817903">
<ele>66.819</ele>
<time>2026-05-14T13:46:12Z</time>
<extensions>
<gpxtpx:TrackPointExtension>
<gpxtpx:hr>157</gpxtpx:hr>
</gpxtpx:TrackPointExtension>
</extensions>
</trkpt>
<trkpt lat="36.9746493" lon="127.8818217">
<ele>66.818</ele>
<time>2026-05-14T13:46:13Z</time>
<extensions>
<gpxtpx:TrackPointExtension>
<gpxtpx:hr>157</gpxtpx:hr>
</gpxtpx:TrackPointExtension>
</extensions>
</trkpt>
<trkpt lat="36.974647" lon="127.8818531">
<ele>66.806</ele>
<time>2026-05-14T13:46:14Z</time>
<extensions>
<gpxtpx:TrackPointExtension>
<gpxtpx:hr>157</gpxtpx:hr>
</gpxtpx:TrackPointExtension>
</extensions>
</trkpt>
<trkpt lat="36.9746445" lon="127.8818835">
<ele>66.849</ele>
<time>2026-05-14T13:46:15Z</time>
<extensions>
<gpxtpx:TrackPointExtension>
<gpxtpx:hr>157</gpxtpx:hr>
</gpxtpx:TrackPointExtension>
</extensions>
</trkpt>
<trkpt lat="36.9746423" lon="127.8819164">
<ele>66.818</ele>
<time>2026-05-14T13:46:16Z</time>
<extensions>
<gpxtpx:TrackPointExtension>
<gpxtpx:hr>157</gpxtpx:hr>
<gpxtpx:cad>175</gpxtpx:cad>
</gpxtpx:TrackPointExtension>
</extensions>
</trkpt>
<trkpt lat="36.9746398" lon="127.8819474">
<ele>66.921</ele>
<time>2026-05-14T13:46:17Z</time>
<extensions>
<gpxtpx:TrackPointExtension>
<gpxtpx:hr>157</gpxtpx:hr>
</gpxtpx:TrackPointExtension>
</extensions>
</trkpt>
<trkpt lat="36.9746368" lon="127.8819799">
<ele>66.966</ele>
<time>2026-05-14T13:46:18Z</time>
<extensions>
<gpxtpx:TrackPointExtension>
<gpxtpx:hr>157</gpxtpx:hr>
</gpxtpx:TrackPointExtension>
</extensions>
</trkpt>
<trkpt lat="36.9746337" lon="127.8820117">
<ele>67.031</ele>
<time>2026-05-14T13:46:19Z</time>
<extensions>
<gpxtpx:TrackPointExtension>
<gpxtpx:hr>157</gpxtpx:hr>
</gpxtpx:TrackPointExtension>
</extensions>
</trkpt>
<trkpt lat="36.9746304" lon="127.8820437">
<ele>67.027</ele>
<time>2026-05-14T13:46:20Z</time>
<extensions>
<gpxtpx:TrackPointExtension>
<gpxtpx:hr>158</gpxtpx:hr>
</gpxtpx:TrackPointExtension>
</extensions>
</trkpt>
<trkpt lat="36.974628" lon="127.8820761">
<ele>67.0</ele>
<time>2026-05-14T13:46:21Z</time>
<extensions>
<gpxtpx:TrackPointExtension>
<gpxtpx:hr>158</gpxtpx:hr>
<gpxtpx:cad>177</gpxtpx:cad>
</gpxtpx:TrackPointExtension>
</extensions>
</trkpt>
<trkpt lat="36.9746248" lon="127.8821084">
<ele>66.915</ele>
<time>2026-05-14T13:46:22Z</time>
<extensions>
<gpxtpx:TrackPointExtension>
<gpxtpx:hr>158</gpxtpx:hr>
</gpxtpx:TrackPointExtension>
</extensions>
</trkpt>
<trkpt lat="36.9746213" lon="127.8821408">
<ele>66.864</ele>
<time>2026-05-14T13:46:23Z</time>
<extensions>
<gpxtpx:TrackPointExtension>
<gpxtpx:hr>158</gpxtpx:hr>
</gpxtpx:TrackPointExtension>
</extensions>
</trkpt>
<trkpt lat="36.9746172" lon="127.8821731">
<ele>66.623</ele>
<time>2026-05-14T13:46:24Z</time>
<extensions>
<gpxtpx:TrackPointExtension>
<gpxtpx:hr>158</gpxtpx:hr>
<gpxtpx:cad>177</gpxtpx:cad>
</gpxtpx:TrackPointExtension>
</extensions>
</trkpt>
<trkpt lat="36.974615" lon="127.882206">
<ele>66.379</ele>
<time>2026-05-14T13:46:25Z</time>
<extensions>
<gpxtpx:TrackPointExtension>
<gpxtpx:hr>158</gpxtpx:hr>
</gpxtpx:TrackPointExtension>
</extensions>
</trkpt>
<trkpt lat="36.9746116" lon="127.8822381">
<ele>66.471</ele>
<time>2026-05-14T13:46:26Z</time>
<extensions>
<gpxtpx:TrackPointExtension>
<gpxtpx:hr>159</gpxtpx:hr>
<gpxtpx:cad>177</gpxtpx:cad>
</gpxtpx:TrackPointExtension>
</extensions>
</trkpt>
<trkpt lat="36.9746089" lon="127.882271">
<ele>66.719</ele>
<time>2026-05-14T13:46:27Z</time>
<extensions>
<gpxtpx:TrackPointExtension>
<gpxtpx:hr>159</gpxtpx:hr>
</gpxtpx:TrackPointExtension>
</extensions>
</trkpt>
<trkpt lat="36.9746058" lon="127.882303">
<ele>66.777</ele>
<time>2026-05-14T13:46:28Z</time>
<extensions>
<gpxtpx:TrackPointExtension>
<gpxtpx:hr>159</gpxtpx:hr>
</gpxtpx:TrackPointExtension>
</extensions>
</trkpt>
<trkpt lat="36.9746022" lon="127.8823354">
<ele>66.871</ele>
<time>2026-05-14T13:46:29Z</time>
<extensions>
<gpxtpx:TrackPointExtension>
<gpxtpx:hr>159</gpxtpx:hr>
</gpxtpx:TrackPointExtension>
</extensions>
</trkpt>
<trkpt lat="36.9745996" lon="127.8823671">
<ele>66.932</ele>
<time>2026-05-14T13:46:30Z</time>
<extensions>
<gpxtpx:TrackPointExtension>
<gpxtpx:hr>159</gpxtpx:hr>
</gpxtpx:TrackPointExtension>
</extensions>
</trkpt>
<trkpt lat="36.9745959" lon="127.8823992">
<ele>66.937</ele>
<time>2026-05-14T13:46:31Z</time>
<extensions>
<gpxtpx:TrackPointExtension>
<gpxtpx:hr>160</gpxtpx:hr>
<gpxtpx:cad>177</gpxtpx:cad>
</gpxtpx:TrackPointExtension>
</extensions>
</trkpt>
<trkpt lat="36.9745946" lon="127.8824306">
<ele>67.0</ele>
<time>2026-05-14T13:46:32Z</time>
<extensions>
<gpxtpx:TrackPointExtension>
<gpxtpx:hr>160</gpxtpx:hr>
</gpxtpx:TrackPointExtension>
</extensions>
</trkpt>
<trkpt lat="36.9745909" lon="127.8824625">
<ele>66.968</ele>
<time>2026-05-14T13:46:33Z</time>
<extensions>
<gpxtpx:TrackPointExtension>
<gpxtpx:hr>160</gpxtpx:hr>
</gpxtpx:TrackPointExtension>
</extensions>
</trkpt>
<trkpt lat="36.9745912" lon="127.8824936">
<ele>66.947</ele>
<time>2026-05-14T13:46:34Z</time>
<extensions>
<gpxtpx:TrackPointExtension>
<gpxtpx:hr>160</gpxtpx:hr>
</gpxtpx:TrackPointExtension>
</extensions>
</trkpt>
<trkpt lat="36.9745903" lon="127.882525">
<ele>66.905</ele>
<time>2026-05-14T13:46:35Z</time>
<extensions>
<gpxtpx:TrackPointExtension>
<gpxtpx:hr>160</gpxtpx:hr>
</gpxtpx:TrackPointExtension>
</extensions>
</trkpt>
<trkpt lat="36.9745923" lon="127.8825561">
<ele>66.93</ele>
<time>2026-05-14T13:46:36Z</time>
<extensions>
<gpxtpx:TrackPointExtension>
<gpxtpx:hr>160</gpxtpx:hr>
<gpxtpx:cad>177</gpxtpx:cad>
</gpxtpx:TrackPointExtension>
</extensions>
</trkpt>
<trkpt lat="36.9745901" lon="127.8825875">
<ele>66.856</ele>
<time>2026-05-14T13:46:37Z</time>
<extensions>
<gpxtpx:TrackPointExtension>
<gpxtpx:hr>160</gpxtpx:hr>
</gpxtpx:TrackPointExtension>
</extensions>
</trkpt>
<trkpt lat="36.9745935" lon="127.8826187">
<ele>66.854</ele>
<time>2026-05-14T13:46:38Z</time>
<extensions>
<gpxtpx:TrackPointExtension>
<gpxtpx:hr>160</gpxtpx:hr>
</gpxtpx:TrackPointExtension>
</extensions>
</trkpt>
<trkpt lat="36.9745923" lon="127.88265">
<ele>66.786</ele>
<time>2026-05-14T13:46:39Z</time>
<extensions>
<gpxtpx:TrackPointExtension>
<gpxtpx:hr>160</gpxtpx:hr>
</gpxtpx:TrackPointExtension>
</extensions>
</trkpt>
<trkpt lat="36.9745973" lon="127.8826816">
<ele>66.706</ele>
<time>2026-05-14T13:46:40Z</time>
<extensions>
<gpxtpx:TrackPointExtension>
<gpxtpx:hr>161</gpxtpx:hr>
</gpxtpx:TrackPointExtension>
</extensions>
</trkpt>
<trkpt lat="36.9746003" lon="127.8827131">
<ele>66.676</ele>
<time>2026-05-14T13:46:41Z</time>
<extensions>
<gpxtpx:TrackPointExtension>
<gpxtpx:hr>161</gpxtpx:hr>
<gpxtpx:cad>177</gpxtpx:cad>
</gpxtpx:TrackPointExtension>
</extensions>
</trkpt>
<trkpt lat="36.9746066" lon="127.8827453">
<ele>66.707</ele>
<time>2026-05-14T13:46:42Z</time>
<extensions>
<gpxtpx:TrackPointExtension>
<gpxtpx:hr>161</gpxtpx:hr>
</gpxtpx:TrackPointExtension>
</extensions>
</trkpt>
<trkpt lat="36.9746084" lon="127.8827766">
<ele>66.696</ele>
<time>2026-05-14T13:46:43Z</time>
<extensions>
<gpxtpx:TrackPointExtension>
<gpxtpx:hr>161</gpxtpx:hr>
</gpxtpx:TrackPointExtension>
</extensions>
</trkpt>
<trkpt lat="36.9746135" lon="127.8828086">
<ele>66.659</ele>
<time>2026-05-14T13:46:44Z</time>
<extensions>
<gpxtpx:TrackPointExtension>
<gpxtpx:hr>161</gpxtpx:hr>
</gpxtpx:TrackPointExtension>
</extensions>
</trkpt>
<trkpt lat="36.9746191" lon="127.8828408">
<ele>66.606</ele>
<time>2026-05-14T13:46:45Z</time>
<extensions>
<gpxtpx:TrackPointExtension>
<gpxtpx:hr>161</gpxtpx:hr>
</gpxtpx:TrackPointExtension>
</extensions>
</trkpt>
<trkpt lat="36.9746239" lon="127.8828725">
<ele>66.589</ele>
<time>2026-05-14T13:46:46Z</time>
<extensions>
<gpxtpx:TrackPointExtension>
<gpxtpx:hr>161</gpxtpx:hr>
<gpxtpx:cad>178</gpxtpx:cad>
</gpxtpx:TrackPointExtension>
</extensions>
</trkpt>
<trkpt lat="36.9746326" lon="127.8829056">
<ele>66.623</ele>
<time>2026-05-14T13:46:47Z</time>
<extensions>
<gpxtpx:TrackPointExtension>
<gpxtpx:hr>161</gpxtpx:hr>
</gpxtpx:TrackPointExtension>
</extensions>
</trkpt>
<trkpt lat="36.974639" lon="127.8829378">
<ele>66.696</ele>
<time>2026-05-14T13:46:48Z</time>
<extensions>
<gpxtpx:TrackPointExtension>
<gpxtpx:hr>160</gpxtpx:hr>
</gpxtpx:TrackPointExtension>
</extensions>
</trkpt>
<trkpt lat="36.9746468" lon="127.8829701">
<ele>66.678</ele>
<time>2026-05-14T13:46:49Z</time>
<extensions>
<gpxtpx:TrackPointExtension>
<gpxtpx:hr>160</gpxtpx:hr>
</gpxtpx:TrackPointExtension>
</extensions>
</trkpt>
<trkpt lat="36.9746539" lon="127.8830022">
<ele>66.635</ele>
<time>2026-05-14T13:46:50Z</time>
<extensions>
<gpxtpx:TrackPointExtension>
<gpxtpx:hr>161</gpxtpx:hr>
</gpxtpx:TrackPointExtension>
</extensions>
</trkpt>
<trkpt lat="36.9746617" lon="127.8830338">
<ele>66.663</ele>
<time>2026-05-14T13:46:51Z</time>
<extensions>
<gpxtpx:TrackPointExtension>
<gpxtpx:hr>161</gpxtpx:hr>
<gpxtpx:cad>177</gpxtpx:cad>
</gpxtpx:TrackPointExtension>
</extensions>
</trkpt>
<trkpt lat="36.9746693" lon="127.8830657">
<ele>66.59</ele>
<time>2026-05-14T13:46:52Z</time>
<extensions>
<gpxtpx:TrackPointExtension>
<gpxtpx:hr>161</gpxtpx:hr>
</gpxtpx:TrackPointExtension>
</extensions>
</trkpt>
<trkpt lat="36.9746774" lon="127.8830968">
<ele>66.659</ele>
<time>2026-05-14T13:46:53Z</time>
<extensions>
<gpxtpx:TrackPointExtension>
<gpxtpx:hr>161</gpxtpx:hr>
</gpxtpx:TrackPointExtension>
</extensions>
</trkpt>
<trkpt lat="36.9746854" lon="127.8831287">
<ele>66.718</ele>
<time>2026-05-14T13:46:54Z</time>
<extensions>
<gpxtpx:TrackPointExtension>
<gpxtpx:hr>161</gpxtpx:hr>
</gpxtpx:TrackPointExtension>
</extensions>
</trkpt>
<trkpt lat="36.9746935" lon="127.8831609">
<ele>66.747</ele>
<time>2026-05-14T13:46:55Z</time>
<extensions>
<gpxtpx:TrackPointExtension>
<gpxtpx:hr>161</gpxtpx:hr>
</gpxtpx:TrackPointExtension>
</extensions>
</trkpt>
<trkpt lat="36.9746999" lon="127.8831915">
<ele>66.754</ele>
<time>2026-05-14T13:46:56Z</time>
<extensions>
<gpxtpx:TrackPointExtension>
<gpxtpx:hr>161</gpxtpx:hr>
<gpxtpx:cad>177</gpxtpx:cad>
</gpxtpx:TrackPointExtension>
</extensions>
</trkpt>
<trkpt lat="36.9747069" lon="127.883223">
<ele>66.718</ele>
<time>2026-05-14T13:46:57Z</time>
<extensions>
<gpxtpx:TrackPointExtension>
<gpxtpx:hr>161</gpxtpx:hr>
</gpxtpx:TrackPointExtension>
</extensions>
</trkpt>
<trkpt lat="36.9747121" lon="127.8832541">
<ele>66.655</ele>
<time>2026-05-14T13:46:58Z</time>
<extensions>
<gpxtpx:TrackPointExtension>
<gpxtpx:hr>160</gpxtpx:hr>
<gpxtpx:cad>176</gpxtpx:cad>
</gpxtpx:TrackPointExtension>
</extensions>
</trkpt>
<trkpt lat="36.9747169" lon="127.8832857">
<ele>66.707</ele>
<time>2026-05-14T13:46:59Z</time>
<extensions>
<gpxtpx:TrackPointExtension>
<gpxtpx:hr>160</gpxtpx:hr>
</gpxtpx:TrackPointExtension>
</extensions>
</trkpt>
<trkpt lat="36.9747213" lon="127.8833179">
<ele>66.57</ele>
<time>2026-05-14T13:47:00Z</time>
<extensions>
<gpxtpx:TrackPointExtension>
<gpxtpx:hr>160</gpxtpx:hr>
</gpxtpx:TrackPointExtension>
</extensions>
</trkpt>
<trkpt lat="36.9747269" lon="127.8833501">
<ele>66.563</ele>
<time>2026-05-14T13:47:01Z</time>
<extensions>
<gpxtpx:TrackPointExtension>
<gpxtpx:hr>160</gpxtpx:hr>
<gpxtpx:cad>175</gpxtpx:cad>
</gpxtpx:TrackPointExtension>
</extensions>
</trkpt>
<trkpt lat="36.9747309" lon="127.8833828">
<ele>66.51</ele>
<time>2026-05-14T13:47:02Z</time>
<extensions>
<gpxtpx:TrackPointExtension>
<gpxtpx:hr>160</gpxtpx:hr>
</gpxtpx:TrackPointExtension>
</extensions>
</trkpt>
<trkpt lat="36.9747373" lon="127.8834148">
<ele>66.504</ele>
<time>2026-05-14T13:47:03Z</time>
<extensions>
<gpxtpx:TrackPointExtension>
<gpxtpx:hr>160</gpxtpx:hr>
</gpxtpx:TrackPointExtension>
</extensions>
</trkpt>
<trkpt lat="36.9747434" lon="127.8834466">
<ele>66.504</ele>
<time>2026-05-14T13:47:04Z</time>
<extensions>
<gpxtpx:TrackPointExtension>
<gpxtpx:hr>160</gpxtpx:hr>
</gpxtpx:TrackPointExtension>
</extensions>
</trkpt>
<trkpt lat="36.9747492" lon="127.8834782">
<ele>66.512</ele>
<time>2026-05-14T13:47:05Z</time>
<extensions>
<gpxtpx:TrackPointExtension>
<gpxtpx:hr>160</gpxtpx:hr>
</gpxtpx:TrackPointExtension>
</extensions>
</trkpt>
<trkpt lat="36.974754" lon="127.8835094">
<ele>66.507</ele>
<time>2026-05-14T13:47:06Z</time>
<extensions>
<gpxtpx:TrackPointExtension>
<gpxtpx:hr>160</gpxtpx:hr>
<gpxtpx:cad>174</gpxtpx:cad>
</gpxtpx:TrackPointExtension>
</extensions>
</trkpt>
<trkpt lat="36.974758" lon="127.8835404">
<ele>66.478</ele>
<time>2026-05-14T13:47:07Z</time>
<extensions>
<gpxtpx:TrackPointExtension>
<gpxtpx:hr>160</gpxtpx:hr>
</gpxtpx:TrackPointExtension>
</extensions>
</trkpt>
<trkpt lat="36.974761" lon="127.883573">
<ele>66.458</ele>
<time>2026-05-14T13:47:08Z</time>
<extensions>
<gpxtpx:TrackPointExtension>
<gpxtpx:hr>159</gpxtpx:hr>
</gpxtpx:TrackPointExtension>
</extensions>
</trkpt>
<trkpt lat="36.9747641" lon="127.8836044">
<ele>66.469</ele>
<time>2026-05-14T13:47:09Z</time>
<extensions>
<gpxtpx:TrackPointExtension>
<gpxtpx:hr>159</gpxtpx:hr>
</gpxtpx:TrackPointExtension>
</extensions>
</trkpt>
<trkpt lat="36.9747666" lon="127.8836388">
<ele>66.472</ele>
<time>2026-05-14T13:47:10Z</time>
<extensions>
<gpxtpx:TrackPointExtension>
<gpxtpx:hr>159</gpxtpx:hr>
</gpxtpx:TrackPointExtension>
</extensions>
</trkpt>
<trkpt lat="36.9747691" lon="127.8836714">
<ele>66.509</ele>
<time>2026-05-14T13:47:11Z</time>
<extensions>
<gpxtpx:TrackPointExtension>
<gpxtpx:hr>159</gpxtpx:hr>
<gpxtpx:cad>177</gpxtpx:cad>
</gpxtpx:TrackPointExtension>
</extensions>
</trkpt>
<trkpt lat="36.9747717" lon="127.8837054">
<ele>66.51</ele>
<time>2026-05-14T13:47:12Z</time>
<extensions>
<gpxtpx:TrackPointExtension>
<gpxtpx:hr>159</gpxtpx:hr>
</gpxtpx:TrackPointExtension>
</extensions>
</trkpt>
<trkpt lat="36.9747741" lon="127.8837389">
<ele>66.499</ele>
<time>2026-05-14T13:47:13Z</time>
<extensions>
<gpxtpx:TrackPointExtension>
<gpxtpx:hr>159</gpxtpx:hr>
</gpxtpx:TrackPointExtension>
</extensions>
</trkpt>
<trkpt lat="36.9747765" lon="127.883772">
<ele>66.535</ele>
<time>2026-05-14T13:47:14Z</time>
<extensions>
<gpxtpx:TrackPointExtension>
<gpxtpx:hr>159</gpxtpx:hr>
</gpxtpx:TrackPointExtension>
</extensions>
</trkpt>
<trkpt lat="36.9747791" lon="127.8838038">
<ele>66.579</ele>
<time>2026-05-14T13:47:15Z</time>
<extensions>
<gpxtpx:TrackPointExtension>
<gpxtpx:hr>159</gpxtpx:hr>
</gpxtpx:TrackPointExtension>
</extensions>
</trkpt>
<trkpt lat="36.9747814" lon="127.883836">
<ele>66.591</ele>
<time>2026-05-14T13:47:16Z</time>
<extensions>
<gpxtpx:TrackPointExtension>
<gpxtpx:hr>159</gpxtpx:hr>
<gpxtpx:cad>180</gpxtpx:cad>
</gpxtpx:TrackPointExtension>
</extensions>
</trkpt>
<trkpt lat="36.9747844" lon="127.8838668">
<ele>66.6</ele>
<time>2026-05-14T13:47:17Z</time>
<extensions>
<gpxtpx:TrackPointExtension>
<gpxtpx:hr>159</gpxtpx:hr>
</gpxtpx:TrackPointExtension>
</extensions>
</trkpt>
<trkpt lat="36.9747869" lon="127.8838985">
<ele>66.612</ele>
<time>2026-05-14T13:47:18Z</time>
<extensions>
<gpxtpx:TrackPointExtension>
<gpxtpx:hr>158</gpxtpx:hr>
</gpxtpx:TrackPointExtension>
</extensions>
</trkpt>
<trkpt lat="36.9747895" lon="127.8839305">
<ele>66.584</ele>
<time>2026-05-14T13:47:19Z</time>
<extensions>
<gpxtpx:TrackPointExtension>
<gpxtpx:hr>158</gpxtpx:hr>
</gpxtpx:TrackPointExtension>
</extensions>
</trkpt>
<trkpt lat="36.9747923" lon="127.8839629">
<ele>66.574</ele>
<time>2026-05-14T13:47:20Z</time>
<extensions>
<gpxtpx:TrackPointExtension>
<gpxtpx:hr>158</gpxtpx:hr>
</gpxtpx:TrackPointExtension>
</extensions>
</trkpt>
<trkpt lat="36.9747953" lon="127.8839951">
<ele>66.61</ele>
<time>2026-05-14T13:47:21Z</time>
<extensions>
<gpxtpx:TrackPointExtension>
<gpxtpx:hr>158</gpxtpx:hr>
<gpxtpx:cad>180</gpxtpx:cad>
</gpxtpx:TrackPointExtension>
</extensions>
</trkpt>
<trkpt lat="36.9747984" lon="127.8840272">
<ele>66.567</ele>
<time>2026-05-14T13:47:22Z</time>
<extensions>
<gpxtpx:TrackPointExtension>
<gpxtpx:hr>158</gpxtpx:hr>
</gpxtpx:TrackPointExtension>
</extensions>
</trkpt>
<trkpt lat="36.9748014" lon="127.8840589">
<ele>66.607</ele>
<time>2026-05-14T13:47:23Z</time>
<extensions>
<gpxtpx:TrackPointExtension>
<gpxtpx:hr>159</gpxtpx:hr>
</gpxtpx:TrackPointExtension>
</extensions>
</trkpt>
<trkpt lat="36.9748042" lon="127.8840902">
<ele>66.611</ele>
<time>2026-05-14T13:47:24Z</time>
<extensions>
<gpxtpx:TrackPointExtension>
<gpxtpx:hr>158</gpxtpx:hr>
</gpxtpx:TrackPointExtension>
</extensions>
</trkpt>
<trkpt lat="36.974807" lon="127.8841207">
<ele>66.653</ele>
<time>2026-05-14T13:47:25Z</time>
<extensions>
<gpxtpx:TrackPointExtension>
<gpxtpx:hr>158</gpxtpx:hr>
</gpxtpx:TrackPointExtension>
</extensions>
</trkpt>
<trkpt lat="36.9748096" lon="127.884151">
<ele>66.619</ele>
<time>2026-05-14T13:47:26Z</time>
<extensions>
<gpxtpx:TrackPointExtension>
<gpxtpx:hr>158</gpxtpx:hr>
<gpxtpx:cad>179</gpxtpx:cad>
</gpxtpx:TrackPointExtension>
</extensions>
</trkpt>
<trkpt lat="36.974812" lon="127.8841812">
<ele>66.611</ele>
<time>2026-05-14T13:47:27Z</time>
<extensions>
<gpxtpx:TrackPointExtension>
<gpxtpx:hr>158</gpxtpx:hr>
</gpxtpx:TrackPointExtension>
</extensions>
</trkpt>
<trkpt lat="36.9748141" lon="127.8842113">
<ele>66.594</ele>
<time>2026-05-14T13:47:28Z</time>
<extensions>
<gpxtpx:TrackPointExtension>
<gpxtpx:hr>158</gpxtpx:hr>
</gpxtpx:TrackPointExtension>
</extensions>
</trkpt>
<trkpt lat="36.9748161" lon="127.8842415">
<ele>66.597</ele>
<time>2026-05-14T13:47:29Z</time>
<extensions>
<gpxtpx:TrackPointExtension>
<gpxtpx:hr>158</gpxtpx:hr>
</gpxtpx:TrackPointExtension>
</extensions>
</trkpt>
<trkpt lat="36.9748167" lon="127.8842724">
<ele>66.602</ele>
<time>2026-05-14T13:47:30Z</time>
<extensions>
<gpxtpx:TrackPointExtension>
<gpxtpx:hr>158</gpxtpx:hr>
</gpxtpx:TrackPointExtension>
</extensions>
</trkpt>
<trkpt lat="36.9748191" lon="127.8843021">
<ele>66.646</ele>
<time>2026-05-14T13:47:31Z</time>
<extensions>
<gpxtpx:TrackPointExtension>
<gpxtpx:hr>159</gpxtpx:hr>
<gpxtpx:cad>180</gpxtpx:cad>
</gpxtpx:TrackPointExtension>
</extensions>
</trkpt>
<trkpt lat="36.9748201" lon="127.8843327">
<ele>66.621</ele>
<time>2026-05-14T13:47:32Z</time>
<extensions>
<gpxtpx:TrackPointExtension>
<gpxtpx:hr>159</gpxtpx:hr>
</gpxtpx:TrackPointExtension>
</extensions>
</trkpt>
<trkpt lat="36.9748223" lon="127.8843624">
<ele>66.676</ele>
<time>2026-05-14T13:47:33Z</time>
<extensions>
<gpxtpx:TrackPointExtension>
<gpxtpx:hr>159</gpxtpx:hr>
</gpxtpx:TrackPointExtension>
</extensions>
</trkpt>
<trkpt lat="36.9748225" lon="127.8843933">
<ele>66.747</ele>
<time>2026-05-14T13:47:34Z</time>
<extensions>
<gpxtpx:TrackPointExtension>
<gpxtpx:hr>159</gpxtpx:hr>
<gpxtpx:cad>180</gpxtpx:cad>
</gpxtpx:TrackPointExtension>
</extensions>
</trkpt>
<trkpt lat="36.9748242" lon="127.8844234">
<ele>66.818</ele>
<time>2026-05-14T13:47:35Z</time>
<extensions>
<gpxtpx:TrackPointExtension>
<gpxtpx:hr>158</gpxtpx:hr>
</gpxtpx:TrackPointExtension>
</extensions>
</trkpt>
<trkpt lat="36.9748213" lon="127.8844561">
<ele>66.861</ele>
<time>2026-05-14T13:47:36Z</time>
<extensions>
<gpxtpx:TrackPointExtension>
<gpxtpx:hr>158</gpxtpx:hr>
<gpxtpx:cad>181</gpxtpx:cad>
</gpxtpx:TrackPointExtension>
</extensions>
</trkpt>
<trkpt lat="36.9748222" lon="127.8844868">
<ele>66.828</ele>
<time>2026-05-14T13:47:37Z</time>
<extensions>
<gpxtpx:TrackPointExtension>
<gpxtpx:hr>158</gpxtpx:hr>
</gpxtpx:TrackPointExtension>
</extensions>
</trkpt>
<trkpt lat="36.9748203" lon="127.8845188">
<ele>66.811</ele>
<time>2026-05-14T13:47:38Z</time>
<extensions>
<gpxtpx:TrackPointExtension>
<gpxtpx:hr>157</gpxtpx:hr>
</gpxtpx:TrackPointExtension>
</extensions>
</trkpt>
<trkpt lat="36.974818" lon="127.8845511">
<ele>66.815</ele>
<time>2026-05-14T13:47:39Z</time>
<extensions>
<gpxtpx:TrackPointExtension>
<gpxtpx:hr>157</gpxtpx:hr>
</gpxtpx:TrackPointExtension>
</extensions>
</trkpt>
<trkpt lat="36.9748151" lon="127.8845834">
<ele>66.9</ele>
<time>2026-05-14T13:47:40Z</time>
<extensions>
<gpxtpx:TrackPointExtension>
<gpxtpx:hr>157</gpxtpx:hr>
</gpxtpx:TrackPointExtension>
</extensions>
</trkpt>
<trkpt lat="36.9748118" lon="127.8846157">
<ele>66.92</ele>
<time>2026-05-14T13:47:41Z</time>
<extensions>
<gpxtpx:TrackPointExtension>
<gpxtpx:hr>157</gpxtpx:hr>
<gpxtpx:cad>181</gpxtpx:cad>
</gpxtpx:TrackPointExtension>
</extensions>
</trkpt>
<trkpt lat="36.9748081" lon="127.8846479">
<ele>66.892</ele>
<time>2026-05-14T13:47:42Z</time>
<extensions>
<gpxtpx:TrackPointExtension>
<gpxtpx:hr>156</gpxtpx:hr>
</gpxtpx:TrackPointExtension>
</extensions>
</trkpt>
<trkpt lat="36.9748042" lon="127.88468">
<ele>66.89</ele>
<time>2026-05-14T13:47:43Z</time>
<extensions>
<gpxtpx:TrackPointExtension>
<gpxtpx:hr>156</gpxtpx:hr>
</gpxtpx:TrackPointExtension>
</extensions>
</trkpt>
<trkpt lat="36.9748001" lon="127.8847114">
<ele>66.943</ele>
<time>2026-05-14T13:47:44Z</time>
<extensions>
<gpxtpx:TrackPointExtension>
<gpxtpx:hr>155</gpxtpx:hr>
</gpxtpx:TrackPointExtension>
</extensions>
</trkpt>
<trkpt lat="36.9747963" lon="127.884741">
<ele>67.0</ele>
<time>2026-05-14T13:47:45Z</time>
<extensions>
<gpxtpx:TrackPointExtension>
<gpxtpx:hr>155</gpxtpx:hr>
</gpxtpx:TrackPointExtension>
</extensions>
</trkpt>
<trkpt lat="36.9747921" lon="127.8847736">
<ele>67.0</ele>
<time>2026-05-14T13:47:46Z</time>
<extensions>
<gpxtpx:TrackPointExtension>
<gpxtpx:hr>155</gpxtpx:hr>
<gpxtpx:cad>179</gpxtpx:cad>
</gpxtpx:TrackPointExtension>
</extensions>
</trkpt>
<trkpt lat="36.9747888" lon="127.8848034">
<ele>67.04</ele>
<time>2026-05-14T13:47:47Z</time>
<extensions>
<gpxtpx:TrackPointExtension>
<gpxtpx:hr>154</gpxtpx:hr>
</gpxtpx:TrackPointExtension>
</extensions>
</trkpt>
<trkpt lat="36.9747863" lon="127.8848334">
<ele>67.047</ele>
<time>2026-05-14T13:47:48Z</time>
<extensions>
<gpxtpx:TrackPointExtension>
<gpxtpx:hr>154</gpxtpx:hr>
</gpxtpx:TrackPointExtension>
</extensions>
</trkpt>
<trkpt lat="36.9747828" lon="127.8848649">
<ele>67.083</ele>
<time>2026-05-14T13:47:49Z</time>
<extensions>
<gpxtpx:TrackPointExtension>
<gpxtpx:hr>154</gpxtpx:hr>
</gpxtpx:TrackPointExtension>
</extensions>
</trkpt>
<trkpt lat="36.9747813" lon="127.8848953">
<ele>67.069</ele>
<time>2026-05-14T13:47:50Z</time>
<extensions>
<gpxtpx:TrackPointExtension>
<gpxtpx:hr>155</gpxtpx:hr>
</gpxtpx:TrackPointExtension>
</extensions>
</trkpt>
<trkpt lat="36.9747822" lon="127.8849251">
<ele>67.132</ele>
<time>2026-05-14T13:47:51Z</time>
<extensions>
<gpxtpx:TrackPointExtension>
<gpxtpx:hr>155</gpxtpx:hr>
<gpxtpx:cad>178</gpxtpx:cad>
</gpxtpx:TrackPointExtension>
</extensions>
</trkpt>
<trkpt lat="36.9747815" lon="127.8849554">
<ele>67.143</ele>
<time>2026-05-14T13:47:52Z</time>
<extensions>
<gpxtpx:TrackPointExtension>
<gpxtpx:hr>155</gpxtpx:hr>
</gpxtpx:TrackPointExtension>
</extensions>
</trkpt>
<trkpt lat="36.9747815" lon="127.8849856">
<ele>67.128</ele>
<time>2026-05-14T13:47:53Z</time>
<extensions>
<gpxtpx:TrackPointExtension>
<gpxtpx:hr>155</gpxtpx:hr>
</gpxtpx:TrackPointExtension>
</extensions>
</trkpt>
<trkpt lat="36.9747822" lon="127.8850156">
<ele>67.141</ele>
<time>2026-05-14T13:47:54Z</time>
<extensions>
<gpxtpx:TrackPointExtension>
<gpxtpx:hr>155</gpxtpx:hr>
</gpxtpx:TrackPointExtension>
</extensions>
</trkpt>
<trkpt lat="36.9747803" lon="127.8850458">
<ele>67.115</ele>
<time>2026-05-14T13:47:55Z</time>
<extensions>
<gpxtpx:TrackPointExtension>
<gpxtpx:hr>156</gpxtpx:hr>
</gpxtpx:TrackPointExtension>
</extensions>
</trkpt>
<trkpt lat="36.9747788" lon="127.8850756">
<ele>67.094</ele>
<time>2026-05-14T13:47:56Z</time>
<extensions>
<gpxtpx:TrackPointExtension>
<gpxtpx:hr>156</gpxtpx:hr>
<gpxtpx:cad>179</gpxtpx:cad>
</gpxtpx:TrackPointExtension>
</extensions>
</trkpt>
<trkpt lat="36.9747818" lon="127.885105">
<ele>67.086</ele>
<time>2026-05-14T13:47:57Z</time>
<extensions>
<gpxtpx:TrackPointExtension>
<gpxtpx:hr>156</gpxtpx:hr>
</gpxtpx:TrackPointExtension>
</extensions>
</trkpt>
<trkpt lat="36.9747821" lon="127.8851342">
<ele>67.007</ele>
<time>2026-05-14T13:47:58Z</time>
<extensions>
<gpxtpx:TrackPointExtension>
<gpxtpx:hr>157</gpxtpx:hr>
</gpxtpx:TrackPointExtension>
</extensions>
</trkpt>
<trkpt lat="36.9747909" lon="127.8851634">
<ele>66.923</ele>
<time>2026-05-14T13:47:59Z</time>
<extensions>
<gpxtpx:TrackPointExtension>
<gpxtpx:hr>157</gpxtpx:hr>
</gpxtpx:TrackPointExtension>
</extensions>
</trkpt>
<trkpt lat="36.9747934" lon="127.8851924">
<ele>66.845</ele>
<time>2026-05-14T13:48:00Z</time>
<extensions>
<gpxtpx:TrackPointExtension>
<gpxtpx:hr>158</gpxtpx:hr>
</gpxtpx:TrackPointExtension>
</extensions>
</trkpt>
<trkpt lat="36.9748007" lon="127.8852212">
<ele>66.847</ele>
<time>2026-05-14T13:48:01Z</time>
<extensions>
<gpxtpx:TrackPointExtension>
<gpxtpx:hr>158</gpxtpx:hr>
<gpxtpx:cad>179</gpxtpx:cad>
</gpxtpx:TrackPointExtension>
</extensions>
</trkpt>
<trkpt lat="36.9748074" lon="127.8852499">
<ele>66.752</ele>
<time>2026-05-14T13:48:02Z</time>
<extensions>
<gpxtpx:TrackPointExtension>
<gpxtpx:hr>158</gpxtpx:hr>
</gpxtpx:TrackPointExtension>
</extensions>
</trkpt>
<trkpt lat="36.974812" lon="127.8852793">
<ele>66.791</ele>
<time>2026-05-14T13:48:03Z</time>
<extensions>
<gpxtpx:TrackPointExtension>
<gpxtpx:hr>158</gpxtpx:hr>
</gpxtpx:TrackPointExtension>
</extensions>
</trkpt>
<trkpt lat="36.9748244" lon="127.8853075">
<ele>66.791</ele>
<time>2026-05-14T13:48:04Z</time>
<extensions>
<gpxtpx:TrackPointExtension>
<gpxtpx:hr>157</gpxtpx:hr>
</gpxtpx:TrackPointExtension>
</extensions>
</trkpt>
<trkpt lat="36.9748325" lon="127.8853376">
<ele>66.765</ele>
<time>2026-05-14T13:48:05Z</time>
<extensions>
<gpxtpx:TrackPointExtension>
<gpxtpx:hr>157</gpxtpx:hr>
</gpxtpx:TrackPointExtension>
</extensions>
</trkpt>
<trkpt lat="36.974845" lon="127.8853664">
<ele>66.721</ele>
<time>2026-05-14T13:48:06Z</time>
<extensions>
<gpxtpx:TrackPointExtension>
<gpxtpx:hr>157</gpxtpx:hr>
<gpxtpx:cad>177</gpxtpx:cad>
</gpxtpx:TrackPointExtension>
</extensions>
</trkpt>
<trkpt lat="36.9748596" lon="127.8853939">
<ele>66.678</ele>
<time>2026-05-14T13:48:07Z</time>
<extensions>
<gpxtpx:TrackPointExtension>
<gpxtpx:hr>158</gpxtpx:hr>
</gpxtpx:TrackPointExtension>
</extensions>
</trkpt>
<trkpt lat="36.9748751" lon="127.8854208">
<ele>66.582</ele>
<time>2026-05-14T13:48:08Z</time>
<extensions>
<gpxtpx:TrackPointExtension>
<gpxtpx:hr>158</gpxtpx:hr>
<gpxtpx:cad>177</gpxtpx:cad>
</gpxtpx:TrackPointExtension>
</extensions>
</trkpt>
<trkpt lat="36.9748908" lon="127.8854476">
<ele>66.505</ele>
<time>2026-05-14T13:48:09Z</time>
<extensions>
<gpxtpx:TrackPointExtension>
<gpxtpx:hr>158</gpxtpx:hr>
</gpxtpx:TrackPointExtension>
</extensions>
</trkpt>
<trkpt lat="36.9749098" lon="127.8854695">
<ele>66.437</ele>
<time>2026-05-14T13:48:10Z</time>
<extensions>
<gpxtpx:TrackPointExtension>
<gpxtpx:hr>159</gpxtpx:hr>
</gpxtpx:TrackPointExtension>
</extensions>
</trkpt>
<trkpt lat="36.9749281" lon="127.8854922">
<ele>66.355</ele>
<time>2026-05-14T13:48:11Z</time>
<extensions>
<gpxtpx:TrackPointExtension>
<gpxtpx:hr>159</gpxtpx:hr>
<gpxtpx:cad>178</gpxtpx:cad>
</gpxtpx:TrackPointExtension>
</extensions>
</trkpt>
<trkpt lat="36.9749468" lon="127.8855138">
<ele>66.229</ele>
<time>2026-05-14T13:48:12Z</time>
<extensions>
<gpxtpx:TrackPointExtension>
<gpxtpx:hr>158</gpxtpx:hr>
</gpxtpx:TrackPointExtension>
</extensions>
</trkpt>
<trkpt lat="36.974966" lon="127.8855346">
<ele>66.178</ele>
<time>2026-05-14T13:48:13Z</time>
<extensions>
<gpxtpx:TrackPointExtension>
<gpxtpx:hr>158</gpxtpx:hr>
</gpxtpx:TrackPointExtension>
</extensions>
</trkpt>
<trkpt lat="36.974984" lon="127.8855583">
<ele>66.165</ele>
<time>2026-05-14T13:48:14Z</time>
<extensions>
<gpxtpx:TrackPointExtension>
<gpxtpx:hr>158</gpxtpx:hr>
</gpxtpx:TrackPointExtension>
</extensions>
</trkpt>
<trkpt lat="36.9750048" lon="127.885576">
<ele>66.114</ele>
<time>2026-05-14T13:48:15Z</time>
<extensions>
<gpxtpx:TrackPointExtension>
<gpxtpx:hr>159</gpxtpx:hr>
</gpxtpx:TrackPointExtension>
</extensions>
</trkpt>
<trkpt lat="36.9750249" lon="127.8855956">
<ele>66.041</ele>
<time>2026-05-14T13:48:16Z</time>
<extensions>
<gpxtpx:TrackPointExtension>
<gpxtpx:hr>159</gpxtpx:hr>
<gpxtpx:cad>181</gpxtpx:cad>
</gpxtpx:TrackPointExtension>
</extensions>
</trkpt>
<trkpt lat="36.9750453" lon="127.8856143">
<ele>65.983</ele>
<time>2026-05-14T13:48:17Z</time>
<extensions>
<gpxtpx:TrackPointExtension>
<gpxtpx:hr>159</gpxtpx:hr>
</gpxtpx:TrackPointExtension>
</extensions>
</trkpt>
<trkpt lat="36.9750661" lon="127.8856324">
<ele>65.89</ele>
<time>2026-05-14T13:48:18Z</time>
<extensions>
<gpxtpx:TrackPointExtension>
<gpxtpx:hr>159</gpxtpx:hr>
</gpxtpx:TrackPointExtension>
</extensions>
</trkpt>
<trkpt lat="36.9750873" lon="127.8856499">
<ele>65.805</ele>
<time>2026-05-14T13:48:19Z</time>
<extensions>
<gpxtpx:TrackPointExtension>
<gpxtpx:hr>159</gpxtpx:hr>
</gpxtpx:TrackPointExtension>
</extensions>
</trkpt>
<trkpt lat="36.9751097" lon="127.885665">
<ele>65.711</ele>
<time>2026-05-14T13:48:20Z</time>
<extensions>
<gpxtpx:TrackPointExtension>
<gpxtpx:hr>158</gpxtpx:hr>
</gpxtpx:TrackPointExtension>
</extensions>
</trkpt>
<trkpt lat="36.9751306" lon="127.8856828">
<ele>65.687</ele>
<time>2026-05-14T13:48:21Z</time>
<extensions>
<gpxtpx:TrackPointExtension>
<gpxtpx:hr>158</gpxtpx:hr>
<gpxtpx:cad>180</gpxtpx:cad>
</gpxtpx:TrackPointExtension>
</extensions>
</trkpt>
<trkpt lat="36.9751524" lon="127.8856985">
<ele>65.834</ele>
<time>2026-05-14T13:48:22Z</time>
<extensions>
<gpxtpx:TrackPointExtension>
<gpxtpx:hr>158</gpxtpx:hr>
</gpxtpx:TrackPointExtension>
</extensions>
</trkpt>
<trkpt lat="36.9751742" lon="127.8857143">
<ele>65.697</ele>
<time>2026-05-14T13:48:23Z</time>
<extensions>
<gpxtpx:TrackPointExtension>
<gpxtpx:hr>158</gpxtpx:hr>
</gpxtpx:TrackPointExtension>
</extensions>
</trkpt>
<trkpt lat="36.9751975" lon="127.8857268">
<ele>65.591</ele>
<time>2026-05-14T13:48:24Z</time>
<extensions>
<gpxtpx:TrackPointExtension>
<gpxtpx:hr>158</gpxtpx:hr>
</gpxtpx:TrackPointExtension>
</extensions>
</trkpt>
<trkpt lat="36.9752198" lon="127.8857416">
<ele>65.586</ele>
<time>2026-05-14T13:48:25Z</time>
<extensions>
<gpxtpx:TrackPointExtension>
<gpxtpx:hr>158</gpxtpx:hr>
</gpxtpx:TrackPointExtension>
</extensions>
</trkpt>
<trkpt lat="36.9752434" lon="127.8857519">
<ele>65.587</ele>
<time>2026-05-14T13:48:26Z</time>
<extensions>
<gpxtpx:TrackPointExtension>
<gpxtpx:hr>159</gpxtpx:hr>
<gpxtpx:cad>178</gpxtpx:cad>
</gpxtpx:TrackPointExtension>
</extensions>
</trkpt>
<trkpt lat="36.9752663" lon="127.8857648">
<ele>65.573</ele>
<time>2026-05-14T13:48:27Z</time>
<extensions>
<gpxtpx:TrackPointExtension>
<gpxtpx:hr>159</gpxtpx:hr>
</gpxtpx:TrackPointExtension>
</extensions>
</trkpt>
<trkpt lat="36.9752903" lon="127.8857719">
<ele>65.719</ele>
<time>2026-05-14T13:48:28Z</time>
<extensions>
<gpxtpx:TrackPointExtension>
<gpxtpx:hr>158</gpxtpx:hr>
</gpxtpx:TrackPointExtension>
</extensions>
</trkpt>
<trkpt lat="36.9753134" lon="127.8857844">
<ele>65.837</ele>
<time>2026-05-14T13:48:29Z</time>
<extensions>
<gpxtpx:TrackPointExtension>
<gpxtpx:hr>159</gpxtpx:hr>
</gpxtpx:TrackPointExtension>
</extensions>
</trkpt>
<trkpt lat="36.9753378" lon="127.8857889">
<ele>65.708</ele>
<time>2026-05-14T13:48:30Z</time>
<extensions>
<gpxtpx:TrackPointExtension>
<gpxtpx:hr>159</gpxtpx:hr>
</gpxtpx:TrackPointExtension>
</extensions>
</trkpt>
<trkpt lat="36.9753624" lon="127.8857956">
<ele>65.606</ele>
<time>2026-05-14T13:48:31Z</time>
<extensions>
<gpxtpx:TrackPointExtension>
<gpxtpx:hr>159</gpxtpx:hr>
<gpxtpx:cad>176</gpxtpx:cad>
</gpxtpx:TrackPointExtension>
</extensions>
</trkpt>
<trkpt lat="36.9753873" lon="127.8858011">
<ele>65.56</ele>
<time>2026-05-14T13:48:32Z</time>
<extensions>
<gpxtpx:TrackPointExtension>
<gpxtpx:hr>158</gpxtpx:hr>
</gpxtpx:TrackPointExtension>
</extensions>
</trkpt>
<trkpt lat="36.9754119" lon="127.8858056">
<ele>65.529</ele>
<time>2026-05-14T13:48:33Z</time>
<extensions>
<gpxtpx:TrackPointExtension>
<gpxtpx:hr>158</gpxtpx:hr>
</gpxtpx:TrackPointExtension>
</extensions>
</trkpt>
<trkpt lat="36.9754367" lon="127.8858089">
<ele>65.516</ele>
<time>2026-05-14T13:48:34Z</time>
<extensions>
<gpxtpx:TrackPointExtension>
<gpxtpx:hr>158</gpxtpx:hr>
</gpxtpx:TrackPointExtension>
</extensions>
</trkpt>
<trkpt lat="36.9754608" lon="127.8858154">
<ele>65.519</ele>
<time>2026-05-14T13:48:35Z</time>
<extensions>
<gpxtpx:TrackPointExtension>
<gpxtpx:hr>157</gpxtpx:hr>
</gpxtpx:TrackPointExtension>
</extensions>
</trkpt>
<trkpt lat="36.9754847" lon="127.8858214">
<ele>65.541</ele>
<time>2026-05-14T13:48:36Z</time>
<extensions>
<gpxtpx:TrackPointExtension>
<gpxtpx:hr>157</gpxtpx:hr>
<gpxtpx:cad>176</gpxtpx:cad>
</gpxtpx:TrackPointExtension>
</extensions>
</trkpt>
<trkpt lat="36.9755101" lon="127.8858204">
<ele>65.507</ele>
<time>2026-05-14T13:48:37Z</time>
<extensions>
<gpxtpx:TrackPointExtension>
<gpxtpx:hr>157</gpxtpx:hr>
</gpxtpx:TrackPointExtension>
</extensions>
</trkpt>
<trkpt lat="36.9755352" lon="127.8858192">
<ele>65.524</ele>
<time>2026-05-14T13:48:38Z</time>
<extensions>
<gpxtpx:TrackPointExtension>
<gpxtpx:hr>157</gpxtpx:hr>
</gpxtpx:TrackPointExtension>
</extensions>
</trkpt>
<trkpt lat="36.9755619" lon="127.8858153">
<ele>65.546</ele>
<time>2026-05-14T13:48:39Z</time>
<extensions>
<gpxtpx:TrackPointExtension>
<gpxtpx:hr>158</gpxtpx:hr>
</gpxtpx:TrackPointExtension>
</extensions>
</trkpt>
<trkpt lat="36.9755888" lon="127.8858111">
<ele>65.608</ele>
<time>2026-05-14T13:48:40Z</time>
<extensions>
<gpxtpx:TrackPointExtension>
<gpxtpx:hr>158</gpxtpx:hr>
</gpxtpx:TrackPointExtension>
</extensions>
</trkpt>
<trkpt lat="36.9756164" lon="127.8858068">
<ele>65.658</ele>
<time>2026-05-14T13:48:41Z</time>
<extensions>
<gpxtpx:TrackPointExtension>
<gpxtpx:hr>158</gpxtpx:hr>
<gpxtpx:cad>178</gpxtpx:cad>
</gpxtpx:TrackPointExtension>
</extensions>
</trkpt>
<trkpt lat="36.9756435" lon="127.8858022">
<ele>65.687</ele>
<time>2026-05-14T13:48:42Z</time>
<extensions>
<gpxtpx:TrackPointExtension>
<gpxtpx:hr>158</gpxtpx:hr>
<gpxtpx:cad>178</gpxtpx:cad>
</gpxtpx:TrackPointExtension>
</extensions>
</trkpt>
<trkpt lat="36.9756696" lon="127.8857975">
<ele>65.657</ele>
<time>2026-05-14T13:48:43Z</time>
<extensions>
<gpxtpx:TrackPointExtension>
<gpxtpx:hr>158</gpxtpx:hr>
</gpxtpx:TrackPointExtension>
</extensions>
</trkpt>
<trkpt lat="36.9756951" lon="127.8857927">
<ele>65.676</ele>
<time>2026-05-14T13:48:44Z</time>
<extensions>
<gpxtpx:TrackPointExtension>
<gpxtpx:hr>158</gpxtpx:hr>
</gpxtpx:TrackPointExtension>
</extensions>
</trkpt>
<trkpt lat="36.9757204" lon="127.8857877">
<ele>65.668</ele>
<time>2026-05-14T13:48:45Z</time>
<extensions>
<gpxtpx:TrackPointExtension>
<gpxtpx:hr>158</gpxtpx:hr>
</gpxtpx:TrackPointExtension>
</extensions>
</trkpt>
<trkpt lat="36.9757473" lon="127.8857828">
<ele>65.698</ele>
<time>2026-05-14T13:48:46Z</time>
<extensions>
<gpxtpx:TrackPointExtension>
<gpxtpx:hr>158</gpxtpx:hr>
<gpxtpx:cad>179</gpxtpx:cad>
</gpxtpx:TrackPointExtension>
</extensions>
</trkpt>
<trkpt lat="36.975774" lon="127.885778">
<ele>65.717</ele>
<time>2026-05-14T13:48:47Z</time>
<extensions>
<gpxtpx:TrackPointExtension>
<gpxtpx:hr>158</gpxtpx:hr>
</gpxtpx:TrackPointExtension>
</extensions>
</trkpt>
<trkpt lat="36.975801" lon="127.8857733">
<ele>65.768</ele>
<time>2026-05-14T13:48:48Z</time>
<extensions>
<gpxtpx:TrackPointExtension>
<gpxtpx:hr>158</gpxtpx:hr>
</gpxtpx:TrackPointExtension>
</extensions>
</trkpt>
<trkpt lat="36.9758284" lon="127.885769">
<ele>65.77</ele>
<time>2026-05-14T13:48:49Z</time>
<extensions>
<gpxtpx:TrackPointExtension>
<gpxtpx:hr>158</gpxtpx:hr>
</gpxtpx:TrackPointExtension>
</extensions>
</trkpt>
<trkpt lat="36.9758557" lon="127.8857656">
<ele>65.815</ele>
<time>2026-05-14T13:48:50Z</time>
<extensions>
<gpxtpx:TrackPointExtension>
<gpxtpx:hr>158</gpxtpx:hr>
</gpxtpx:TrackPointExtension>
</extensions>
</trkpt>
<trkpt lat="36.9758831" lon="127.8857619">
<ele>65.803</ele>
<time>2026-05-14T13:48:51Z</time>
<extensions>
<gpxtpx:TrackPointExtension>
<gpxtpx:hr>158</gpxtpx:hr>
<gpxtpx:cad>178</gpxtpx:cad>
</gpxtpx:TrackPointExtension>
</extensions>
</trkpt>
<trkpt lat="36.9759102" lon="127.8857593">
<ele>65.888</ele>
<time>2026-05-14T13:48:52Z</time>
<extensions>
<gpxtpx:TrackPointExtension>
<gpxtpx:hr>158</gpxtpx:hr>
</gpxtpx:TrackPointExtension>
</extensions>
</trkpt>
<trkpt lat="36.9759369" lon="127.8857572">
<ele>65.835</ele>
<time>2026-05-14T13:48:53Z</time>
<extensions>
<gpxtpx:TrackPointExtension>
<gpxtpx:hr>158</gpxtpx:hr>
</gpxtpx:TrackPointExtension>
</extensions>
</trkpt>
<trkpt lat="36.9759634" lon="127.8857556">
<ele>65.864</ele>
<time>2026-05-14T13:48:54Z</time>
<extensions>
<gpxtpx:TrackPointExtension>
<gpxtpx:hr>158</gpxtpx:hr>
</gpxtpx:TrackPointExtension>
</extensions>
</trkpt>
<trkpt lat="36.9759897" lon="127.8857542">
<ele>65.847</ele>
<time>2026-05-14T13:48:55Z</time>
<extensions>
<gpxtpx:TrackPointExtension>
<gpxtpx:hr>158</gpxtpx:hr>
</gpxtpx:TrackPointExtension>
</extensions>
</trkpt>
<trkpt lat="36.9760157" lon="127.8857537">
<ele>65.892</ele>
<time>2026-05-14T13:48:56Z</time>
<extensions>
<gpxtpx:TrackPointExtension>
<gpxtpx:cad>178</gpxtpx:cad>
</gpxtpx:TrackPointExtension>
</extensions>
</trkpt>
<trkpt lat="36.9760417" lon="127.8857531">
<ele>65.908</ele>
<time>2026-05-14T13:48:57Z</time>
<extensions>
<gpxtpx:TrackPointExtension>
<gpxtpx:hr>158</gpxtpx:hr>
</gpxtpx:TrackPointExtension>
</extensions>
</trkpt>
<trkpt lat="36.9760674" lon="127.8857531">
<ele>65.862</ele>
<time>2026-05-14T13:48:58Z</time>
<extensions>
<gpxtpx:TrackPointExtension>
<gpxtpx:hr>158</gpxtpx:hr>
</gpxtpx:TrackPointExtension>
</extensions>
</trkpt>
<trkpt lat="36.9760932" lon="127.885753">
<ele>65.769</ele>
<time>2026-05-14T13:48:59Z</time>
<extensions>
<gpxtpx:TrackPointExtension>
<gpxtpx:hr>158</gpxtpx:hr>
</gpxtpx:TrackPointExtension>
</extensions>
</trkpt>
<trkpt lat="36.976119" lon="127.8857534">
<ele>65.742</ele>
<time>2026-05-14T13:49:00Z</time>
<extensions>
<gpxtpx:TrackPointExtension>
<gpxtpx:hr>158</gpxtpx:hr>
</gpxtpx:TrackPointExtension>
</extensions>
</trkpt>
<trkpt lat="36.9761448" lon="127.8857538">
<ele>65.703</ele>
<time>2026-05-14T13:49:01Z</time>
<extensions>
<gpxtpx:TrackPointExtension>
<gpxtpx:hr>158</gpxtpx:hr>
<gpxtpx:cad>181</gpxtpx:cad>
</gpxtpx:TrackPointExtension>
</extensions>
</trkpt>
<trkpt lat="36.9761707" lon="127.8857538">
<ele>65.604</ele>
<time>2026-05-14T13:49:02Z</time>
<extensions>
<gpxtpx:TrackPointExtension>
<gpxtpx:hr>158</gpxtpx:hr>
</gpxtpx:TrackPointExtension>
</extensions>
</trkpt>
<trkpt lat="36.9761966" lon="127.8857536">
<ele>65.571</ele>
<time>2026-05-14T13:49:03Z</time>
<extensions>
<gpxtpx:TrackPointExtension>
<gpxtpx:hr>158</gpxtpx:hr>
</gpxtpx:TrackPointExtension>
</extensions>
</trkpt>
<trkpt lat="36.9762222" lon="127.8857529">
<ele>65.662</ele>
<time>2026-05-14T13:49:04Z</time>
<extensions>
<gpxtpx:TrackPointExtension>
<gpxtpx:hr>158</gpxtpx:hr>
</gpxtpx:TrackPointExtension>
</extensions>
</trkpt>
<trkpt lat="36.9762476" lon="127.8857517">
<ele>65.716</ele>
<time>2026-05-14T13:49:05Z</time>
<extensions>
<gpxtpx:TrackPointExtension>
<gpxtpx:hr>159</gpxtpx:hr>
</gpxtpx:TrackPointExtension>
</extensions>
</trkpt>
<trkpt lat="36.9762731" lon="127.885751">
<ele>65.771</ele>
<time>2026-05-14T13:49:06Z</time>
<extensions>
<gpxtpx:TrackPointExtension>
<gpxtpx:hr>159</gpxtpx:hr>
<gpxtpx:cad>178</gpxtpx:cad>
</gpxtpx:TrackPointExtension>
</extensions>
</trkpt>
<trkpt lat="36.9762982" lon="127.8857497">
<ele>65.697</ele>
<time>2026-05-14T13:49:07Z</time>
<extensions>
<gpxtpx:TrackPointExtension>
<gpxtpx:hr>158</gpxtpx:hr>
</gpxtpx:TrackPointExtension>
</extensions>
</trkpt>
<trkpt lat="36.9763238" lon="127.8857493">
<ele>65.731</ele>
<time>2026-05-14T13:49:08Z</time>
<extensions>
<gpxtpx:TrackPointExtension>
<gpxtpx:hr>158</gpxtpx:hr>
</gpxtpx:TrackPointExtension>
</extensions>
</trkpt>
<trkpt lat="36.9763485" lon="127.885748">
<ele>65.735</ele>
<time>2026-05-14T13:49:09Z</time>
<extensions>
<gpxtpx:TrackPointExtension>
<gpxtpx:hr>158</gpxtpx:hr>
</gpxtpx:TrackPointExtension>
</extensions>
</trkpt>
<trkpt lat="36.9763739" lon="127.8857472">
<ele>65.692</ele>
<time>2026-05-14T13:49:10Z</time>
<extensions>
<gpxtpx:TrackPointExtension>
<gpxtpx:hr>158</gpxtpx:hr>
</gpxtpx:TrackPointExtension>
</extensions>
</trkpt>
<trkpt lat="36.9763982" lon="127.8857459">
<ele>65.672</ele>
<time>2026-05-14T13:49:11Z</time>
<extensions>
<gpxtpx:TrackPointExtension>
<gpxtpx:hr>158</gpxtpx:hr>
<gpxtpx:cad>174</gpxtpx:cad>
</gpxtpx:TrackPointExtension>
</extensions>
</trkpt>
<trkpt lat="36.9764234" lon="127.8857448">
<ele>65.674</ele>
<time>2026-05-14T13:49:12Z</time>
<extensions>
<gpxtpx:TrackPointExtension>
<gpxtpx:hr>158</gpxtpx:hr>
</gpxtpx:TrackPointExtension>
</extensions>
</trkpt>
<trkpt lat="36.9764473" lon="127.8857435">
<ele>65.735</ele>
<time>2026-05-14T13:49:13Z</time>
<extensions>
<gpxtpx:TrackPointExtension>
<gpxtpx:hr>158</gpxtpx:hr>
</gpxtpx:TrackPointExtension>
</extensions>
</trkpt>
<trkpt lat="36.9764722" lon="127.8857422">
<ele>65.744</ele>
<time>2026-05-14T13:49:14Z</time>
<extensions>
<gpxtpx:TrackPointExtension>
<gpxtpx:hr>159</gpxtpx:hr>
</gpxtpx:TrackPointExtension>
</extensions>
</trkpt>
<trkpt lat="36.9764961" lon="127.8857412">
<ele>65.743</ele>
<time>2026-05-14T13:49:15Z</time>
<extensions>
<gpxtpx:TrackPointExtension>
<gpxtpx:hr>159</gpxtpx:hr>
</gpxtpx:TrackPointExtension>
</extensions>
</trkpt>
<trkpt lat="36.9765206" lon="127.8857398">
<ele>65.741</ele>
<time>2026-05-14T13:49:16Z</time>
<extensions>
<gpxtpx:TrackPointExtension>
<gpxtpx:hr>159</gpxtpx:hr>
<gpxtpx:cad>177</gpxtpx:cad>
</gpxtpx:TrackPointExtension>
</extensions>
</trkpt>
<trkpt lat="36.9765447" lon="127.8857392">
<ele>65.767</ele>
<time>2026-05-14T13:49:17Z</time>
<extensions>
<gpxtpx:TrackPointExtension>
<gpxtpx:hr>159</gpxtpx:hr>
</gpxtpx:TrackPointExtension>
</extensions>
</trkpt>
<trkpt lat="36.9765689" lon="127.8857381">
<ele>65.744</ele>
<time>2026-05-14T13:49:18Z</time>
<extensions>
<gpxtpx:TrackPointExtension>
<gpxtpx:hr>159</gpxtpx:hr>
<gpxtpx:cad>178</gpxtpx:cad>
</gpxtpx:TrackPointExtension>
</extensions>
</trkpt>
<trkpt lat="36.9765931" lon="127.8857369">
<ele>65.763</ele>
<time>2026-05-14T13:49:19Z</time>
<extensions>
<gpxtpx:TrackPointExtension>
<gpxtpx:hr>159</gpxtpx:hr>
</gpxtpx:TrackPointExtension>
</extensions>
</trkpt>
<trkpt lat="36.9766168" lon="127.8857355">
<ele>65.761</ele>
<time>2026-05-14T13:49:20Z</time>
<extensions>
<gpxtpx:TrackPointExtension>
<gpxtpx:hr>159</gpxtpx:hr>
</gpxtpx:TrackPointExtension>
</extensions>
</trkpt>
<trkpt lat="36.9766406" lon="127.8857347">
<ele>65.775</ele>
<time>2026-05-14T13:49:21Z</time>
<extensions>
<gpxtpx:TrackPointExtension>
<gpxtpx:hr>159</gpxtpx:hr>
<gpxtpx:cad>178</gpxtpx:cad>
</gpxtpx:TrackPointExtension>
</extensions>
</trkpt>
<trkpt lat="36.9766637" lon="127.885734">
<ele>65.766</ele>
<time>2026-05-14T13:49:22Z</time>
<extensions>
<gpxtpx:TrackPointExtension>
<gpxtpx:hr>159</gpxtpx:hr>
</gpxtpx:TrackPointExtension>
</extensions>
</trkpt>
<trkpt lat="36.9766879" lon="127.8857336">
<ele>65.797</ele>
<time>2026-05-14T13:49:23Z</time>
<extensions>
<gpxtpx:TrackPointExtension>
<gpxtpx:hr>159</gpxtpx:hr>
</gpxtpx:TrackPointExtension>
</extensions>
</trkpt>
<trkpt lat="36.9767131" lon="127.8857335">
<ele>65.838</ele>
<time>2026-05-14T13:49:24Z</time>
<extensions>
<gpxtpx:TrackPointExtension>
<gpxtpx:hr>159</gpxtpx:hr>
</gpxtpx:TrackPointExtension>
</extensions>
</trkpt>
<trkpt lat="36.9767383" lon="127.8857333">
<ele>65.842</ele>
<time>2026-05-14T13:49:25Z</time>
<extensions>
<gpxtpx:TrackPointExtension>
<gpxtpx:hr>159</gpxtpx:hr>
</gpxtpx:TrackPointExtension>
</extensions>
</trkpt>
<trkpt lat="36.9767646" lon="127.8857338">
<ele>65.892</ele>
<time>2026-05-14T13:49:26Z</time>
<extensions>
<gpxtpx:TrackPointExtension>
<gpxtpx:hr>160</gpxtpx:hr>
<gpxtpx:cad>178</gpxtpx:cad>
</gpxtpx:TrackPointExtension>
</extensions>
</trkpt>
<trkpt lat="36.9767906" lon="127.8857348">
<ele>65.847</ele>
<time>2026-05-14T13:49:27Z</time>
<extensions>
<gpxtpx:TrackPointExtension>
<gpxtpx:hr>160</gpxtpx:hr>
</gpxtpx:TrackPointExtension>
</extensions>
</trkpt>
<trkpt lat="36.9768159" lon="127.8857355">
<ele>65.818</ele>
<time>2026-05-14T13:49:28Z</time>
<extensions>
<gpxtpx:TrackPointExtension>
<gpxtpx:hr>160</gpxtpx:hr>
</gpxtpx:TrackPointExtension>
</extensions>
</trkpt>
<trkpt lat="36.9768412" lon="127.8857364">
<ele>65.807</ele>
<time>2026-05-14T13:49:29Z</time>
<extensions>
<gpxtpx:TrackPointExtension>
<gpxtpx:hr>159</gpxtpx:hr>
</gpxtpx:TrackPointExtension>
</extensions>
</trkpt>
<trkpt lat="36.9768667" lon="127.8857375">
<ele>65.795</ele>
<time>2026-05-14T13:49:30Z</time>
<extensions>
<gpxtpx:TrackPointExtension>
<gpxtpx:hr>159</gpxtpx:hr>
</gpxtpx:TrackPointExtension>
</extensions>
</trkpt>
<trkpt lat="36.9768924" lon="127.8857388">
<ele>65.734</ele>
<time>2026-05-14T13:49:31Z</time>
<extensions>
<gpxtpx:TrackPointExtension>
<gpxtpx:hr>159</gpxtpx:hr>
<gpxtpx:cad>179</gpxtpx:cad>
</gpxtpx:TrackPointExtension>
</extensions>
</trkpt>
<trkpt lat="36.9769181" lon="127.8857403">
<ele>65.768</ele>
<time>2026-05-14T13:49:32Z</time>
</trkpt>
<trkpt lat="36.976944" lon="127.8857419">
<ele>65.746</ele>
<time>2026-05-14T13:49:33Z</time>
</trkpt>
<trkpt lat="36.9769699" lon="127.8857437">
<ele>65.745</ele>
<time>2026-05-14T13:49:34Z</time>
<extensions>
<gpxtpx:TrackPointExtension>
<gpxtpx:hr>159</gpxtpx:hr>
</gpxtpx:TrackPointExtension>
</extensions>
</trkpt>
<trkpt lat="36.9769958" lon="127.8857457">
<ele>65.748</ele>
<time>2026-05-14T13:49:35Z</time>
<extensions>
<gpxtpx:TrackPointExtension>
<gpxtpx:hr>159</gpxtpx:hr>
</gpxtpx:TrackPointExtension>
</extensions>
</trkpt>
<trkpt lat="36.9770218" lon="127.8857475">
<ele>65.858</ele>
<time>2026-05-14T13:49:36Z</time>
<extensions>
<gpxtpx:TrackPointExtension>
<gpxtpx:hr>158</gpxtpx:hr>
<gpxtpx:cad>179</gpxtpx:cad>
</gpxtpx:TrackPointExtension>
</extensions>
</trkpt>
<trkpt lat="36.9770476" lon="127.8857501">
<ele>65.963</ele>
<time>2026-05-14T13:49:37Z</time>
<extensions>
<gpxtpx:TrackPointExtension>
<gpxtpx:hr>158</gpxtpx:hr>
</gpxtpx:TrackPointExtension>
</extensions>
</trkpt>
<trkpt lat="36.9770735" lon="127.8857522">
<ele>65.864</ele>
<time>2026-05-14T13:49:38Z</time>
<extensions>
<gpxtpx:TrackPointExtension>
<gpxtpx:hr>158</gpxtpx:hr>
</gpxtpx:TrackPointExtension>
</extensions>
</trkpt>
<trkpt lat="36.9770992" lon="127.8857551">
<ele>65.761</ele>
<time>2026-05-14T13:49:39Z</time>
<extensions>
<gpxtpx:TrackPointExtension>
<gpxtpx:hr>159</gpxtpx:hr>
</gpxtpx:TrackPointExtension>
</extensions>
</trkpt>
<trkpt lat="36.977125" lon="127.8857576">
<ele>65.712</ele>
<time>2026-05-14T13:49:40Z</time>
<extensions>
<gpxtpx:TrackPointExtension>
<gpxtpx:hr>159</gpxtpx:hr>
</gpxtpx:TrackPointExtension>
</extensions>
</trkpt>
<trkpt lat="36.9771503" lon="127.8857607">
<ele>65.676</ele>
<time>2026-05-14T13:49:41Z</time>
<extensions>
<gpxtpx:TrackPointExtension>
<gpxtpx:hr>159</gpxtpx:hr>
<gpxtpx:cad>178</gpxtpx:cad>
</gpxtpx:TrackPointExtension>
</extensions>
</trkpt>
<trkpt lat="36.977176" lon="127.8857637">
<ele>65.639</ele>
<time>2026-05-14T13:49:42Z</time>
<extensions>
<gpxtpx:TrackPointExtension>
<gpxtpx:hr>158</gpxtpx:hr>
</gpxtpx:TrackPointExtension>
</extensions>
</trkpt>
<trkpt lat="36.9772011" lon="127.8857671">
<ele>65.673</ele>
<time>2026-05-14T13:49:43Z</time>
<extensions>
<gpxtpx:TrackPointExtension>
<gpxtpx:hr>159</gpxtpx:hr>
</gpxtpx:TrackPointExtension>
</extensions>
</trkpt>
<trkpt lat="36.9772267" lon="127.8857705">
<ele>65.674</ele>
<time>2026-05-14T13:49:44Z</time>
<extensions>
<gpxtpx:TrackPointExtension>
<gpxtpx:hr>159</gpxtpx:hr>
</gpxtpx:TrackPointExtension>
</extensions>
</trkpt>
<trkpt lat="36.9772518" lon="127.8857737">
<ele>65.631</ele>
<time>2026-05-14T13:49:45Z</time>
<extensions>
<gpxtpx:TrackPointExtension>
<gpxtpx:hr>158</gpxtpx:hr>
</gpxtpx:TrackPointExtension>
</extensions>
</trkpt>
<trkpt lat="36.9772774" lon="127.8857766">
<ele>65.65</ele>
<time>2026-05-14T13:49:46Z</time>
<extensions>
<gpxtpx:TrackPointExtension>
<gpxtpx:hr>158</gpxtpx:hr>
<gpxtpx:cad>178</gpxtpx:cad>
</gpxtpx:TrackPointExtension>
</extensions>
</trkpt>
<trkpt lat="36.9773025" lon="127.8857796">
<ele>65.668</ele>
<time>2026-05-14T13:49:47Z</time>
<extensions>
<gpxtpx:TrackPointExtension>
<gpxtpx:hr>158</gpxtpx:hr>
</gpxtpx:TrackPointExtension>
</extensions>
</trkpt>
<trkpt lat="36.9773278" lon="127.8857825">
<ele>65.691</ele>
<time>2026-05-14T13:49:48Z</time>
<extensions>
<gpxtpx:TrackPointExtension>
<gpxtpx:hr>158</gpxtpx:hr>
</gpxtpx:TrackPointExtension>
</extensions>
</trkpt>
<trkpt lat="36.977353" lon="127.8857856">
<ele>65.66</ele>
<time>2026-05-14T13:49:49Z</time>
<extensions>
<gpxtpx:TrackPointExtension>
<gpxtpx:hr>158</gpxtpx:hr>
</gpxtpx:TrackPointExtension>
</extensions>
</trkpt>
<trkpt lat="36.9773782" lon="127.8857886">
<ele>65.663</ele>
<time>2026-05-14T13:49:50Z</time>
<extensions>
<gpxtpx:TrackPointExtension>
<gpxtpx:hr>158</gpxtpx:hr>
</gpxtpx:TrackPointExtension>
</extensions>
</trkpt>
<trkpt lat="36.9774034" lon="127.8857918">
<ele>65.649</ele>
<time>2026-05-14T13:49:51Z</time>
<extensions>
<gpxtpx:TrackPointExtension>
<gpxtpx:hr>158</gpxtpx:hr>
<gpxtpx:cad>177</gpxtpx:cad>
</gpxtpx:TrackPointExtension>
</extensions>
</trkpt>
<trkpt lat="36.9774288" lon="127.885795">
<ele>65.683</ele>
<time>2026-05-14T13:49:52Z</time>
<extensions>
<gpxtpx:TrackPointExtension>
<gpxtpx:hr>158</gpxtpx:hr>
</gpxtpx:TrackPointExtension>
</extensions>
</trkpt>
<trkpt lat="36.977454" lon="127.8857979">
<ele>65.672</ele>
<time>2026-05-14T13:49:53Z</time>
<extensions>
<gpxtpx:TrackPointExtension>
<gpxtpx:hr>158</gpxtpx:hr>
</gpxtpx:TrackPointExtension>
</extensions>
</trkpt>
<trkpt lat="36.9774794" lon="127.885801">
<ele>65.644</ele>
<time>2026-05-14T13:49:54Z</time>
<extensions>
<gpxtpx:TrackPointExtension>
<gpxtpx:hr>158</gpxtpx:hr>
<gpxtpx:cad>177</gpxtpx:cad>
</gpxtpx:TrackPointExtension>
</extensions>
</trkpt>
<trkpt lat="36.9775046" lon="127.8858043">
<ele>65.652</ele>
<time>2026-05-14T13:49:55Z</time>
<extensions>
<gpxtpx:TrackPointExtension>
<gpxtpx:hr>158</gpxtpx:hr>
</gpxtpx:TrackPointExtension>
</extensions>
</trkpt>
<trkpt lat="36.9775299" lon="127.8858069">
<ele>65.629</ele>
<time>2026-05-14T13:49:56Z</time>
<extensions>
<gpxtpx:TrackPointExtension>
<gpxtpx:hr>158</gpxtpx:hr>
<gpxtpx:cad>177</gpxtpx:cad>
</gpxtpx:TrackPointExtension>
</extensions>
</trkpt>
<trkpt lat="36.977555" lon="127.8858105">
<ele>65.616</ele>
<time>2026-05-14T13:49:57Z</time>
<extensions>
<gpxtpx:TrackPointExtension>
<gpxtpx:hr>158</gpxtpx:hr>
</gpxtpx:TrackPointExtension>
</extensions>
</trkpt>
<trkpt lat="36.9775799" lon="127.8858131">
<ele>65.617</ele>
<time>2026-05-14T13:49:58Z</time>
<extensions>
<gpxtpx:TrackPointExtension>
<gpxtpx:hr>158</gpxtpx:hr>
</gpxtpx:TrackPointExtension>
</extensions>
</trkpt>
<trkpt lat="36.977605" lon="127.8858165">
<ele>65.602</ele>
<time>2026-05-14T13:49:59Z</time>
<extensions>
<gpxtpx:TrackPointExtension>
<gpxtpx:hr>158</gpxtpx:hr>
</gpxtpx:TrackPointExtension>
</extensions>
</trkpt>
<trkpt lat="36.9776297" lon="127.8858194">
<ele>65.663</ele>
<time>2026-05-14T13:50:00Z</time>
<extensions>
<gpxtpx:TrackPointExtension>
<gpxtpx:hr>158</gpxtpx:hr>
</gpxtpx:TrackPointExtension>
</extensions>
</trkpt>
<trkpt lat="36.977655" lon="127.8858223">
<ele>65.7</ele>
<time>2026-05-14T13:50:01Z</time>
<extensions>
<gpxtpx:TrackPointExtension>
<gpxtpx:hr>158</gpxtpx:hr>
<gpxtpx:cad>178</gpxtpx:cad>
</gpxtpx:TrackPointExtension>
</extensions>
</trkpt>
<trkpt lat="36.9776803" lon="127.8858252">
<ele>65.741</ele>
<time>2026-05-14T13:50:02Z</time>
<extensions>
<gpxtpx:TrackPointExtension>
<gpxtpx:hr>159</gpxtpx:hr>
</gpxtpx:TrackPointExtension>
</extensions>
</trkpt>
<trkpt lat="36.9777059" lon="127.8858279">
<ele>65.757</ele>
<time>2026-05-14T13:50:03Z</time>
<extensions>
<gpxtpx:TrackPointExtension>
<gpxtpx:hr>159</gpxtpx:hr>
</gpxtpx:TrackPointExtension>
</extensions>
</trkpt>
<trkpt lat="36.9777307" lon="127.8858307">
<ele>65.757</ele>
<time>2026-05-14T13:50:04Z</time>
<extensions>
<gpxtpx:TrackPointExtension>
<gpxtpx:hr>158</gpxtpx:hr>
</gpxtpx:TrackPointExtension>
</extensions>
</trkpt>
<trkpt lat="36.9777559" lon="127.8858334">
<ele>65.811</ele>
<time>2026-05-14T13:50:05Z</time>
<extensions>
<gpxtpx:TrackPointExtension>
<gpxtpx:hr>158</gpxtpx:hr>
</gpxtpx:TrackPointExtension>
</extensions>
</trkpt>
<trkpt lat="36.9777803" lon="127.8858362">
<ele>65.816</ele>
<time>2026-05-14T13:50:06Z</time>
<extensions>
<gpxtpx:TrackPointExtension>
<gpxtpx:hr>158</gpxtpx:hr>
<gpxtpx:cad>179</gpxtpx:cad>
</gpxtpx:TrackPointExtension>
</extensions>
</trkpt>
<trkpt lat="36.977804" lon="127.8858397">
<ele>65.709</ele>
<time>2026-05-14T13:50:07Z</time>
<extensions>
<gpxtpx:TrackPointExtension>
<gpxtpx:hr>158</gpxtpx:hr>
</gpxtpx:TrackPointExtension>
</extensions>
</trkpt>
<trkpt lat="36.9778276" lon="127.8858439">
<ele>65.682</ele>
<time>2026-05-14T13:50:08Z</time>
<extensions>
<gpxtpx:TrackPointExtension>
<gpxtpx:hr>158</gpxtpx:hr>
</gpxtpx:TrackPointExtension>
</extensions>
</trkpt>
<trkpt lat="36.9778515" lon="127.8858477">
<ele>65.776</ele>
<time>2026-05-14T13:50:09Z</time>
<extensions>
<gpxtpx:TrackPointExtension>
<gpxtpx:hr>158</gpxtpx:hr>
</gpxtpx:TrackPointExtension>
</extensions>
</trkpt>
<trkpt lat="36.9778749" lon="127.8858529">
<ele>65.802</ele>
<time>2026-05-14T13:50:10Z</time>
<extensions>
<gpxtpx:TrackPointExtension>
<gpxtpx:hr>158</gpxtpx:hr>
</gpxtpx:TrackPointExtension>
</extensions>
</trkpt>
<trkpt lat="36.9778986" lon="127.8858574">
<ele>65.773</ele>
<time>2026-05-14T13:50:11Z</time>
<extensions>
<gpxtpx:TrackPointExtension>
<gpxtpx:hr>158</gpxtpx:hr>
<gpxtpx:cad>177</gpxtpx:cad>
</gpxtpx:TrackPointExtension>
</extensions>
</trkpt>
<trkpt lat="36.9779221" lon="127.8858622">
<ele>65.655</ele>
<time>2026-05-14T13:50:12Z</time>
<extensions>
<gpxtpx:TrackPointExtension>
<gpxtpx:hr>158</gpxtpx:hr>
</gpxtpx:TrackPointExtension>
</extensions>
</trkpt>
<trkpt lat="36.9779456" lon="127.8858673">
<ele>65.605</ele>
<time>2026-05-14T13:50:13Z</time>
<extensions>
<gpxtpx:TrackPointExtension>
<gpxtpx:hr>157</gpxtpx:hr>
</gpxtpx:TrackPointExtension>
</extensions>
</trkpt>
<trkpt lat="36.9779689" lon="127.8858727">
<ele>65.517</ele>
<time>2026-05-14T13:50:14Z</time>
<extensions>
<gpxtpx:TrackPointExtension>
<gpxtpx:hr>157</gpxtpx:hr>
</gpxtpx:TrackPointExtension>
</extensions>
</trkpt>
<trkpt lat="36.9779922" lon="127.8858784">
<ele>65.574</ele>
<time>2026-05-14T13:50:15Z</time>
<extensions>
<gpxtpx:TrackPointExtension>
<gpxtpx:hr>157</gpxtpx:hr>
</gpxtpx:TrackPointExtension>
</extensions>
</trkpt>
<trkpt lat="36.9780155" lon="127.8858854">
<ele>65.597</ele>
<time>2026-05-14T13:50:16Z</time>
<extensions>
<gpxtpx:TrackPointExtension>
<gpxtpx:hr>157</gpxtpx:hr>
<gpxtpx:cad>178</gpxtpx:cad>
</gpxtpx:TrackPointExtension>
</extensions>
</trkpt>
<trkpt lat="36.9780388" lon="127.8858907">
<ele>65.677</ele>
<time>2026-05-14T13:50:17Z</time>
<extensions>
<gpxtpx:TrackPointExtension>
<gpxtpx:hr>157</gpxtpx:hr>
</gpxtpx:TrackPointExtension>
</extensions>
</trkpt>
<trkpt lat="36.9780622" lon="127.8858971">
<ele>65.716</ele>
<time>2026-05-14T13:50:18Z</time>
<extensions>
<gpxtpx:TrackPointExtension>
<gpxtpx:hr>157</gpxtpx:hr>
</gpxtpx:TrackPointExtension>
</extensions>
</trkpt>
<trkpt lat="36.9780854" lon="127.8859035">
<ele>65.761</ele>
<time>2026-05-14T13:50:19Z</time>
<extensions>
<gpxtpx:TrackPointExtension>
<gpxtpx:hr>157</gpxtpx:hr>
</gpxtpx:TrackPointExtension>
</extensions>
</trkpt>
<trkpt lat="36.9781087" lon="127.8859104">
<ele>65.702</ele>
<time>2026-05-14T13:50:20Z</time>
<extensions>
<gpxtpx:TrackPointExtension>
<gpxtpx:hr>157</gpxtpx:hr>
</gpxtpx:TrackPointExtension>
</extensions>
</trkpt>
<trkpt lat="36.9781318" lon="127.8859176">
<ele>65.717</ele>
<time>2026-05-14T13:50:21Z</time>
<extensions>
<gpxtpx:TrackPointExtension>
<gpxtpx:hr>157</gpxtpx:hr>
<gpxtpx:cad>179</gpxtpx:cad>
</gpxtpx:TrackPointExtension>
</extensions>
</trkpt>
<trkpt lat="36.9781551" lon="127.8859253">
<ele>65.768</ele>
<time>2026-05-14T13:50:22Z</time>
<extensions>
<gpxtpx:TrackPointExtension>
<gpxtpx:hr>157</gpxtpx:hr>
</gpxtpx:TrackPointExtension>
</extensions>
</trkpt>
<trkpt lat="36.9781783" lon="127.8859332">
<ele>65.822</ele>
<time>2026-05-14T13:50:23Z</time>
<extensions>
<gpxtpx:TrackPointExtension>
<gpxtpx:hr>156</gpxtpx:hr>
</gpxtpx:TrackPointExtension>
</extensions>
</trkpt>
<trkpt lat="36.9782025" lon="127.8859411">
<ele>65.799</ele>
<time>2026-05-14T13:50:24Z</time>
<extensions>
<gpxtpx:TrackPointExtension>
<gpxtpx:hr>157</gpxtpx:hr>
</gpxtpx:TrackPointExtension>
</extensions>
</trkpt>
<trkpt lat="36.9782281" lon="127.8859487">
<ele>65.792</ele>
<time>2026-05-14T13:50:25Z</time>
<extensions>
<gpxtpx:TrackPointExtension>
<gpxtpx:hr>157</gpxtpx:hr>
</gpxtpx:TrackPointExtension>
</extensions>
</trkpt>
<trkpt lat="36.9782523" lon="127.8859565">
<ele>65.789</ele>
<time>2026-05-14T13:50:26Z</time>
<extensions>
<gpxtpx:TrackPointExtension>
<gpxtpx:hr>157</gpxtpx:hr>
<gpxtpx:cad>179</gpxtpx:cad>
</gpxtpx:TrackPointExtension>
</extensions>
</trkpt>
<trkpt lat="36.978279" lon="127.8859639">
<ele>65.769</ele>
<time>2026-05-14T13:50:27Z</time>
<extensions>
<gpxtpx:TrackPointExtension>
<gpxtpx:hr>157</gpxtpx:hr>
</gpxtpx:TrackPointExtension>
</extensions>
</trkpt>
<trkpt lat="36.9783039" lon="127.8859714">
<ele>65.787</ele>
<time>2026-05-14T13:50:28Z</time>
<extensions>
<gpxtpx:TrackPointExtension>
<gpxtpx:hr>157</gpxtpx:hr>
</gpxtpx:TrackPointExtension>
</extensions>
</trkpt>
<trkpt lat="36.9783298" lon="127.8859792">
<ele>65.848</ele>
<time>2026-05-14T13:50:29Z</time>
<extensions>
<gpxtpx:TrackPointExtension>
<gpxtpx:hr>157</gpxtpx:hr>
</gpxtpx:TrackPointExtension>
</extensions>
</trkpt>
<trkpt lat="36.9783543" lon="127.8859872">
<ele>65.76</ele>
<time>2026-05-14T13:50:30Z</time>
<extensions>
<gpxtpx:TrackPointExtension>
<gpxtpx:hr>157</gpxtpx:hr>
<gpxtpx:cad>180</gpxtpx:cad>
</gpxtpx:TrackPointExtension>
</extensions>
</trkpt>
<trkpt lat="36.97838" lon="127.8859949">
<ele>65.778</ele>
<time>2026-05-14T13:50:31Z</time>
<extensions>
<gpxtpx:TrackPointExtension>
<gpxtpx:hr>157</gpxtpx:hr>
<gpxtpx:cad>181</gpxtpx:cad>
</gpxtpx:TrackPointExtension>
</extensions>
</trkpt>
<trkpt lat="36.9784054" lon="127.8860027">
<ele>65.745</ele>
<time>2026-05-14T13:50:32Z</time>
<extensions>
<gpxtpx:TrackPointExtension>
<gpxtpx:hr>157</gpxtpx:hr>
</gpxtpx:TrackPointExtension>
</extensions>
</trkpt>
<trkpt lat="36.9784312" lon="127.8860104">
<ele>65.719</ele>
<time>2026-05-14T13:50:33Z</time>
<extensions>
<gpxtpx:TrackPointExtension>
<gpxtpx:hr>157</gpxtpx:hr>
</gpxtpx:TrackPointExtension>
</extensions>
</trkpt>
<trkpt lat="36.9784569" lon="127.886018">
<ele>65.728</ele>
<time>2026-05-14T13:50:34Z</time>
<extensions>
<gpxtpx:TrackPointExtension>
<gpxtpx:hr>157</gpxtpx:hr>
</gpxtpx:TrackPointExtension>
</extensions>
</trkpt>
<trkpt lat="36.9784827" lon="127.8860257">
<ele>65.76</ele>
<time>2026-05-14T13:50:35Z</time>
<extensions>
<gpxtpx:TrackPointExtension>
<gpxtpx:hr>157</gpxtpx:hr>
</gpxtpx:TrackPointExtension>
</extensions>
</trkpt>
<trkpt lat="36.9785088" lon="127.8860332">
<ele>65.71</ele>
<time>2026-05-14T13:50:36Z</time>
<extensions>
<gpxtpx:TrackPointExtension>
<gpxtpx:hr>157</gpxtpx:hr>
<gpxtpx:cad>181</gpxtpx:cad>
</gpxtpx:TrackPointExtension>
</extensions>
</trkpt>
<trkpt lat="36.978534" lon="127.8860414">
<ele>65.708</ele>
<time>2026-05-14T13:50:37Z</time>
<extensions>
<gpxtpx:TrackPointExtension>
<gpxtpx:hr>157</gpxtpx:hr>
</gpxtpx:TrackPointExtension>
</extensions>
</trkpt>
<trkpt lat="36.9785595" lon="127.8860494">
<ele>65.715</ele>
<time>2026-05-14T13:50:38Z</time>
<extensions>
<gpxtpx:TrackPointExtension>
<gpxtpx:hr>157</gpxtpx:hr>
</gpxtpx:TrackPointExtension>
</extensions>
</trkpt>
<trkpt lat="36.9785844" lon="127.8860579">
<ele>65.699</ele>
<time>2026-05-14T13:50:39Z</time>
<extensions>
<gpxtpx:TrackPointExtension>
<gpxtpx:hr>158</gpxtpx:hr>
</gpxtpx:TrackPointExtension>
</extensions>
</trkpt>
<trkpt lat="36.9786093" lon="127.8860666">
<ele>65.658</ele>
<time>2026-05-14T13:50:40Z</time>
<extensions>
<gpxtpx:TrackPointExtension>
<gpxtpx:hr>158</gpxtpx:hr>
</gpxtpx:TrackPointExtension>
</extensions>
</trkpt>
<trkpt lat="36.978635" lon="127.8860746">
<ele>65.651</ele>
<time>2026-05-14T13:50:41Z</time>
<extensions>
<gpxtpx:TrackPointExtension>
<gpxtpx:hr>158</gpxtpx:hr>
<gpxtpx:cad>180</gpxtpx:cad>
</gpxtpx:TrackPointExtension>
</extensions>
</trkpt>
<trkpt lat="36.9786597" lon="127.8860836">
<ele>65.647</ele>
<time>2026-05-14T13:50:42Z</time>
<extensions>
<gpxtpx:TrackPointExtension>
<gpxtpx:hr>158</gpxtpx:hr>
</gpxtpx:TrackPointExtension>
</extensions>
</trkpt>
<trkpt lat="36.9786853" lon="127.8860913">
<ele>65.666</ele>
<time>2026-05-14T13:50:43Z</time>
<extensions>
<gpxtpx:TrackPointExtension>
<gpxtpx:hr>158</gpxtpx:hr>
</gpxtpx:TrackPointExtension>
</extensions>
</trkpt>
<trkpt lat="36.9787101" lon="127.8860996">
<ele>65.643</ele>
<time>2026-05-14T13:50:44Z</time>
<extensions>
<gpxtpx:TrackPointExtension>
<gpxtpx:hr>158</gpxtpx:hr>
</gpxtpx:TrackPointExtension>
</extensions>
</trkpt>
<trkpt lat="36.9787345" lon="127.8861082">
<ele>65.733</ele>
<time>2026-05-14T13:50:45Z</time>
<extensions>
<gpxtpx:TrackPointExtension>
<gpxtpx:hr>158</gpxtpx:hr>
</gpxtpx:TrackPointExtension>
</extensions>
</trkpt>
<trkpt lat="36.9787587" lon="127.886117">
<ele>65.691</ele>
<time>2026-05-14T13:50:46Z</time>
<extensions>
<gpxtpx:TrackPointExtension>
<gpxtpx:hr>158</gpxtpx:hr>
<gpxtpx:cad>179</gpxtpx:cad>
</gpxtpx:TrackPointExtension>
</extensions>
</trkpt>
<trkpt lat="36.9787831" lon="127.8861262">
<ele>65.657</ele>
<time>2026-05-14T13:50:47Z</time>
<extensions>
<gpxtpx:TrackPointExtension>
<gpxtpx:hr>158</gpxtpx:hr>
</gpxtpx:TrackPointExtension>
</extensions>
</trkpt>
<trkpt lat="36.9788079" lon="127.8861358">
<ele>65.716</ele>
<time>2026-05-14T13:50:48Z</time>
<extensions>
<gpxtpx:TrackPointExtension>
<gpxtpx:hr>158</gpxtpx:hr>
</gpxtpx:TrackPointExtension>
</extensions>
</trkpt>
<trkpt lat="36.9788327" lon="127.8861454">
<ele>65.749</ele>
<time>2026-05-14T13:50:49Z</time>
<extensions>
<gpxtpx:TrackPointExtension>
<gpxtpx:hr>158</gpxtpx:hr>
</gpxtpx:TrackPointExtension>
</extensions>
</trkpt>
<trkpt lat="36.9788572" lon="127.8861551">
<ele>65.788</ele>
<time>2026-05-14T13:50:50Z</time>
<extensions>
<gpxtpx:TrackPointExtension>
<gpxtpx:hr>159</gpxtpx:hr>
</gpxtpx:TrackPointExtension>
</extensions>
</trkpt>
<trkpt lat="36.9788819" lon="127.8861647">
<ele>65.766</ele>
<time>2026-05-14T13:50:51Z</time>
<extensions>
<gpxtpx:TrackPointExtension>
<gpxtpx:hr>159</gpxtpx:hr>
<gpxtpx:cad>179</gpxtpx:cad>
</gpxtpx:TrackPointExtension>
</extensions>
</trkpt>
<trkpt lat="36.9789059" lon="127.8861745">
<ele>65.792</ele>
<time>2026-05-14T13:50:52Z</time>
<extensions>
<gpxtpx:TrackPointExtension>
<gpxtpx:hr>159</gpxtpx:hr>
</gpxtpx:TrackPointExtension>
</extensions>
</trkpt>
<trkpt lat="36.9789298" lon="127.8861844">
<ele>65.82</ele>
<time>2026-05-14T13:50:53Z</time>
<extensions>
<gpxtpx:TrackPointExtension>
<gpxtpx:hr>159</gpxtpx:hr>
</gpxtpx:TrackPointExtension>
</extensions>
</trkpt>
<trkpt lat="36.9789535" lon="127.8861945">
<ele>65.817</ele>
<time>2026-05-14T13:50:54Z</time>
<extensions>
<gpxtpx:TrackPointExtension>
<gpxtpx:hr>159</gpxtpx:hr>
</gpxtpx:TrackPointExtension>
</extensions>
</trkpt>
<trkpt lat="36.9789767" lon="127.8862052">
<ele>65.828</ele>
<time>2026-05-14T13:50:55Z</time>
<extensions>
<gpxtpx:TrackPointExtension>
<gpxtpx:hr>159</gpxtpx:hr>
</gpxtpx:TrackPointExtension>
</extensions>
</trkpt>
<trkpt lat="36.979" lon="127.8862156">
<ele>65.785</ele>
<time>2026-05-14T13:50:56Z</time>
<extensions>
<gpxtpx:TrackPointExtension>
<gpxtpx:hr>159</gpxtpx:hr>
<gpxtpx:cad>179</gpxtpx:cad>
</gpxtpx:TrackPointExtension>
</extensions>
</trkpt>
<trkpt lat="36.9790232" lon="127.8862269">
<ele>65.701</ele>
<time>2026-05-14T13:50:57Z</time>
<extensions>
<gpxtpx:TrackPointExtension>
<gpxtpx:hr>159</gpxtpx:hr>
</gpxtpx:TrackPointExtension>
</extensions>
</trkpt>
<trkpt lat="36.9790463" lon="127.886238">
<ele>65.697</ele>
<time>2026-05-14T13:50:58Z</time>
<extensions>
<gpxtpx:TrackPointExtension>
<gpxtpx:hr>159</gpxtpx:hr>
</gpxtpx:TrackPointExtension>
</extensions>
</trkpt>
<trkpt lat="36.9790697" lon="127.8862496">
<ele>65.698</ele>
<time>2026-05-14T13:50:59Z</time>
<extensions>
<gpxtpx:TrackPointExtension>
<gpxtpx:hr>159</gpxtpx:hr>
</gpxtpx:TrackPointExtension>
</extensions>
</trkpt>
<trkpt lat="36.9790936" lon="127.8862614">
<ele>65.633</ele>
<time>2026-05-14T13:51:00Z</time>
<extensions>
<gpxtpx:TrackPointExtension>
<gpxtpx:hr>158</gpxtpx:hr>
</gpxtpx:TrackPointExtension>
</extensions>
</trkpt>
<trkpt lat="36.9791178" lon="127.8862736">
<ele>65.609</ele>
<time>2026-05-14T13:51:01Z</time>
<extensions>
<gpxtpx:TrackPointExtension>
<gpxtpx:hr>158</gpxtpx:hr>
<gpxtpx:cad>179</gpxtpx:cad>
</gpxtpx:TrackPointExtension>
</extensions>
</trkpt>
<trkpt lat="36.9791418" lon="127.8862858">
<ele>65.609</ele>
<time>2026-05-14T13:51:02Z</time>
<extensions>
<gpxtpx:TrackPointExtension>
<gpxtpx:hr>158</gpxtpx:hr>
</gpxtpx:TrackPointExtension>
</extensions>
</trkpt>
<trkpt lat="36.9791655" lon="127.8862982">
<ele>65.589</ele>
<time>2026-05-14T13:51:03Z</time>
<extensions>
<gpxtpx:TrackPointExtension>
<gpxtpx:hr>158</gpxtpx:hr>
</gpxtpx:TrackPointExtension>
</extensions>
</trkpt>
<trkpt lat="36.9791895" lon="127.8863104">
<ele>65.593</ele>
<time>2026-05-14T13:51:04Z</time>
<extensions>
<gpxtpx:TrackPointExtension>
<gpxtpx:hr>157</gpxtpx:hr>
</gpxtpx:TrackPointExtension>
</extensions>
</trkpt>
<trkpt lat="36.9792124" lon="127.8863231">
<ele>65.602</ele>
<time>2026-05-14T13:51:05Z</time>
<extensions>
<gpxtpx:TrackPointExtension>
<gpxtpx:hr>157</gpxtpx:hr>
<gpxtpx:cad>179</gpxtpx:cad>
</gpxtpx:TrackPointExtension>
</extensions>
</trkpt>
<trkpt lat="36.9792344" lon="127.886336">
<ele>65.605</ele>
<time>2026-05-14T13:51:06Z</time>
<extensions>
<gpxtpx:TrackPointExtension>
<gpxtpx:hr>157</gpxtpx:hr>
<gpxtpx:cad>179</gpxtpx:cad>
</gpxtpx:TrackPointExtension>
</extensions>
</trkpt>
<trkpt lat="36.979257" lon="127.8863488">
<ele>65.56</ele>
<time>2026-05-14T13:51:07Z</time>
<extensions>
<gpxtpx:TrackPointExtension>
<gpxtpx:hr>157</gpxtpx:hr>
</gpxtpx:TrackPointExtension>
</extensions>
</trkpt>
<trkpt lat="36.9792775" lon="127.8863631">
<ele>65.564</ele>
<time>2026-05-14T13:51:08Z</time>
<extensions>
<gpxtpx:TrackPointExtension>
<gpxtpx:hr>157</gpxtpx:hr>
</gpxtpx:TrackPointExtension>
</extensions>
</trkpt>
<trkpt lat="36.9792993" lon="127.8863768">
<ele>65.631</ele>
<time>2026-05-14T13:51:09Z</time>
<extensions>
<gpxtpx:TrackPointExtension>
<gpxtpx:hr>157</gpxtpx:hr>
</gpxtpx:TrackPointExtension>
</extensions>
</trkpt>
<trkpt lat="36.9793207" lon="127.8863912">
<ele>65.643</ele>
<time>2026-05-14T13:51:10Z</time>
<extensions>
<gpxtpx:TrackPointExtension>
<gpxtpx:hr>157</gpxtpx:hr>
</gpxtpx:TrackPointExtension>
</extensions>
</trkpt>
<trkpt lat="36.9793434" lon="127.8864044">
<ele>65.554</ele>
<time>2026-05-14T13:51:11Z</time>
<extensions>
<gpxtpx:TrackPointExtension>
<gpxtpx:hr>157</gpxtpx:hr>
<gpxtpx:cad>179</gpxtpx:cad>
</gpxtpx:TrackPointExtension>
</extensions>
</trkpt>
<trkpt lat="36.9793646" lon="127.8864189">
<ele>65.512</ele>
<time>2026-05-14T13:51:12Z</time>
<extensions>
<gpxtpx:TrackPointExtension>
<gpxtpx:hr>157</gpxtpx:hr>
</gpxtpx:TrackPointExtension>
</extensions>
</trkpt>
<trkpt lat="36.9793873" lon="127.886432">
<ele>65.86</ele>
<time>2026-05-14T13:51:13Z</time>
<extensions>
<gpxtpx:TrackPointExtension>
<gpxtpx:hr>157</gpxtpx:hr>
</gpxtpx:TrackPointExtension>
</extensions>
</trkpt>
<trkpt lat="36.979409" lon="127.8864453">
<ele>65.742</ele>
<time>2026-05-14T13:51:14Z</time>
<extensions>
<gpxtpx:TrackPointExtension>
<gpxtpx:hr>157</gpxtpx:hr>
</gpxtpx:TrackPointExtension>
</extensions>
</trkpt>
<trkpt lat="36.9794304" lon="127.8864588">
<ele>65.673</ele>
<time>2026-05-14T13:51:15Z</time>
<extensions>
<gpxtpx:TrackPointExtension>
<gpxtpx:hr>157</gpxtpx:hr>
</gpxtpx:TrackPointExtension>
</extensions>
</trkpt>
<trkpt lat="36.9794517" lon="127.8864728">
<ele>65.614</ele>
<time>2026-05-14T13:51:16Z</time>
<extensions>
<gpxtpx:TrackPointExtension>
<gpxtpx:hr>157</gpxtpx:hr>
<gpxtpx:cad>177</gpxtpx:cad>
</gpxtpx:TrackPointExtension>
</extensions>
</trkpt>
<trkpt lat="36.9794732" lon="127.8864875">
<ele>65.589</ele>
<time>2026-05-14T13:51:17Z</time>
<extensions>
<gpxtpx:TrackPointExtension>
<gpxtpx:hr>157</gpxtpx:hr>
</gpxtpx:TrackPointExtension>
</extensions>
</trkpt>
<trkpt lat="36.9794947" lon="127.8865026">
<ele>65.613</ele>
<time>2026-05-14T13:51:18Z</time>
<extensions>
<gpxtpx:TrackPointExtension>
<gpxtpx:hr>157</gpxtpx:hr>
</gpxtpx:TrackPointExtension>
</extensions>
</trkpt>
<trkpt lat="36.9795159" lon="127.8865178">
<ele>65.7</ele>
<time>2026-05-14T13:51:19Z</time>
<extensions>
<gpxtpx:TrackPointExtension>
<gpxtpx:hr>157</gpxtpx:hr>
</gpxtpx:TrackPointExtension>
</extensions>
</trkpt>
<trkpt lat="36.9795366" lon="127.8865328">
<ele>65.672</ele>
<time>2026-05-14T13:51:20Z</time>
<extensions>
<gpxtpx:TrackPointExtension>
<gpxtpx:hr>157</gpxtpx:hr>
</gpxtpx:TrackPointExtension>
</extensions>
</trkpt>
<trkpt lat="36.9795575" lon="127.8865479">
<ele>65.676</ele>
<time>2026-05-14T13:51:21Z</time>
<extensions>
<gpxtpx:TrackPointExtension>
<gpxtpx:hr>157</gpxtpx:hr>
<gpxtpx:cad>175</gpxtpx:cad>
</gpxtpx:TrackPointExtension>
</extensions>
</trkpt>
<trkpt lat="36.9795779" lon="127.8865623">
<ele>65.651</ele>
<time>2026-05-14T13:51:22Z</time>
<extensions>
<gpxtpx:TrackPointExtension>
<gpxtpx:hr>157</gpxtpx:hr>
</gpxtpx:TrackPointExtension>
</extensions>
</trkpt>
<trkpt lat="36.9795984" lon="127.8865766">
<ele>65.7</ele>
<time>2026-05-14T13:51:23Z</time>
<extensions>
<gpxtpx:TrackPointExtension>
<gpxtpx:hr>157</gpxtpx:hr>
</gpxtpx:TrackPointExtension>
</extensions>
</trkpt>
<trkpt lat="36.979619" lon="127.8865905">
<ele>65.671</ele>
<time>2026-05-14T13:51:24Z</time>
<extensions>
<gpxtpx:TrackPointExtension>
<gpxtpx:hr>157</gpxtpx:hr>
</gpxtpx:TrackPointExtension>
</extensions>
</trkpt>
<trkpt lat="36.9796397" lon="127.8866039">
<ele>65.674</ele>
<time>2026-05-14T13:51:25Z</time>
<extensions>
<gpxtpx:TrackPointExtension>
<gpxtpx:hr>157</gpxtpx:hr>
</gpxtpx:TrackPointExtension>
</extensions>
</trkpt>
<trkpt lat="36.9796609" lon="127.8866168">
<ele>65.934</ele>
<time>2026-05-14T13:51:26Z</time>
<extensions>
<gpxtpx:TrackPointExtension>
<gpxtpx:hr>157</gpxtpx:hr>
<gpxtpx:cad>177</gpxtpx:cad>
</gpxtpx:TrackPointExtension>
</extensions>
</trkpt>
<trkpt lat="36.9796825" lon="127.8866293">
<ele>65.861</ele>
<time>2026-05-14T13:51:27Z</time>
<extensions>
<gpxtpx:TrackPointExtension>
<gpxtpx:hr>157</gpxtpx:hr>
</gpxtpx:TrackPointExtension>
</extensions>
</trkpt>
<trkpt lat="36.9797041" lon="127.8866416">
<ele>65.757</ele>
<time>2026-05-14T13:51:28Z</time>
<extensions>
<gpxtpx:TrackPointExtension>
<gpxtpx:hr>156</gpxtpx:hr>
</gpxtpx:TrackPointExtension>
</extensions>
</trkpt>
<trkpt lat="36.9797273" lon="127.8866533">
<ele>65.756</ele>
<time>2026-05-14T13:51:29Z</time>
<extensions>
<gpxtpx:TrackPointExtension>
<gpxtpx:hr>156</gpxtpx:hr>
</gpxtpx:TrackPointExtension>
</extensions>
</trkpt>
<trkpt lat="36.9797501" lon="127.886665">
<ele>65.727</ele>
<time>2026-05-14T13:51:30Z</time>
<extensions>
<gpxtpx:TrackPointExtension>
<gpxtpx:hr>156</gpxtpx:hr>
</gpxtpx:TrackPointExtension>
</extensions>
</trkpt>
<trkpt lat="36.9797737" lon="127.8866767">
<ele>65.65</ele>
<time>2026-05-14T13:51:31Z</time>
<extensions>
<gpxtpx:TrackPointExtension>
<gpxtpx:hr>155</gpxtpx:hr>
<gpxtpx:cad>178</gpxtpx:cad>
</gpxtpx:TrackPointExtension>
</extensions>
</trkpt>
<trkpt lat="36.9797976" lon="127.8866887">
<ele>65.706</ele>
<time>2026-05-14T13:51:32Z</time>
<extensions>
<gpxtpx:TrackPointExtension>
<gpxtpx:hr>156</gpxtpx:hr>
</gpxtpx:TrackPointExtension>
</extensions>
</trkpt>
<trkpt lat="36.9798216" lon="127.8867008">
<ele>65.93</ele>
<time>2026-05-14T13:51:33Z</time>
<extensions>
<gpxtpx:TrackPointExtension>
<gpxtpx:hr>156</gpxtpx:hr>
</gpxtpx:TrackPointExtension>
</extensions>
</trkpt>
<trkpt lat="36.9798456" lon="127.8867132">
<ele>65.994</ele>
<time>2026-05-14T13:51:34Z</time>
<extensions>
<gpxtpx:TrackPointExtension>
<gpxtpx:hr>156</gpxtpx:hr>
</gpxtpx:TrackPointExtension>
</extensions>
</trkpt>
<trkpt lat="36.9798694" lon="127.8867257">
<ele>65.897</ele>
<time>2026-05-14T13:51:35Z</time>
<extensions>
<gpxtpx:TrackPointExtension>
<gpxtpx:hr>156</gpxtpx:hr>
</gpxtpx:TrackPointExtension>
</extensions>
</trkpt>
<trkpt lat="36.9798928" lon="127.8867382">
<ele>65.744</ele>
<time>2026-05-14T13:51:36Z</time>
<extensions>
<gpxtpx:TrackPointExtension>
<gpxtpx:hr>156</gpxtpx:hr>
<gpxtpx:cad>174</gpxtpx:cad>
</gpxtpx:TrackPointExtension>
</extensions>
</trkpt>
<trkpt lat="36.9799158" lon="127.8867506">
<ele>65.729</ele>
<time>2026-05-14T13:51:37Z</time>
<extensions>
<gpxtpx:TrackPointExtension>
<gpxtpx:hr>156</gpxtpx:hr>
</gpxtpx:TrackPointExtension>
</extensions>
</trkpt>
<trkpt lat="36.979939" lon="127.8867629">
<ele>65.732</ele>
<time>2026-05-14T13:51:38Z</time>
<extensions>
<gpxtpx:TrackPointExtension>
<gpxtpx:hr>156</gpxtpx:hr>
</gpxtpx:TrackPointExtension>
</extensions>
</trkpt>
<trkpt lat="36.979962" lon="127.886775">
<ele>65.715</ele>
<time>2026-05-14T13:51:39Z</time>
<extensions>
<gpxtpx:TrackPointExtension>
<gpxtpx:hr>156</gpxtpx:hr>
</gpxtpx:TrackPointExtension>
</extensions>
</trkpt>
<trkpt lat="36.9799854" lon="127.8867871">
<ele>65.758</ele>
<time>2026-05-14T13:51:40Z</time>
<extensions>
<gpxtpx:TrackPointExtension>
<gpxtpx:hr>156</gpxtpx:hr>
</gpxtpx:TrackPointExtension>
</extensions>
</trkpt>
<trkpt lat="36.9800094" lon="127.8867993">
<ele>65.76</ele>
<time>2026-05-14T13:51:41Z</time>
<extensions>
<gpxtpx:TrackPointExtension>
<gpxtpx:hr>155</gpxtpx:hr>
<gpxtpx:cad>171</gpxtpx:cad>
</gpxtpx:TrackPointExtension>
</extensions>
</trkpt>
<trkpt lat="36.980033" lon="127.8868116">
<ele>65.76</ele>
<time>2026-05-14T13:51:42Z</time>
<extensions>
<gpxtpx:TrackPointExtension>
<gpxtpx:hr>155</gpxtpx:hr>
<gpxtpx:cad>172</gpxtpx:cad>
</gpxtpx:TrackPointExtension>
</extensions>
</trkpt>
<trkpt lat="36.9800573" lon="127.8868237">
<ele>65.683</ele>
<time>2026-05-14T13:51:43Z</time>
<extensions>
<gpxtpx:TrackPointExtension>
<gpxtpx:hr>155</gpxtpx:hr>
</gpxtpx:TrackPointExtension>
</extensions>
</trkpt>
<trkpt lat="36.9800809" lon="127.886836">
<ele>65.691</ele>
<time>2026-05-14T13:51:44Z</time>
<extensions>
<gpxtpx:TrackPointExtension>
<gpxtpx:hr>155</gpxtpx:hr>
</gpxtpx:TrackPointExtension>
</extensions>
</trkpt>
<trkpt lat="36.9801053" lon="127.8868478">
<ele>65.774</ele>
<time>2026-05-14T13:51:45Z</time>
<extensions>
<gpxtpx:TrackPointExtension>
<gpxtpx:hr>155</gpxtpx:hr>
</gpxtpx:TrackPointExtension>
</extensions>
</trkpt>
<trkpt lat="36.9801289" lon="127.8868601">
<ele>65.806</ele>
<time>2026-05-14T13:51:46Z</time>
<extensions>
<gpxtpx:TrackPointExtension>
<gpxtpx:hr>155</gpxtpx:hr>
<gpxtpx:cad>174</gpxtpx:cad>
</gpxtpx:TrackPointExtension>
</extensions>
</trkpt>
<trkpt lat="36.9801529" lon="127.8868719">
<ele>65.772</ele>
<time>2026-05-14T13:51:47Z</time>
<extensions>
<gpxtpx:TrackPointExtension>
<gpxtpx:hr>155</gpxtpx:hr>
</gpxtpx:TrackPointExtension>
</extensions>
</trkpt>
<trkpt lat="36.9801768" lon="127.8868839">
<ele>65.765</ele>
<time>2026-05-14T13:51:48Z</time>
<extensions>
<gpxtpx:TrackPointExtension>
<gpxtpx:hr>155</gpxtpx:hr>
</gpxtpx:TrackPointExtension>
</extensions>
</trkpt>
<trkpt lat="36.980201" lon="127.8868957">
<ele>65.77</ele>
<time>2026-05-14T13:51:49Z</time>
<extensions>
<gpxtpx:TrackPointExtension>
<gpxtpx:hr>155</gpxtpx:hr>
</gpxtpx:TrackPointExtension>
</extensions>
</trkpt>
<trkpt lat="36.9802254" lon="127.8869075">
<ele>65.724</ele>
<time>2026-05-14T13:51:50Z</time>
<extensions>
<gpxtpx:TrackPointExtension>
<gpxtpx:hr>156</gpxtpx:hr>
</gpxtpx:TrackPointExtension>
</extensions>
</trkpt>
<trkpt lat="36.9802497" lon="127.8869192">
<ele>65.639</ele>
<time>2026-05-14T13:51:51Z</time>
<extensions>
<gpxtpx:TrackPointExtension>
<gpxtpx:hr>156</gpxtpx:hr>
<gpxtpx:cad>179</gpxtpx:cad>
</gpxtpx:TrackPointExtension>
</extensions>
</trkpt>
<trkpt lat="36.9802739" lon="127.8869308">
<ele>65.574</ele>
<time>2026-05-14T13:51:52Z</time>
<extensions>
<gpxtpx:TrackPointExtension>
<gpxtpx:hr>156</gpxtpx:hr>
</gpxtpx:TrackPointExtension>
</extensions>
</trkpt>
<trkpt lat="36.9802978" lon="127.8869419">
<ele>65.542</ele>
<time>2026-05-14T13:51:53Z</time>
<extensions>
<gpxtpx:TrackPointExtension>
<gpxtpx:hr>156</gpxtpx:hr>
</gpxtpx:TrackPointExtension>
</extensions>
</trkpt>
<trkpt lat="36.9803223" lon="127.8869535">
<ele>65.481</ele>
<time>2026-05-14T13:51:54Z</time>
<extensions>
<gpxtpx:TrackPointExtension>
<gpxtpx:hr>156</gpxtpx:hr>
</gpxtpx:TrackPointExtension>
</extensions>
</trkpt>
<trkpt lat="36.9803459" lon="127.8869644">
<ele>65.51</ele>
<time>2026-05-14T13:51:55Z</time>
<extensions>
<gpxtpx:TrackPointExtension>
<gpxtpx:hr>156</gpxtpx:hr>
</gpxtpx:TrackPointExtension>
</extensions>
</trkpt>
<trkpt lat="36.9803709" lon="127.886976">
<ele>65.605</ele>
<time>2026-05-14T13:51:56Z</time>
<extensions>
<gpxtpx:TrackPointExtension>
<gpxtpx:hr>156</gpxtpx:hr>
<gpxtpx:cad>181</gpxtpx:cad>
</gpxtpx:TrackPointExtension>
</extensions>
</trkpt>
<trkpt lat="36.9803956" lon="127.8869874">
<ele>65.621</ele>
<time>2026-05-14T13:51:57Z</time>
<extensions>
<gpxtpx:TrackPointExtension>
<gpxtpx:hr>156</gpxtpx:hr>
</gpxtpx:TrackPointExtension>
</extensions>
</trkpt>
<trkpt lat="36.9804195" lon="127.8869985">
<ele>65.612</ele>
<time>2026-05-14T13:51:58Z</time>
<extensions>
<gpxtpx:TrackPointExtension>
<gpxtpx:hr>157</gpxtpx:hr>
</gpxtpx:TrackPointExtension>
</extensions>
</trkpt>
<trkpt lat="36.9804427" lon="127.8870095">
<ele>65.612</ele>
<time>2026-05-14T13:51:59Z</time>
<extensions>
<gpxtpx:TrackPointExtension>
<gpxtpx:hr>157</gpxtpx:hr>
</gpxtpx:TrackPointExtension>
</extensions>
</trkpt>
<trkpt lat="36.9804655" lon="127.8870203">
<ele>65.647</ele>
<time>2026-05-14T13:52:00Z</time>
<extensions>
<gpxtpx:TrackPointExtension>
<gpxtpx:hr>157</gpxtpx:hr>
</gpxtpx:TrackPointExtension>
</extensions>
</trkpt>
<trkpt lat="36.9804884" lon="127.8870309">
<ele>65.714</ele>
<time>2026-05-14T13:52:01Z</time>
<extensions>
<gpxtpx:TrackPointExtension>
<gpxtpx:hr>157</gpxtpx:hr>
<gpxtpx:cad>181</gpxtpx:cad>
</gpxtpx:TrackPointExtension>
</extensions>
</trkpt>
<trkpt lat="36.9805114" lon="127.8870413">
<ele>65.67</ele>
<time>2026-05-14T13:52:02Z</time>
<extensions>
<gpxtpx:TrackPointExtension>
<gpxtpx:hr>157</gpxtpx:hr>
</gpxtpx:TrackPointExtension>
</extensions>
</trkpt>
<trkpt lat="36.9805348" lon="127.8870516">
<ele>65.697</ele>
<time>2026-05-14T13:52:03Z</time>
<extensions>
<gpxtpx:TrackPointExtension>
<gpxtpx:hr>158</gpxtpx:hr>
</gpxtpx:TrackPointExtension>
</extensions>
</trkpt>
<trkpt lat="36.9805583" lon="127.8870617">
<ele>65.773</ele>
<time>2026-05-14T13:52:04Z</time>
<extensions>
<gpxtpx:TrackPointExtension>
<gpxtpx:hr>158</gpxtpx:hr>
</gpxtpx:TrackPointExtension>
</extensions>
</trkpt>
<trkpt lat="36.9805821" lon="127.8870717">
<ele>65.777</ele>
<time>2026-05-14T13:52:05Z</time>
<extensions>
<gpxtpx:TrackPointExtension>
<gpxtpx:hr>157</gpxtpx:hr>
</gpxtpx:TrackPointExtension>
</extensions>
</trkpt>
<trkpt lat="36.980606" lon="127.8870818">
<ele>65.682</ele>
<time>2026-05-14T13:52:06Z</time>
<extensions>
<gpxtpx:TrackPointExtension>
<gpxtpx:hr>157</gpxtpx:hr>
<gpxtpx:cad>181</gpxtpx:cad>
</gpxtpx:TrackPointExtension>
</extensions>
</trkpt>
<trkpt lat="36.9806298" lon="127.887091">
<ele>65.706</ele>
<time>2026-05-14T13:52:07Z</time>
<extensions>
<gpxtpx:TrackPointExtension>
<gpxtpx:hr>157</gpxtpx:hr>
</gpxtpx:TrackPointExtension>
</extensions>
</trkpt>
<trkpt lat="36.9806537" lon="127.8871005">
<ele>65.693</ele>
<time>2026-05-14T13:52:08Z</time>
<extensions>
<gpxtpx:TrackPointExtension>
<gpxtpx:hr>157</gpxtpx:hr>
</gpxtpx:TrackPointExtension>
</extensions>
</trkpt>
<trkpt lat="36.9806767" lon="127.8871085">
<ele>65.658</ele>
<time>2026-05-14T13:52:09Z</time>
<extensions>
<gpxtpx:TrackPointExtension>
<gpxtpx:hr>156</gpxtpx:hr>
</gpxtpx:TrackPointExtension>
</extensions>
</trkpt>
<trkpt lat="36.9806997" lon="127.8871164">
<ele>65.681</ele>
<time>2026-05-14T13:52:10Z</time>
<extensions>
<gpxtpx:TrackPointExtension>
<gpxtpx:hr>156</gpxtpx:hr>
</gpxtpx:TrackPointExtension>
</extensions>
</trkpt>
<trkpt lat="36.9807218" lon="127.8871227">
<ele>65.639</ele>
<time>2026-05-14T13:52:11Z</time>
<extensions>
<gpxtpx:TrackPointExtension>
<gpxtpx:hr>156</gpxtpx:hr>
<gpxtpx:cad>178</gpxtpx:cad>
</gpxtpx:TrackPointExtension>
</extensions>
</trkpt>
<trkpt lat="36.9807442" lon="127.8871296">
<ele>65.571</ele>
<time>2026-05-14T13:52:12Z</time>
<extensions>
<gpxtpx:TrackPointExtension>
<gpxtpx:hr>156</gpxtpx:hr>
</gpxtpx:TrackPointExtension>
</extensions>
</trkpt>
<trkpt lat="36.9807662" lon="127.8871355">
<ele>65.583</ele>
<time>2026-05-14T13:52:13Z</time>
<extensions>
<gpxtpx:TrackPointExtension>
<gpxtpx:hr>155</gpxtpx:hr>
</gpxtpx:TrackPointExtension>
</extensions>
</trkpt>
<trkpt lat="36.9807887" lon="127.8871422">
<ele>65.575</ele>
<time>2026-05-14T13:52:14Z</time>
<extensions>
<gpxtpx:TrackPointExtension>
<gpxtpx:hr>155</gpxtpx:hr>
</gpxtpx:TrackPointExtension>
</extensions>
</trkpt>
<trkpt lat="36.9808114" lon="127.8871482">
<ele>65.594</ele>
<time>2026-05-14T13:52:15Z</time>
<extensions>
<gpxtpx:TrackPointExtension>
<gpxtpx:hr>155</gpxtpx:hr>
</gpxtpx:TrackPointExtension>
</extensions>
</trkpt>
<trkpt lat="36.9808343" lon="127.8871555">
<ele>65.652</ele>
<time>2026-05-14T13:52:16Z</time>
<extensions>
<gpxtpx:TrackPointExtension>
<gpxtpx:hr>155</gpxtpx:hr>
<gpxtpx:cad>178</gpxtpx:cad>
</gpxtpx:TrackPointExtension>
</extensions>
</trkpt>
<trkpt lat="36.9808574" lon="127.8871618">
<ele>65.652</ele>
<time>2026-05-14T13:52:17Z</time>
<extensions>
<gpxtpx:TrackPointExtension>
<gpxtpx:hr>156</gpxtpx:hr>
</gpxtpx:TrackPointExtension>
</extensions>
</trkpt>
<trkpt lat="36.9808803" lon="127.8871687">
<ele>65.677</ele>
<time>2026-05-14T13:52:18Z</time>
<extensions>
<gpxtpx:TrackPointExtension>
<gpxtpx:hr>156</gpxtpx:hr>
<gpxtpx:cad>179</gpxtpx:cad>
</gpxtpx:TrackPointExtension>
</extensions>
</trkpt>
<trkpt lat="36.9809039" lon="127.8871749">
<ele>65.631</ele>
<time>2026-05-14T13:52:19Z</time>
<extensions>
<gpxtpx:TrackPointExtension>
<gpxtpx:hr>156</gpxtpx:hr>
</gpxtpx:TrackPointExtension>
</extensions>
</trkpt>
<trkpt lat="36.9809268" lon="127.8871814">
<ele>65.615</ele>
<time>2026-05-14T13:52:20Z</time>
<extensions>
<gpxtpx:TrackPointExtension>
<gpxtpx:hr>156</gpxtpx:hr>
</gpxtpx:TrackPointExtension>
</extensions>
</trkpt>
<trkpt lat="36.9809501" lon="127.8871878">
<ele>65.632</ele>
<time>2026-05-14T13:52:21Z</time>
<extensions>
<gpxtpx:TrackPointExtension>
<gpxtpx:hr>156</gpxtpx:hr>
<gpxtpx:cad>182</gpxtpx:cad>
</gpxtpx:TrackPointExtension>
</extensions>
</trkpt>
<trkpt lat="36.9809735" lon="127.8871944">
<ele>65.62</ele>
<time>2026-05-14T13:52:22Z</time>
<extensions>
<gpxtpx:TrackPointExtension>
<gpxtpx:hr>157</gpxtpx:hr>
</gpxtpx:TrackPointExtension>
</extensions>
</trkpt>
<trkpt lat="36.9809964" lon="127.8872007">
<ele>65.6</ele>
<time>2026-05-14T13:52:23Z</time>
<extensions>
<gpxtpx:TrackPointExtension>
<gpxtpx:hr>157</gpxtpx:hr>
</gpxtpx:TrackPointExtension>
</extensions>
</trkpt>
<trkpt lat="36.9810205" lon="127.8872081">
<ele>65.608</ele>
<time>2026-05-14T13:52:24Z</time>
<extensions>
<gpxtpx:TrackPointExtension>
<gpxtpx:hr>157</gpxtpx:hr>
</gpxtpx:TrackPointExtension>
</extensions>
</trkpt>
<trkpt lat="36.9810443" lon="127.887215">
<ele>65.602</ele>
<time>2026-05-14T13:52:25Z</time>
<extensions>
<gpxtpx:TrackPointExtension>
<gpxtpx:hr>157</gpxtpx:hr>
</gpxtpx:TrackPointExtension>
</extensions>
</trkpt>
<trkpt lat="36.9810681" lon="127.8872221">
<ele>65.66</ele>
<time>2026-05-14T13:52:26Z</time>
<extensions>
<gpxtpx:TrackPointExtension>
<gpxtpx:hr>157</gpxtpx:hr>
<gpxtpx:cad>184</gpxtpx:cad>
</gpxtpx:TrackPointExtension>
</extensions>
</trkpt>
<trkpt lat="36.981092" lon="127.8872292">
<ele>65.664</ele>
<time>2026-05-14T13:52:27Z</time>
<extensions>
<gpxtpx:TrackPointExtension>
<gpxtpx:hr>157</gpxtpx:hr>
</gpxtpx:TrackPointExtension>
</extensions>
</trkpt>
<trkpt lat="36.981116" lon="127.8872364">
<ele>65.676</ele>
<time>2026-05-14T13:52:28Z</time>
<extensions>
<gpxtpx:TrackPointExtension>
<gpxtpx:hr>156</gpxtpx:hr>
</gpxtpx:TrackPointExtension>
</extensions>
</trkpt>
<trkpt lat="36.9811403" lon="127.8872445">
<ele>65.64</ele>
<time>2026-05-14T13:52:29Z</time>
<extensions>
<gpxtpx:TrackPointExtension>
<gpxtpx:hr>156</gpxtpx:hr>
</gpxtpx:TrackPointExtension>
</extensions>
</trkpt>
<trkpt lat="36.9811642" lon="127.8872515">
<ele>65.566</ele>
<time>2026-05-14T13:52:30Z</time>
<extensions>
<gpxtpx:TrackPointExtension>
<gpxtpx:hr>156</gpxtpx:hr>
</gpxtpx:TrackPointExtension>
</extensions>
</trkpt>
<trkpt lat="36.9811884" lon="127.8872594">
<ele>65.577</ele>
<time>2026-05-14T13:52:31Z</time>
<extensions>
<gpxtpx:TrackPointExtension>
<gpxtpx:hr>156</gpxtpx:hr>
<gpxtpx:cad>184</gpxtpx:cad>
</gpxtpx:TrackPointExtension>
</extensions>
</trkpt>
<trkpt lat="36.9812128" lon="127.8872675">
<ele>65.572</ele>
<time>2026-05-14T13:52:32Z</time>
<extensions>
<gpxtpx:TrackPointExtension>
<gpxtpx:hr>156</gpxtpx:hr>
</gpxtpx:TrackPointExtension>
</extensions>
</trkpt>
<trkpt lat="36.9812373" lon="127.8872749">
<ele>65.559</ele>
<time>2026-05-14T13:52:33Z</time>
<extensions>
<gpxtpx:TrackPointExtension>
<gpxtpx:hr>156</gpxtpx:hr>
</gpxtpx:TrackPointExtension>
</extensions>
</trkpt>
<trkpt lat="36.9812618" lon="127.8872844">
<ele>65.563</ele>
<time>2026-05-14T13:52:34Z</time>
<extensions>
<gpxtpx:TrackPointExtension>
<gpxtpx:hr>156</gpxtpx:hr>
</gpxtpx:TrackPointExtension>
</extensions>
</trkpt>
<trkpt lat="36.9812863" lon="127.8872921">
<ele>65.571</ele>
<time>2026-05-14T13:52:35Z</time>
<extensions>
<gpxtpx:TrackPointExtension>
<gpxtpx:hr>156</gpxtpx:hr>
<gpxtpx:cad>184</gpxtpx:cad>
</gpxtpx:TrackPointExtension>
</extensions>
</trkpt>
<trkpt lat="36.9813107" lon="127.8873017">
<ele>65.567</ele>
<time>2026-05-14T13:52:36Z</time>
<extensions>
<gpxtpx:TrackPointExtension>
<gpxtpx:hr>156</gpxtpx:hr>
</gpxtpx:TrackPointExtension>
</extensions>
</trkpt>
<trkpt lat="36.9813351" lon="127.8873103">
<ele>65.553</ele>
<time>2026-05-14T13:52:37Z</time>
<extensions>
<gpxtpx:TrackPointExtension>
<gpxtpx:hr>156</gpxtpx:hr>
</gpxtpx:TrackPointExtension>
</extensions>
</trkpt>
<trkpt lat="36.9813595" lon="127.8873191">
<ele>65.625</ele>
<time>2026-05-14T13:52:38Z</time>
<extensions>
<gpxtpx:TrackPointExtension>
<gpxtpx:hr>156</gpxtpx:hr>
</gpxtpx:TrackPointExtension>
</extensions>
</trkpt>
<trkpt lat="36.9813838" lon="127.887328">
<ele>65.658</ele>
<time>2026-05-14T13:52:39Z</time>
<extensions>
<gpxtpx:TrackPointExtension>
<gpxtpx:hr>156</gpxtpx:hr>
</gpxtpx:TrackPointExtension>
</extensions>
</trkpt>
<trkpt lat="36.981408" lon="127.8873371">
<ele>65.702</ele>
<time>2026-05-14T13:52:40Z</time>
<extensions>
<gpxtpx:TrackPointExtension>
<gpxtpx:hr>155</gpxtpx:hr>
<gpxtpx:cad>183</gpxtpx:cad>
</gpxtpx:TrackPointExtension>
</extensions>
</trkpt>
<trkpt lat="36.9814325" lon="127.8873464">
<ele>65.694</ele>
<time>2026-05-14T13:52:41Z</time>
<extensions>
<gpxtpx:TrackPointExtension>
<gpxtpx:hr>155</gpxtpx:hr>
</gpxtpx:TrackPointExtension>
</extensions>
</trkpt>
<trkpt lat="36.9814568" lon="127.8873556">
<ele>65.672</ele>
<time>2026-05-14T13:52:42Z</time>
<extensions>
<gpxtpx:TrackPointExtension>
<gpxtpx:hr>155</gpxtpx:hr>
</gpxtpx:TrackPointExtension>
</extensions>
</trkpt>
<trkpt lat="36.9814808" lon="127.8873645">
<ele>65.699</ele>
<time>2026-05-14T13:52:43Z</time>
<extensions>
<gpxtpx:TrackPointExtension>
<gpxtpx:hr>156</gpxtpx:hr>
</gpxtpx:TrackPointExtension>
</extensions>
</trkpt>
<trkpt lat="36.9815052" lon="127.8873738">
<ele>65.661</ele>
<time>2026-05-14T13:52:44Z</time>
<extensions>
<gpxtpx:TrackPointExtension>
<gpxtpx:hr>156</gpxtpx:hr>
</gpxtpx:TrackPointExtension>
</extensions>
</trkpt>
<trkpt lat="36.9815292" lon="127.8873824">
<ele>65.666</ele>
<time>2026-05-14T13:52:45Z</time>
<extensions>
<gpxtpx:TrackPointExtension>
<gpxtpx:hr>156</gpxtpx:hr>
<gpxtpx:cad>182</gpxtpx:cad>
</gpxtpx:TrackPointExtension>
</extensions>
</trkpt>
<trkpt lat="36.9815533" lon="127.8873913">
<ele>65.686</ele>
<time>2026-05-14T13:52:46Z</time>
<extensions>
<gpxtpx:TrackPointExtension>
<gpxtpx:hr>156</gpxtpx:hr>
</gpxtpx:TrackPointExtension>
</extensions>
</trkpt>
<trkpt lat="36.9815773" lon="127.8874001">
<ele>65.736</ele>
<time>2026-05-14T13:52:47Z</time>
<extensions>
<gpxtpx:TrackPointExtension>
<gpxtpx:hr>156</gpxtpx:hr>
</gpxtpx:TrackPointExtension>
</extensions>
</trkpt>
<trkpt lat="36.9816015" lon="127.8874091">
<ele>65.718</ele>
<time>2026-05-14T13:52:48Z</time>
<extensions>
<gpxtpx:TrackPointExtension>
<gpxtpx:hr>156</gpxtpx:hr>
</gpxtpx:TrackPointExtension>
</extensions>
</trkpt>
<trkpt lat="36.9816257" lon="127.8874177">
<ele>65.707</ele>
<time>2026-05-14T13:52:49Z</time>
<extensions>
<gpxtpx:TrackPointExtension>
<gpxtpx:hr>156</gpxtpx:hr>
</gpxtpx:TrackPointExtension>
</extensions>
</trkpt>
<trkpt lat="36.9816489" lon="127.8874246">
<ele>65.725</ele>
<time>2026-05-14T13:52:50Z</time>
<extensions>
<gpxtpx:TrackPointExtension>
<gpxtpx:hr>156</gpxtpx:hr>
<gpxtpx:cad>181</gpxtpx:cad>
</gpxtpx:TrackPointExtension>
</extensions>
</trkpt>
<trkpt lat="36.9816731" lon="127.887434">
<ele>65.7</ele>
<time>2026-05-14T13:52:51Z</time>
<extensions>
<gpxtpx:TrackPointExtension>
<gpxtpx:hr>156</gpxtpx:hr>
</gpxtpx:TrackPointExtension>
</extensions>
</trkpt>
<trkpt lat="36.9816958" lon="127.8874415">
<ele>65.698</ele>
<time>2026-05-14T13:52:52Z</time>
<extensions>
<gpxtpx:TrackPointExtension>
<gpxtpx:hr>156</gpxtpx:hr>
</gpxtpx:TrackPointExtension>
</extensions>
</trkpt>
<trkpt lat="36.9817171" lon="127.887448">
<ele>65.702</ele>
<time>2026-05-14T13:52:53Z</time>
<extensions>
<gpxtpx:TrackPointExtension>
<gpxtpx:hr>156</gpxtpx:hr>
</gpxtpx:TrackPointExtension>
</extensions>
</trkpt>
<trkpt lat="36.9817399" lon="127.8874557">
<ele>65.703</ele>
<time>2026-05-14T13:52:54Z</time>
<extensions>
<gpxtpx:TrackPointExtension>
<gpxtpx:hr>156</gpxtpx:hr>
<gpxtpx:cad>180</gpxtpx:cad>
</gpxtpx:TrackPointExtension>
</extensions>
</trkpt>
<trkpt lat="36.9817634" lon="127.8874634">
<ele>65.685</ele>
<time>2026-05-14T13:52:55Z</time>
<extensions>
<gpxtpx:TrackPointExtension>
<gpxtpx:hr>156</gpxtpx:hr>
<gpxtpx:cad>180</gpxtpx:cad>
</gpxtpx:TrackPointExtension>
</extensions>
</trkpt>
<trkpt lat="36.9817872" lon="127.887471">
<ele>65.652</ele>
<time>2026-05-14T13:52:56Z</time>
<extensions>
<gpxtpx:TrackPointExtension>
<gpxtpx:hr>156</gpxtpx:hr>
</gpxtpx:TrackPointExtension>
</extensions>
</trkpt>
<trkpt lat="36.9818107" lon="127.887478">
<ele>65.602</ele>
<time>2026-05-14T13:52:57Z</time>
<extensions>
<gpxtpx:TrackPointExtension>
<gpxtpx:hr>156</gpxtpx:hr>
</gpxtpx:TrackPointExtension>
</extensions>
</trkpt>
<trkpt lat="36.9818332" lon="127.8874841">
<ele>65.746</ele>
<time>2026-05-14T13:52:58Z</time>
<extensions>
<gpxtpx:TrackPointExtension>
<gpxtpx:hr>157</gpxtpx:hr>
</gpxtpx:TrackPointExtension>
</extensions>
</trkpt>
<trkpt lat="36.9818463" lon="127.8874851">
<ele>65.727</ele>
<time>2026-05-14T13:52:59Z</time>
<extensions>
<gpxtpx:TrackPointExtension>
<gpxtpx:hr>157</gpxtpx:hr>
</gpxtpx:TrackPointExtension>
</extensions>
</trkpt>
<trkpt lat="36.9818533" lon="127.8874839">
<ele>65.681</ele>
<time>2026-05-14T13:53:00Z</time>
<extensions>
<gpxtpx:TrackPointExtension>
<gpxtpx:hr>156</gpxtpx:hr>
<gpxtpx:cad>175</gpxtpx:cad>
</gpxtpx:TrackPointExtension>
</extensions>
</trkpt>
<trkpt lat="36.9818542" lon="127.8874806">
<ele>65.703</ele>
<time>2026-05-14T13:53:01Z</time>
<extensions>
<gpxtpx:TrackPointExtension>
<gpxtpx:hr>156</gpxtpx:hr>
</gpxtpx:TrackPointExtension>
</extensions>
</trkpt>
<trkpt lat="36.9818498" lon="127.8874754">
<ele>65.731</ele>
<time>2026-05-14T13:53:02Z</time>
<extensions>
<gpxtpx:TrackPointExtension>
<gpxtpx:hr>156</gpxtpx:hr>
</gpxtpx:TrackPointExtension>
</extensions>
</trkpt>
<trkpt lat="36.9818508" lon="127.8874723">
<ele>65.735</ele>
<time>2026-05-14T13:53:03Z</time>
<extensions>
<gpxtpx:TrackPointExtension>
<gpxtpx:hr>156</gpxtpx:hr>
</gpxtpx:TrackPointExtension>
</extensions>
</trkpt>
<trkpt lat="36.9818462" lon="127.8874671">
<ele>65.712</ele>
<time>2026-05-14T13:53:04Z</time>
<extensions>
<gpxtpx:TrackPointExtension>
<gpxtpx:hr>156</gpxtpx:hr>
</gpxtpx:TrackPointExtension>
</extensions>
</trkpt>
<trkpt lat="36.9818357" lon="127.8874599">
<ele>65.707</ele>
<time>2026-05-14T13:53:05Z</time>
<extensions>
<gpxtpx:TrackPointExtension>
<gpxtpx:hr>156</gpxtpx:hr>
<gpxtpx:cad>172</gpxtpx:cad>
</gpxtpx:TrackPointExtension>
</extensions>
</trkpt>
<trkpt lat="36.9818196" lon="127.8874509">
<ele>65.545</ele>
<time>2026-05-14T13:53:06Z</time>
<extensions>
<gpxtpx:TrackPointExtension>
<gpxtpx:hr>156</gpxtpx:hr>
</gpxtpx:TrackPointExtension>
</extensions>
</trkpt>
<trkpt lat="36.9817964" lon="127.8874392">
<ele>65.302</ele>
<time>2026-05-14T13:53:07Z</time>
<extensions>
<gpxtpx:TrackPointExtension>
<gpxtpx:hr>156</gpxtpx:hr>
</gpxtpx:TrackPointExtension>
</extensions>
</trkpt>
<trkpt lat="36.9817745" lon="127.887428">
<ele>65.299</ele>
<time>2026-05-14T13:53:08Z</time>
<extensions>
<gpxtpx:TrackPointExtension>
<gpxtpx:hr>157</gpxtpx:hr>
</gpxtpx:TrackPointExtension>
</extensions>
</trkpt>
<trkpt lat="36.9817502" lon="127.887416">
<ele>65.404</ele>
<time>2026-05-14T13:53:09Z</time>
<extensions>
<gpxtpx:TrackPointExtension>
<gpxtpx:hr>157</gpxtpx:hr>
</gpxtpx:TrackPointExtension>
</extensions>
</trkpt>
<trkpt lat="36.9817254" lon="127.8874039">
<ele>65.54</ele>
<time>2026-05-14T13:53:10Z</time>
<extensions>
<gpxtpx:TrackPointExtension>
<gpxtpx:hr>156</gpxtpx:hr>
<gpxtpx:cad>176</gpxtpx:cad>
</gpxtpx:TrackPointExtension>
</extensions>
</trkpt>
<trkpt lat="36.9817001" lon="127.887393">
<ele>65.597</ele>
<time>2026-05-14T13:53:11Z</time>
<extensions>
<gpxtpx:TrackPointExtension>
<gpxtpx:hr>156</gpxtpx:hr>
</gpxtpx:TrackPointExtension>
</extensions>
</trkpt>
<trkpt lat="36.9816745" lon="127.8873842">
<ele>65.612</ele>
<time>2026-05-14T13:53:12Z</time>
<extensions>
<gpxtpx:TrackPointExtension>
<gpxtpx:hr>156</gpxtpx:hr>
</gpxtpx:TrackPointExtension>
</extensions>
</trkpt>
<trkpt lat="36.9816496" lon="127.8873751">
<ele>65.647</ele>
<time>2026-05-14T13:53:13Z</time>
<extensions>
<gpxtpx:TrackPointExtension>
<gpxtpx:hr>156</gpxtpx:hr>
</gpxtpx:TrackPointExtension>
</extensions>
</trkpt>
<trkpt lat="36.9816241" lon="127.8873687">
<ele>65.685</ele>
<time>2026-05-14T13:53:14Z</time>
<extensions>
<gpxtpx:TrackPointExtension>
<gpxtpx:hr>156</gpxtpx:hr>
</gpxtpx:TrackPointExtension>
</extensions>
</trkpt>
<trkpt lat="36.9815991" lon="127.8873606">
<ele>65.748</ele>
<time>2026-05-14T13:53:15Z</time>
<extensions>
<gpxtpx:TrackPointExtension>
<gpxtpx:hr>156</gpxtpx:hr>
<gpxtpx:cad>175</gpxtpx:cad>
</gpxtpx:TrackPointExtension>
</extensions>
</trkpt>
<trkpt lat="36.9815734" lon="127.8873531">
<ele>65.706</ele>
<time>2026-05-14T13:53:16Z</time>
<extensions>
<gpxtpx:TrackPointExtension>
<gpxtpx:hr>156</gpxtpx:hr>
</gpxtpx:TrackPointExtension>
</extensions>
</trkpt>
<trkpt lat="36.9815482" lon="127.8873435">
<ele>65.65</ele>
<time>2026-05-14T13:53:17Z</time>
<extensions>
<gpxtpx:TrackPointExtension>
<gpxtpx:hr>156</gpxtpx:hr>
</gpxtpx:TrackPointExtension>
</extensions>
</trkpt>
<trkpt lat="36.9815224" lon="127.8873362">
<ele>65.679</ele>
<time>2026-05-14T13:53:18Z</time>
<extensions>
<gpxtpx:TrackPointExtension>
<gpxtpx:hr>156</gpxtpx:hr>
</gpxtpx:TrackPointExtension>
</extensions>
</trkpt>
<trkpt lat="36.981497" lon="127.8873274">
<ele>65.534</ele>
<time>2026-05-14T13:53:19Z</time>
<extensions>
<gpxtpx:TrackPointExtension>
<gpxtpx:hr>156</gpxtpx:hr>
</gpxtpx:TrackPointExtension>
</extensions>
</trkpt>
<trkpt lat="36.9814712" lon="127.8873201">
<ele>65.639</ele>
<time>2026-05-14T13:53:20Z</time>
<extensions>
<gpxtpx:TrackPointExtension>
<gpxtpx:hr>156</gpxtpx:hr>
<gpxtpx:cad>178</gpxtpx:cad>
</gpxtpx:TrackPointExtension>
</extensions>
</trkpt>
<trkpt lat="36.9814457" lon="127.8873121">
<ele>65.636</ele>
<time>2026-05-14T13:53:21Z</time>
<extensions>
<gpxtpx:TrackPointExtension>
<gpxtpx:hr>155</gpxtpx:hr>
</gpxtpx:TrackPointExtension>
</extensions>
</trkpt>
<trkpt lat="36.9814201" lon="127.8873046">
<ele>65.591</ele>
<time>2026-05-14T13:53:22Z</time>
<extensions>
<gpxtpx:TrackPointExtension>
<gpxtpx:hr>156</gpxtpx:hr>
</gpxtpx:TrackPointExtension>
</extensions>
</trkpt>
<trkpt lat="36.9813946" lon="127.8872971">
<ele>65.566</ele>
<time>2026-05-14T13:53:23Z</time>
<extensions>
<gpxtpx:TrackPointExtension>
<gpxtpx:hr>156</gpxtpx:hr>
</gpxtpx:TrackPointExtension>
</extensions>
</trkpt>
<trkpt lat="36.9813689" lon="127.8872903">
<ele>65.722</ele>
<time>2026-05-14T13:53:24Z</time>
<extensions>
<gpxtpx:TrackPointExtension>
<gpxtpx:hr>156</gpxtpx:hr>
</gpxtpx:TrackPointExtension>
</extensions>
</trkpt>
<trkpt lat="36.9813437" lon="127.8872823">
<ele>65.728</ele>
<time>2026-05-14T13:53:25Z</time>
<extensions>
<gpxtpx:TrackPointExtension>
<gpxtpx:hr>156</gpxtpx:hr>
<gpxtpx:cad>178</gpxtpx:cad>
</gpxtpx:TrackPointExtension>
</extensions>
</trkpt>
<trkpt lat="36.981318" lon="127.8872753">
<ele>65.545</ele>
<time>2026-05-14T13:53:26Z</time>
<extensions>
<gpxtpx:TrackPointExtension>
<gpxtpx:hr>156</gpxtpx:hr>
</gpxtpx:TrackPointExtension>
</extensions>
</trkpt>
<trkpt lat="36.981293" lon="127.8872669">
<ele>65.581</ele>
<time>2026-05-14T13:53:27Z</time>
<extensions>
<gpxtpx:TrackPointExtension>
<gpxtpx:hr>156</gpxtpx:hr>
</gpxtpx:TrackPointExtension>
</extensions>
</trkpt>
<trkpt lat="36.9812674" lon="127.8872596">
<ele>65.546</ele>
<time>2026-05-14T13:53:28Z</time>
<extensions>
<gpxtpx:TrackPointExtension>
<gpxtpx:hr>156</gpxtpx:hr>
</gpxtpx:TrackPointExtension>
</extensions>
</trkpt>
<trkpt lat="36.9812425" lon="127.8872507">
<ele>65.505</ele>
<time>2026-05-14T13:53:29Z</time>
<extensions>
<gpxtpx:TrackPointExtension>
<gpxtpx:hr>156</gpxtpx:hr>
</gpxtpx:TrackPointExtension>
</extensions>
</trkpt>
<trkpt lat="36.9812172" lon="127.8872424">
<ele>65.533</ele>
<time>2026-05-14T13:53:30Z</time>
<extensions>
<gpxtpx:TrackPointExtension>
<gpxtpx:hr>156</gpxtpx:hr>
<gpxtpx:cad>178</gpxtpx:cad>
</gpxtpx:TrackPointExtension>
</extensions>
</trkpt>
<trkpt lat="36.9811919" lon="127.8872338">
<ele>65.553</ele>
<time>2026-05-14T13:53:31Z</time>
<extensions>
<gpxtpx:TrackPointExtension>
<gpxtpx:hr>156</gpxtpx:hr>
<gpxtpx:cad>179</gpxtpx:cad>
</gpxtpx:TrackPointExtension>
</extensions>
</trkpt>
<trkpt lat="36.9811666" lon="127.887225">
<ele>65.544</ele>
<time>2026-05-14T13:53:32Z</time>
<extensions>
<gpxtpx:TrackPointExtension>
<gpxtpx:hr>156</gpxtpx:hr>
</gpxtpx:TrackPointExtension>
</extensions>
</trkpt>
<trkpt lat="36.9811413" lon="127.8872166">
<ele>65.589</ele>
<time>2026-05-14T13:53:33Z</time>
<extensions>
<gpxtpx:TrackPointExtension>
<gpxtpx:hr>156</gpxtpx:hr>
</gpxtpx:TrackPointExtension>
</extensions>
</trkpt>
<trkpt lat="36.981116" lon="127.887208">
<ele>65.594</ele>
<time>2026-05-14T13:53:34Z</time>
<extensions>
<gpxtpx:TrackPointExtension>
<gpxtpx:hr>156</gpxtpx:hr>
</gpxtpx:TrackPointExtension>
</extensions>
</trkpt>
<trkpt lat="36.9810907" lon="127.8871993">
<ele>65.586</ele>
<time>2026-05-14T13:53:35Z</time>
<extensions>
<gpxtpx:TrackPointExtension>
<gpxtpx:hr>156</gpxtpx:hr>
<gpxtpx:cad>179</gpxtpx:cad>
</gpxtpx:TrackPointExtension>
</extensions>
</trkpt>
<trkpt lat="36.9810654" lon="127.8871907">
<ele>65.585</ele>
<time>2026-05-14T13:53:36Z</time>
<extensions>
<gpxtpx:TrackPointExtension>
<gpxtpx:hr>156</gpxtpx:hr>
</gpxtpx:TrackPointExtension>
</extensions>
</trkpt>
<trkpt lat="36.9810403" lon="127.8871822">
<ele>65.588</ele>
<time>2026-05-14T13:53:37Z</time>
<extensions>
<gpxtpx:TrackPointExtension>
<gpxtpx:hr>156</gpxtpx:hr>
</gpxtpx:TrackPointExtension>
</extensions>
</trkpt>
<trkpt lat="36.9810153" lon="127.8871731">
<ele>65.603</ele>
<time>2026-05-14T13:53:38Z</time>
<extensions>
<gpxtpx:TrackPointExtension>
<gpxtpx:hr>156</gpxtpx:hr>
</gpxtpx:TrackPointExtension>
</extensions>
</trkpt>
<trkpt lat="36.98099" lon="127.8871652">
<ele>65.627</ele>
<time>2026-05-14T13:53:39Z</time>
<extensions>
<gpxtpx:TrackPointExtension>
<gpxtpx:hr>156</gpxtpx:hr>
</gpxtpx:TrackPointExtension>
</extensions>
</trkpt>
<trkpt lat="36.980965" lon="127.8871563">
<ele>65.567</ele>
<time>2026-05-14T13:53:40Z</time>
<extensions>
<gpxtpx:TrackPointExtension>
<gpxtpx:hr>157</gpxtpx:hr>
<gpxtpx:cad>180</gpxtpx:cad>
</gpxtpx:TrackPointExtension>
</extensions>
</trkpt>
<trkpt lat="36.9809397" lon="127.8871486">
<ele>65.612</ele>
<time>2026-05-14T13:53:41Z</time>
<extensions>
<gpxtpx:TrackPointExtension>
<gpxtpx:hr>157</gpxtpx:hr>
</gpxtpx:TrackPointExtension>
</extensions>
</trkpt>
<trkpt lat="36.9809146" lon="127.8871401">
<ele>65.661</ele>
<time>2026-05-14T13:53:42Z</time>
<extensions>
<gpxtpx:TrackPointExtension>
<gpxtpx:hr>157</gpxtpx:hr>
</gpxtpx:TrackPointExtension>
</extensions>
</trkpt>
<trkpt lat="36.9808894" lon="127.8871326">
<ele>65.582</ele>
<time>2026-05-14T13:53:43Z</time>
<extensions>
<gpxtpx:TrackPointExtension>
<gpxtpx:hr>157</gpxtpx:hr>
</gpxtpx:TrackPointExtension>
</extensions>
</trkpt>
<trkpt lat="36.9808642" lon="127.8871248">
<ele>65.459</ele>
<time>2026-05-14T13:53:44Z</time>
<extensions>
<gpxtpx:TrackPointExtension>
<gpxtpx:hr>157</gpxtpx:hr>
</gpxtpx:TrackPointExtension>
</extensions>
</trkpt>
<trkpt lat="36.9808389" lon="127.8871171">
<ele>65.447</ele>
<time>2026-05-14T13:53:45Z</time>
<extensions>
<gpxtpx:TrackPointExtension>
<gpxtpx:hr>157</gpxtpx:hr>
<gpxtpx:cad>180</gpxtpx:cad>
</gpxtpx:TrackPointExtension>
</extensions>
</trkpt>
<trkpt lat="36.9808135" lon="127.8871094">
<ele>65.477</ele>
<time>2026-05-14T13:53:46Z</time>
<extensions>
<gpxtpx:TrackPointExtension>
<gpxtpx:hr>157</gpxtpx:hr>
</gpxtpx:TrackPointExtension>
</extensions>
</trkpt>
<trkpt lat="36.9807881" lon="127.8871019">
<ele>65.464</ele>
<time>2026-05-14T13:53:47Z</time>
<extensions>
<gpxtpx:TrackPointExtension>
<gpxtpx:hr>156</gpxtpx:hr>
</gpxtpx:TrackPointExtension>
</extensions>
</trkpt>
<trkpt lat="36.9807626" lon="127.8870945">
<ele>65.511</ele>
<time>2026-05-14T13:53:48Z</time>
<extensions>
<gpxtpx:TrackPointExtension>
<gpxtpx:hr>156</gpxtpx:hr>
</gpxtpx:TrackPointExtension>
</extensions>
</trkpt>
<trkpt lat="36.9807374" lon="127.8870875">
<ele>65.62</ele>
<time>2026-05-14T13:53:49Z</time>
<extensions>
<gpxtpx:TrackPointExtension>
<gpxtpx:hr>156</gpxtpx:hr>
</gpxtpx:TrackPointExtension>
</extensions>
</trkpt>
<trkpt lat="36.9807126" lon="127.8870803">
<ele>65.599</ele>
<time>2026-05-14T13:53:50Z</time>
<extensions>
<gpxtpx:TrackPointExtension>
<gpxtpx:hr>156</gpxtpx:hr>
<gpxtpx:cad>180</gpxtpx:cad>
</gpxtpx:TrackPointExtension>
</extensions>
</trkpt>
<trkpt lat="36.980688" lon="127.8870731">
<ele>65.532</ele>
<time>2026-05-14T13:53:51Z</time>
<extensions>
<gpxtpx:TrackPointExtension>
<gpxtpx:hr>156</gpxtpx:hr>
</gpxtpx:TrackPointExtension>
</extensions>
</trkpt>
<trkpt lat="36.980663" lon="127.8870654">
<ele>65.599</ele>
<time>2026-05-14T13:53:52Z</time>
<extensions>
<gpxtpx:TrackPointExtension>
<gpxtpx:hr>157</gpxtpx:hr>
</gpxtpx:TrackPointExtension>
</extensions>
</trkpt>
<trkpt lat="36.9806379" lon="127.8870577">
<ele>65.685</ele>
<time>2026-05-14T13:53:53Z</time>
<extensions>
<gpxtpx:TrackPointExtension>
<gpxtpx:hr>157</gpxtpx:hr>
</gpxtpx:TrackPointExtension>
</extensions>
</trkpt>
<trkpt lat="36.9806124" lon="127.8870501">
<ele>65.808</ele>
<time>2026-05-14T13:53:54Z</time>
<extensions>
<gpxtpx:TrackPointExtension>
<gpxtpx:hr>157</gpxtpx:hr>
</gpxtpx:TrackPointExtension>
</extensions>
</trkpt>
<trkpt lat="36.9805869" lon="127.8870425">
<ele>65.883</ele>
<time>2026-05-14T13:53:55Z</time>
<extensions>
<gpxtpx:TrackPointExtension>
<gpxtpx:hr>157</gpxtpx:hr>
<gpxtpx:cad>181</gpxtpx:cad>
</gpxtpx:TrackPointExtension>
</extensions>
</trkpt>
<trkpt lat="36.9805613" lon="127.887035">
<ele>65.821</ele>
<time>2026-05-14T13:53:56Z</time>
<extensions>
<gpxtpx:TrackPointExtension>
<gpxtpx:hr>157</gpxtpx:hr>
</gpxtpx:TrackPointExtension>
</extensions>
</trkpt>
<trkpt lat="36.9805358" lon="127.8870274">
<ele>65.83</ele>
<time>2026-05-14T13:53:57Z</time>
<extensions>
<gpxtpx:TrackPointExtension>
<gpxtpx:hr>157</gpxtpx:hr>
</gpxtpx:TrackPointExtension>
</extensions>
</trkpt>
<trkpt lat="36.9805105" lon="127.8870196">
<ele>65.777</ele>
<time>2026-05-14T13:53:58Z</time>
</trkpt>
<trkpt lat="36.9804857" lon="127.887011">
<ele>65.71</ele>
<time>2026-05-14T13:53:59Z</time>
<extensions>
<gpxtpx:TrackPointExtension>
<gpxtpx:hr>157</gpxtpx:hr>
</gpxtpx:TrackPointExtension>
</extensions>
</trkpt>
<trkpt lat="36.9804607" lon="127.8870027">
<ele>65.623</ele>
<time>2026-05-14T13:54:00Z</time>
<extensions>
<gpxtpx:TrackPointExtension>
<gpxtpx:hr>157</gpxtpx:hr>
<gpxtpx:cad>181</gpxtpx:cad>
</gpxtpx:TrackPointExtension>
</extensions>
</trkpt>
<trkpt lat="36.9804367" lon="127.8869931">
<ele>65.584</ele>
<time>2026-05-14T13:54:01Z</time>
<extensions>
<gpxtpx:TrackPointExtension>
<gpxtpx:hr>157</gpxtpx:hr>
</gpxtpx:TrackPointExtension>
</extensions>
</trkpt>
<trkpt lat="36.9804127" lon="127.8869834">
<ele>65.592</ele>
<time>2026-05-14T13:54:02Z</time>
<extensions>
<gpxtpx:TrackPointExtension>
<gpxtpx:hr>157</gpxtpx:hr>
</gpxtpx:TrackPointExtension>
</extensions>
</trkpt>
<trkpt lat="36.980389" lon="127.8869735">
<ele>65.602</ele>
<time>2026-05-14T13:54:03Z</time>
<extensions>
<gpxtpx:TrackPointExtension>
<gpxtpx:hr>157</gpxtpx:hr>
</gpxtpx:TrackPointExtension>
</extensions>
</trkpt>
<trkpt lat="36.9803656" lon="127.8869633">
<ele>65.505</ele>
<time>2026-05-14T13:54:04Z</time>
<extensions>
<gpxtpx:TrackPointExtension>
<gpxtpx:hr>157</gpxtpx:hr>
</gpxtpx:TrackPointExtension>
</extensions>
</trkpt>
<trkpt lat="36.9803425" lon="127.886953">
<ele>65.533</ele>
<time>2026-05-14T13:54:05Z</time>
<extensions>
<gpxtpx:TrackPointExtension>
<gpxtpx:hr>157</gpxtpx:hr>
<gpxtpx:cad>180</gpxtpx:cad>
</gpxtpx:TrackPointExtension>
</extensions>
</trkpt>
<trkpt lat="36.9803196" lon="127.8869426">
<ele>65.571</ele>
<time>2026-05-14T13:54:06Z</time>
<extensions>
<gpxtpx:TrackPointExtension>
<gpxtpx:hr>157</gpxtpx:hr>
<gpxtpx:cad>180</gpxtpx:cad>
</gpxtpx:TrackPointExtension>
</extensions>
</trkpt>
<trkpt lat="36.9802967" lon="127.8869322">
<ele>65.599</ele>
<time>2026-05-14T13:54:07Z</time>
<extensions>
<gpxtpx:TrackPointExtension>
<gpxtpx:hr>157</gpxtpx:hr>
</gpxtpx:TrackPointExtension>
</extensions>
</trkpt>
<trkpt lat="36.9802741" lon="127.8869216">
<ele>65.669</ele>
<time>2026-05-14T13:54:08Z</time>
<extensions>
<gpxtpx:TrackPointExtension>
<gpxtpx:hr>157</gpxtpx:hr>
</gpxtpx:TrackPointExtension>
</extensions>
</trkpt>
<trkpt lat="36.9802515" lon="127.8869111">
<ele>65.613</ele>
<time>2026-05-14T13:54:09Z</time>
<extensions>
<gpxtpx:TrackPointExtension>
<gpxtpx:hr>157</gpxtpx:hr>
</gpxtpx:TrackPointExtension>
</extensions>
</trkpt>
<trkpt lat="36.980229" lon="127.8869001">
<ele>65.546</ele>
<time>2026-05-14T13:54:10Z</time>
<extensions>
<gpxtpx:TrackPointExtension>
<gpxtpx:hr>157</gpxtpx:hr>
<gpxtpx:cad>179</gpxtpx:cad>
</gpxtpx:TrackPointExtension>
</extensions>
</trkpt>
<trkpt lat="36.9802063" lon="127.8868891">
<ele>65.54</ele>
<time>2026-05-14T13:54:11Z</time>
<extensions>
<gpxtpx:TrackPointExtension>
<gpxtpx:hr>157</gpxtpx:hr>
</gpxtpx:TrackPointExtension>
</extensions>
</trkpt>
<trkpt lat="36.9801829" lon="127.8868779">
<ele>65.62</ele>
<time>2026-05-14T13:54:12Z</time>
<extensions>
<gpxtpx:TrackPointExtension>
<gpxtpx:hr>157</gpxtpx:hr>
</gpxtpx:TrackPointExtension>
</extensions>
</trkpt>
<trkpt lat="36.9801595" lon="127.886867">
<ele>65.538</ele>
<time>2026-05-14T13:54:13Z</time>
<extensions>
<gpxtpx:TrackPointExtension>
<gpxtpx:hr>156</gpxtpx:hr>
</gpxtpx:TrackPointExtension>
</extensions>
</trkpt>
<trkpt lat="36.9801352" lon="127.8868563">
<ele>65.505</ele>
<time>2026-05-14T13:54:14Z</time>
<extensions>
<gpxtpx:TrackPointExtension>
<gpxtpx:hr>156</gpxtpx:hr>
</gpxtpx:TrackPointExtension>
</extensions>
</trkpt>
<trkpt lat="36.9801116" lon="127.8868456">
<ele>65.485</ele>
<time>2026-05-14T13:54:15Z</time>
<extensions>
<gpxtpx:TrackPointExtension>
<gpxtpx:hr>156</gpxtpx:hr>
<gpxtpx:cad>180</gpxtpx:cad>
</gpxtpx:TrackPointExtension>
</extensions>
</trkpt>
<trkpt lat="36.9800885" lon="127.8868349">
<ele>65.499</ele>
<time>2026-05-14T13:54:16Z</time>
<extensions>
<gpxtpx:TrackPointExtension>
<gpxtpx:hr>157</gpxtpx:hr>
</gpxtpx:TrackPointExtension>
</extensions>
</trkpt>
<trkpt lat="36.980065" lon="127.8868239">
<ele>65.522</ele>
<time>2026-05-14T13:54:17Z</time>
<extensions>
<gpxtpx:TrackPointExtension>
<gpxtpx:hr>157</gpxtpx:hr>
</gpxtpx:TrackPointExtension>
</extensions>
</trkpt>
<trkpt lat="36.9800417" lon="127.8868131">
<ele>65.546</ele>
<time>2026-05-14T13:54:18Z</time>
<extensions>
<gpxtpx:TrackPointExtension>
<gpxtpx:hr>157</gpxtpx:hr>
</gpxtpx:TrackPointExtension>
</extensions>
</trkpt>
<trkpt lat="36.9800184" lon="127.8868016">
<ele>65.508</ele>
<time>2026-05-14T13:54:19Z</time>
<extensions>
<gpxtpx:TrackPointExtension>
<gpxtpx:hr>157</gpxtpx:hr>
</gpxtpx:TrackPointExtension>
</extensions>
</trkpt>
<trkpt lat="36.9799951" lon="127.8867902">
<ele>65.47</ele>
<time>2026-05-14T13:54:20Z</time>
<extensions>
<gpxtpx:TrackPointExtension>
<gpxtpx:hr>157</gpxtpx:hr>
<gpxtpx:cad>179</gpxtpx:cad>
</gpxtpx:TrackPointExtension>
</extensions>
</trkpt>
<trkpt lat="36.9799718" lon="127.8867786">
<ele>65.521</ele>
<time>2026-05-14T13:54:21Z</time>
<extensions>
<gpxtpx:TrackPointExtension>
<gpxtpx:hr>157</gpxtpx:hr>
</gpxtpx:TrackPointExtension>
</extensions>
</trkpt>
<trkpt lat="36.9799489" lon="127.8867661">
<ele>65.618</ele>
<time>2026-05-14T13:54:22Z</time>
<extensions>
<gpxtpx:TrackPointExtension>
<gpxtpx:hr>157</gpxtpx:hr>
</gpxtpx:TrackPointExtension>
</extensions>
</trkpt>
<trkpt lat="36.9799254" lon="127.8867548">
<ele>65.642</ele>
<time>2026-05-14T13:54:23Z</time>
<extensions>
<gpxtpx:TrackPointExtension>
<gpxtpx:hr>157</gpxtpx:hr>
</gpxtpx:TrackPointExtension>
</extensions>
</trkpt>
<trkpt lat="36.9799029" lon="127.8867417">
<ele>65.623</ele>
<time>2026-05-14T13:54:24Z</time>
<extensions>
<gpxtpx:TrackPointExtension>
<gpxtpx:hr>157</gpxtpx:hr>
</gpxtpx:TrackPointExtension>
</extensions>
</trkpt>
<trkpt lat="36.9798794" lon="127.8867301">
<ele>65.573</ele>
<time>2026-05-14T13:54:25Z</time>
<extensions>
<gpxtpx:TrackPointExtension>
<gpxtpx:hr>157</gpxtpx:hr>
<gpxtpx:cad>178</gpxtpx:cad>
</gpxtpx:TrackPointExtension>
</extensions>
</trkpt>
<trkpt lat="36.9798566" lon="127.8867174">
<ele>65.542</ele>
<time>2026-05-14T13:54:26Z</time>
<extensions>
<gpxtpx:TrackPointExtension>
<gpxtpx:hr>157</gpxtpx:hr>
</gpxtpx:TrackPointExtension>
</extensions>
</trkpt>
<trkpt lat="36.979834" lon="127.8867044">
<ele>65.456</ele>
<time>2026-05-14T13:54:27Z</time>
<extensions>
<gpxtpx:TrackPointExtension>
<gpxtpx:hr>157</gpxtpx:hr>
</gpxtpx:TrackPointExtension>
</extensions>
</trkpt>
<trkpt lat="36.9798115" lon="127.8866912">
<ele>65.284</ele>
<time>2026-05-14T13:54:28Z</time>
<extensions>
<gpxtpx:TrackPointExtension>
<gpxtpx:hr>156</gpxtpx:hr>
</gpxtpx:TrackPointExtension>
</extensions>
</trkpt>
<trkpt lat="36.9797888" lon="127.8866786">
<ele>65.288</ele>
<time>2026-05-14T13:54:29Z</time>
<extensions>
<gpxtpx:TrackPointExtension>
<gpxtpx:hr>157</gpxtpx:hr>
</gpxtpx:TrackPointExtension>
</extensions>
</trkpt>
<trkpt lat="36.9797672" lon="127.8866641">
<ele>65.363</ele>
<time>2026-05-14T13:54:30Z</time>
<extensions>
<gpxtpx:TrackPointExtension>
<gpxtpx:hr>157</gpxtpx:hr>
<gpxtpx:cad>179</gpxtpx:cad>
</gpxtpx:TrackPointExtension>
</extensions>
</trkpt>
<trkpt lat="36.9797452" lon="127.8866502">
<ele>65.412</ele>
<time>2026-05-14T13:54:31Z</time>
<extensions>
<gpxtpx:TrackPointExtension>
<gpxtpx:hr>157</gpxtpx:hr>
</gpxtpx:TrackPointExtension>
</extensions>
</trkpt>
<trkpt lat="36.9797235" lon="127.8866361">
<ele>65.436</ele>
<time>2026-05-14T13:54:32Z</time>
<extensions>
<gpxtpx:TrackPointExtension>
<gpxtpx:hr>157</gpxtpx:hr>
</gpxtpx:TrackPointExtension>
</extensions>
</trkpt>
<trkpt lat="36.9797019" lon="127.8866217">
<ele>65.489</ele>
<time>2026-05-14T13:54:33Z</time>
<extensions>
<gpxtpx:TrackPointExtension>
<gpxtpx:hr>157</gpxtpx:hr>
</gpxtpx:TrackPointExtension>
</extensions>
</trkpt>
<trkpt lat="36.9796801" lon="127.8866076">
<ele>65.465</ele>
<time>2026-05-14T13:54:34Z</time>
<extensions>
<gpxtpx:TrackPointExtension>
<gpxtpx:hr>157</gpxtpx:hr>
</gpxtpx:TrackPointExtension>
</extensions>
</trkpt>
<trkpt lat="36.9796584" lon="127.8865934">
<ele>65.448</ele>
<time>2026-05-14T13:54:35Z</time>
<extensions>
<gpxtpx:TrackPointExtension>
<gpxtpx:hr>157</gpxtpx:hr>
<gpxtpx:cad>180</gpxtpx:cad>
</gpxtpx:TrackPointExtension>
</extensions>
</trkpt>
<trkpt lat="36.9796367" lon="127.886579">
<ele>65.472</ele>
<time>2026-05-14T13:54:36Z</time>
<extensions>
<gpxtpx:TrackPointExtension>
<gpxtpx:hr>157</gpxtpx:hr>
</gpxtpx:TrackPointExtension>
</extensions>
</trkpt>
<trkpt lat="36.9796148" lon="127.8865652">
<ele>65.394</ele>
<time>2026-05-14T13:54:37Z</time>
<extensions>
<gpxtpx:TrackPointExtension>
<gpxtpx:hr>157</gpxtpx:hr>
</gpxtpx:TrackPointExtension>
</extensions>
</trkpt>
<trkpt lat="36.9795931" lon="127.8865506">
<ele>65.34</ele>
<time>2026-05-14T13:54:38Z</time>
<extensions>
<gpxtpx:TrackPointExtension>
<gpxtpx:hr>157</gpxtpx:hr>
</gpxtpx:TrackPointExtension>
</extensions>
</trkpt>
<trkpt lat="36.979571" lon="127.8865372">
<ele>65.383</ele>
<time>2026-05-14T13:54:39Z</time>
<extensions>
<gpxtpx:TrackPointExtension>
<gpxtpx:hr>157</gpxtpx:hr>
</gpxtpx:TrackPointExtension>
</extensions>
</trkpt>
<trkpt lat="36.9795493" lon="127.8865227">
<ele>65.459</ele>
<time>2026-05-14T13:54:40Z</time>
<extensions>
<gpxtpx:TrackPointExtension>
<gpxtpx:hr>157</gpxtpx:hr>
<gpxtpx:cad>179</gpxtpx:cad>
</gpxtpx:TrackPointExtension>
</extensions>
</trkpt>
<trkpt lat="36.9795268" lon="127.8865095">
<ele>65.368</ele>
<time>2026-05-14T13:54:41Z</time>
<extensions>
<gpxtpx:TrackPointExtension>
<gpxtpx:hr>156</gpxtpx:hr>
<gpxtpx:cad>179</gpxtpx:cad>
</gpxtpx:TrackPointExtension>
</extensions>
</trkpt>
<trkpt lat="36.9795051" lon="127.8864953">
<ele>65.332</ele>
<time>2026-05-14T13:54:42Z</time>
<extensions>
<gpxtpx:TrackPointExtension>
<gpxtpx:hr>156</gpxtpx:hr>
</gpxtpx:TrackPointExtension>
</extensions>
</trkpt>
<trkpt lat="36.9794828" lon="127.8864818">
<ele>65.316</ele>
<time>2026-05-14T13:54:43Z</time>
<extensions>
<gpxtpx:TrackPointExtension>
<gpxtpx:hr>156</gpxtpx:hr>
</gpxtpx:TrackPointExtension>
</extensions>
</trkpt>
<trkpt lat="36.9794604" lon="127.8864684">
<ele>65.262</ele>
<time>2026-05-14T13:54:44Z</time>
<extensions>
<gpxtpx:TrackPointExtension>
<gpxtpx:hr>155</gpxtpx:hr>
</gpxtpx:TrackPointExtension>
</extensions>
</trkpt>
<trkpt lat="36.979438" lon="127.8864551">
<ele>65.265</ele>
<time>2026-05-14T13:54:45Z</time>
<extensions>
<gpxtpx:TrackPointExtension>
<gpxtpx:hr>155</gpxtpx:hr>
<gpxtpx:cad>176</gpxtpx:cad>
</gpxtpx:TrackPointExtension>
</extensions>
</trkpt>
<trkpt lat="36.9794154" lon="127.8864419">
<ele>65.305</ele>
<time>2026-05-14T13:54:46Z</time>
<extensions>
<gpxtpx:TrackPointExtension>
<gpxtpx:hr>154</gpxtpx:hr>
</gpxtpx:TrackPointExtension>
</extensions>
</trkpt>
<trkpt lat="36.9793928" lon="127.886429">
<ele>65.331</ele>
<time>2026-05-14T13:54:47Z</time>
<extensions>
<gpxtpx:TrackPointExtension>
<gpxtpx:hr>154</gpxtpx:hr>
</gpxtpx:TrackPointExtension>
</extensions>
</trkpt>
<trkpt lat="36.9793701" lon="127.8864162">
<ele>65.306</ele>
<time>2026-05-14T13:54:48Z</time>
<extensions>
<gpxtpx:TrackPointExtension>
<gpxtpx:hr>154</gpxtpx:hr>
</gpxtpx:TrackPointExtension>
</extensions>
</trkpt>
<trkpt lat="36.9793474" lon="127.8864038">
<ele>65.401</ele>
<time>2026-05-14T13:54:49Z</time>
<extensions>
<gpxtpx:TrackPointExtension>
<gpxtpx:hr>153</gpxtpx:hr>
</gpxtpx:TrackPointExtension>
</extensions>
</trkpt>
<trkpt lat="36.9793247" lon="127.8863914">
<ele>65.518</ele>
<time>2026-05-14T13:54:50Z</time>
<extensions>
<gpxtpx:TrackPointExtension>
<gpxtpx:hr>153</gpxtpx:hr>
<gpxtpx:cad>173</gpxtpx:cad>
</gpxtpx:TrackPointExtension>
</extensions>
</trkpt>
<trkpt lat="36.9793018" lon="127.8863787">
<ele>65.246</ele>
<time>2026-05-14T13:54:51Z</time>
<extensions>
<gpxtpx:TrackPointExtension>
<gpxtpx:hr>154</gpxtpx:hr>
</gpxtpx:TrackPointExtension>
</extensions>
</trkpt>
<trkpt lat="36.9792792" lon="127.8863671">
<ele>64.997</ele>
<time>2026-05-14T13:54:52Z</time>
<extensions>
<gpxtpx:TrackPointExtension>
<gpxtpx:hr>154</gpxtpx:hr>
</gpxtpx:TrackPointExtension>
</extensions>
</trkpt>
<trkpt lat="36.9792561" lon="127.8863548">
<ele>65.615</ele>
<time>2026-05-14T13:54:53Z</time>
<extensions>
<gpxtpx:TrackPointExtension>
<gpxtpx:hr>154</gpxtpx:hr>
</gpxtpx:TrackPointExtension>
</extensions>
</trkpt>
<trkpt lat="36.9792334" lon="127.8863431">
<ele>66.307</ele>
<time>2026-05-14T13:54:54Z</time>
<extensions>
<gpxtpx:TrackPointExtension>
<gpxtpx:hr>154</gpxtpx:hr>
</gpxtpx:TrackPointExtension>
</extensions>
</trkpt>
<trkpt lat="36.9792109" lon="127.8863316">
<ele>65.905</ele>
<time>2026-05-14T13:54:55Z</time>
<extensions>
<gpxtpx:TrackPointExtension>
<gpxtpx:hr>155</gpxtpx:hr>
<gpxtpx:cad>171</gpxtpx:cad>
</gpxtpx:TrackPointExtension>
</extensions>
</trkpt>
<trkpt lat="36.979188" lon="127.8863196">
<ele>65.495</ele>
<time>2026-05-14T13:54:56Z</time>
<extensions>
<gpxtpx:TrackPointExtension>
<gpxtpx:hr>155</gpxtpx:hr>
</gpxtpx:TrackPointExtension>
</extensions>
</trkpt>
<trkpt lat="36.9791653" lon="127.8863076">
<ele>65.096</ele>
<time>2026-05-14T13:54:57Z</time>
<extensions>
<gpxtpx:TrackPointExtension>
<gpxtpx:hr>155</gpxtpx:hr>
</gpxtpx:TrackPointExtension>
</extensions>
</trkpt>
<trkpt lat="36.9791426" lon="127.8862954">
<ele>64.991</ele>
<time>2026-05-14T13:54:58Z</time>
<extensions>
<gpxtpx:TrackPointExtension>
<gpxtpx:hr>155</gpxtpx:hr>
</gpxtpx:TrackPointExtension>
</extensions>
</trkpt>
<trkpt lat="36.9791203" lon="127.8862842">
<ele>65.29</ele>
<time>2026-05-14T13:54:59Z</time>
<extensions>
<gpxtpx:TrackPointExtension>
<gpxtpx:hr>155</gpxtpx:hr>
</gpxtpx:TrackPointExtension>
</extensions>
</trkpt>
<trkpt lat="36.9790981" lon="127.8862736">
<ele>65.364</ele>
<time>2026-05-14T13:55:00Z</time>
<extensions>
<gpxtpx:TrackPointExtension>
<gpxtpx:hr>156</gpxtpx:hr>
<gpxtpx:cad>167</gpxtpx:cad>
</gpxtpx:TrackPointExtension>
</extensions>
</trkpt>
<trkpt lat="36.9790759" lon="127.886263">
<ele>65.417</ele>
<time>2026-05-14T13:55:01Z</time>
<extensions>
<gpxtpx:TrackPointExtension>
<gpxtpx:hr>156</gpxtpx:hr>
</gpxtpx:TrackPointExtension>
</extensions>
</trkpt>
<trkpt lat="36.9790536" lon="127.8862524">
<ele>65.454</ele>
<time>2026-05-14T13:55:02Z</time>
<extensions>
<gpxtpx:TrackPointExtension>
<gpxtpx:hr>157</gpxtpx:hr>
</gpxtpx:TrackPointExtension>
</extensions>
</trkpt>
<trkpt lat="36.9790312" lon="127.8862409">
<ele>65.458</ele>
<time>2026-05-14T13:55:03Z</time>
<extensions>
<gpxtpx:TrackPointExtension>
<gpxtpx:hr>157</gpxtpx:hr>
</gpxtpx:TrackPointExtension>
</extensions>
</trkpt>
<trkpt lat="36.9790088" lon="127.8862296">
<ele>65.369</ele>
<time>2026-05-14T13:55:04Z</time>
<extensions>
<gpxtpx:TrackPointExtension>
<gpxtpx:hr>157</gpxtpx:hr>
</gpxtpx:TrackPointExtension>
</extensions>
</trkpt>
<trkpt lat="36.9789862" lon="127.8862179">
<ele>65.141</ele>
<time>2026-05-14T13:55:05Z</time>
<extensions>
<gpxtpx:TrackPointExtension>
<gpxtpx:hr>158</gpxtpx:hr>
<gpxtpx:cad>169</gpxtpx:cad>
</gpxtpx:TrackPointExtension>
</extensions>
</trkpt>
<trkpt lat="36.9789637" lon="127.8862062">
<ele>65.061</ele>
<time>2026-05-14T13:55:06Z</time>
<extensions>
<gpxtpx:TrackPointExtension>
<gpxtpx:hr>159</gpxtpx:hr>
</gpxtpx:TrackPointExtension>
</extensions>
</trkpt>
<trkpt lat="36.9789407" lon="127.8861949">
<ele>65.191</ele>
<time>2026-05-14T13:55:07Z</time>
<extensions>
<gpxtpx:TrackPointExtension>
<gpxtpx:hr>159</gpxtpx:hr>
</gpxtpx:TrackPointExtension>
</extensions>
</trkpt>
<trkpt lat="36.9789175" lon="127.8861837">
<ele>65.347</ele>
<time>2026-05-14T13:55:08Z</time>
<extensions>
<gpxtpx:TrackPointExtension>
<gpxtpx:hr>158</gpxtpx:hr>
</gpxtpx:TrackPointExtension>
</extensions>
</trkpt>
<trkpt lat="36.9788944" lon="127.8861725">
<ele>65.391</ele>
<time>2026-05-14T13:55:09Z</time>
<extensions>
<gpxtpx:TrackPointExtension>
<gpxtpx:hr>158</gpxtpx:hr>
</gpxtpx:TrackPointExtension>
</extensions>
</trkpt>
<trkpt lat="36.9788705" lon="127.8861621">
<ele>65.446</ele>
<time>2026-05-14T13:55:10Z</time>
<extensions>
<gpxtpx:TrackPointExtension>
<gpxtpx:hr>158</gpxtpx:hr>
<gpxtpx:cad>173</gpxtpx:cad>
</gpxtpx:TrackPointExtension>
</extensions>
</trkpt>
<trkpt lat="36.9788465" lon="127.8861518">
<ele>65.504</ele>
<time>2026-05-14T13:55:11Z</time>
<extensions>
<gpxtpx:TrackPointExtension>
<gpxtpx:hr>157</gpxtpx:hr>
</gpxtpx:TrackPointExtension>
</extensions>
</trkpt>
<trkpt lat="36.9788217" lon="127.8861425">
<ele>65.614</ele>
<time>2026-05-14T13:55:12Z</time>
</trkpt>
<trkpt lat="36.978797" lon="127.8861331">
<ele>65.5</ele>
<time>2026-05-14T13:55:13Z</time>
<extensions>
<gpxtpx:TrackPointExtension>
<gpxtpx:hr>157</gpxtpx:hr>
</gpxtpx:TrackPointExtension>
</extensions>
</trkpt>
<trkpt lat="36.9787724" lon="127.8861238">
<ele>65.219</ele>
<time>2026-05-14T13:55:14Z</time>
<extensions>
<gpxtpx:TrackPointExtension>
<gpxtpx:hr>157</gpxtpx:hr>
</gpxtpx:TrackPointExtension>
</extensions>
</trkpt>
<trkpt lat="36.9787478" lon="127.8861143">
<ele>65.103</ele>
<time>2026-05-14T13:55:15Z</time>
<extensions>
<gpxtpx:TrackPointExtension>
<gpxtpx:hr>157</gpxtpx:hr>
<gpxtpx:cad>181</gpxtpx:cad>
</gpxtpx:TrackPointExtension>
</extensions>
</trkpt>
<trkpt lat="36.9787233" lon="127.8861042">
<ele>65.285</ele>
<time>2026-05-14T13:55:16Z</time>
<extensions>
<gpxtpx:TrackPointExtension>
<gpxtpx:hr>157</gpxtpx:hr>
</gpxtpx:TrackPointExtension>
</extensions>
</trkpt>
<trkpt lat="36.9786987" lon="127.8860944">
<ele>65.397</ele>
<time>2026-05-14T13:55:17Z</time>
<extensions>
<gpxtpx:TrackPointExtension>
<gpxtpx:hr>157</gpxtpx:hr>
<gpxtpx:cad>183</gpxtpx:cad>
</gpxtpx:TrackPointExtension>
</extensions>
</trkpt>
<trkpt lat="36.9786742" lon="127.8860838">
<ele>65.482</ele>
<time>2026-05-14T13:55:18Z</time>
<extensions>
<gpxtpx:TrackPointExtension>
<gpxtpx:hr>156</gpxtpx:hr>
</gpxtpx:TrackPointExtension>
</extensions>
</trkpt>
<trkpt lat="36.9786493" lon="127.8860727">
<ele>65.528</ele>
<time>2026-05-14T13:55:19Z</time>
<extensions>
<gpxtpx:TrackPointExtension>
<gpxtpx:hr>156</gpxtpx:hr>
</gpxtpx:TrackPointExtension>
</extensions>
</trkpt>
<trkpt lat="36.9786239" lon="127.8860615">
<ele>65.535</ele>
<time>2026-05-14T13:55:20Z</time>
<extensions>
<gpxtpx:TrackPointExtension>
<gpxtpx:hr>156</gpxtpx:hr>
<gpxtpx:cad>181</gpxtpx:cad>
</gpxtpx:TrackPointExtension>
</extensions>
</trkpt>
<trkpt lat="36.9785987" lon="127.8860509">
<ele>65.613</ele>
<time>2026-05-14T13:55:21Z</time>
</trkpt>
<trkpt lat="36.9785734" lon="127.8860411">
<ele>65.582</ele>
<time>2026-05-14T13:55:22Z</time>
<extensions>
<gpxtpx:TrackPointExtension>
<gpxtpx:hr>156</gpxtpx:hr>
</gpxtpx:TrackPointExtension>
</extensions>
</trkpt>
<trkpt lat="36.9785481" lon="127.8860323">
<ele>65.469</ele>
<time>2026-05-14T13:55:23Z</time>
<extensions>
<gpxtpx:TrackPointExtension>
<gpxtpx:hr>156</gpxtpx:hr>
</gpxtpx:TrackPointExtension>
</extensions>
</trkpt>
<trkpt lat="36.9785229" lon="127.8860229">
<ele>65.432</ele>
<time>2026-05-14T13:55:24Z</time>
<extensions>
<gpxtpx:TrackPointExtension>
<gpxtpx:hr>156</gpxtpx:hr>
</gpxtpx:TrackPointExtension>
</extensions>
</trkpt>
<trkpt lat="36.9784975" lon="127.8860137">
<ele>65.52</ele>
<time>2026-05-14T13:55:25Z</time>
<extensions>
<gpxtpx:TrackPointExtension>
<gpxtpx:hr>156</gpxtpx:hr>
<gpxtpx:cad>184</gpxtpx:cad>
</gpxtpx:TrackPointExtension>
</extensions>
</trkpt>
<trkpt lat="36.9784718" lon="127.8860055">
<ele>65.243</ele>
<time>2026-05-14T13:55:26Z</time>
<extensions>
<gpxtpx:TrackPointExtension>
<gpxtpx:hr>157</gpxtpx:hr>
</gpxtpx:TrackPointExtension>
</extensions>
</trkpt>
<trkpt lat="36.9784462" lon="127.8859967">
<ele>65.232</ele>
<time>2026-05-14T13:55:27Z</time>
<extensions>
<gpxtpx:TrackPointExtension>
<gpxtpx:hr>157</gpxtpx:hr>
</gpxtpx:TrackPointExtension>
</extensions>
</trkpt>
<trkpt lat="36.9784207" lon="127.8859878">
<ele>65.414</ele>
<time>2026-05-14T13:55:28Z</time>
<extensions>
<gpxtpx:TrackPointExtension>
<gpxtpx:hr>157</gpxtpx:hr>
</gpxtpx:TrackPointExtension>
</extensions>
</trkpt>
<trkpt lat="36.9783951" lon="127.8859791">
<ele>65.488</ele>
<time>2026-05-14T13:55:29Z</time>
<extensions>
<gpxtpx:TrackPointExtension>
<gpxtpx:hr>157</gpxtpx:hr>
</gpxtpx:TrackPointExtension>
</extensions>
</trkpt>
<trkpt lat="36.9783695" lon="127.8859703">
<ele>65.588</ele>
<time>2026-05-14T13:55:30Z</time>
<extensions>
<gpxtpx:TrackPointExtension>
<gpxtpx:hr>158</gpxtpx:hr>
<gpxtpx:cad>181</gpxtpx:cad>
</gpxtpx:TrackPointExtension>
</extensions>
</trkpt>
<trkpt lat="36.978344" lon="127.8859621">
<ele>65.636</ele>
<time>2026-05-14T13:55:31Z</time>
<extensions>
<gpxtpx:TrackPointExtension>
<gpxtpx:hr>158</gpxtpx:hr>
</gpxtpx:TrackPointExtension>
</extensions>
</trkpt>
<trkpt lat="36.9783185" lon="127.8859547">
<ele>65.606</ele>
<time>2026-05-14T13:55:32Z</time>
<extensions>
<gpxtpx:TrackPointExtension>
<gpxtpx:hr>158</gpxtpx:hr>
</gpxtpx:TrackPointExtension>
</extensions>
</trkpt>
<trkpt lat="36.9782926" lon="127.8859477">
<ele>65.67</ele>
<time>2026-05-14T13:55:33Z</time>
</trkpt>
<trkpt lat="36.9782663" lon="127.8859406">
<ele>65.743</ele>
<time>2026-05-14T13:55:34Z</time>
<extensions>
<gpxtpx:TrackPointExtension>
<gpxtpx:hr>158</gpxtpx:hr>
</gpxtpx:TrackPointExtension>
</extensions>
</trkpt>
<trkpt lat="36.9782398" lon="127.885933">
<ele>65.627</ele>
<time>2026-05-14T13:55:35Z</time>
<extensions>
<gpxtpx:TrackPointExtension>
<gpxtpx:hr>159</gpxtpx:hr>
<gpxtpx:cad>179</gpxtpx:cad>
</gpxtpx:TrackPointExtension>
</extensions>
</trkpt>
<trkpt lat="36.9782139" lon="127.8859245">
<ele>65.63</ele>
<time>2026-05-14T13:55:36Z</time>
<extensions>
<gpxtpx:TrackPointExtension>
<gpxtpx:hr>159</gpxtpx:hr>
</gpxtpx:TrackPointExtension>
</extensions>
</trkpt>
<trkpt lat="36.9781888" lon="127.8859153">
<ele>65.606</ele>
<time>2026-05-14T13:55:37Z</time>
<extensions>
<gpxtpx:TrackPointExtension>
<gpxtpx:hr>159</gpxtpx:hr>
</gpxtpx:TrackPointExtension>
</extensions>
</trkpt>
<trkpt lat="36.9781635" lon="127.8859063">
<ele>65.658</ele>
<time>2026-05-14T13:55:38Z</time>
<extensions>
<gpxtpx:TrackPointExtension>
<gpxtpx:hr>159</gpxtpx:hr>
</gpxtpx:TrackPointExtension>
</extensions>
</trkpt>
<trkpt lat="36.9781395" lon="127.8858972">
<ele>65.647</ele>
<time>2026-05-14T13:55:39Z</time>
<extensions>
<gpxtpx:TrackPointExtension>
<gpxtpx:hr>159</gpxtpx:hr>
</gpxtpx:TrackPointExtension>
</extensions>
</trkpt>
<trkpt lat="36.9781155" lon="127.8858885">
<ele>65.627</ele>
<time>2026-05-14T13:55:40Z</time>
<extensions>
<gpxtpx:TrackPointExtension>
<gpxtpx:hr>159</gpxtpx:hr>
<gpxtpx:cad>184</gpxtpx:cad>
</gpxtpx:TrackPointExtension>
</extensions>
</trkpt>
<trkpt lat="36.9780918" lon="127.8858807">
<ele>65.627</ele>
<time>2026-05-14T13:55:41Z</time>
<extensions>
<gpxtpx:TrackPointExtension>
<gpxtpx:hr>158</gpxtpx:hr>
</gpxtpx:TrackPointExtension>
</extensions>
</trkpt>
<trkpt lat="36.9780681" lon="127.8858726">
<ele>65.552</ele>
<time>2026-05-14T13:55:42Z</time>
<extensions>
<gpxtpx:TrackPointExtension>
<gpxtpx:hr>158</gpxtpx:hr>
</gpxtpx:TrackPointExtension>
</extensions>
</trkpt>
<trkpt lat="36.9780442" lon="127.8858662">
<ele>65.467</ele>
<time>2026-05-14T13:55:43Z</time>
<extensions>
<gpxtpx:TrackPointExtension>
<gpxtpx:hr>158</gpxtpx:hr>
</gpxtpx:TrackPointExtension>
</extensions>
</trkpt>
<trkpt lat="36.9780205" lon="127.8858594">
<ele>65.457</ele>
<time>2026-05-14T13:55:44Z</time>
<extensions>
<gpxtpx:TrackPointExtension>
<gpxtpx:hr>158</gpxtpx:hr>
</gpxtpx:TrackPointExtension>
</extensions>
</trkpt>
<trkpt lat="36.9779963" lon="127.8858537">
<ele>65.491</ele>
<time>2026-05-14T13:55:45Z</time>
<extensions>
<gpxtpx:TrackPointExtension>
<gpxtpx:hr>158</gpxtpx:hr>
<gpxtpx:cad>185</gpxtpx:cad>
</gpxtpx:TrackPointExtension>
</extensions>
</trkpt>
<trkpt lat="36.9779719" lon="127.8858484">
<ele>65.558</ele>
<time>2026-05-14T13:55:46Z</time>
<extensions>
<gpxtpx:TrackPointExtension>
<gpxtpx:hr>158</gpxtpx:hr>
</gpxtpx:TrackPointExtension>
</extensions>
</trkpt>
<trkpt lat="36.9779473" lon="127.8858434">
<ele>65.625</ele>
<time>2026-05-14T13:55:47Z</time>
<extensions>
<gpxtpx:TrackPointExtension>
<gpxtpx:hr>158</gpxtpx:hr>
</gpxtpx:TrackPointExtension>
</extensions>
</trkpt>
<trkpt lat="36.9779225" lon="127.8858385">
<ele>65.528</ele>
<time>2026-05-14T13:55:48Z</time>
<extensions>
<gpxtpx:TrackPointExtension>
<gpxtpx:hr>158</gpxtpx:hr>
</gpxtpx:TrackPointExtension>
</extensions>
</trkpt>
<trkpt lat="36.9778975" lon="127.8858336">
<ele>65.517</ele>
<time>2026-05-14T13:55:49Z</time>
<extensions>
<gpxtpx:TrackPointExtension>
<gpxtpx:hr>158</gpxtpx:hr>
</gpxtpx:TrackPointExtension>
</extensions>
</trkpt>
<trkpt lat="36.9778723" lon="127.8858287">
<ele>65.498</ele>
<time>2026-05-14T13:55:50Z</time>
<extensions>
<gpxtpx:TrackPointExtension>
<gpxtpx:hr>158</gpxtpx:hr>
<gpxtpx:cad>182</gpxtpx:cad>
</gpxtpx:TrackPointExtension>
</extensions>
</trkpt>
<trkpt lat="36.9778471" lon="127.8858238">
<ele>65.551</ele>
<time>2026-05-14T13:55:51Z</time>
<extensions>
<gpxtpx:TrackPointExtension>
<gpxtpx:hr>158</gpxtpx:hr>
</gpxtpx:TrackPointExtension>
</extensions>
</trkpt>
<trkpt lat="36.9778218" lon="127.8858188">
<ele>65.52</ele>
<time>2026-05-14T13:55:52Z</time>
<extensions>
<gpxtpx:TrackPointExtension>
<gpxtpx:hr>158</gpxtpx:hr>
<gpxtpx:cad>182</gpxtpx:cad>
</gpxtpx:TrackPointExtension>
</extensions>
</trkpt>
<trkpt lat="36.9777963" lon="127.8858138">
<ele>65.522</ele>
<time>2026-05-14T13:55:53Z</time>
<extensions>
<gpxtpx:TrackPointExtension>
<gpxtpx:hr>158</gpxtpx:hr>
</gpxtpx:TrackPointExtension>
</extensions>
</trkpt>
<trkpt lat="36.9777708" lon="127.8858089">
<ele>65.521</ele>
<time>2026-05-14T13:55:54Z</time>
<extensions>
<gpxtpx:TrackPointExtension>
<gpxtpx:hr>159</gpxtpx:hr>
</gpxtpx:TrackPointExtension>
</extensions>
</trkpt>
<trkpt lat="36.9777448" lon="127.8858046">
<ele>65.469</ele>
<time>2026-05-14T13:55:55Z</time>
<extensions>
<gpxtpx:TrackPointExtension>
<gpxtpx:hr>159</gpxtpx:hr>
<gpxtpx:cad>182</gpxtpx:cad>
</gpxtpx:TrackPointExtension>
</extensions>
</trkpt>
<trkpt lat="36.9777191" lon="127.8858001">
<ele>65.318</ele>
<time>2026-05-14T13:55:56Z</time>
<extensions>
<gpxtpx:TrackPointExtension>
<gpxtpx:hr>159</gpxtpx:hr>
</gpxtpx:TrackPointExtension>
</extensions>
</trkpt>
<trkpt lat="36.9776929" lon="127.8857965">
<ele>65.304</ele>
<time>2026-05-14T13:55:57Z</time>
<extensions>
<gpxtpx:TrackPointExtension>
<gpxtpx:hr>159</gpxtpx:hr>
</gpxtpx:TrackPointExtension>
</extensions>
</trkpt>
<trkpt lat="36.9776673" lon="127.8857919">
<ele>65.411</ele>
<time>2026-05-14T13:55:58Z</time>
<extensions>
<gpxtpx:TrackPointExtension>
<gpxtpx:hr>159</gpxtpx:hr>
</gpxtpx:TrackPointExtension>
</extensions>
</trkpt>
<trkpt lat="36.9776411" lon="127.8857888">
<ele>65.503</ele>
<time>2026-05-14T13:55:59Z</time>
<extensions>
<gpxtpx:TrackPointExtension>
<gpxtpx:hr>159</gpxtpx:hr>
</gpxtpx:TrackPointExtension>
</extensions>
</trkpt>
<trkpt lat="36.9776156" lon="127.8857835">
<ele>65.488</ele>
<time>2026-05-14T13:56:00Z</time>
<extensions>
<gpxtpx:TrackPointExtension>
<gpxtpx:hr>159</gpxtpx:hr>
<gpxtpx:cad>182</gpxtpx:cad>
</gpxtpx:TrackPointExtension>
</extensions>
</trkpt>
<trkpt lat="36.9775899" lon="127.8857785">
<ele>65.495</ele>
<time>2026-05-14T13:56:01Z</time>
<extensions>
<gpxtpx:TrackPointExtension>
<gpxtpx:hr>159</gpxtpx:hr>
</gpxtpx:TrackPointExtension>
</extensions>
</trkpt>
<trkpt lat="36.9775636" lon="127.8857752">
<ele>65.504</ele>
<time>2026-05-14T13:56:02Z</time>
<extensions>
<gpxtpx:TrackPointExtension>
<gpxtpx:hr>159</gpxtpx:hr>
</gpxtpx:TrackPointExtension>
</extensions>
</trkpt>
<trkpt lat="36.9775371" lon="127.8857718">
<ele>65.516</ele>
<time>2026-05-14T13:56:03Z</time>
<extensions>
<gpxtpx:TrackPointExtension>
<gpxtpx:hr>159</gpxtpx:hr>
</gpxtpx:TrackPointExtension>
</extensions>
</trkpt>
<trkpt lat="36.9775105" lon="127.8857696">
<ele>65.513</ele>
<time>2026-05-14T13:56:04Z</time>
</trkpt>
<trkpt lat="36.9774841" lon="127.8857683">
<ele>65.506</ele>
<time>2026-05-14T13:56:05Z</time>
<extensions>
<gpxtpx:TrackPointExtension>
<gpxtpx:hr>159</gpxtpx:hr>
<gpxtpx:cad>180</gpxtpx:cad>
</gpxtpx:TrackPointExtension>
</extensions>
</trkpt>
<trkpt lat="36.9774579" lon="127.8857675">
<ele>65.506</ele>
<time>2026-05-14T13:56:06Z</time>
<extensions>
<gpxtpx:TrackPointExtension>
<gpxtpx:hr>159</gpxtpx:hr>
</gpxtpx:TrackPointExtension>
</extensions>
</trkpt>
<trkpt lat="36.9774319" lon="127.8857672">
<ele>65.475</ele>
<time>2026-05-14T13:56:07Z</time>
<extensions>
<gpxtpx:TrackPointExtension>
<gpxtpx:hr>158</gpxtpx:hr>
</gpxtpx:TrackPointExtension>
</extensions>
</trkpt>
<trkpt lat="36.9774063" lon="127.8857685">
<ele>65.484</ele>
<time>2026-05-14T13:56:08Z</time>
<extensions>
<gpxtpx:TrackPointExtension>
<gpxtpx:hr>158</gpxtpx:hr>
</gpxtpx:TrackPointExtension>
</extensions>
</trkpt>
<trkpt lat="36.97738" lon="127.885767">
<ele>65.485</ele>
<time>2026-05-14T13:56:09Z</time>
<extensions>
<gpxtpx:TrackPointExtension>
<gpxtpx:hr>158</gpxtpx:hr>
</gpxtpx:TrackPointExtension>
</extensions>
</trkpt>
<trkpt lat="36.9773542" lon="127.885768">
<ele>65.386</ele>
<time>2026-05-14T13:56:10Z</time>
<extensions>
<gpxtpx:TrackPointExtension>
<gpxtpx:hr>159</gpxtpx:hr>
<gpxtpx:cad>183</gpxtpx:cad>
</gpxtpx:TrackPointExtension>
</extensions>
</trkpt>
<trkpt lat="36.977328" lon="127.8857673">
<ele>65.386</ele>
<time>2026-05-14T13:56:11Z</time>
<extensions>
<gpxtpx:TrackPointExtension>
<gpxtpx:hr>159</gpxtpx:hr>
</gpxtpx:TrackPointExtension>
</extensions>
</trkpt>
<trkpt lat="36.9773021" lon="127.8857675">
<ele>65.362</ele>
<time>2026-05-14T13:56:12Z</time>
<extensions>
<gpxtpx:TrackPointExtension>
<gpxtpx:hr>159</gpxtpx:hr>
</gpxtpx:TrackPointExtension>
</extensions>
</trkpt>
<trkpt lat="36.977276" lon="127.885767">
<ele>65.417</ele>
<time>2026-05-14T13:56:13Z</time>
<extensions>
<gpxtpx:TrackPointExtension>
<gpxtpx:hr>159</gpxtpx:hr>
</gpxtpx:TrackPointExtension>
</extensions>
</trkpt>
<trkpt lat="36.9772504" lon="127.885768">
<ele>65.408</ele>
<time>2026-05-14T13:56:14Z</time>
<extensions>
<gpxtpx:TrackPointExtension>
<gpxtpx:hr>159</gpxtpx:hr>
</gpxtpx:TrackPointExtension>
</extensions>
</trkpt>
<trkpt lat="36.9772247" lon="127.8857693">
<ele>65.452</ele>
<time>2026-05-14T13:56:15Z</time>
<extensions>
<gpxtpx:TrackPointExtension>
<gpxtpx:hr>159</gpxtpx:hr>
<gpxtpx:cad>184</gpxtpx:cad>
</gpxtpx:TrackPointExtension>
</extensions>
</trkpt>
<trkpt lat="36.9771992" lon="127.8857712">
<ele>65.417</ele>
<time>2026-05-14T13:56:16Z</time>
<extensions>
<gpxtpx:TrackPointExtension>
<gpxtpx:hr>159</gpxtpx:hr>
</gpxtpx:TrackPointExtension>
</extensions>
</trkpt>
<trkpt lat="36.9771736" lon="127.8857734">
<ele>65.647</ele>
<time>2026-05-14T13:56:17Z</time>
<extensions>
<gpxtpx:TrackPointExtension>
<gpxtpx:hr>159</gpxtpx:hr>
</gpxtpx:TrackPointExtension>
</extensions>
</trkpt>
<trkpt lat="36.9771479" lon="127.8857755">
<ele>65.781</ele>
<time>2026-05-14T13:56:18Z</time>
<extensions>
<gpxtpx:TrackPointExtension>
<gpxtpx:hr>159</gpxtpx:hr>
</gpxtpx:TrackPointExtension>
</extensions>
</trkpt>
<trkpt lat="36.9771221" lon="127.8857772">
<ele>65.851</ele>
<time>2026-05-14T13:56:19Z</time>
<extensions>
<gpxtpx:TrackPointExtension>
<gpxtpx:hr>159</gpxtpx:hr>
</gpxtpx:TrackPointExtension>
</extensions>
</trkpt>
<trkpt lat="36.9770961" lon="127.8857783">
<ele>65.796</ele>
<time>2026-05-14T13:56:20Z</time>
<extensions>
<gpxtpx:TrackPointExtension>
<gpxtpx:hr>159</gpxtpx:hr>
<gpxtpx:cad>182</gpxtpx:cad>
</gpxtpx:TrackPointExtension>
</extensions>
</trkpt>
<trkpt lat="36.9770698" lon="127.8857779">
<ele>65.752</ele>
<time>2026-05-14T13:56:22Z</time>
<extensions>
<gpxtpx:TrackPointExtension>
<gpxtpx:hr>158</gpxtpx:hr>
</gpxtpx:TrackPointExtension>
</extensions>
</trkpt>
<trkpt lat="36.9770434" lon="127.8857766">
<ele>65.673</ele>
<time>2026-05-14T13:56:23Z</time>
<extensions>
<gpxtpx:TrackPointExtension>
<gpxtpx:hr>158</gpxtpx:hr>
</gpxtpx:TrackPointExtension>
</extensions>
</trkpt>
<trkpt lat="36.977017" lon="127.8857749">
<ele>65.628</ele>
<time>2026-05-14T13:56:24Z</time>
<extensions>
<gpxtpx:TrackPointExtension>
<gpxtpx:hr>159</gpxtpx:hr>
</gpxtpx:TrackPointExtension>
</extensions>
</trkpt>
<trkpt lat="36.9769906" lon="127.8857731">
<ele>65.512</ele>
<time>2026-05-14T13:56:25Z</time>
<extensions>
<gpxtpx:TrackPointExtension>
<gpxtpx:hr>158</gpxtpx:hr>
</gpxtpx:TrackPointExtension>
</extensions>
</trkpt>
<trkpt lat="36.9769644" lon="127.8857717">
<ele>65.485</ele>
<time>2026-05-14T13:56:26Z</time>
<extensions>
<gpxtpx:TrackPointExtension>
<gpxtpx:hr>158</gpxtpx:hr>
<gpxtpx:cad>181</gpxtpx:cad>
</gpxtpx:TrackPointExtension>
</extensions>
</trkpt>
<trkpt lat="36.9769384" lon="127.8857712">
<ele>65.454</ele>
<time>2026-05-14T13:56:27Z</time>
<extensions>
<gpxtpx:TrackPointExtension>
<gpxtpx:hr>158</gpxtpx:hr>
<gpxtpx:cad>182</gpxtpx:cad>
</gpxtpx:TrackPointExtension>
</extensions>
</trkpt>
<trkpt lat="36.9769122" lon="127.8857706">
<ele>65.461</ele>
<time>2026-05-14T13:56:28Z</time>
<extensions>
<gpxtpx:TrackPointExtension>
<gpxtpx:hr>158</gpxtpx:hr>
</gpxtpx:TrackPointExtension>
</extensions>
</trkpt>
<trkpt lat="36.9768865" lon="127.8857699">
<ele>65.503</ele>
<time>2026-05-14T13:56:29Z</time>
<extensions>
<gpxtpx:TrackPointExtension>
<gpxtpx:hr>158</gpxtpx:hr>
</gpxtpx:TrackPointExtension>
</extensions>
</trkpt>
<trkpt lat="36.9768603" lon="127.8857689">
<ele>65.523</ele>
<time>2026-05-14T13:56:30Z</time>
<extensions>
<gpxtpx:TrackPointExtension>
<gpxtpx:hr>158</gpxtpx:hr>
</gpxtpx:TrackPointExtension>
</extensions>
</trkpt>
<trkpt lat="36.9768348" lon="127.8857684">
<ele>65.505</ele>
<time>2026-05-14T13:56:31Z</time>
<extensions>
<gpxtpx:TrackPointExtension>
<gpxtpx:hr>158</gpxtpx:hr>
<gpxtpx:cad>183</gpxtpx:cad>
</gpxtpx:TrackPointExtension>
</extensions>
</trkpt>
<trkpt lat="36.9768087" lon="127.8857671">
<ele>65.557</ele>
<time>2026-05-14T13:56:32Z</time>
<extensions>
<gpxtpx:TrackPointExtension>
<gpxtpx:hr>158</gpxtpx:hr>
</gpxtpx:TrackPointExtension>
</extensions>
</trkpt>
<trkpt lat="36.9767833" lon="127.885767">
<ele>65.51</ele>
<time>2026-05-14T13:56:33Z</time>
<extensions>
<gpxtpx:TrackPointExtension>
<gpxtpx:hr>158</gpxtpx:hr>
</gpxtpx:TrackPointExtension>
</extensions>
</trkpt>
<trkpt lat="36.9767573" lon="127.8857658">
<ele>65.456</ele>
<time>2026-05-14T13:56:34Z</time>
<extensions>
<gpxtpx:TrackPointExtension>
<gpxtpx:hr>158</gpxtpx:hr>
</gpxtpx:TrackPointExtension>
</extensions>
</trkpt>
<trkpt lat="36.9767319" lon="127.8857659">
<ele>65.495</ele>
<time>2026-05-14T13:56:35Z</time>
<extensions>
<gpxtpx:TrackPointExtension>
<gpxtpx:hr>158</gpxtpx:hr>
</gpxtpx:TrackPointExtension>
</extensions>
</trkpt>
<trkpt lat="36.9767064" lon="127.8857656">
<ele>65.516</ele>
<time>2026-05-14T13:56:36Z</time>
<extensions>
<gpxtpx:TrackPointExtension>
<gpxtpx:hr>159</gpxtpx:hr>
<gpxtpx:cad>184</gpxtpx:cad>
</gpxtpx:TrackPointExtension>
</extensions>
</trkpt>
<trkpt lat="36.9766809" lon="127.8857653">
<ele>65.732</ele>
<time>2026-05-14T13:56:37Z</time>
<extensions>
<gpxtpx:TrackPointExtension>
<gpxtpx:hr>159</gpxtpx:hr>
</gpxtpx:TrackPointExtension>
</extensions>
</trkpt>
<trkpt lat="36.9766555" lon="127.8857652">
<ele>65.736</ele>
<time>2026-05-14T13:56:38Z</time>
<extensions>
<gpxtpx:TrackPointExtension>
<gpxtpx:hr>159</gpxtpx:hr>
</gpxtpx:TrackPointExtension>
</extensions>
</trkpt>
<trkpt lat="36.9766302" lon="127.8857652">
<ele>65.727</ele>
<time>2026-05-14T13:56:39Z</time>
<extensions>
<gpxtpx:TrackPointExtension>
<gpxtpx:hr>159</gpxtpx:hr>
</gpxtpx:TrackPointExtension>
</extensions>
</trkpt>
<trkpt lat="36.9766051" lon="127.8857655">
<ele>65.685</ele>
<time>2026-05-14T13:56:40Z</time>
<extensions>
<gpxtpx:TrackPointExtension>
<gpxtpx:hr>159</gpxtpx:hr>
</gpxtpx:TrackPointExtension>
</extensions>
</trkpt>
<trkpt lat="36.9765801" lon="127.8857661">
<ele>65.71</ele>
<time>2026-05-14T13:56:41Z</time>
<extensions>
<gpxtpx:TrackPointExtension>
<gpxtpx:hr>159</gpxtpx:hr>
<gpxtpx:cad>185</gpxtpx:cad>
</gpxtpx:TrackPointExtension>
</extensions>
</trkpt>
<trkpt lat="36.9765549" lon="127.8857665">
<ele>65.778</ele>
<time>2026-05-14T13:56:42Z</time>
<extensions>
<gpxtpx:TrackPointExtension>
<gpxtpx:hr>159</gpxtpx:hr>
</gpxtpx:TrackPointExtension>
</extensions>
</trkpt>
<trkpt lat="36.9765294" lon="127.8857669">
<ele>65.641</ele>
<time>2026-05-14T13:56:43Z</time>
<extensions>
<gpxtpx:TrackPointExtension>
<gpxtpx:hr>159</gpxtpx:hr>
</gpxtpx:TrackPointExtension>
</extensions>
</trkpt>
<trkpt lat="36.9765037" lon="127.8857669">
<ele>65.612</ele>
<time>2026-05-14T13:56:44Z</time>
<extensions>
<gpxtpx:TrackPointExtension>
<gpxtpx:hr>159</gpxtpx:hr>
</gpxtpx:TrackPointExtension>
</extensions>
</trkpt>
<trkpt lat="36.976478" lon="127.885767">
<ele>65.629</ele>
<time>2026-05-14T13:56:45Z</time>
<extensions>
<gpxtpx:TrackPointExtension>
<gpxtpx:hr>159</gpxtpx:hr>
</gpxtpx:TrackPointExtension>
</extensions>
</trkpt>
<trkpt lat="36.9764528" lon="127.8857671">
<ele>65.571</ele>
<time>2026-05-14T13:56:46Z</time>
<extensions>
<gpxtpx:TrackPointExtension>
<gpxtpx:hr>159</gpxtpx:hr>
<gpxtpx:cad>184</gpxtpx:cad>
</gpxtpx:TrackPointExtension>
</extensions>
</trkpt>
<trkpt lat="36.9764275" lon="127.8857673">
<ele>65.527</ele>
<time>2026-05-14T13:56:47Z</time>
<extensions>
<gpxtpx:TrackPointExtension>
<gpxtpx:hr>159</gpxtpx:hr>
</gpxtpx:TrackPointExtension>
</extensions>
</trkpt>
<trkpt lat="36.9764024" lon="127.8857677">
<ele>65.589</ele>
<time>2026-05-14T13:56:48Z</time>
<extensions>
<gpxtpx:TrackPointExtension>
<gpxtpx:hr>159</gpxtpx:hr>
</gpxtpx:TrackPointExtension>
</extensions>
</trkpt>
<trkpt lat="36.9763774" lon="127.885768">
<ele>65.396</ele>
<time>2026-05-14T13:56:49Z</time>
<extensions>
<gpxtpx:TrackPointExtension>
<gpxtpx:hr>160</gpxtpx:hr>
</gpxtpx:TrackPointExtension>
</extensions>
</trkpt>
<trkpt lat="36.9763522" lon="127.8857693">
<ele>65.385</ele>
<time>2026-05-14T13:56:50Z</time>
<extensions>
<gpxtpx:TrackPointExtension>
<gpxtpx:hr>160</gpxtpx:hr>
</gpxtpx:TrackPointExtension>
</extensions>
</trkpt>
<trkpt lat="36.9763271" lon="127.8857704">
<ele>65.39</ele>
<time>2026-05-14T13:56:51Z</time>
<extensions>
<gpxtpx:TrackPointExtension>
<gpxtpx:hr>160</gpxtpx:hr>
<gpxtpx:cad>184</gpxtpx:cad>
</gpxtpx:TrackPointExtension>
</extensions>
</trkpt>
<trkpt lat="36.9763017" lon="127.8857722">
<ele>65.465</ele>
<time>2026-05-14T13:56:52Z</time>
<extensions>
<gpxtpx:TrackPointExtension>
<gpxtpx:hr>160</gpxtpx:hr>
</gpxtpx:TrackPointExtension>
</extensions>
</trkpt>
<trkpt lat="36.9762761" lon="127.8857742">
<ele>65.592</ele>
<time>2026-05-14T13:56:53Z</time>
<extensions>
<gpxtpx:TrackPointExtension>
<gpxtpx:hr>160</gpxtpx:hr>
</gpxtpx:TrackPointExtension>
</extensions>
</trkpt>
<trkpt lat="36.9762505" lon="127.8857762">
<ele>65.69</ele>
<time>2026-05-14T13:56:54Z</time>
<extensions>
<gpxtpx:TrackPointExtension>
<gpxtpx:hr>160</gpxtpx:hr>
</gpxtpx:TrackPointExtension>
</extensions>
</trkpt>
<trkpt lat="36.9762249" lon="127.885778">
<ele>65.791</ele>
<time>2026-05-14T13:56:55Z</time>
<extensions>
<gpxtpx:TrackPointExtension>
<gpxtpx:hr>160</gpxtpx:hr>
</gpxtpx:TrackPointExtension>
</extensions>
</trkpt>
<trkpt lat="36.9761992" lon="127.8857799">
<ele>65.869</ele>
<time>2026-05-14T13:56:56Z</time>
<extensions>
<gpxtpx:TrackPointExtension>
<gpxtpx:hr>160</gpxtpx:hr>
<gpxtpx:cad>183</gpxtpx:cad>
</gpxtpx:TrackPointExtension>
</extensions>
</trkpt>
<trkpt lat="36.9761738" lon="127.8857817">
<ele>65.895</ele>
<time>2026-05-14T13:56:57Z</time>
<extensions>
<gpxtpx:TrackPointExtension>
<gpxtpx:hr>160</gpxtpx:hr>
</gpxtpx:TrackPointExtension>
</extensions>
</trkpt>
<trkpt lat="36.9761484" lon="127.8857835">
<ele>65.886</ele>
<time>2026-05-14T13:56:58Z</time>
<extensions>
<gpxtpx:TrackPointExtension>
<gpxtpx:hr>160</gpxtpx:hr>
</gpxtpx:TrackPointExtension>
</extensions>
</trkpt>
<trkpt lat="36.9761232" lon="127.8857855">
<ele>65.846</ele>
<time>2026-05-14T13:56:59Z</time>
<extensions>
<gpxtpx:TrackPointExtension>
<gpxtpx:hr>160</gpxtpx:hr>
</gpxtpx:TrackPointExtension>
</extensions>
</trkpt>
<trkpt lat="36.976098" lon="127.8857877">
<ele>65.819</ele>
<time>2026-05-14T13:57:00Z</time>
<extensions>
<gpxtpx:TrackPointExtension>
<gpxtpx:hr>160</gpxtpx:hr>
</gpxtpx:TrackPointExtension>
</extensions>
</trkpt>
<trkpt lat="36.9760728" lon="127.8857904">
<ele>65.805</ele>
<time>2026-05-14T13:57:01Z</time>
<extensions>
<gpxtpx:TrackPointExtension>
<gpxtpx:hr>160</gpxtpx:hr>
<gpxtpx:cad>184</gpxtpx:cad>
</gpxtpx:TrackPointExtension>
</extensions>
</trkpt>
<trkpt lat="36.9760473" lon="127.8857933">
<ele>65.842</ele>
<time>2026-05-14T13:57:02Z</time>
<extensions>
<gpxtpx:TrackPointExtension>
<gpxtpx:hr>160</gpxtpx:hr>
</gpxtpx:TrackPointExtension>
</extensions>
</trkpt>
<trkpt lat="36.9760215" lon="127.8857966">
<ele>65.843</ele>
<time>2026-05-14T13:57:03Z</time>
<extensions>
<gpxtpx:TrackPointExtension>
<gpxtpx:hr>160</gpxtpx:hr>
<gpxtpx:cad>184</gpxtpx:cad>
</gpxtpx:TrackPointExtension>
</extensions>
</trkpt>
<trkpt lat="36.9759953" lon="127.8858003">
<ele>65.803</ele>
<time>2026-05-14T13:57:04Z</time>
<extensions>
<gpxtpx:TrackPointExtension>
<gpxtpx:hr>159</gpxtpx:hr>
</gpxtpx:TrackPointExtension>
</extensions>
</trkpt>
<trkpt lat="36.975969" lon="127.8858042">
<ele>65.753</ele>
<time>2026-05-14T13:57:05Z</time>
<extensions>
<gpxtpx:TrackPointExtension>
<gpxtpx:hr>159</gpxtpx:hr>
</gpxtpx:TrackPointExtension>
</extensions>
</trkpt>
<trkpt lat="36.9759433" lon="127.885807">
<ele>65.719</ele>
<time>2026-05-14T13:57:06Z</time>
<extensions>
<gpxtpx:TrackPointExtension>
<gpxtpx:hr>159</gpxtpx:hr>
<gpxtpx:cad>184</gpxtpx:cad>
</gpxtpx:TrackPointExtension>
</extensions>
</trkpt>
<trkpt lat="36.975917" lon="127.8858109">
<ele>65.631</ele>
<time>2026-05-14T13:57:07Z</time>
<extensions>
<gpxtpx:TrackPointExtension>
<gpxtpx:hr>159</gpxtpx:hr>
</gpxtpx:TrackPointExtension>
</extensions>
</trkpt>
<trkpt lat="36.9758912" lon="127.8858141">
<ele>65.665</ele>
<time>2026-05-14T13:57:08Z</time>
<extensions>
<gpxtpx:TrackPointExtension>
<gpxtpx:hr>159</gpxtpx:hr>
</gpxtpx:TrackPointExtension>
</extensions>
</trkpt>
<trkpt lat="36.9758651" lon="127.885818">
<ele>65.678</ele>
<time>2026-05-14T13:57:09Z</time>
<extensions>
<gpxtpx:TrackPointExtension>
<gpxtpx:hr>159</gpxtpx:hr>
</gpxtpx:TrackPointExtension>
</extensions>
</trkpt>
<trkpt lat="36.9758391" lon="127.8858215">
<ele>65.742</ele>
<time>2026-05-14T13:57:10Z</time>
<extensions>
<gpxtpx:TrackPointExtension>
<gpxtpx:hr>159</gpxtpx:hr>
</gpxtpx:TrackPointExtension>
</extensions>
</trkpt>
<trkpt lat="36.975813" lon="127.8858252">
<ele>65.735</ele>
<time>2026-05-14T13:57:11Z</time>
<extensions>
<gpxtpx:TrackPointExtension>
<gpxtpx:hr>159</gpxtpx:hr>
<gpxtpx:cad>184</gpxtpx:cad>
</gpxtpx:TrackPointExtension>
</extensions>
</trkpt>
<trkpt lat="36.975787" lon="127.8858288">
<ele>65.721</ele>
<time>2026-05-14T13:57:12Z</time>
<extensions>
<gpxtpx:TrackPointExtension>
<gpxtpx:hr>159</gpxtpx:hr>
</gpxtpx:TrackPointExtension>
</extensions>
</trkpt>
<trkpt lat="36.9757609" lon="127.8858323">
<ele>65.688</ele>
<time>2026-05-14T13:57:13Z</time>
<extensions>
<gpxtpx:TrackPointExtension>
<gpxtpx:hr>159</gpxtpx:hr>
</gpxtpx:TrackPointExtension>
</extensions>
</trkpt>
<trkpt lat="36.9757353" lon="127.8858352">
<ele>65.719</ele>
<time>2026-05-14T13:57:14Z</time>
<extensions>
<gpxtpx:TrackPointExtension>
<gpxtpx:hr>159</gpxtpx:hr>
</gpxtpx:TrackPointExtension>
</extensions>
</trkpt>
<trkpt lat="36.975709" lon="127.885839">
<ele>65.668</ele>
<time>2026-05-14T13:57:15Z</time>
<extensions>
<gpxtpx:TrackPointExtension>
<gpxtpx:hr>159</gpxtpx:hr>
</gpxtpx:TrackPointExtension>
</extensions>
</trkpt>
<trkpt lat="36.9756831" lon="127.8858424">
<ele>65.713</ele>
<time>2026-05-14T13:57:16Z</time>
<extensions>
<gpxtpx:TrackPointExtension>
<gpxtpx:hr>159</gpxtpx:hr>
<gpxtpx:cad>184</gpxtpx:cad>
</gpxtpx:TrackPointExtension>
</extensions>
</trkpt>
<trkpt lat="36.9756565" lon="127.8858469">
<ele>65.673</ele>
<time>2026-05-14T13:57:17Z</time>
<extensions>
<gpxtpx:TrackPointExtension>
<gpxtpx:hr>159</gpxtpx:hr>
</gpxtpx:TrackPointExtension>
</extensions>
</trkpt>
<trkpt lat="36.9756309" lon="127.8858497">
<ele>65.614</ele>
<time>2026-05-14T13:57:18Z</time>
<extensions>
<gpxtpx:TrackPointExtension>
<gpxtpx:hr>159</gpxtpx:hr>
</gpxtpx:TrackPointExtension>
</extensions>
</trkpt>
<trkpt lat="36.9756053" lon="127.8858529">
<ele>65.656</ele>
<time>2026-05-14T13:57:19Z</time>
<extensions>
<gpxtpx:TrackPointExtension>
<gpxtpx:hr>159</gpxtpx:hr>
</gpxtpx:TrackPointExtension>
</extensions>
</trkpt>
<trkpt lat="36.9755804" lon="127.8858547">
<ele>65.573</ele>
<time>2026-05-14T13:57:20Z</time>
<extensions>
<gpxtpx:TrackPointExtension>
<gpxtpx:hr>159</gpxtpx:hr>
</gpxtpx:TrackPointExtension>
</extensions>
</trkpt>
<trkpt lat="36.9755556" lon="127.8858561">
<ele>65.49</ele>
<time>2026-05-14T13:57:21Z</time>
<extensions>
<gpxtpx:TrackPointExtension>
<gpxtpx:hr>159</gpxtpx:hr>
<gpxtpx:cad>183</gpxtpx:cad>
</gpxtpx:TrackPointExtension>
</extensions>
</trkpt>
<trkpt lat="36.9755308" lon="127.8858573">
<ele>65.573</ele>
<time>2026-05-14T13:57:22Z</time>
<extensions>
<gpxtpx:TrackPointExtension>
<gpxtpx:hr>159</gpxtpx:hr>
</gpxtpx:TrackPointExtension>
</extensions>
</trkpt>
<trkpt lat="36.9755059" lon="127.8858583">
<ele>65.372</ele>
<time>2026-05-14T13:57:23Z</time>
<extensions>
<gpxtpx:TrackPointExtension>
<gpxtpx:hr>159</gpxtpx:hr>
</gpxtpx:TrackPointExtension>
</extensions>
</trkpt>
<trkpt lat="36.9754809" lon="127.885859">
<ele>65.304</ele>
<time>2026-05-14T13:57:24Z</time>
<extensions>
<gpxtpx:TrackPointExtension>
<gpxtpx:hr>159</gpxtpx:hr>
</gpxtpx:TrackPointExtension>
</extensions>
</trkpt>
<trkpt lat="36.9754557" lon="127.8858584">
<ele>65.181</ele>
<time>2026-05-14T13:57:25Z</time>
<extensions>
<gpxtpx:TrackPointExtension>
<gpxtpx:hr>158</gpxtpx:hr>
</gpxtpx:TrackPointExtension>
</extensions>
</trkpt>
<trkpt lat="36.9754306" lon="127.8858584">
<ele>65.141</ele>
<time>2026-05-14T13:57:26Z</time>
<extensions>
<gpxtpx:TrackPointExtension>
<gpxtpx:hr>158</gpxtpx:hr>
<gpxtpx:cad>183</gpxtpx:cad>
</gpxtpx:TrackPointExtension>
</extensions>
</trkpt>
<trkpt lat="36.9754052" lon="127.8858567">
<ele>65.27</ele>
<time>2026-05-14T13:57:27Z</time>
<extensions>
<gpxtpx:TrackPointExtension>
<gpxtpx:hr>158</gpxtpx:hr>
</gpxtpx:TrackPointExtension>
</extensions>
</trkpt>
<trkpt lat="36.9753795" lon="127.8858537">
<ele>65.315</ele>
<time>2026-05-14T13:57:28Z</time>
<extensions>
<gpxtpx:TrackPointExtension>
<gpxtpx:hr>158</gpxtpx:hr>
</gpxtpx:TrackPointExtension>
</extensions>
</trkpt>
<trkpt lat="36.9753538" lon="127.8858506">
<ele>65.328</ele>
<time>2026-05-14T13:57:29Z</time>
<extensions>
<gpxtpx:TrackPointExtension>
<gpxtpx:hr>159</gpxtpx:hr>
</gpxtpx:TrackPointExtension>
</extensions>
</trkpt>
<trkpt lat="36.9753275" lon="127.8858432">
<ele>65.336</ele>
<time>2026-05-14T13:57:30Z</time>
<extensions>
<gpxtpx:TrackPointExtension>
<gpxtpx:hr>159</gpxtpx:hr>
</gpxtpx:TrackPointExtension>
</extensions>
</trkpt>
<trkpt lat="36.9753012" lon="127.8858367">
<ele>65.472</ele>
<time>2026-05-14T13:57:31Z</time>
<extensions>
<gpxtpx:TrackPointExtension>
<gpxtpx:hr>159</gpxtpx:hr>
<gpxtpx:cad>183</gpxtpx:cad>
</gpxtpx:TrackPointExtension>
</extensions>
</trkpt>
<trkpt lat="36.9752749" lon="127.8858274">
<ele>65.563</ele>
<time>2026-05-14T13:57:32Z</time>
<extensions>
<gpxtpx:TrackPointExtension>
<gpxtpx:hr>159</gpxtpx:hr>
</gpxtpx:TrackPointExtension>
</extensions>
</trkpt>
<trkpt lat="36.9752483" lon="127.8858179">
<ele>65.513</ele>
<time>2026-05-14T13:57:33Z</time>
<extensions>
<gpxtpx:TrackPointExtension>
<gpxtpx:hr>159</gpxtpx:hr>
</gpxtpx:TrackPointExtension>
</extensions>
</trkpt>
<trkpt lat="36.9752227" lon="127.8858055">
<ele>65.66</ele>
<time>2026-05-14T13:57:34Z</time>
<extensions>
<gpxtpx:TrackPointExtension>
<gpxtpx:hr>159</gpxtpx:hr>
</gpxtpx:TrackPointExtension>
</extensions>
</trkpt>
<trkpt lat="36.9751971" lon="127.8857927">
<ele>65.772</ele>
<time>2026-05-14T13:57:35Z</time>
<extensions>
<gpxtpx:TrackPointExtension>
<gpxtpx:hr>159</gpxtpx:hr>
</gpxtpx:TrackPointExtension>
</extensions>
</trkpt>
<trkpt lat="36.9751733" lon="127.8857789">
<ele>65.844</ele>
<time>2026-05-14T13:57:36Z</time>
<extensions>
<gpxtpx:TrackPointExtension>
<gpxtpx:hr>159</gpxtpx:hr>
<gpxtpx:cad>179</gpxtpx:cad>
</gpxtpx:TrackPointExtension>
</extensions>
</trkpt>
<trkpt lat="36.9751504" lon="127.8857648">
<ele>65.824</ele>
<time>2026-05-14T13:57:37Z</time>
<extensions>
<gpxtpx:TrackPointExtension>
<gpxtpx:hr>159</gpxtpx:hr>
<gpxtpx:cad>178</gpxtpx:cad>
</gpxtpx:TrackPointExtension>
</extensions>
</trkpt>
<trkpt lat="36.9751288" lon="127.8857505">
<ele>65.854</ele>
<time>2026-05-14T13:57:38Z</time>
<extensions>
<gpxtpx:TrackPointExtension>
<gpxtpx:hr>159</gpxtpx:hr>
</gpxtpx:TrackPointExtension>
</extensions>
</trkpt>
<trkpt lat="36.9751075" lon="127.8857362">
<ele>65.885</ele>
<time>2026-05-14T13:57:39Z</time>
<extensions>
<gpxtpx:TrackPointExtension>
<gpxtpx:hr>160</gpxtpx:hr>
</gpxtpx:TrackPointExtension>
</extensions>
</trkpt>
<trkpt lat="36.9750876" lon="127.885722">
<ele>66.018</ele>
<time>2026-05-14T13:57:40Z</time>
<extensions>
<gpxtpx:TrackPointExtension>
<gpxtpx:hr>160</gpxtpx:hr>
</gpxtpx:TrackPointExtension>
</extensions>
</trkpt>
<trkpt lat="36.9750679" lon="127.8857077">
<ele>65.937</ele>
<time>2026-05-14T13:57:41Z</time>
<extensions>
<gpxtpx:TrackPointExtension>
<gpxtpx:hr>160</gpxtpx:hr>
<gpxtpx:cad>176</gpxtpx:cad>
</gpxtpx:TrackPointExtension>
</extensions>
</trkpt>
<trkpt lat="36.9750483" lon="127.8856933">
<ele>66.013</ele>
<time>2026-05-14T13:57:42Z</time>
<extensions>
<gpxtpx:TrackPointExtension>
<gpxtpx:hr>159</gpxtpx:hr>
</gpxtpx:TrackPointExtension>
</extensions>
</trkpt>
<trkpt lat="36.9750289" lon="127.8856785">
<ele>66.038</ele>
<time>2026-05-14T13:57:43Z</time>
<extensions>
<gpxtpx:TrackPointExtension>
<gpxtpx:hr>159</gpxtpx:hr>
</gpxtpx:TrackPointExtension>
</extensions>
</trkpt>
<trkpt lat="36.9750096" lon="127.8856633">
<ele>65.888</ele>
<time>2026-05-14T13:57:44Z</time>
<extensions>
<gpxtpx:TrackPointExtension>
<gpxtpx:hr>159</gpxtpx:hr>
</gpxtpx:TrackPointExtension>
</extensions>
</trkpt>
<trkpt lat="36.9749904" lon="127.8856471">
<ele>66.045</ele>
<time>2026-05-14T13:57:45Z</time>
<extensions>
<gpxtpx:TrackPointExtension>
<gpxtpx:hr>159</gpxtpx:hr>
</gpxtpx:TrackPointExtension>
</extensions>
</trkpt>
<trkpt lat="36.9749712" lon="127.8856304">
<ele>66.215</ele>
<time>2026-05-14T13:57:46Z</time>
<extensions>
<gpxtpx:TrackPointExtension>
<gpxtpx:hr>158</gpxtpx:hr>
<gpxtpx:cad>174</gpxtpx:cad>
</gpxtpx:TrackPointExtension>
</extensions>
</trkpt>
<trkpt lat="36.9749524" lon="127.8856128">
<ele>66.323</ele>
<time>2026-05-14T13:57:47Z</time>
<extensions>
<gpxtpx:TrackPointExtension>
<gpxtpx:hr>158</gpxtpx:hr>
</gpxtpx:TrackPointExtension>
</extensions>
</trkpt>
<trkpt lat="36.9749338" lon="127.8855949">
<ele>66.409</ele>
<time>2026-05-14T13:57:48Z</time>
<extensions>
<gpxtpx:TrackPointExtension>
<gpxtpx:hr>158</gpxtpx:hr>
</gpxtpx:TrackPointExtension>
</extensions>
</trkpt>
<trkpt lat="36.9749157" lon="127.8855762">
<ele>66.5</ele>
<time>2026-05-14T13:57:49Z</time>
<extensions>
<gpxtpx:TrackPointExtension>
<gpxtpx:hr>159</gpxtpx:hr>
</gpxtpx:TrackPointExtension>
</extensions>
</trkpt>
<trkpt lat="36.9748983" lon="127.8855567">
<ele>66.572</ele>
<time>2026-05-14T13:57:50Z</time>
<extensions>
<gpxtpx:TrackPointExtension>
<gpxtpx:hr>159</gpxtpx:hr>
</gpxtpx:TrackPointExtension>
</extensions>
</trkpt>
<trkpt lat="36.9748817" lon="127.8855362">
<ele>66.596</ele>
<time>2026-05-14T13:57:51Z</time>
<extensions>
<gpxtpx:TrackPointExtension>
<gpxtpx:hr>160</gpxtpx:hr>
<gpxtpx:cad>173</gpxtpx:cad>
</gpxtpx:TrackPointExtension>
</extensions>
</trkpt>
<trkpt lat="36.9748661" lon="127.8855146">
<ele>66.636</ele>
<time>2026-05-14T13:57:52Z</time>
<extensions>
<gpxtpx:TrackPointExtension>
<gpxtpx:hr>160</gpxtpx:hr>
</gpxtpx:TrackPointExtension>
</extensions>
</trkpt>
<trkpt lat="36.9748514" lon="127.8854919">
<ele>66.741</ele>
<time>2026-05-14T13:57:53Z</time>
<extensions>
<gpxtpx:TrackPointExtension>
<gpxtpx:hr>160</gpxtpx:hr>
</gpxtpx:TrackPointExtension>
</extensions>
</trkpt>
<trkpt lat="36.9748378" lon="127.8854677">
<ele>66.85</ele>
<time>2026-05-14T13:57:54Z</time>
<extensions>
<gpxtpx:TrackPointExtension>
<gpxtpx:hr>160</gpxtpx:hr>
</gpxtpx:TrackPointExtension>
</extensions>
</trkpt>
<trkpt lat="36.9748243" lon="127.8854433">
<ele>66.891</ele>
<time>2026-05-14T13:57:55Z</time>
<extensions>
<gpxtpx:TrackPointExtension>
<gpxtpx:hr>159</gpxtpx:hr>
</gpxtpx:TrackPointExtension>
</extensions>
</trkpt>
<trkpt lat="36.974812" lon="127.8854172">
<ele>66.951</ele>
<time>2026-05-14T13:57:56Z</time>
<extensions>
<gpxtpx:TrackPointExtension>
<gpxtpx:hr>160</gpxtpx:hr>
<gpxtpx:cad>179</gpxtpx:cad>
</gpxtpx:TrackPointExtension>
</extensions>
</trkpt>
<trkpt lat="36.9748005" lon="127.8853903">
<ele>66.979</ele>
<time>2026-05-14T13:57:57Z</time>
<extensions>
<gpxtpx:TrackPointExtension>
<gpxtpx:hr>160</gpxtpx:hr>
</gpxtpx:TrackPointExtension>
</extensions>
</trkpt>
<trkpt lat="36.9747913" lon="127.885362">
<ele>66.882</ele>
<time>2026-05-14T13:57:58Z</time>
<extensions>
<gpxtpx:TrackPointExtension>
<gpxtpx:hr>160</gpxtpx:hr>
</gpxtpx:TrackPointExtension>
</extensions>
</trkpt>
<trkpt lat="36.9747826" lon="127.8853335">
<ele>66.874</ele>
<time>2026-05-14T13:57:59Z</time>
<extensions>
<gpxtpx:TrackPointExtension>
<gpxtpx:hr>160</gpxtpx:hr>
</gpxtpx:TrackPointExtension>
</extensions>
</trkpt>
<trkpt lat="36.9747798" lon="127.8853011">
<ele>66.913</ele>
<time>2026-05-14T13:58:00Z</time>
<extensions>
<gpxtpx:TrackPointExtension>
<gpxtpx:hr>160</gpxtpx:hr>
</gpxtpx:TrackPointExtension>
</extensions>
</trkpt>
<trkpt lat="36.9747697" lon="127.885274">
<ele>66.837</ele>
<time>2026-05-14T13:58:01Z</time>
<extensions>
<gpxtpx:TrackPointExtension>
<gpxtpx:hr>160</gpxtpx:hr>
<gpxtpx:cad>182</gpxtpx:cad>
</gpxtpx:TrackPointExtension>
</extensions>
</trkpt>
<trkpt lat="36.9747647" lon="127.8852433">
<ele>66.742</ele>
<time>2026-05-14T13:58:02Z</time>
<extensions>
<gpxtpx:TrackPointExtension>
<gpxtpx:hr>160</gpxtpx:hr>
</gpxtpx:TrackPointExtension>
</extensions>
</trkpt>
<trkpt lat="36.9747565" lon="127.8852147">
<ele>66.718</ele>
<time>2026-05-14T13:58:03Z</time>
<extensions>
<gpxtpx:TrackPointExtension>
<gpxtpx:hr>160</gpxtpx:hr>
</gpxtpx:TrackPointExtension>
</extensions>
</trkpt>
<trkpt lat="36.9747524" lon="127.8851833">
<ele>66.638</ele>
<time>2026-05-14T13:58:04Z</time>
<extensions>
<gpxtpx:TrackPointExtension>
<gpxtpx:hr>160</gpxtpx:hr>
</gpxtpx:TrackPointExtension>
</extensions>
</trkpt>
<trkpt lat="36.9747491" lon="127.8851515">
<ele>66.579</ele>
<time>2026-05-14T13:58:05Z</time>
<extensions>
<gpxtpx:TrackPointExtension>
<gpxtpx:hr>160</gpxtpx:hr>
</gpxtpx:TrackPointExtension>
</extensions>
</trkpt>
<trkpt lat="36.9747444" lon="127.8851205">
<ele>66.538</ele>
<time>2026-05-14T13:58:06Z</time>
<extensions>
<gpxtpx:TrackPointExtension>
<gpxtpx:hr>161</gpxtpx:hr>
<gpxtpx:cad>180</gpxtpx:cad>
</gpxtpx:TrackPointExtension>
</extensions>
</trkpt>
<trkpt lat="36.9747436" lon="127.8850871">
<ele>66.469</ele>
<time>2026-05-14T13:58:07Z</time>
<extensions>
<gpxtpx:TrackPointExtension>
<gpxtpx:hr>161</gpxtpx:hr>
</gpxtpx:TrackPointExtension>
</extensions>
</trkpt>
<trkpt lat="36.9747398" lon="127.8850556">
<ele>66.469</ele>
<time>2026-05-14T13:58:08Z</time>
<extensions>
<gpxtpx:TrackPointExtension>
<gpxtpx:hr>161</gpxtpx:hr>
</gpxtpx:TrackPointExtension>
</extensions>
</trkpt>
<trkpt lat="36.9747385" lon="127.8850242">
<ele>66.458</ele>
<time>2026-05-14T13:58:09Z</time>
<extensions>
<gpxtpx:TrackPointExtension>
<gpxtpx:hr>161</gpxtpx:hr>
</gpxtpx:TrackPointExtension>
</extensions>
</trkpt>
<trkpt lat="36.9747361" lon="127.8849936">
<ele>66.412</ele>
<time>2026-05-14T13:58:10Z</time>
<extensions>
<gpxtpx:TrackPointExtension>
<gpxtpx:hr>162</gpxtpx:hr>
</gpxtpx:TrackPointExtension>
</extensions>
</trkpt>
<trkpt lat="36.9747336" lon="127.8849617">
<ele>66.381</ele>
<time>2026-05-14T13:58:11Z</time>
<extensions>
<gpxtpx:TrackPointExtension>
<gpxtpx:hr>162</gpxtpx:hr>
<gpxtpx:cad>178</gpxtpx:cad>
</gpxtpx:TrackPointExtension>
</extensions>
</trkpt>
<trkpt lat="36.9747326" lon="127.8849338">
<ele>66.368</ele>
<time>2026-05-14T13:58:12Z</time>
<extensions>
<gpxtpx:TrackPointExtension>
<gpxtpx:hr>162</gpxtpx:hr>
</gpxtpx:TrackPointExtension>
</extensions>
</trkpt>
<trkpt lat="36.974731" lon="127.8849019">
<ele>66.401</ele>
<time>2026-05-14T13:58:13Z</time>
<extensions>
<gpxtpx:TrackPointExtension>
<gpxtpx:hr>162</gpxtpx:hr>
</gpxtpx:TrackPointExtension>
</extensions>
</trkpt>
<trkpt lat="36.9747301" lon="127.8848728">
<ele>66.376</ele>
<time>2026-05-14T13:58:14Z</time>
<extensions>
<gpxtpx:TrackPointExtension>
<gpxtpx:hr>161</gpxtpx:hr>
<gpxtpx:cad>180</gpxtpx:cad>
</gpxtpx:TrackPointExtension>
</extensions>
</trkpt>
<trkpt lat="36.9747293" lon="127.8848442">
<ele>66.272</ele>
<time>2026-05-14T13:58:15Z</time>
<extensions>
<gpxtpx:TrackPointExtension>
<gpxtpx:hr>161</gpxtpx:hr>
</gpxtpx:TrackPointExtension>
</extensions>
</trkpt>
<trkpt lat="36.9747287" lon="127.8848186">
<ele>66.125</ele>
<time>2026-05-14T13:58:16Z</time>
<extensions>
<gpxtpx:TrackPointExtension>
<gpxtpx:hr>161</gpxtpx:hr>
<gpxtpx:cad>179</gpxtpx:cad>
</gpxtpx:TrackPointExtension>
</extensions>
</trkpt>
<trkpt lat="36.9747282" lon="127.8847907">
<ele>66.019</ele>
<time>2026-05-14T13:58:17Z</time>
<extensions>
<gpxtpx:TrackPointExtension>
<gpxtpx:hr>161</gpxtpx:hr>
</gpxtpx:TrackPointExtension>
</extensions>
</trkpt>
<trkpt lat="36.974728" lon="127.8847648">
<ele>66.21</ele>
<time>2026-05-14T13:58:18Z</time>
<extensions>
<gpxtpx:TrackPointExtension>
<gpxtpx:hr>161</gpxtpx:hr>
</gpxtpx:TrackPointExtension>
</extensions>
</trkpt>
<trkpt lat="36.9747278" lon="127.8847375">
<ele>66.185</ele>
<time>2026-05-14T13:58:19Z</time>
<extensions>
<gpxtpx:TrackPointExtension>
<gpxtpx:hr>161</gpxtpx:hr>
</gpxtpx:TrackPointExtension>
</extensions>
</trkpt>
<trkpt lat="36.9747275" lon="127.8847103">
<ele>66.213</ele>
<time>2026-05-14T13:58:20Z</time>
<extensions>
<gpxtpx:TrackPointExtension>
<gpxtpx:hr>161</gpxtpx:hr>
</gpxtpx:TrackPointExtension>
</extensions>
</trkpt>
<trkpt lat="36.9747274" lon="127.8846835">
<ele>66.234</ele>
<time>2026-05-14T13:58:21Z</time>
<extensions>
<gpxtpx:TrackPointExtension>
<gpxtpx:hr>160</gpxtpx:hr>
<gpxtpx:cad>106</gpxtpx:cad>
</gpxtpx:TrackPointExtension>
</extensions>
</trkpt>
<trkpt lat="36.9747267" lon="127.8846563">
<ele>66.169</ele>
<time>2026-05-14T13:58:22Z</time>
<extensions>
<gpxtpx:TrackPointExtension>
<gpxtpx:hr>160</gpxtpx:hr>
</gpxtpx:TrackPointExtension>
</extensions>
</trkpt>
<trkpt lat="36.9747258" lon="127.8846308">
<ele>66.208</ele>
<time>2026-05-14T13:58:23Z</time>
<extensions>
<gpxtpx:TrackPointExtension>
<gpxtpx:hr>159</gpxtpx:hr>
</gpxtpx:TrackPointExtension>
</extensions>
</trkpt>
<trkpt lat="36.9747252" lon="127.8846072">
<ele>66.158</ele>
<time>2026-05-14T13:58:24Z</time>
<extensions>
<gpxtpx:TrackPointExtension>
<gpxtpx:hr>159</gpxtpx:hr>
</gpxtpx:TrackPointExtension>
</extensions>
</trkpt>
<trkpt lat="36.9747248" lon="127.8845848">
<ele>66.107</ele>
<time>2026-05-14T13:58:25Z</time>
<extensions>
<gpxtpx:TrackPointExtension>
<gpxtpx:hr>159</gpxtpx:hr>
</gpxtpx:TrackPointExtension>
</extensions>
</trkpt>
<trkpt lat="36.9747249" lon="127.8845628">
<ele>66.008</ele>
<time>2026-05-14T13:58:26Z</time>
<extensions>
<gpxtpx:TrackPointExtension>
<gpxtpx:hr>158</gpxtpx:hr>
<gpxtpx:cad>109</gpxtpx:cad>
</gpxtpx:TrackPointExtension>
</extensions>
</trkpt>
<trkpt lat="36.9747257" lon="127.8845362">
<ele>66.004</ele>
<time>2026-05-14T13:58:27Z</time>
<extensions>
<gpxtpx:TrackPointExtension>
<gpxtpx:hr>158</gpxtpx:hr>
</gpxtpx:TrackPointExtension>
</extensions>
</trkpt>
<trkpt lat="36.9747268" lon="127.8845074">
<ele>66.011</ele>
<time>2026-05-14T13:58:28Z</time>
<extensions>
<gpxtpx:TrackPointExtension>
<gpxtpx:hr>158</gpxtpx:hr>
</gpxtpx:TrackPointExtension>
</extensions>
</trkpt>
<trkpt lat="36.9747279" lon="127.8844769">
<ele>66.049</ele>
<time>2026-05-14T13:58:29Z</time>
<extensions>
<gpxtpx:TrackPointExtension>
<gpxtpx:hr>157</gpxtpx:hr>
</gpxtpx:TrackPointExtension>
</extensions>
</trkpt>
<trkpt lat="36.9747284" lon="127.8844451">
<ele>66.04</ele>
<time>2026-05-14T13:58:30Z</time>
<extensions>
<gpxtpx:TrackPointExtension>
<gpxtpx:hr>157</gpxtpx:hr>
</gpxtpx:TrackPointExtension>
</extensions>
</trkpt>
<trkpt lat="36.974729" lon="127.8844134">
<ele>66.036</ele>
<time>2026-05-14T13:58:31Z</time>
<extensions>
<gpxtpx:TrackPointExtension>
<gpxtpx:hr>157</gpxtpx:hr>
<gpxtpx:cad>183</gpxtpx:cad>
</gpxtpx:TrackPointExtension>
</extensions>
</trkpt>
<trkpt lat="36.9747286" lon="127.884382">
<ele>66.029</ele>
<time>2026-05-14T13:58:32Z</time>
<extensions>
<gpxtpx:TrackPointExtension>
<gpxtpx:hr>157</gpxtpx:hr>
</gpxtpx:TrackPointExtension>
</extensions>
</trkpt>
<trkpt lat="36.9747281" lon="127.8843506">
<ele>66.006</ele>
<time>2026-05-14T13:58:33Z</time>
<extensions>
<gpxtpx:TrackPointExtension>
<gpxtpx:hr>157</gpxtpx:hr>
</gpxtpx:TrackPointExtension>
</extensions>
</trkpt>
<trkpt lat="36.9747271" lon="127.8843193">
<ele>65.998</ele>
<time>2026-05-14T13:58:34Z</time>
<extensions>
<gpxtpx:TrackPointExtension>
<gpxtpx:hr>157</gpxtpx:hr>
</gpxtpx:TrackPointExtension>
</extensions>
</trkpt>
<trkpt lat="36.9747256" lon="127.8842882">
<ele>65.986</ele>
<time>2026-05-14T13:58:35Z</time>
<extensions>
<gpxtpx:TrackPointExtension>
<gpxtpx:hr>157</gpxtpx:hr>
</gpxtpx:TrackPointExtension>
</extensions>
</trkpt>
<trkpt lat="36.9747235" lon="127.8842571">
<ele>66.036</ele>
<time>2026-05-14T13:58:36Z</time>
<extensions>
<gpxtpx:TrackPointExtension>
<gpxtpx:hr>157</gpxtpx:hr>
<gpxtpx:cad>183</gpxtpx:cad>
</gpxtpx:TrackPointExtension>
</extensions>
</trkpt>
<trkpt lat="36.9747213" lon="127.8842262">
<ele>66.062</ele>
<time>2026-05-14T13:58:37Z</time>
<extensions>
<gpxtpx:TrackPointExtension>
<gpxtpx:hr>157</gpxtpx:hr>
</gpxtpx:TrackPointExtension>
</extensions>
</trkpt>
<trkpt lat="36.9747176" lon="127.8841948">
<ele>66.038</ele>
<time>2026-05-14T13:58:38Z</time>
<extensions>
<gpxtpx:TrackPointExtension>
<gpxtpx:hr>157</gpxtpx:hr>
</gpxtpx:TrackPointExtension>
</extensions>
</trkpt>
<trkpt lat="36.9747143" lon="127.8841636">
<ele>65.917</ele>
<time>2026-05-14T13:58:39Z</time>
<extensions>
<gpxtpx:TrackPointExtension>
<gpxtpx:hr>157</gpxtpx:hr>
</gpxtpx:TrackPointExtension>
</extensions>
</trkpt>
<trkpt lat="36.9747101" lon="127.8841319">
<ele>65.847</ele>
<time>2026-05-14T13:58:40Z</time>
<extensions>
<gpxtpx:TrackPointExtension>
<gpxtpx:hr>157</gpxtpx:hr>
</gpxtpx:TrackPointExtension>
</extensions>
</trkpt>
<trkpt lat="36.9747057" lon="127.8840996">
<ele>65.786</ele>
<time>2026-05-14T13:58:41Z</time>
<extensions>
<gpxtpx:TrackPointExtension>
<gpxtpx:hr>157</gpxtpx:hr>
<gpxtpx:cad>181</gpxtpx:cad>
</gpxtpx:TrackPointExtension>
</extensions>
</trkpt>
<trkpt lat="36.9747017" lon="127.8840669">
<ele>65.798</ele>
<time>2026-05-14T13:58:42Z</time>
<extensions>
<gpxtpx:TrackPointExtension>
<gpxtpx:hr>158</gpxtpx:hr>
</gpxtpx:TrackPointExtension>
</extensions>
</trkpt>
<trkpt lat="36.9746985" lon="127.8840337">
<ele>65.749</ele>
<time>2026-05-14T13:58:43Z</time>
<extensions>
<gpxtpx:TrackPointExtension>
<gpxtpx:hr>158</gpxtpx:hr>
</gpxtpx:TrackPointExtension>
</extensions>
</trkpt>
<trkpt lat="36.9746958" lon="127.8840002">
<ele>65.551</ele>
<time>2026-05-14T13:58:44Z</time>
<extensions>
<gpxtpx:TrackPointExtension>
<gpxtpx:hr>158</gpxtpx:hr>
</gpxtpx:TrackPointExtension>
</extensions>
</trkpt>
<trkpt lat="36.9746933" lon="127.8839666">
<ele>65.386</ele>
<time>2026-05-14T13:58:45Z</time>
<extensions>
<gpxtpx:TrackPointExtension>
<gpxtpx:hr>158</gpxtpx:hr>
</gpxtpx:TrackPointExtension>
</extensions>
</trkpt>
<trkpt lat="36.9746906" lon="127.8839334">
<ele>65.313</ele>
<time>2026-05-14T13:58:46Z</time>
<extensions>
<gpxtpx:TrackPointExtension>
<gpxtpx:hr>159</gpxtpx:hr>
<gpxtpx:cad>179</gpxtpx:cad>
</gpxtpx:TrackPointExtension>
</extensions>
</trkpt>
<trkpt lat="36.9746879" lon="127.8839004">
<ele>65.275</ele>
<time>2026-05-14T13:58:47Z</time>
<extensions>
<gpxtpx:TrackPointExtension>
<gpxtpx:hr>159</gpxtpx:hr>
</gpxtpx:TrackPointExtension>
</extensions>
</trkpt>
<trkpt lat="36.9746852" lon="127.8838675">
<ele>65.447</ele>
<time>2026-05-14T13:58:48Z</time>
<extensions>
<gpxtpx:TrackPointExtension>
<gpxtpx:hr>159</gpxtpx:hr>
</gpxtpx:TrackPointExtension>
</extensions>
</trkpt>
<trkpt lat="36.9746825" lon="127.8838348">
<ele>65.562</ele>
<time>2026-05-14T13:58:49Z</time>
<extensions>
<gpxtpx:TrackPointExtension>
<gpxtpx:hr>159</gpxtpx:hr>
</gpxtpx:TrackPointExtension>
</extensions>
</trkpt>
<trkpt lat="36.9746798" lon="127.8838024">
<ele>65.649</ele>
<time>2026-05-14T13:58:50Z</time>
<extensions>
<gpxtpx:TrackPointExtension>
<gpxtpx:hr>159</gpxtpx:hr>
</gpxtpx:TrackPointExtension>
</extensions>
</trkpt>
<trkpt lat="36.9746772" lon="127.8837701">
<ele>65.706</ele>
<time>2026-05-14T13:58:51Z</time>
<extensions>
<gpxtpx:TrackPointExtension>
<gpxtpx:hr>159</gpxtpx:hr>
<gpxtpx:cad>182</gpxtpx:cad>
</gpxtpx:TrackPointExtension>
</extensions>
</trkpt>
<trkpt lat="36.9746747" lon="127.8837379">
<ele>65.752</ele>
<time>2026-05-14T13:58:52Z</time>
<extensions>
<gpxtpx:TrackPointExtension>
<gpxtpx:hr>158</gpxtpx:hr>
<gpxtpx:cad>182</gpxtpx:cad>
</gpxtpx:TrackPointExtension>
</extensions>
</trkpt>
<trkpt lat="36.9746723" lon="127.883706">
<ele>65.72</ele>
<time>2026-05-14T13:58:53Z</time>
<extensions>
<gpxtpx:TrackPointExtension>
<gpxtpx:hr>158</gpxtpx:hr>
</gpxtpx:TrackPointExtension>
</extensions>
</trkpt>
<trkpt lat="36.9746706" lon="127.8836752">
<ele>65.657</ele>
<time>2026-05-14T13:58:54Z</time>
<extensions>
<gpxtpx:TrackPointExtension>
<gpxtpx:hr>158</gpxtpx:hr>
</gpxtpx:TrackPointExtension>
</extensions>
</trkpt>
<trkpt lat="36.9746684" lon="127.8836435">
<ele>65.704</ele>
<time>2026-05-14T13:58:55Z</time>
<extensions>
<gpxtpx:TrackPointExtension>
<gpxtpx:hr>158</gpxtpx:hr>
</gpxtpx:TrackPointExtension>
</extensions>
</trkpt>
<trkpt lat="36.9746663" lon="127.8836118">
<ele>65.692</ele>
<time>2026-05-14T13:58:56Z</time>
<extensions>
<gpxtpx:TrackPointExtension>
<gpxtpx:hr>158</gpxtpx:hr>
<gpxtpx:cad>182</gpxtpx:cad>
</gpxtpx:TrackPointExtension>
</extensions>
</trkpt>
<trkpt lat="36.974664" lon="127.8835811">
<ele>65.725</ele>
<time>2026-05-14T13:58:57Z</time>
<extensions>
<gpxtpx:TrackPointExtension>
<gpxtpx:hr>158</gpxtpx:hr>
</gpxtpx:TrackPointExtension>
</extensions>
</trkpt>
<trkpt lat="36.974662" lon="127.8835487">
<ele>65.787</ele>
<time>2026-05-14T13:58:58Z</time>
<extensions>
<gpxtpx:TrackPointExtension>
<gpxtpx:hr>158</gpxtpx:hr>
</gpxtpx:TrackPointExtension>
</extensions>
</trkpt>
<trkpt lat="36.9746591" lon="127.8835182">
<ele>65.743</ele>
<time>2026-05-14T13:58:59Z</time>
<extensions>
<gpxtpx:TrackPointExtension>
<gpxtpx:hr>158</gpxtpx:hr>
</gpxtpx:TrackPointExtension>
</extensions>
</trkpt>
<trkpt lat="36.9746572" lon="127.883486">
<ele>65.716</ele>
<time>2026-05-14T13:59:00Z</time>
<extensions>
<gpxtpx:TrackPointExtension>
<gpxtpx:hr>158</gpxtpx:hr>
</gpxtpx:TrackPointExtension>
</extensions>
</trkpt>
<trkpt lat="36.974654" lon="127.883456">
<ele>65.744</ele>
<time>2026-05-14T13:59:01Z</time>
<extensions>
<gpxtpx:TrackPointExtension>
<gpxtpx:hr>158</gpxtpx:hr>
<gpxtpx:cad>179</gpxtpx:cad>
</gpxtpx:TrackPointExtension>
</extensions>
</trkpt>
<trkpt lat="36.9746513" lon="127.8834251">
<ele>65.829</ele>
<time>2026-05-14T13:59:02Z</time>
<extensions>
<gpxtpx:TrackPointExtension>
<gpxtpx:hr>158</gpxtpx:hr>
</gpxtpx:TrackPointExtension>
</extensions>
</trkpt>
<trkpt lat="36.9746483" lon="127.8833944">
<ele>65.822</ele>
<time>2026-05-14T13:59:03Z</time>
<extensions>
<gpxtpx:TrackPointExtension>
<gpxtpx:hr>158</gpxtpx:hr>
</gpxtpx:TrackPointExtension>
</extensions>
</trkpt>
<trkpt lat="36.9746458" lon="127.8833628">
<ele>65.824</ele>
<time>2026-05-14T13:59:04Z</time>
<extensions>
<gpxtpx:TrackPointExtension>
<gpxtpx:hr>158</gpxtpx:hr>
</gpxtpx:TrackPointExtension>
</extensions>
</trkpt>
<trkpt lat="36.9746434" lon="127.8833314">
<ele>65.795</ele>
<time>2026-05-14T13:59:05Z</time>
<extensions>
<gpxtpx:TrackPointExtension>
<gpxtpx:hr>158</gpxtpx:hr>
</gpxtpx:TrackPointExtension>
</extensions>
</trkpt>
<trkpt lat="36.9746409" lon="127.8833001">
<ele>65.856</ele>
<time>2026-05-14T13:59:06Z</time>
<extensions>
<gpxtpx:TrackPointExtension>
<gpxtpx:hr>157</gpxtpx:hr>
<gpxtpx:cad>181</gpxtpx:cad>
</gpxtpx:TrackPointExtension>
</extensions>
</trkpt>
<trkpt lat="36.9746386" lon="127.8832698">
<ele>65.836</ele>
<time>2026-05-14T13:59:07Z</time>
<extensions>
<gpxtpx:TrackPointExtension>
<gpxtpx:hr>157</gpxtpx:hr>
</gpxtpx:TrackPointExtension>
</extensions>
</trkpt>
<trkpt lat="36.9746362" lon="127.8832389">
<ele>65.795</ele>
<time>2026-05-14T13:59:08Z</time>
<extensions>
<gpxtpx:TrackPointExtension>
<gpxtpx:hr>157</gpxtpx:hr>
</gpxtpx:TrackPointExtension>
</extensions>
</trkpt>
<trkpt lat="36.9746338" lon="127.8832091">
<ele>65.797</ele>
<time>2026-05-14T13:59:09Z</time>
<extensions>
<gpxtpx:TrackPointExtension>
<gpxtpx:hr>157</gpxtpx:hr>
</gpxtpx:TrackPointExtension>
</extensions>
</trkpt>
<trkpt lat="36.9746316" lon="127.8831776">
<ele>65.765</ele>
<time>2026-05-14T13:59:10Z</time>
<extensions>
<gpxtpx:TrackPointExtension>
<gpxtpx:hr>157</gpxtpx:hr>
</gpxtpx:TrackPointExtension>
</extensions>
</trkpt>
<trkpt lat="36.974629" lon="127.8831474">
<ele>65.735</ele>
<time>2026-05-14T13:59:11Z</time>
<extensions>
<gpxtpx:TrackPointExtension>
<gpxtpx:hr>157</gpxtpx:hr>
<gpxtpx:cad>180</gpxtpx:cad>
</gpxtpx:TrackPointExtension>
</extensions>
</trkpt>
<trkpt lat="36.9746272" lon="127.8831151">
<ele>65.757</ele>
<time>2026-05-14T13:59:12Z</time>
<extensions>
<gpxtpx:TrackPointExtension>
<gpxtpx:hr>158</gpxtpx:hr>
</gpxtpx:TrackPointExtension>
</extensions>
</trkpt>
<trkpt lat="36.9746245" lon="127.8830846">
<ele>65.795</ele>
<time>2026-05-14T13:59:13Z</time>
<extensions>
<gpxtpx:TrackPointExtension>
<gpxtpx:hr>158</gpxtpx:hr>
</gpxtpx:TrackPointExtension>
</extensions>
</trkpt>
<trkpt lat="36.9746234" lon="127.8830523">
<ele>65.748</ele>
<time>2026-05-14T13:59:14Z</time>
<extensions>
<gpxtpx:TrackPointExtension>
<gpxtpx:hr>158</gpxtpx:hr>
</gpxtpx:TrackPointExtension>
</extensions>
</trkpt>
<trkpt lat="36.9746217" lon="127.8830206">
<ele>65.791</ele>
<time>2026-05-14T13:59:15Z</time>
<extensions>
<gpxtpx:TrackPointExtension>
<gpxtpx:hr>159</gpxtpx:hr>
</gpxtpx:TrackPointExtension>
</extensions>
</trkpt>
<trkpt lat="36.9746192" lon="127.8829895">
<ele>65.969</ele>
<time>2026-05-14T13:59:16Z</time>
<extensions>
<gpxtpx:TrackPointExtension>
<gpxtpx:hr>159</gpxtpx:hr>
<gpxtpx:cad>178</gpxtpx:cad>
</gpxtpx:TrackPointExtension>
</extensions>
</trkpt>
<trkpt lat="36.9746192" lon="127.8829571">
<ele>66.015</ele>
<time>2026-05-14T13:59:17Z</time>
<extensions>
<gpxtpx:TrackPointExtension>
<gpxtpx:hr>159</gpxtpx:hr>
</gpxtpx:TrackPointExtension>
</extensions>
</trkpt>
<trkpt lat="36.9746169" lon="127.8829254">
<ele>66.018</ele>
<time>2026-05-14T13:59:18Z</time>
<extensions>
<gpxtpx:TrackPointExtension>
<gpxtpx:hr>159</gpxtpx:hr>
</gpxtpx:TrackPointExtension>
</extensions>
</trkpt>
<trkpt lat="36.9746147" lon="127.8828932">
<ele>65.982</ele>
<time>2026-05-14T13:59:19Z</time>
<extensions>
<gpxtpx:TrackPointExtension>
<gpxtpx:hr>159</gpxtpx:hr>
</gpxtpx:TrackPointExtension>
</extensions>
</trkpt>
<trkpt lat="36.9746144" lon="127.8828609">
<ele>65.936</ele>
<time>2026-05-14T13:59:20Z</time>
<extensions>
<gpxtpx:TrackPointExtension>
<gpxtpx:hr>160</gpxtpx:hr>
</gpxtpx:TrackPointExtension>
</extensions>
</trkpt>
<trkpt lat="36.9746129" lon="127.8828283">
<ele>65.81</ele>
<time>2026-05-14T13:59:21Z</time>
<extensions>
<gpxtpx:TrackPointExtension>
<gpxtpx:hr>159</gpxtpx:hr>
<gpxtpx:cad>177</gpxtpx:cad>
</gpxtpx:TrackPointExtension>
</extensions>
</trkpt>
<trkpt lat="36.9746152" lon="127.8827964">
<ele>65.694</ele>
<time>2026-05-14T13:59:22Z</time>
<extensions>
<gpxtpx:TrackPointExtension>
<gpxtpx:hr>159</gpxtpx:hr>
</gpxtpx:TrackPointExtension>
</extensions>
</trkpt>
<trkpt lat="36.9746178" lon="127.8827649">
<ele>65.639</ele>
<time>2026-05-14T13:59:23Z</time>
<extensions>
<gpxtpx:TrackPointExtension>
<gpxtpx:hr>159</gpxtpx:hr>
</gpxtpx:TrackPointExtension>
</extensions>
</trkpt>
<trkpt lat="36.9746207" lon="127.8827336">
<ele>65.656</ele>
<time>2026-05-14T13:59:24Z</time>
<extensions>
<gpxtpx:TrackPointExtension>
<gpxtpx:hr>158</gpxtpx:hr>
</gpxtpx:TrackPointExtension>
</extensions>
</trkpt>
<trkpt lat="36.9746223" lon="127.8827017">
<ele>65.643</ele>
<time>2026-05-14T13:59:25Z</time>
<extensions>
<gpxtpx:TrackPointExtension>
<gpxtpx:hr>157</gpxtpx:hr>
</gpxtpx:TrackPointExtension>
</extensions>
</trkpt>
<trkpt lat="36.9746232" lon="127.8826694">
<ele>65.595</ele>
<time>2026-05-14T13:59:26Z</time>
<extensions>
<gpxtpx:TrackPointExtension>
<gpxtpx:hr>156</gpxtpx:hr>
<gpxtpx:cad>173</gpxtpx:cad>
</gpxtpx:TrackPointExtension>
</extensions>
</trkpt>
<trkpt lat="36.9746265" lon="127.8826381">
<ele>65.615</ele>
<time>2026-05-14T13:59:27Z</time>
<extensions>
<gpxtpx:TrackPointExtension>
<gpxtpx:hr>156</gpxtpx:hr>
<gpxtpx:cad>173</gpxtpx:cad>
</gpxtpx:TrackPointExtension>
</extensions>
</trkpt>
<trkpt lat="36.9746284" lon="127.8826058">
<ele>65.635</ele>
<time>2026-05-14T13:59:28Z</time>
<extensions>
<gpxtpx:TrackPointExtension>
<gpxtpx:hr>156</gpxtpx:hr>
</gpxtpx:TrackPointExtension>
</extensions>
</trkpt>
<trkpt lat="36.9746313" lon="127.8825743">
<ele>65.697</ele>
<time>2026-05-14T13:59:29Z</time>
<extensions>
<gpxtpx:TrackPointExtension>
<gpxtpx:hr>156</gpxtpx:hr>
</gpxtpx:TrackPointExtension>
</extensions>
</trkpt>
<trkpt lat="36.974634" lon="127.8825426">
<ele>65.673</ele>
<time>2026-05-14T13:59:30Z</time>
<extensions>
<gpxtpx:TrackPointExtension>
<gpxtpx:hr>157</gpxtpx:hr>
</gpxtpx:TrackPointExtension>
</extensions>
</trkpt>
<trkpt lat="36.9746375" lon="127.882512">
<ele>65.658</ele>
<time>2026-05-14T13:59:31Z</time>
<extensions>
<gpxtpx:TrackPointExtension>
<gpxtpx:hr>157</gpxtpx:hr>
<gpxtpx:cad>173</gpxtpx:cad>
</gpxtpx:TrackPointExtension>
</extensions>
</trkpt>
<trkpt lat="36.9746408" lon="127.8824807">
<ele>65.659</ele>
<time>2026-05-14T13:59:32Z</time>
<extensions>
<gpxtpx:TrackPointExtension>
<gpxtpx:hr>157</gpxtpx:hr>
</gpxtpx:TrackPointExtension>
</extensions>
</trkpt>
<trkpt lat="36.9746443" lon="127.8824507">
<ele>65.651</ele>
<time>2026-05-14T13:59:33Z</time>
<extensions>
<gpxtpx:TrackPointExtension>
<gpxtpx:hr>156</gpxtpx:hr>
</gpxtpx:TrackPointExtension>
</extensions>
</trkpt>
<trkpt lat="36.9746479" lon="127.8824202">
<ele>65.666</ele>
<time>2026-05-14T13:59:34Z</time>
<extensions>
<gpxtpx:TrackPointExtension>
<gpxtpx:hr>156</gpxtpx:hr>
</gpxtpx:TrackPointExtension>
</extensions>
</trkpt>
<trkpt lat="36.9746514" lon="127.8823898">
<ele>65.683</ele>
<time>2026-05-14T13:59:35Z</time>
<extensions>
<gpxtpx:TrackPointExtension>
<gpxtpx:hr>157</gpxtpx:hr>
</gpxtpx:TrackPointExtension>
</extensions>
</trkpt>
<trkpt lat="36.9746549" lon="127.8823598">
<ele>65.527</ele>
<time>2026-05-14T13:59:36Z</time>
<extensions>
<gpxtpx:TrackPointExtension>
<gpxtpx:hr>157</gpxtpx:hr>
<gpxtpx:cad>174</gpxtpx:cad>
</gpxtpx:TrackPointExtension>
</extensions>
</trkpt>
<trkpt lat="36.9746574" lon="127.8823302">
<ele>65.478</ele>
<time>2026-05-14T13:59:37Z</time>
<extensions>
<gpxtpx:TrackPointExtension>
<gpxtpx:hr>158</gpxtpx:hr>
</gpxtpx:TrackPointExtension>
</extensions>
</trkpt>
<trkpt lat="36.9746609" lon="127.8823002">
<ele>65.499</ele>
<time>2026-05-14T13:59:38Z</time>
<extensions>
<gpxtpx:TrackPointExtension>
<gpxtpx:hr>158</gpxtpx:hr>
</gpxtpx:TrackPointExtension>
</extensions>
</trkpt>
<trkpt lat="36.9746629" lon="127.8822703">
<ele>65.552</ele>
<time>2026-05-14T13:59:39Z</time>
<extensions>
<gpxtpx:TrackPointExtension>
<gpxtpx:hr>158</gpxtpx:hr>
</gpxtpx:TrackPointExtension>
</extensions>
</trkpt>
<trkpt lat="36.9746645" lon="127.8822401">
<ele>65.576</ele>
<time>2026-05-14T13:59:40Z</time>
<extensions>
<gpxtpx:TrackPointExtension>
<gpxtpx:hr>158</gpxtpx:hr>
</gpxtpx:TrackPointExtension>
</extensions>
</trkpt>
<trkpt lat="36.9746658" lon="127.8822095">
<ele>65.602</ele>
<time>2026-05-14T13:59:41Z</time>
<extensions>
<gpxtpx:TrackPointExtension>
<gpxtpx:hr>158</gpxtpx:hr>
<gpxtpx:cad>175</gpxtpx:cad>
</gpxtpx:TrackPointExtension>
</extensions>
</trkpt>
<trkpt lat="36.9746668" lon="127.8821789">
<ele>65.628</ele>
<time>2026-05-14T13:59:42Z</time>
<extensions>
<gpxtpx:TrackPointExtension>
<gpxtpx:hr>158</gpxtpx:hr>
</gpxtpx:TrackPointExtension>
</extensions>
</trkpt>
<trkpt lat="36.9746675" lon="127.8821482">
<ele>65.659</ele>
<time>2026-05-14T13:59:43Z</time>
<extensions>
<gpxtpx:TrackPointExtension>
<gpxtpx:hr>158</gpxtpx:hr>
</gpxtpx:TrackPointExtension>
</extensions>
</trkpt>
<trkpt lat="36.97467" lon="127.882118">
<ele>65.65</ele>
<time>2026-05-14T13:59:44Z</time>
<extensions>
<gpxtpx:TrackPointExtension>
<gpxtpx:hr>158</gpxtpx:hr>
</gpxtpx:TrackPointExtension>
</extensions>
</trkpt>
<trkpt lat="36.9746723" lon="127.8820878">
<ele>65.678</ele>
<time>2026-05-14T13:59:45Z</time>
<extensions>
<gpxtpx:TrackPointExtension>
<gpxtpx:hr>158</gpxtpx:hr>
</gpxtpx:TrackPointExtension>
</extensions>
</trkpt>
<trkpt lat="36.9746742" lon="127.8820576">
<ele>65.675</ele>
<time>2026-05-14T13:59:46Z</time>
<extensions>
<gpxtpx:TrackPointExtension>
<gpxtpx:hr>158</gpxtpx:hr>
<gpxtpx:cad>177</gpxtpx:cad>
</gpxtpx:TrackPointExtension>
</extensions>
</trkpt>
<trkpt lat="36.9746757" lon="127.8820274">
<ele>65.716</ele>
<time>2026-05-14T13:59:47Z</time>
<extensions>
<gpxtpx:TrackPointExtension>
<gpxtpx:hr>158</gpxtpx:hr>
</gpxtpx:TrackPointExtension>
</extensions>
</trkpt>
<trkpt lat="36.9746762" lon="127.8819964">
<ele>65.728</ele>
<time>2026-05-14T13:59:48Z</time>
<extensions>
<gpxtpx:TrackPointExtension>
<gpxtpx:hr>158</gpxtpx:hr>
</gpxtpx:TrackPointExtension>
</extensions>
</trkpt>
<trkpt lat="36.9746766" lon="127.8819653">
<ele>65.728</ele>
<time>2026-05-14T13:59:49Z</time>
<extensions>
<gpxtpx:TrackPointExtension>
<gpxtpx:hr>158</gpxtpx:hr>
</gpxtpx:TrackPointExtension>
</extensions>
</trkpt>
<trkpt lat="36.9746769" lon="127.8819339">
<ele>65.756</ele>
<time>2026-05-14T13:59:50Z</time>
<extensions>
<gpxtpx:TrackPointExtension>
<gpxtpx:hr>158</gpxtpx:hr>
</gpxtpx:TrackPointExtension>
</extensions>
</trkpt>
<trkpt lat="36.9746772" lon="127.8819025">
<ele>65.786</ele>
<time>2026-05-14T13:59:51Z</time>
<extensions>
<gpxtpx:TrackPointExtension>
<gpxtpx:hr>157</gpxtpx:hr>
<gpxtpx:cad>179</gpxtpx:cad>
</gpxtpx:TrackPointExtension>
</extensions>
</trkpt>
<trkpt lat="36.9746775" lon="127.881871">
<ele>65.828</ele>
<time>2026-05-14T13:59:52Z</time>
<extensions>
<gpxtpx:TrackPointExtension>
<gpxtpx:hr>157</gpxtpx:hr>
</gpxtpx:TrackPointExtension>
</extensions>
</trkpt>
<trkpt lat="36.9746777" lon="127.8818394">
<ele>65.792</ele>
<time>2026-05-14T13:59:53Z</time>
<extensions>
<gpxtpx:TrackPointExtension>
<gpxtpx:hr>157</gpxtpx:hr>
</gpxtpx:TrackPointExtension>
</extensions>
</trkpt>
<trkpt lat="36.9746783" lon="127.8818068">
<ele>65.73</ele>
<time>2026-05-14T13:59:54Z</time>
<extensions>
<gpxtpx:TrackPointExtension>
<gpxtpx:hr>157</gpxtpx:hr>
</gpxtpx:TrackPointExtension>
</extensions>
</trkpt>
<trkpt lat="36.9746784" lon="127.8817753">
<ele>65.762</ele>
<time>2026-05-14T13:59:55Z</time>
<extensions>
<gpxtpx:TrackPointExtension>
<gpxtpx:hr>157</gpxtpx:hr>
</gpxtpx:TrackPointExtension>
</extensions>
</trkpt>
<trkpt lat="36.9746797" lon="127.8817425">
<ele>65.718</ele>
<time>2026-05-14T13:59:56Z</time>
<extensions>
<gpxtpx:TrackPointExtension>
<gpxtpx:hr>157</gpxtpx:hr>
<gpxtpx:cad>178</gpxtpx:cad>
</gpxtpx:TrackPointExtension>
</extensions>
</trkpt>
<trkpt lat="36.97468" lon="127.8817103">
<ele>65.721</ele>
<time>2026-05-14T13:59:57Z</time>
<extensions>
<gpxtpx:TrackPointExtension>
<gpxtpx:hr>157</gpxtpx:hr>
</gpxtpx:TrackPointExtension>
</extensions>
</trkpt>
<trkpt lat="36.9746802" lon="127.8816777">
<ele>65.743</ele>
<time>2026-05-14T13:59:58Z</time>
<extensions>
<gpxtpx:TrackPointExtension>
<gpxtpx:hr>157</gpxtpx:hr>
</gpxtpx:TrackPointExtension>
</extensions>
</trkpt>
<trkpt lat="36.9746814" lon="127.8816448">
<ele>65.733</ele>
<time>2026-05-14T13:59:59Z</time>
<extensions>
<gpxtpx:TrackPointExtension>
<gpxtpx:hr>157</gpxtpx:hr>
</gpxtpx:TrackPointExtension>
</extensions>
</trkpt>
<trkpt lat="36.9746826" lon="127.881612">
<ele>65.74</ele>
<time>2026-05-14T14:00:00Z</time>
<extensions>
<gpxtpx:TrackPointExtension>
<gpxtpx:hr>157</gpxtpx:hr>
</gpxtpx:TrackPointExtension>
</extensions>
</trkpt>
<trkpt lat="36.9746837" lon="127.8815793">
<ele>65.743</ele>
<time>2026-05-14T14:00:01Z</time>
<extensions>
<gpxtpx:TrackPointExtension>
<gpxtpx:hr>156</gpxtpx:hr>
<gpxtpx:cad>180</gpxtpx:cad>
</gpxtpx:TrackPointExtension>
</extensions>
</trkpt>
<trkpt lat="36.9746852" lon="127.8815469">
<ele>65.636</ele>
<time>2026-05-14T14:00:02Z</time>
<extensions>
<gpxtpx:TrackPointExtension>
<gpxtpx:hr>156</gpxtpx:hr>
</gpxtpx:TrackPointExtension>
</extensions>
</trkpt>
<trkpt lat="36.9746862" lon="127.8815143">
<ele>65.608</ele>
<time>2026-05-14T14:00:03Z</time>
<extensions>
<gpxtpx:TrackPointExtension>
<gpxtpx:hr>156</gpxtpx:hr>
<gpxtpx:cad>181</gpxtpx:cad>
</gpxtpx:TrackPointExtension>
</extensions>
</trkpt>
<trkpt lat="36.9746875" lon="127.881482">
<ele>65.573</ele>
<time>2026-05-14T14:00:04Z</time>
<extensions>
<gpxtpx:TrackPointExtension>
<gpxtpx:hr>156</gpxtpx:hr>
</gpxtpx:TrackPointExtension>
</extensions>
</trkpt>
<trkpt lat="36.9746883" lon="127.8814494">
<ele>65.594</ele>
<time>2026-05-14T14:00:05Z</time>
<extensions>
<gpxtpx:TrackPointExtension>
<gpxtpx:hr>156</gpxtpx:hr>
</gpxtpx:TrackPointExtension>
</extensions>
</trkpt>
<trkpt lat="36.9746896" lon="127.8814173">
<ele>65.714</ele>
<time>2026-05-14T14:00:06Z</time>
<extensions>
<gpxtpx:TrackPointExtension>
<gpxtpx:hr>155</gpxtpx:hr>
<gpxtpx:cad>182</gpxtpx:cad>
</gpxtpx:TrackPointExtension>
</extensions>
</trkpt>
<trkpt lat="36.9746906" lon="127.881385">
<ele>65.755</ele>
<time>2026-05-14T14:00:07Z</time>
<extensions>
<gpxtpx:TrackPointExtension>
<gpxtpx:hr>155</gpxtpx:hr>
</gpxtpx:TrackPointExtension>
</extensions>
</trkpt>
<trkpt lat="36.974692" lon="127.8813524">
<ele>65.728</ele>
<time>2026-05-14T14:00:08Z</time>
</trkpt>
<trkpt lat="36.9746934" lon="127.8813198">
<ele>65.781</ele>
<time>2026-05-14T14:00:09Z</time>
<extensions>
<gpxtpx:TrackPointExtension>
<gpxtpx:hr>155</gpxtpx:hr>
</gpxtpx:TrackPointExtension>
</extensions>
</trkpt>
<trkpt lat="36.974695" lon="127.8812871">
<ele>65.818</ele>
<time>2026-05-14T14:00:10Z</time>
<extensions>
<gpxtpx:TrackPointExtension>
<gpxtpx:hr>155</gpxtpx:hr>
</gpxtpx:TrackPointExtension>
</extensions>
</trkpt>
<trkpt lat="36.9746967" lon="127.8812543">
<ele>65.835</ele>
<time>2026-05-14T14:00:11Z</time>
<extensions>
<gpxtpx:TrackPointExtension>
<gpxtpx:hr>156</gpxtpx:hr>
<gpxtpx:cad>177</gpxtpx:cad>
</gpxtpx:TrackPointExtension>
</extensions>
</trkpt>
<trkpt lat="36.9746987" lon="127.8812216">
<ele>65.867</ele>
<time>2026-05-14T14:00:12Z</time>
<extensions>
<gpxtpx:TrackPointExtension>
<gpxtpx:hr>156</gpxtpx:hr>
</gpxtpx:TrackPointExtension>
</extensions>
</trkpt>
<trkpt lat="36.9747005" lon="127.881189">
<ele>65.898</ele>
<time>2026-05-14T14:00:13Z</time>
<extensions>
<gpxtpx:TrackPointExtension>
<gpxtpx:hr>157</gpxtpx:hr>
</gpxtpx:TrackPointExtension>
</extensions>
</trkpt>
<trkpt lat="36.9747022" lon="127.8811566">
<ele>65.917</ele>
<time>2026-05-14T14:00:14Z</time>
<extensions>
<gpxtpx:TrackPointExtension>
<gpxtpx:hr>156</gpxtpx:hr>
</gpxtpx:TrackPointExtension>
</extensions>
</trkpt>
<trkpt lat="36.9747037" lon="127.8811242">
<ele>65.958</ele>
<time>2026-05-14T14:00:15Z</time>
<extensions>
<gpxtpx:TrackPointExtension>
<gpxtpx:hr>156</gpxtpx:hr>
</gpxtpx:TrackPointExtension>
</extensions>
</trkpt>
<trkpt lat="36.974705" lon="127.8810919">
<ele>65.943</ele>
<time>2026-05-14T14:00:16Z</time>
<extensions>
<gpxtpx:TrackPointExtension>
<gpxtpx:hr>156</gpxtpx:hr>
<gpxtpx:cad>177</gpxtpx:cad>
</gpxtpx:TrackPointExtension>
</extensions>
</trkpt>
<trkpt lat="36.9747061" lon="127.8810594">
<ele>65.868</ele>
<time>2026-05-14T14:00:17Z</time>
<extensions>
<gpxtpx:TrackPointExtension>
<gpxtpx:hr>156</gpxtpx:hr>
</gpxtpx:TrackPointExtension>
</extensions>
</trkpt>
<trkpt lat="36.9747074" lon="127.8810271">
<ele>65.803</ele>
<time>2026-05-14T14:00:18Z</time>
<extensions>
<gpxtpx:TrackPointExtension>
<gpxtpx:hr>157</gpxtpx:hr>
</gpxtpx:TrackPointExtension>
</extensions>
</trkpt>
<trkpt lat="36.9747079" lon="127.8809946">
<ele>65.733</ele>
<time>2026-05-14T14:00:19Z</time>
<extensions>
<gpxtpx:TrackPointExtension>
<gpxtpx:hr>157</gpxtpx:hr>
</gpxtpx:TrackPointExtension>
</extensions>
</trkpt>
<trkpt lat="36.974709" lon="127.8809621">
<ele>65.638</ele>
<time>2026-05-14T14:00:20Z</time>
<extensions>
<gpxtpx:TrackPointExtension>
<gpxtpx:hr>157</gpxtpx:hr>
</gpxtpx:TrackPointExtension>
</extensions>
</trkpt>
<trkpt lat="36.9747096" lon="127.8809297">
<ele>65.697</ele>
<time>2026-05-14T14:00:21Z</time>
<extensions>
<gpxtpx:TrackPointExtension>
<gpxtpx:hr>157</gpxtpx:hr>
<gpxtpx:cad>180</gpxtpx:cad>
</gpxtpx:TrackPointExtension>
</extensions>
</trkpt>
<trkpt lat="36.9747113" lon="127.8808969">
<ele>65.612</ele>
<time>2026-05-14T14:00:22Z</time>
<extensions>
<gpxtpx:TrackPointExtension>
<gpxtpx:hr>157</gpxtpx:hr>
</gpxtpx:TrackPointExtension>
</extensions>
</trkpt>
<trkpt lat="36.9747123" lon="127.8808641">
<ele>65.634</ele>
<time>2026-05-14T14:00:23Z</time>
<extensions>
<gpxtpx:TrackPointExtension>
<gpxtpx:hr>157</gpxtpx:hr>
</gpxtpx:TrackPointExtension>
</extensions>
</trkpt>
<trkpt lat="36.9747143" lon="127.8808309">
<ele>65.555</ele>
<time>2026-05-14T14:00:24Z</time>
<extensions>
<gpxtpx:TrackPointExtension>
<gpxtpx:hr>157</gpxtpx:hr>
</gpxtpx:TrackPointExtension>
</extensions>
</trkpt>
<trkpt lat="36.9747149" lon="127.8807982">
<ele>65.465</ele>
<time>2026-05-14T14:00:25Z</time>
<extensions>
<gpxtpx:TrackPointExtension>
<gpxtpx:hr>157</gpxtpx:hr>
</gpxtpx:TrackPointExtension>
</extensions>
</trkpt>
<trkpt lat="36.9747151" lon="127.8807656">
<ele>65.402</ele>
<time>2026-05-14T14:00:26Z</time>
<extensions>
<gpxtpx:TrackPointExtension>
<gpxtpx:hr>157</gpxtpx:hr>
<gpxtpx:cad>172</gpxtpx:cad>
</gpxtpx:TrackPointExtension>
</extensions>
</trkpt>
<trkpt lat="36.9747135" lon="127.8807337">
<ele>65.526</ele>
<time>2026-05-14T14:00:27Z</time>
<extensions>
<gpxtpx:TrackPointExtension>
<gpxtpx:hr>157</gpxtpx:hr>
</gpxtpx:TrackPointExtension>
</extensions>
</trkpt>
<trkpt lat="36.9747124" lon="127.8807016">
<ele>65.508</ele>
<time>2026-05-14T14:00:28Z</time>
<extensions>
<gpxtpx:TrackPointExtension>
<gpxtpx:hr>157</gpxtpx:hr>
</gpxtpx:TrackPointExtension>
</extensions>
</trkpt>
<trkpt lat="36.9747095" lon="127.88067">
<ele>65.602</ele>
<time>2026-05-14T14:00:29Z</time>
<extensions>
<gpxtpx:TrackPointExtension>
<gpxtpx:hr>157</gpxtpx:hr>
</gpxtpx:TrackPointExtension>
</extensions>
</trkpt>
<trkpt lat="36.9747071" lon="127.8806383">
<ele>65.681</ele>
<time>2026-05-14T14:00:30Z</time>
<extensions>
<gpxtpx:TrackPointExtension>
<gpxtpx:hr>158</gpxtpx:hr>
</gpxtpx:TrackPointExtension>
</extensions>
</trkpt>
<trkpt lat="36.9747029" lon="127.8806068">
<ele>65.69</ele>
<time>2026-05-14T14:00:31Z</time>
<extensions>
<gpxtpx:TrackPointExtension>
<gpxtpx:hr>157</gpxtpx:hr>
<gpxtpx:cad>170</gpxtpx:cad>
</gpxtpx:TrackPointExtension>
</extensions>
</trkpt>
<trkpt lat="36.9746992" lon="127.8805753">
<ele>65.641</ele>
<time>2026-05-14T14:00:32Z</time>
<extensions>
<gpxtpx:TrackPointExtension>
<gpxtpx:hr>157</gpxtpx:hr>
</gpxtpx:TrackPointExtension>
</extensions>
</trkpt>
<trkpt lat="36.9746934" lon="127.880544">
<ele>65.473</ele>
<time>2026-05-14T14:00:33Z</time>
<extensions>
<gpxtpx:TrackPointExtension>
<gpxtpx:hr>157</gpxtpx:hr>
</gpxtpx:TrackPointExtension>
</extensions>
</trkpt>
<trkpt lat="36.9746883" lon="127.8805126">
<ele>65.221</ele>
<time>2026-05-14T14:00:34Z</time>
<extensions>
<gpxtpx:TrackPointExtension>
<gpxtpx:hr>157</gpxtpx:hr>
</gpxtpx:TrackPointExtension>
</extensions>
</trkpt>
<trkpt lat="36.9746808" lon="127.8804821">
<ele>65.077</ele>
<time>2026-05-14T14:00:35Z</time>
<extensions>
<gpxtpx:TrackPointExtension>
<gpxtpx:hr>158</gpxtpx:hr>
</gpxtpx:TrackPointExtension>
</extensions>
</trkpt>
<trkpt lat="36.9746739" lon="127.8804512">
<ele>65.226</ele>
<time>2026-05-14T14:00:36Z</time>
<extensions>
<gpxtpx:TrackPointExtension>
<gpxtpx:hr>158</gpxtpx:hr>
<gpxtpx:cad>174</gpxtpx:cad>
</gpxtpx:TrackPointExtension>
</extensions>
</trkpt>
<trkpt lat="36.974665" lon="127.8804221">
<ele>65.381</ele>
<time>2026-05-14T14:00:37Z</time>
<extensions>
<gpxtpx:TrackPointExtension>
<gpxtpx:hr>159</gpxtpx:hr>
<gpxtpx:cad>174</gpxtpx:cad>
</gpxtpx:TrackPointExtension>
</extensions>
</trkpt>
<trkpt lat="36.9746561" lon="127.8803931">
<ele>65.382</ele>
<time>2026-05-14T14:00:38Z</time>
<extensions>
<gpxtpx:TrackPointExtension>
<gpxtpx:hr>159</gpxtpx:hr>
</gpxtpx:TrackPointExtension>
</extensions>
</trkpt>
<trkpt lat="36.9746463" lon="127.8803652">
<ele>65.348</ele>
<time>2026-05-14T14:00:39Z</time>
<extensions>
<gpxtpx:TrackPointExtension>
<gpxtpx:hr>159</gpxtpx:hr>
</gpxtpx:TrackPointExtension>
</extensions>
</trkpt>
<trkpt lat="36.9746369" lon="127.8803369">
<ele>65.376</ele>
<time>2026-05-14T14:00:40Z</time>
<extensions>
<gpxtpx:TrackPointExtension>
<gpxtpx:hr>158</gpxtpx:hr>
</gpxtpx:TrackPointExtension>
</extensions>
</trkpt>
<trkpt lat="36.9746268" lon="127.8803095">
<ele>65.385</ele>
<time>2026-05-14T14:00:41Z</time>
<extensions>
<gpxtpx:TrackPointExtension>
<gpxtpx:hr>158</gpxtpx:hr>
<gpxtpx:cad>174</gpxtpx:cad>
</gpxtpx:TrackPointExtension>
</extensions>
</trkpt>
<trkpt lat="36.9746168" lon="127.8802819">
<ele>65.333</ele>
<time>2026-05-14T14:00:42Z</time>
<extensions>
<gpxtpx:TrackPointExtension>
<gpxtpx:hr>158</gpxtpx:hr>
</gpxtpx:TrackPointExtension>
</extensions>
</trkpt>
<trkpt lat="36.9746065" lon="127.8802541">
<ele>65.388</ele>
<time>2026-05-14T14:00:43Z</time>
<extensions>
<gpxtpx:TrackPointExtension>
<gpxtpx:hr>157</gpxtpx:hr>
</gpxtpx:TrackPointExtension>
</extensions>
</trkpt>
<trkpt lat="36.9745961" lon="127.8802258">
<ele>65.378</ele>
<time>2026-05-14T14:00:44Z</time>
<extensions>
<gpxtpx:TrackPointExtension>
<gpxtpx:hr>157</gpxtpx:hr>
</gpxtpx:TrackPointExtension>
</extensions>
</trkpt>
<trkpt lat="36.9745858" lon="127.8801974">
<ele>65.357</ele>
<time>2026-05-14T14:00:45Z</time>
<extensions>
<gpxtpx:TrackPointExtension>
<gpxtpx:hr>157</gpxtpx:hr>
</gpxtpx:TrackPointExtension>
</extensions>
</trkpt>
<trkpt lat="36.9745754" lon="127.8801685">
<ele>65.322</ele>
<time>2026-05-14T14:00:46Z</time>
<extensions>
<gpxtpx:TrackPointExtension>
<gpxtpx:hr>157</gpxtpx:hr>
<gpxtpx:cad>177</gpxtpx:cad>
</gpxtpx:TrackPointExtension>
</extensions>
</trkpt>
<trkpt lat="36.9745652" lon="127.88014">
<ele>65.201</ele>
<time>2026-05-14T14:00:47Z</time>
<extensions>
<gpxtpx:TrackPointExtension>
<gpxtpx:hr>157</gpxtpx:hr>
</gpxtpx:TrackPointExtension>
</extensions>
</trkpt>
<trkpt lat="36.974555" lon="127.8801119">
<ele>65.164</ele>
<time>2026-05-14T14:00:48Z</time>
<extensions>
<gpxtpx:TrackPointExtension>
<gpxtpx:hr>157</gpxtpx:hr>
</gpxtpx:TrackPointExtension>
</extensions>
</trkpt>
<trkpt lat="36.9745448" lon="127.8800839">
<ele>65.151</ele>
<time>2026-05-14T14:00:49Z</time>
<extensions>
<gpxtpx:TrackPointExtension>
<gpxtpx:hr>157</gpxtpx:hr>
</gpxtpx:TrackPointExtension>
</extensions>
</trkpt>
<trkpt lat="36.9745346" lon="127.880056">
<ele>65.136</ele>
<time>2026-05-14T14:00:50Z</time>
<extensions>
<gpxtpx:TrackPointExtension>
<gpxtpx:hr>157</gpxtpx:hr>
</gpxtpx:TrackPointExtension>
</extensions>
</trkpt>
<trkpt lat="36.9745241" lon="127.8800274">
<ele>65.137</ele>
<time>2026-05-14T14:00:51Z</time>
<extensions>
<gpxtpx:TrackPointExtension>
<gpxtpx:hr>157</gpxtpx:hr>
<gpxtpx:cad>182</gpxtpx:cad>
</gpxtpx:TrackPointExtension>
</extensions>
</trkpt>
<trkpt lat="36.9745138" lon="127.879999">
<ele>65.098</ele>
<time>2026-05-14T14:00:52Z</time>
<extensions>
<gpxtpx:TrackPointExtension>
<gpxtpx:hr>157</gpxtpx:hr>
</gpxtpx:TrackPointExtension>
</extensions>
</trkpt>
<trkpt lat="36.9745035" lon="127.87997">
<ele>65.015</ele>
<time>2026-05-14T14:00:53Z</time>
<extensions>
<gpxtpx:TrackPointExtension>
<gpxtpx:hr>157</gpxtpx:hr>
</gpxtpx:TrackPointExtension>
</extensions>
</trkpt>
<trkpt lat="36.9744934" lon="127.8799418">
<ele>64.997</ele>
<time>2026-05-14T14:00:54Z</time>
<extensions>
<gpxtpx:TrackPointExtension>
<gpxtpx:hr>157</gpxtpx:hr>
</gpxtpx:TrackPointExtension>
</extensions>
</trkpt>
<trkpt lat="36.9744834" lon="127.8799142">
<ele>65.008</ele>
<time>2026-05-14T14:00:55Z</time>
<extensions>
<gpxtpx:TrackPointExtension>
<gpxtpx:hr>157</gpxtpx:hr>
</gpxtpx:TrackPointExtension>
</extensions>
</trkpt>
<trkpt lat="36.9744734" lon="127.8798868">
<ele>64.996</ele>
<time>2026-05-14T14:00:56Z</time>
<extensions>
<gpxtpx:TrackPointExtension>
<gpxtpx:hr>157</gpxtpx:hr>
<gpxtpx:cad>181</gpxtpx:cad>
</gpxtpx:TrackPointExtension>
</extensions>
</trkpt>
<trkpt lat="36.9744634" lon="127.8798599">
<ele>65.032</ele>
<time>2026-05-14T14:00:57Z</time>
<extensions>
<gpxtpx:TrackPointExtension>
<gpxtpx:hr>157</gpxtpx:hr>
</gpxtpx:TrackPointExtension>
</extensions>
</trkpt>
<trkpt lat="36.9744532" lon="127.8798336">
<ele>65.047</ele>
<time>2026-05-14T14:00:58Z</time>
<extensions>
<gpxtpx:TrackPointExtension>
<gpxtpx:hr>157</gpxtpx:hr>
</gpxtpx:TrackPointExtension>
</extensions>
</trkpt>
<trkpt lat="36.9744432" lon="127.879807">
<ele>65.004</ele>
<time>2026-05-14T14:00:59Z</time>
<extensions>
<gpxtpx:TrackPointExtension>
<gpxtpx:hr>157</gpxtpx:hr>
</gpxtpx:TrackPointExtension>
</extensions>
</trkpt>
<trkpt lat="36.9744326" lon="127.8797812">
<ele>65.009</ele>
<time>2026-05-14T14:01:00Z</time>
<extensions>
<gpxtpx:TrackPointExtension>
<gpxtpx:hr>157</gpxtpx:hr>
</gpxtpx:TrackPointExtension>
</extensions>
</trkpt>
<trkpt lat="36.974422" lon="127.8797555">
<ele>65.046</ele>
<time>2026-05-14T14:01:01Z</time>
<extensions>
<gpxtpx:TrackPointExtension>
<gpxtpx:hr>157</gpxtpx:hr>
<gpxtpx:cad>181</gpxtpx:cad>
</gpxtpx:TrackPointExtension>
</extensions>
</trkpt>
<trkpt lat="36.9744111" lon="127.87973">
<ele>65.078</ele>
<time>2026-05-14T14:01:02Z</time>
<extensions>
<gpxtpx:TrackPointExtension>
<gpxtpx:hr>157</gpxtpx:hr>
</gpxtpx:TrackPointExtension>
</extensions>
</trkpt>
<trkpt lat="36.9743998" lon="127.8797048">
<ele>65.064</ele>
<time>2026-05-14T14:01:03Z</time>
<extensions>
<gpxtpx:TrackPointExtension>
<gpxtpx:hr>157</gpxtpx:hr>
</gpxtpx:TrackPointExtension>
</extensions>
</trkpt>
<trkpt lat="36.9743882" lon="127.8796798">
<ele>65.057</ele>
<time>2026-05-14T14:01:04Z</time>
<extensions>
<gpxtpx:TrackPointExtension>
<gpxtpx:hr>157</gpxtpx:hr>
</gpxtpx:TrackPointExtension>
</extensions>
</trkpt>
<trkpt lat="36.9743766" lon="127.8796548">
<ele>65.045</ele>
<time>2026-05-14T14:01:05Z</time>
<extensions>
<gpxtpx:TrackPointExtension>
<gpxtpx:hr>157</gpxtpx:hr>
</gpxtpx:TrackPointExtension>
</extensions>
</trkpt>
<trkpt lat="36.9743639" lon="127.8796304">
<ele>65.036</ele>
<time>2026-05-14T14:01:06Z</time>
<extensions>
<gpxtpx:TrackPointExtension>
<gpxtpx:hr>157</gpxtpx:hr>
<gpxtpx:cad>180</gpxtpx:cad>
</gpxtpx:TrackPointExtension>
</extensions>
</trkpt>
<trkpt lat="36.9743515" lon="127.8796057">
<ele>65.067</ele>
<time>2026-05-14T14:01:07Z</time>
<extensions>
<gpxtpx:TrackPointExtension>
<gpxtpx:hr>157</gpxtpx:hr>
</gpxtpx:TrackPointExtension>
</extensions>
</trkpt>
<trkpt lat="36.9743386" lon="127.8795814">
<ele>65.051</ele>
<time>2026-05-14T14:01:08Z</time>
<extensions>
<gpxtpx:TrackPointExtension>
<gpxtpx:hr>157</gpxtpx:hr>
</gpxtpx:TrackPointExtension>
</extensions>
</trkpt>
<trkpt lat="36.9743254" lon="127.8795571">
<ele>65.092</ele>
<time>2026-05-14T14:01:09Z</time>
<extensions>
<gpxtpx:TrackPointExtension>
<gpxtpx:hr>157</gpxtpx:hr>
</gpxtpx:TrackPointExtension>
</extensions>
</trkpt>
<trkpt lat="36.9743118" lon="127.8795329">
<ele>65.129</ele>
<time>2026-05-14T14:01:10Z</time>
<extensions>
<gpxtpx:TrackPointExtension>
<gpxtpx:hr>157</gpxtpx:hr>
</gpxtpx:TrackPointExtension>
</extensions>
</trkpt>
<trkpt lat="36.9742983" lon="127.8795086">
<ele>65.15</ele>
<time>2026-05-14T14:01:11Z</time>
<extensions>
<gpxtpx:TrackPointExtension>
<gpxtpx:hr>157</gpxtpx:hr>
<gpxtpx:cad>178</gpxtpx:cad>
</gpxtpx:TrackPointExtension>
</extensions>
</trkpt>
<trkpt lat="36.9742846" lon="127.8794843">
<ele>65.133</ele>
<time>2026-05-14T14:01:12Z</time>
<extensions>
<gpxtpx:TrackPointExtension>
<gpxtpx:hr>157</gpxtpx:hr>
</gpxtpx:TrackPointExtension>
</extensions>
</trkpt>
<trkpt lat="36.9742709" lon="127.8794601">
<ele>65.129</ele>
<time>2026-05-14T14:01:13Z</time>
<extensions>
<gpxtpx:TrackPointExtension>
<gpxtpx:hr>157</gpxtpx:hr>
</gpxtpx:TrackPointExtension>
</extensions>
</trkpt>
<trkpt lat="36.9742572" lon="127.879436">
<ele>65.204</ele>
<time>2026-05-14T14:01:14Z</time>
<extensions>
<gpxtpx:TrackPointExtension>
<gpxtpx:hr>157</gpxtpx:hr>
</gpxtpx:TrackPointExtension>
</extensions>
</trkpt>
<trkpt lat="36.9742428" lon="127.8794111">
<ele>65.22</ele>
<time>2026-05-14T14:01:15Z</time>
<extensions>
<gpxtpx:TrackPointExtension>
<gpxtpx:hr>157</gpxtpx:hr>
<gpxtpx:cad>176</gpxtpx:cad>
</gpxtpx:TrackPointExtension>
</extensions>
</trkpt>
<trkpt lat="36.974228" lon="127.8793858">
<ele>65.216</ele>
<time>2026-05-14T14:01:16Z</time>
<extensions>
<gpxtpx:TrackPointExtension>
<gpxtpx:hr>157</gpxtpx:hr>
<gpxtpx:cad>175</gpxtpx:cad>
</gpxtpx:TrackPointExtension>
</extensions>
</trkpt>
<trkpt lat="36.9742131" lon="127.8793603">
<ele>65.219</ele>
<time>2026-05-14T14:01:17Z</time>
<extensions>
<gpxtpx:TrackPointExtension>
<gpxtpx:hr>157</gpxtpx:hr>
</gpxtpx:TrackPointExtension>
</extensions>
</trkpt>
<trkpt lat="36.9741976" lon="127.8793345">
<ele>65.224</ele>
<time>2026-05-14T14:01:18Z</time>
<extensions>
<gpxtpx:TrackPointExtension>
<gpxtpx:hr>157</gpxtpx:hr>
</gpxtpx:TrackPointExtension>
</extensions>
</trkpt>
<trkpt lat="36.9741817" lon="127.8793093">
<ele>65.194</ele>
<time>2026-05-14T14:01:19Z</time>
<extensions>
<gpxtpx:TrackPointExtension>
<gpxtpx:hr>157</gpxtpx:hr>
</gpxtpx:TrackPointExtension>
</extensions>
</trkpt>
<trkpt lat="36.974166" lon="127.8792842">
<ele>65.185</ele>
<time>2026-05-14T14:01:20Z</time>
<extensions>
<gpxtpx:TrackPointExtension>
<gpxtpx:hr>157</gpxtpx:hr>
</gpxtpx:TrackPointExtension>
</extensions>
</trkpt>
<trkpt lat="36.9741497" lon="127.8792596">
<ele>65.197</ele>
<time>2026-05-14T14:01:21Z</time>
<extensions>
<gpxtpx:TrackPointExtension>
<gpxtpx:hr>157</gpxtpx:hr>
<gpxtpx:cad>175</gpxtpx:cad>
</gpxtpx:TrackPointExtension>
</extensions>
</trkpt>
<trkpt lat="36.9741338" lon="127.8792347">
<ele>65.247</ele>
<time>2026-05-14T14:01:22Z</time>
<extensions>
<gpxtpx:TrackPointExtension>
<gpxtpx:hr>157</gpxtpx:hr>
</gpxtpx:TrackPointExtension>
</extensions>
</trkpt>
<trkpt lat="36.9741176" lon="127.8792101">
<ele>65.253</ele>
<time>2026-05-14T14:01:23Z</time>
<extensions>
<gpxtpx:TrackPointExtension>
<gpxtpx:hr>157</gpxtpx:hr>
</gpxtpx:TrackPointExtension>
</extensions>
</trkpt>
<trkpt lat="36.9741" lon="127.8791867">
<ele>65.265</ele>
<time>2026-05-14T14:01:24Z</time>
<extensions>
<gpxtpx:TrackPointExtension>
<gpxtpx:hr>157</gpxtpx:hr>
</gpxtpx:TrackPointExtension>
</extensions>
</trkpt>
<trkpt lat="36.974083" lon="127.8791629">
<ele>65.236</ele>
<time>2026-05-14T14:01:25Z</time>
<extensions>
<gpxtpx:TrackPointExtension>
<gpxtpx:hr>157</gpxtpx:hr>
</gpxtpx:TrackPointExtension>
</extensions>
</trkpt>
<trkpt lat="36.9740653" lon="127.8791395">
<ele>65.263</ele>
<time>2026-05-14T14:01:26Z</time>
<extensions>
<gpxtpx:TrackPointExtension>
<gpxtpx:hr>157</gpxtpx:hr>
<gpxtpx:cad>178</gpxtpx:cad>
</gpxtpx:TrackPointExtension>
</extensions>
</trkpt>
<trkpt lat="36.9740462" lon="127.8791176">
<ele>65.266</ele>
<time>2026-05-14T14:01:27Z</time>
<extensions>
<gpxtpx:TrackPointExtension>
<gpxtpx:hr>157</gpxtpx:hr>
</gpxtpx:TrackPointExtension>
</extensions>
</trkpt>
<trkpt lat="36.9740275" lon="127.8790952">
<ele>65.265</ele>
<time>2026-05-14T14:01:28Z</time>
<extensions>
<gpxtpx:TrackPointExtension>
<gpxtpx:hr>156</gpxtpx:hr>
</gpxtpx:TrackPointExtension>
</extensions>
</trkpt>
<trkpt lat="36.9740077" lon="127.8790741">
<ele>65.301</ele>
<time>2026-05-14T14:01:29Z</time>
<extensions>
<gpxtpx:TrackPointExtension>
<gpxtpx:hr>156</gpxtpx:hr>
</gpxtpx:TrackPointExtension>
</extensions>
</trkpt>
<trkpt lat="36.9739881" lon="127.8790527">
<ele>65.294</ele>
<time>2026-05-14T14:01:30Z</time>
<extensions>
<gpxtpx:TrackPointExtension>
<gpxtpx:hr>156</gpxtpx:hr>
</gpxtpx:TrackPointExtension>
</extensions>
</trkpt>
<trkpt lat="36.9739683" lon="127.8790321">
<ele>65.298</ele>
<time>2026-05-14T14:01:31Z</time>
<extensions>
<gpxtpx:TrackPointExtension>
<gpxtpx:hr>156</gpxtpx:hr>
<gpxtpx:cad>180</gpxtpx:cad>
</gpxtpx:TrackPointExtension>
</extensions>
</trkpt>
<trkpt lat="36.9739485" lon="127.8790113">
<ele>65.292</ele>
<time>2026-05-14T14:01:32Z</time>
<extensions>
<gpxtpx:TrackPointExtension>
<gpxtpx:hr>156</gpxtpx:hr>
</gpxtpx:TrackPointExtension>
</extensions>
</trkpt>
<trkpt lat="36.973929" lon="127.8789903">
<ele>65.384</ele>
<time>2026-05-14T14:01:33Z</time>
<extensions>
<gpxtpx:TrackPointExtension>
<gpxtpx:hr>156</gpxtpx:hr>
</gpxtpx:TrackPointExtension>
</extensions>
</trkpt>
<trkpt lat="36.9739094" lon="127.8789695">
<ele>65.456</ele>
<time>2026-05-14T14:01:34Z</time>
<extensions>
<gpxtpx:TrackPointExtension>
<gpxtpx:hr>155</gpxtpx:hr>
</gpxtpx:TrackPointExtension>
</extensions>
</trkpt>
<trkpt lat="36.97389" lon="127.8789486">
<ele>65.564</ele>
<time>2026-05-14T14:01:35Z</time>
<extensions>
<gpxtpx:TrackPointExtension>
<gpxtpx:hr>155</gpxtpx:hr>
</gpxtpx:TrackPointExtension>
</extensions>
</trkpt>
<trkpt lat="36.9738709" lon="127.8789275">
<ele>65.704</ele>
<time>2026-05-14T14:01:36Z</time>
<extensions>
<gpxtpx:TrackPointExtension>
<gpxtpx:hr>155</gpxtpx:hr>
<gpxtpx:cad>177</gpxtpx:cad>
</gpxtpx:TrackPointExtension>
</extensions>
</trkpt>
<trkpt lat="36.9738521" lon="127.8789054">
<ele>65.785</ele>
<time>2026-05-14T14:01:37Z</time>
<extensions>
<gpxtpx:TrackPointExtension>
<gpxtpx:hr>154</gpxtpx:hr>
</gpxtpx:TrackPointExtension>
</extensions>
</trkpt>
<trkpt lat="36.9738333" lon="127.878883">
<ele>65.788</ele>
<time>2026-05-14T14:01:38Z</time>
<extensions>
<gpxtpx:TrackPointExtension>
<gpxtpx:hr>154</gpxtpx:hr>
</gpxtpx:TrackPointExtension>
</extensions>
</trkpt>
<trkpt lat="36.9738133" lon="127.8788615">
<ele>65.797</ele>
<time>2026-05-14T14:01:39Z</time>
<extensions>
<gpxtpx:TrackPointExtension>
<gpxtpx:hr>154</gpxtpx:hr>
</gpxtpx:TrackPointExtension>
</extensions>
</trkpt>
<trkpt lat="36.9737927" lon="127.8788406">
<ele>65.77</ele>
<time>2026-05-14T14:01:40Z</time>
<extensions>
<gpxtpx:TrackPointExtension>
<gpxtpx:hr>153</gpxtpx:hr>
</gpxtpx:TrackPointExtension>
</extensions>
</trkpt>
<trkpt lat="36.9737712" lon="127.8788207">
<ele>65.798</ele>
<time>2026-05-14T14:01:41Z</time>
<extensions>
<gpxtpx:TrackPointExtension>
<gpxtpx:hr>153</gpxtpx:hr>
<gpxtpx:cad>174</gpxtpx:cad>
</gpxtpx:TrackPointExtension>
</extensions>
</trkpt>
<trkpt lat="36.9737481" lon="127.8788028">
<ele>65.83</ele>
<time>2026-05-14T14:01:42Z</time>
<extensions>
<gpxtpx:TrackPointExtension>
<gpxtpx:hr>153</gpxtpx:hr>
</gpxtpx:TrackPointExtension>
</extensions>
</trkpt>
<trkpt lat="36.973725" lon="127.8787851">
<ele>65.833</ele>
<time>2026-05-14T14:01:43Z</time>
<extensions>
<gpxtpx:TrackPointExtension>
<gpxtpx:hr>152</gpxtpx:hr>
</gpxtpx:TrackPointExtension>
</extensions>
</trkpt>
<trkpt lat="36.9737009" lon="127.8787693">
<ele>65.702</ele>
<time>2026-05-14T14:01:44Z</time>
<extensions>
<gpxtpx:TrackPointExtension>
<gpxtpx:hr>153</gpxtpx:hr>
</gpxtpx:TrackPointExtension>
</extensions>
</trkpt>
<trkpt lat="36.9736772" lon="127.8787528">
<ele>65.737</ele>
<time>2026-05-14T14:01:45Z</time>
<extensions>
<gpxtpx:TrackPointExtension>
<gpxtpx:hr>153</gpxtpx:hr>
</gpxtpx:TrackPointExtension>
</extensions>
</trkpt>
<trkpt lat="36.9736525" lon="127.8787385">
<ele>65.799</ele>
<time>2026-05-14T14:01:46Z</time>
<extensions>
<gpxtpx:TrackPointExtension>
<gpxtpx:hr>153</gpxtpx:hr>
<gpxtpx:cad>177</gpxtpx:cad>
</gpxtpx:TrackPointExtension>
</extensions>
</trkpt>
<trkpt lat="36.973628" lon="127.8787237">
<ele>65.794</ele>
<time>2026-05-14T14:01:47Z</time>
<extensions>
<gpxtpx:TrackPointExtension>
<gpxtpx:hr>153</gpxtpx:hr>
</gpxtpx:TrackPointExtension>
</extensions>
</trkpt>
<trkpt lat="36.9736032" lon="127.8787107">
<ele>65.829</ele>
<time>2026-05-14T14:01:48Z</time>
<extensions>
<gpxtpx:TrackPointExtension>
<gpxtpx:hr>153</gpxtpx:hr>
</gpxtpx:TrackPointExtension>
</extensions>
</trkpt>
<trkpt lat="36.9735785" lon="127.8786972">
<ele>65.744</ele>
<time>2026-05-14T14:01:49Z</time>
<extensions>
<gpxtpx:TrackPointExtension>
<gpxtpx:hr>153</gpxtpx:hr>
<gpxtpx:cad>177</gpxtpx:cad>
</gpxtpx:TrackPointExtension>
</extensions>
</trkpt>
<trkpt lat="36.9735537" lon="127.8786852">
<ele>65.749</ele>
<time>2026-05-14T14:01:50Z</time>
<extensions>
<gpxtpx:TrackPointExtension>
<gpxtpx:hr>153</gpxtpx:hr>
</gpxtpx:TrackPointExtension>
</extensions>
</trkpt>
<trkpt lat="36.973529" lon="127.8786731">
<ele>65.787</ele>
<time>2026-05-14T14:01:51Z</time>
<extensions>
<gpxtpx:TrackPointExtension>
<gpxtpx:hr>153</gpxtpx:hr>
<gpxtpx:cad>176</gpxtpx:cad>
</gpxtpx:TrackPointExtension>
</extensions>
</trkpt>
<trkpt lat="36.9735042" lon="127.8786613">
<ele>65.769</ele>
<time>2026-05-14T14:01:52Z</time>
<extensions>
<gpxtpx:TrackPointExtension>
<gpxtpx:hr>154</gpxtpx:hr>
</gpxtpx:TrackPointExtension>
</extensions>
</trkpt>
<trkpt lat="36.9734794" lon="127.8786497">
<ele>65.762</ele>
<time>2026-05-14T14:01:53Z</time>
<extensions>
<gpxtpx:TrackPointExtension>
<gpxtpx:hr>154</gpxtpx:hr>
</gpxtpx:TrackPointExtension>
</extensions>
</trkpt>
<trkpt lat="36.9734546" lon="127.8786382">
<ele>65.733</ele>
<time>2026-05-14T14:01:54Z</time>
<extensions>
<gpxtpx:TrackPointExtension>
<gpxtpx:hr>154</gpxtpx:hr>
</gpxtpx:TrackPointExtension>
</extensions>
</trkpt>
<trkpt lat="36.9734296" lon="127.8786267">
<ele>65.699</ele>
<time>2026-05-14T14:01:55Z</time>
<extensions>
<gpxtpx:TrackPointExtension>
<gpxtpx:hr>155</gpxtpx:hr>
</gpxtpx:TrackPointExtension>
</extensions>
</trkpt>
<trkpt lat="36.9734047" lon="127.8786152">
<ele>65.667</ele>
<time>2026-05-14T14:01:56Z</time>
<extensions>
<gpxtpx:TrackPointExtension>
<gpxtpx:hr>155</gpxtpx:hr>
<gpxtpx:cad>178</gpxtpx:cad>
</gpxtpx:TrackPointExtension>
</extensions>
</trkpt>
<trkpt lat="36.9733795" lon="127.8786036">
<ele>65.631</ele>
<time>2026-05-14T14:01:57Z</time>
<extensions>
<gpxtpx:TrackPointExtension>
<gpxtpx:hr>156</gpxtpx:hr>
</gpxtpx:TrackPointExtension>
</extensions>
</trkpt>
<trkpt lat="36.9733543" lon="127.8785921">
<ele>65.681</ele>
<time>2026-05-14T14:01:58Z</time>
<extensions>
<gpxtpx:TrackPointExtension>
<gpxtpx:hr>156</gpxtpx:hr>
</gpxtpx:TrackPointExtension>
</extensions>
</trkpt>
<trkpt lat="36.9733291" lon="127.8785803">
<ele>65.646</ele>
<time>2026-05-14T14:01:59Z</time>
<extensions>
<gpxtpx:TrackPointExtension>
<gpxtpx:hr>156</gpxtpx:hr>
</gpxtpx:TrackPointExtension>
</extensions>
</trkpt>
<trkpt lat="36.9733041" lon="127.8785684">
<ele>65.658</ele>
<time>2026-05-14T14:02:00Z</time>
<extensions>
<gpxtpx:TrackPointExtension>
<gpxtpx:hr>156</gpxtpx:hr>
</gpxtpx:TrackPointExtension>
</extensions>
</trkpt>
<trkpt lat="36.9732795" lon="127.8785559">
<ele>65.618</ele>
<time>2026-05-14T14:02:01Z</time>
<extensions>
<gpxtpx:TrackPointExtension>
<gpxtpx:hr>156</gpxtpx:hr>
<gpxtpx:cad>182</gpxtpx:cad>
</gpxtpx:TrackPointExtension>
</extensions>
</trkpt>
<trkpt lat="36.9732548" lon="127.8785437">
<ele>65.637</ele>
<time>2026-05-14T14:02:02Z</time>
<extensions>
<gpxtpx:TrackPointExtension>
<gpxtpx:hr>156</gpxtpx:hr>
</gpxtpx:TrackPointExtension>
</extensions>
</trkpt>
<trkpt lat="36.9732299" lon="127.8785318">
<ele>65.723</ele>
<time>2026-05-14T14:02:03Z</time>
<extensions>
<gpxtpx:TrackPointExtension>
<gpxtpx:hr>156</gpxtpx:hr>
</gpxtpx:TrackPointExtension>
</extensions>
</trkpt>
<trkpt lat="36.9732049" lon="127.8785202">
<ele>65.703</ele>
<time>2026-05-14T14:02:04Z</time>
<extensions>
<gpxtpx:TrackPointExtension>
<gpxtpx:hr>156</gpxtpx:hr>
</gpxtpx:TrackPointExtension>
</extensions>
</trkpt>
<trkpt lat="36.9731797" lon="127.8785086">
<ele>65.63</ele>
<time>2026-05-14T14:02:05Z</time>
<extensions>
<gpxtpx:TrackPointExtension>
<gpxtpx:hr>157</gpxtpx:hr>
</gpxtpx:TrackPointExtension>
</extensions>
</trkpt>
<trkpt lat="36.9731547" lon="127.8784967">
<ele>65.574</ele>
<time>2026-05-14T14:02:06Z</time>
<extensions>
<gpxtpx:TrackPointExtension>
<gpxtpx:hr>157</gpxtpx:hr>
<gpxtpx:cad>183</gpxtpx:cad>
</gpxtpx:TrackPointExtension>
</extensions>
</trkpt>
<trkpt lat="36.9731296" lon="127.8784849">
<ele>65.677</ele>
<time>2026-05-14T14:02:07Z</time>
<extensions>
<gpxtpx:TrackPointExtension>
<gpxtpx:hr>157</gpxtpx:hr>
</gpxtpx:TrackPointExtension>
</extensions>
</trkpt>
<trkpt lat="36.9731045" lon="127.878473">
<ele>65.801</ele>
<time>2026-05-14T14:02:08Z</time>
<extensions>
<gpxtpx:TrackPointExtension>
<gpxtpx:hr>157</gpxtpx:hr>
</gpxtpx:TrackPointExtension>
</extensions>
</trkpt>
<trkpt lat="36.9730797" lon="127.8784609">
<ele>65.898</ele>
<time>2026-05-14T14:02:09Z</time>
<extensions>
<gpxtpx:TrackPointExtension>
<gpxtpx:hr>157</gpxtpx:hr>
</gpxtpx:TrackPointExtension>
</extensions>
</trkpt>
<trkpt lat="36.9730548" lon="127.878449">
<ele>66.02</ele>
<time>2026-05-14T14:02:10Z</time>
<extensions>
<gpxtpx:TrackPointExtension>
<gpxtpx:hr>157</gpxtpx:hr>
</gpxtpx:TrackPointExtension>
</extensions>
</trkpt>
<trkpt lat="36.9730297" lon="127.8784377">
<ele>66.063</ele>
<time>2026-05-14T14:02:11Z</time>
<extensions>
<gpxtpx:TrackPointExtension>
<gpxtpx:hr>157</gpxtpx:hr>
<gpxtpx:cad>180</gpxtpx:cad>
</gpxtpx:TrackPointExtension>
</extensions>
</trkpt>
<trkpt lat="36.9730042" lon="127.8784271">
<ele>66.062</ele>
<time>2026-05-14T14:02:12Z</time>
<extensions>
<gpxtpx:TrackPointExtension>
<gpxtpx:hr>157</gpxtpx:hr>
</gpxtpx:TrackPointExtension>
</extensions>
</trkpt>
<trkpt lat="36.9729786" lon="127.8784168">
<ele>66.101</ele>
<time>2026-05-14T14:02:13Z</time>
</trkpt>
<trkpt lat="36.9729532" lon="127.8784055">
<ele>66.051</ele>
<time>2026-05-14T14:02:14Z</time>
<extensions>
<gpxtpx:TrackPointExtension>
<gpxtpx:hr>157</gpxtpx:hr>
</gpxtpx:TrackPointExtension>
</extensions>
</trkpt>
<trkpt lat="36.972928" lon="127.8783934">
<ele>66.016</ele>
<time>2026-05-14T14:02:15Z</time>
<extensions>
<gpxtpx:TrackPointExtension>
<gpxtpx:hr>157</gpxtpx:hr>
</gpxtpx:TrackPointExtension>
</extensions>
</trkpt>
<trkpt lat="36.9729031" lon="127.8783808">
<ele>66.074</ele>
<time>2026-05-14T14:02:16Z</time>
<extensions>
<gpxtpx:TrackPointExtension>
<gpxtpx:hr>158</gpxtpx:hr>
<gpxtpx:cad>180</gpxtpx:cad>
</gpxtpx:TrackPointExtension>
</extensions>
</trkpt>
<trkpt lat="36.9728786" lon="127.8783677">
<ele>66.118</ele>
<time>2026-05-14T14:02:17Z</time>
<extensions>
<gpxtpx:TrackPointExtension>
<gpxtpx:hr>158</gpxtpx:hr>
</gpxtpx:TrackPointExtension>
</extensions>
</trkpt>
<trkpt lat="36.9728548" lon="127.8783551">
<ele>66.118</ele>
<time>2026-05-14T14:02:18Z</time>
<extensions>
<gpxtpx:TrackPointExtension>
<gpxtpx:hr>158</gpxtpx:hr>
</gpxtpx:TrackPointExtension>
</extensions>
</trkpt>
<trkpt lat="36.972831" lon="127.8783429">
<ele>66.227</ele>
<time>2026-05-14T14:02:19Z</time>
<extensions>
<gpxtpx:TrackPointExtension>
<gpxtpx:hr>158</gpxtpx:hr>
</gpxtpx:TrackPointExtension>
</extensions>
</trkpt>
<trkpt lat="36.9728076" lon="127.8783313">
<ele>66.283</ele>
<time>2026-05-14T14:02:20Z</time>
<extensions>
<gpxtpx:TrackPointExtension>
<gpxtpx:hr>158</gpxtpx:hr>
</gpxtpx:TrackPointExtension>
</extensions>
</trkpt>
<trkpt lat="36.9727847" lon="127.8783217">
<ele>66.379</ele>
<time>2026-05-14T14:02:21Z</time>
<extensions>
<gpxtpx:TrackPointExtension>
<gpxtpx:hr>157</gpxtpx:hr>
<gpxtpx:cad>178</gpxtpx:cad>
</gpxtpx:TrackPointExtension>
</extensions>
</trkpt>
<trkpt lat="36.9727617" lon="127.8783112">
<ele>66.444</ele>
<time>2026-05-14T14:02:22Z</time>
<extensions>
<gpxtpx:TrackPointExtension>
<gpxtpx:hr>157</gpxtpx:hr>
</gpxtpx:TrackPointExtension>
</extensions>
</trkpt>
<trkpt lat="36.9727389" lon="127.8783036">
<ele>66.495</ele>
<time>2026-05-14T14:02:23Z</time>
<extensions>
<gpxtpx:TrackPointExtension>
<gpxtpx:hr>157</gpxtpx:hr>
<gpxtpx:cad>176</gpxtpx:cad>
</gpxtpx:TrackPointExtension>
</extensions>
</trkpt>
<trkpt lat="36.9727161" lon="127.8782952">
<ele>66.48</ele>
<time>2026-05-14T14:02:24Z</time>
<extensions>
<gpxtpx:TrackPointExtension>
<gpxtpx:hr>157</gpxtpx:hr>
</gpxtpx:TrackPointExtension>
</extensions>
</trkpt>
<trkpt lat="36.9726931" lon="127.8782887">
<ele>66.404</ele>
<time>2026-05-14T14:02:25Z</time>
<extensions>
<gpxtpx:TrackPointExtension>
<gpxtpx:hr>158</gpxtpx:hr>
</gpxtpx:TrackPointExtension>
</extensions>
</trkpt>
<trkpt lat="36.9726695" lon="127.8782836">
<ele>66.457</ele>
<time>2026-05-14T14:02:26Z</time>
<extensions>
<gpxtpx:TrackPointExtension>
<gpxtpx:hr>158</gpxtpx:hr>
<gpxtpx:cad>173</gpxtpx:cad>
</gpxtpx:TrackPointExtension>
</extensions>
</trkpt>
<trkpt lat="36.9726461" lon="127.8782779">
<ele>66.566</ele>
<time>2026-05-14T14:02:27Z</time>
<extensions>
<gpxtpx:TrackPointExtension>
<gpxtpx:hr>159</gpxtpx:hr>
</gpxtpx:TrackPointExtension>
</extensions>
</trkpt>
<trkpt lat="36.9726219" lon="127.8782733">
<ele>66.638</ele>
<time>2026-05-14T14:02:28Z</time>
<extensions>
<gpxtpx:TrackPointExtension>
<gpxtpx:hr>159</gpxtpx:hr>
</gpxtpx:TrackPointExtension>
</extensions>
</trkpt>
<trkpt lat="36.9725976" lon="127.8782689">
<ele>66.633</ele>
<time>2026-05-14T14:02:29Z</time>
<extensions>
<gpxtpx:TrackPointExtension>
<gpxtpx:hr>159</gpxtpx:hr>
</gpxtpx:TrackPointExtension>
</extensions>
</trkpt>
<trkpt lat="36.9725723" lon="127.878265">
<ele>66.579</ele>
<time>2026-05-14T14:02:30Z</time>
<extensions>
<gpxtpx:TrackPointExtension>
<gpxtpx:hr>159</gpxtpx:hr>
<gpxtpx:cad>171</gpxtpx:cad>
</gpxtpx:TrackPointExtension>
</extensions>
</trkpt>
<trkpt lat="36.9725464" lon="127.8782611">
<ele>66.708</ele>
<time>2026-05-14T14:02:31Z</time>
<extensions>
<gpxtpx:TrackPointExtension>
<gpxtpx:hr>159</gpxtpx:hr>
</gpxtpx:TrackPointExtension>
</extensions>
</trkpt>
<trkpt lat="36.9725199" lon="127.8782569">
<ele>66.727</ele>
<time>2026-05-14T14:02:32Z</time>
<extensions>
<gpxtpx:TrackPointExtension>
<gpxtpx:hr>159</gpxtpx:hr>
</gpxtpx:TrackPointExtension>
</extensions>
</trkpt>
<trkpt lat="36.9724934" lon="127.8782523">
<ele>66.744</ele>
<time>2026-05-14T14:02:33Z</time>
<extensions>
<gpxtpx:TrackPointExtension>
<gpxtpx:hr>160</gpxtpx:hr>
</gpxtpx:TrackPointExtension>
</extensions>
</trkpt>
<trkpt lat="36.9724671" lon="127.8782481">
<ele>66.785</ele>
<time>2026-05-14T14:02:34Z</time>
<extensions>
<gpxtpx:TrackPointExtension>
<gpxtpx:hr>160</gpxtpx:hr>
</gpxtpx:TrackPointExtension>
</extensions>
</trkpt>
<trkpt lat="36.9724405" lon="127.8782423">
<ele>66.863</ele>
<time>2026-05-14T14:02:35Z</time>
<extensions>
<gpxtpx:TrackPointExtension>
<gpxtpx:hr>160</gpxtpx:hr>
<gpxtpx:cad>172</gpxtpx:cad>
</gpxtpx:TrackPointExtension>
</extensions>
</trkpt>
<trkpt lat="36.9724139" lon="127.8782373">
<ele>66.847</ele>
<time>2026-05-14T14:02:36Z</time>
<extensions>
<gpxtpx:TrackPointExtension>
<gpxtpx:hr>160</gpxtpx:hr>
</gpxtpx:TrackPointExtension>
</extensions>
</trkpt>
<trkpt lat="36.9723873" lon="127.878232">
<ele>66.858</ele>
<time>2026-05-14T14:02:37Z</time>
<extensions>
<gpxtpx:TrackPointExtension>
<gpxtpx:hr>160</gpxtpx:hr>
</gpxtpx:TrackPointExtension>
</extensions>
</trkpt>
<trkpt lat="36.9723607" lon="127.8782247">
<ele>66.867</ele>
<time>2026-05-14T14:02:38Z</time>
<extensions>
<gpxtpx:TrackPointExtension>
<gpxtpx:hr>160</gpxtpx:hr>
</gpxtpx:TrackPointExtension>
</extensions>
</trkpt>
<trkpt lat="36.9723341" lon="127.8782172">
<ele>66.905</ele>
<time>2026-05-14T14:02:39Z</time>
<extensions>
<gpxtpx:TrackPointExtension>
<gpxtpx:hr>160</gpxtpx:hr>
</gpxtpx:TrackPointExtension>
</extensions>
</trkpt>
<trkpt lat="36.972308" lon="127.8782071">
<ele>66.831</ele>
<time>2026-05-14T14:02:40Z</time>
<extensions>
<gpxtpx:TrackPointExtension>
<gpxtpx:hr>160</gpxtpx:hr>
<gpxtpx:cad>175</gpxtpx:cad>
</gpxtpx:TrackPointExtension>
</extensions>
</trkpt>
<trkpt lat="36.9722818" lon="127.8781975">
<ele>66.829</ele>
<time>2026-05-14T14:02:41Z</time>
<extensions>
<gpxtpx:TrackPointExtension>
<gpxtpx:hr>160</gpxtpx:hr>
</gpxtpx:TrackPointExtension>
</extensions>
</trkpt>
<trkpt lat="36.972257" lon="127.8781866">
<ele>66.812</ele>
<time>2026-05-14T14:02:42Z</time>
<extensions>
<gpxtpx:TrackPointExtension>
<gpxtpx:hr>160</gpxtpx:hr>
</gpxtpx:TrackPointExtension>
</extensions>
</trkpt>
<trkpt lat="36.9722325" lon="127.8781759">
<ele>66.775</ele>
<time>2026-05-14T14:02:43Z</time>
<extensions>
<gpxtpx:TrackPointExtension>
<gpxtpx:hr>160</gpxtpx:hr>
</gpxtpx:TrackPointExtension>
</extensions>
</trkpt>
<trkpt lat="36.9722093" lon="127.8781649">
<ele>66.717</ele>
<time>2026-05-14T14:02:44Z</time>
<extensions>
<gpxtpx:TrackPointExtension>
<gpxtpx:hr>160</gpxtpx:hr>
</gpxtpx:TrackPointExtension>
</extensions>
</trkpt>
<trkpt lat="36.9721862" lon="127.8781538">
<ele>66.733</ele>
<time>2026-05-14T14:02:45Z</time>
<extensions>
<gpxtpx:TrackPointExtension>
<gpxtpx:hr>160</gpxtpx:hr>
<gpxtpx:cad>177</gpxtpx:cad>
</gpxtpx:TrackPointExtension>
</extensions>
</trkpt>
<trkpt lat="36.9721641" lon="127.8781423">
<ele>66.674</ele>
<time>2026-05-14T14:02:46Z</time>
<extensions>
<gpxtpx:TrackPointExtension>
<gpxtpx:hr>160</gpxtpx:hr>
</gpxtpx:TrackPointExtension>
</extensions>
</trkpt>
<trkpt lat="36.9721416" lon="127.878131">
<ele>66.642</ele>
<time>2026-05-14T14:02:47Z</time>
<extensions>
<gpxtpx:TrackPointExtension>
<gpxtpx:hr>160</gpxtpx:hr>
</gpxtpx:TrackPointExtension>
</extensions>
</trkpt>
<trkpt lat="36.9721198" lon="127.8781191">
<ele>66.605</ele>
<time>2026-05-14T14:02:48Z</time>
<extensions>
<gpxtpx:TrackPointExtension>
<gpxtpx:hr>160</gpxtpx:hr>
</gpxtpx:TrackPointExtension>
</extensions>
</trkpt>
<trkpt lat="36.9720981" lon="127.8781068">
<ele>66.536</ele>
<time>2026-05-14T14:02:49Z</time>
<extensions>
<gpxtpx:TrackPointExtension>
<gpxtpx:hr>160</gpxtpx:hr>
</gpxtpx:TrackPointExtension>
</extensions>
</trkpt>
<trkpt lat="36.9720765" lon="127.8780944">
<ele>66.507</ele>
<time>2026-05-14T14:02:50Z</time>
<extensions>
<gpxtpx:TrackPointExtension>
<gpxtpx:hr>161</gpxtpx:hr>
<gpxtpx:cad>179</gpxtpx:cad>
</gpxtpx:TrackPointExtension>
</extensions>
</trkpt>
<trkpt lat="36.9720544" lon="127.878081">
<ele>66.433</ele>
<time>2026-05-14T14:02:51Z</time>
<extensions>
<gpxtpx:TrackPointExtension>
<gpxtpx:hr>161</gpxtpx:hr>
</gpxtpx:TrackPointExtension>
</extensions>
</trkpt>
<trkpt lat="36.9720325" lon="127.8780678">
<ele>66.356</ele>
<time>2026-05-14T14:02:52Z</time>
<extensions>
<gpxtpx:TrackPointExtension>
<gpxtpx:hr>161</gpxtpx:hr>
</gpxtpx:TrackPointExtension>
</extensions>
</trkpt>
<trkpt lat="36.9720094" lon="127.8780538">
<ele>66.303</ele>
<time>2026-05-14T14:02:53Z</time>
<extensions>
<gpxtpx:TrackPointExtension>
<gpxtpx:hr>161</gpxtpx:hr>
</gpxtpx:TrackPointExtension>
</extensions>
</trkpt>
<trkpt lat="36.9719866" lon="127.87804">
<ele>66.075</ele>
<time>2026-05-14T14:02:54Z</time>
<extensions>
<gpxtpx:TrackPointExtension>
<gpxtpx:hr>161</gpxtpx:hr>
</gpxtpx:TrackPointExtension>
</extensions>
</trkpt>
<trkpt lat="36.9719625" lon="127.8780257">
<ele>66.06</ele>
<time>2026-05-14T14:02:55Z</time>
<extensions>
<gpxtpx:TrackPointExtension>
<gpxtpx:hr>161</gpxtpx:hr>
<gpxtpx:cad>178</gpxtpx:cad>
</gpxtpx:TrackPointExtension>
</extensions>
</trkpt>
<trkpt lat="36.9719365" lon="127.8780111">
<ele>65.931</ele>
<time>2026-05-14T14:02:56Z</time>
<extensions>
<gpxtpx:TrackPointExtension>
<gpxtpx:hr>161</gpxtpx:hr>
</gpxtpx:TrackPointExtension>
</extensions>
</trkpt>
<trkpt lat="36.9719113" lon="127.8779968">
<ele>66.028</ele>
<time>2026-05-14T14:02:57Z</time>
<extensions>
<gpxtpx:TrackPointExtension>
<gpxtpx:hr>161</gpxtpx:hr>
</gpxtpx:TrackPointExtension>
</extensions>
</trkpt>
<trkpt lat="36.9718853" lon="127.8779824">
<ele>65.849</ele>
<time>2026-05-14T14:02:58Z</time>
<extensions>
<gpxtpx:TrackPointExtension>
<gpxtpx:hr>161</gpxtpx:hr>
<gpxtpx:cad>175</gpxtpx:cad>
</gpxtpx:TrackPointExtension>
</extensions>
</trkpt>
<trkpt lat="36.9718603" lon="127.8779687">
<ele>65.697</ele>
<time>2026-05-14T14:02:59Z</time>
<extensions>
<gpxtpx:TrackPointExtension>
<gpxtpx:hr>161</gpxtpx:hr>
</gpxtpx:TrackPointExtension>
</extensions>
</trkpt>
<trkpt lat="36.9718363" lon="127.8779551">
<ele>65.672</ele>
<time>2026-05-14T14:03:00Z</time>
<extensions>
<gpxtpx:TrackPointExtension>
<gpxtpx:hr>162</gpxtpx:hr>
<gpxtpx:cad>175</gpxtpx:cad>
</gpxtpx:TrackPointExtension>
</extensions>
</trkpt>
<trkpt lat="36.9718126" lon="127.8779416">
<ele>65.902</ele>
<time>2026-05-14T14:03:01Z</time>
</trkpt>
<trkpt lat="36.9717895" lon="127.8779287">
<ele>65.805</ele>
<time>2026-05-14T14:03:02Z</time>
<extensions>
<gpxtpx:TrackPointExtension>
<gpxtpx:hr>162</gpxtpx:hr>
</gpxtpx:TrackPointExtension>
</extensions>
</trkpt>
<trkpt lat="36.9717655" lon="127.877915">
<ele>65.724</ele>
<time>2026-05-14T14:03:03Z</time>
<extensions>
<gpxtpx:TrackPointExtension>
<gpxtpx:hr>162</gpxtpx:hr>
</gpxtpx:TrackPointExtension>
</extensions>
</trkpt>
<trkpt lat="36.9717422" lon="127.8779023">
<ele>65.672</ele>
<time>2026-05-14T14:03:04Z</time>
<extensions>
<gpxtpx:TrackPointExtension>
<gpxtpx:hr>162</gpxtpx:hr>
</gpxtpx:TrackPointExtension>
</extensions>
</trkpt>
<trkpt lat="36.971718" lon="127.8778888">
<ele>65.632</ele>
<time>2026-05-14T14:03:05Z</time>
<extensions>
<gpxtpx:TrackPointExtension>
<gpxtpx:hr>162</gpxtpx:hr>
<gpxtpx:cad>177</gpxtpx:cad>
</gpxtpx:TrackPointExtension>
</extensions>
</trkpt>
<trkpt lat="36.971694" lon="127.8778756">
<ele>65.622</ele>
<time>2026-05-14T14:03:06Z</time>
<extensions>
<gpxtpx:TrackPointExtension>
<gpxtpx:hr>162</gpxtpx:hr>
</gpxtpx:TrackPointExtension>
</extensions>
</trkpt>
<trkpt lat="36.9716696" lon="127.8778621">
<ele>65.614</ele>
<time>2026-05-14T14:03:07Z</time>
<extensions>
<gpxtpx:TrackPointExtension>
<gpxtpx:hr>162</gpxtpx:hr>
</gpxtpx:TrackPointExtension>
</extensions>
</trkpt>
<trkpt lat="36.9716454" lon="127.8778491">
<ele>65.553</ele>
<time>2026-05-14T14:03:08Z</time>
<extensions>
<gpxtpx:TrackPointExtension>
<gpxtpx:hr>162</gpxtpx:hr>
</gpxtpx:TrackPointExtension>
</extensions>
</trkpt>
<trkpt lat="36.9716211" lon="127.8778355">
<ele>65.479</ele>
<time>2026-05-14T14:03:09Z</time>
<extensions>
<gpxtpx:TrackPointExtension>
<gpxtpx:hr>162</gpxtpx:hr>
</gpxtpx:TrackPointExtension>
</extensions>
</trkpt>
<trkpt lat="36.9715972" lon="127.877823">
<ele>65.43</ele>
<time>2026-05-14T14:03:10Z</time>
<extensions>
<gpxtpx:TrackPointExtension>
<gpxtpx:hr>162</gpxtpx:hr>
<gpxtpx:cad>179</gpxtpx:cad>
</gpxtpx:TrackPointExtension>
</extensions>
</trkpt>
<trkpt lat="36.9715732" lon="127.87781">
<ele>65.47</ele>
<time>2026-05-14T14:03:11Z</time>
<extensions>
<gpxtpx:TrackPointExtension>
<gpxtpx:hr>162</gpxtpx:hr>
</gpxtpx:TrackPointExtension>
</extensions>
</trkpt>
<trkpt lat="36.9715493" lon="127.8777975">
<ele>65.489</ele>
<time>2026-05-14T14:03:12Z</time>
<extensions>
<gpxtpx:TrackPointExtension>
<gpxtpx:hr>162</gpxtpx:hr>
</gpxtpx:TrackPointExtension>
</extensions>
</trkpt>
<trkpt lat="36.9715259" lon="127.8777847">
<ele>65.565</ele>
<time>2026-05-14T14:03:13Z</time>
<extensions>
<gpxtpx:TrackPointExtension>
<gpxtpx:hr>162</gpxtpx:hr>
</gpxtpx:TrackPointExtension>
</extensions>
</trkpt>
<trkpt lat="36.9715014" lon="127.8777728">
<ele>65.484</ele>
<time>2026-05-14T14:03:14Z</time>
<extensions>
<gpxtpx:TrackPointExtension>
<gpxtpx:hr>161</gpxtpx:hr>
</gpxtpx:TrackPointExtension>
</extensions>
</trkpt>
<trkpt lat="36.9714781" lon="127.8777602">
<ele>65.487</ele>
<time>2026-05-14T14:03:15Z</time>
<extensions>
<gpxtpx:TrackPointExtension>
<gpxtpx:hr>161</gpxtpx:hr>
<gpxtpx:cad>179</gpxtpx:cad>
</gpxtpx:TrackPointExtension>
</extensions>
</trkpt>
<trkpt lat="36.9714548" lon="127.8777479">
<ele>65.506</ele>
<time>2026-05-14T14:03:16Z</time>
<extensions>
<gpxtpx:TrackPointExtension>
<gpxtpx:hr>161</gpxtpx:hr>
</gpxtpx:TrackPointExtension>
</extensions>
</trkpt>
<trkpt lat="36.9714299" lon="127.8777365">
<ele>65.468</ele>
<time>2026-05-14T14:03:17Z</time>
<extensions>
<gpxtpx:TrackPointExtension>
<gpxtpx:hr>161</gpxtpx:hr>
</gpxtpx:TrackPointExtension>
</extensions>
</trkpt>
<trkpt lat="36.9714063" lon="127.8777244">
<ele>65.45</ele>
<time>2026-05-14T14:03:18Z</time>
<extensions>
<gpxtpx:TrackPointExtension>
<gpxtpx:hr>161</gpxtpx:hr>
</gpxtpx:TrackPointExtension>
</extensions>
</trkpt>
<trkpt lat="36.9713814" lon="127.8777134">
<ele>65.466</ele>
<time>2026-05-14T14:03:19Z</time>
<extensions>
<gpxtpx:TrackPointExtension>
<gpxtpx:hr>161</gpxtpx:hr>
</gpxtpx:TrackPointExtension>
</extensions>
</trkpt>
<trkpt lat="36.9713573" lon="127.8777013">
<ele>65.446</ele>
<time>2026-05-14T14:03:20Z</time>
<extensions>
<gpxtpx:TrackPointExtension>
<gpxtpx:hr>161</gpxtpx:hr>
<gpxtpx:cad>180</gpxtpx:cad>
</gpxtpx:TrackPointExtension>
</extensions>
</trkpt>
<trkpt lat="36.9713325" lon="127.8776905">
<ele>65.437</ele>
<time>2026-05-14T14:03:21Z</time>
<extensions>
<gpxtpx:TrackPointExtension>
<gpxtpx:hr>161</gpxtpx:hr>
</gpxtpx:TrackPointExtension>
</extensions>
</trkpt>
<trkpt lat="36.9713079" lon="127.8776785">
<ele>65.407</ele>
<time>2026-05-14T14:03:22Z</time>
<extensions>
<gpxtpx:TrackPointExtension>
<gpxtpx:hr>161</gpxtpx:hr>
</gpxtpx:TrackPointExtension>
</extensions>
</trkpt>
<trkpt lat="36.9712833" lon="127.8776675">
<ele>65.318</ele>
<time>2026-05-14T14:03:23Z</time>
<extensions>
<gpxtpx:TrackPointExtension>
<gpxtpx:hr>161</gpxtpx:hr>
</gpxtpx:TrackPointExtension>
</extensions>
</trkpt>
<trkpt lat="36.9712583" lon="127.8776559">
<ele>65.284</ele>
<time>2026-05-14T14:03:24Z</time>
<extensions>
<gpxtpx:TrackPointExtension>
<gpxtpx:hr>161</gpxtpx:hr>
</gpxtpx:TrackPointExtension>
</extensions>
</trkpt>
<trkpt lat="36.9712337" lon="127.8776444">
<ele>65.195</ele>
<time>2026-05-14T14:03:25Z</time>
<extensions>
<gpxtpx:TrackPointExtension>
<gpxtpx:hr>161</gpxtpx:hr>
<gpxtpx:cad>180</gpxtpx:cad>
</gpxtpx:TrackPointExtension>
</extensions>
</trkpt>
<trkpt lat="36.9712086" lon="127.8776331">
<ele>65.143</ele>
<time>2026-05-14T14:03:26Z</time>
<extensions>
<gpxtpx:TrackPointExtension>
<gpxtpx:hr>161</gpxtpx:hr>
</gpxtpx:TrackPointExtension>
</extensions>
</trkpt>
<trkpt lat="36.9711839" lon="127.8776212">
<ele>65.194</ele>
<time>2026-05-14T14:03:27Z</time>
<extensions>
<gpxtpx:TrackPointExtension>
<gpxtpx:hr>161</gpxtpx:hr>
</gpxtpx:TrackPointExtension>
</extensions>
</trkpt>
<trkpt lat="36.9711589" lon="127.877609">
<ele>65.208</ele>
<time>2026-05-14T14:03:28Z</time>
<extensions>
<gpxtpx:TrackPointExtension>
<gpxtpx:hr>160</gpxtpx:hr>
</gpxtpx:TrackPointExtension>
</extensions>
</trkpt>
<trkpt lat="36.9711337" lon="127.8775972">
<ele>65.163</ele>
<time>2026-05-14T14:03:29Z</time>
<extensions>
<gpxtpx:TrackPointExtension>
<gpxtpx:hr>160</gpxtpx:hr>
</gpxtpx:TrackPointExtension>
</extensions>
</trkpt>
<trkpt lat="36.9711083" lon="127.8775847">
<ele>65.122</ele>
<time>2026-05-14T14:03:30Z</time>
<extensions>
<gpxtpx:TrackPointExtension>
<gpxtpx:hr>161</gpxtpx:hr>
<gpxtpx:cad>179</gpxtpx:cad>
</gpxtpx:TrackPointExtension>
</extensions>
</trkpt>
<trkpt lat="36.9710826" lon="127.8775722">
<ele>65.077</ele>
<time>2026-05-14T14:03:31Z</time>
<extensions>
<gpxtpx:TrackPointExtension>
<gpxtpx:hr>161</gpxtpx:hr>
</gpxtpx:TrackPointExtension>
</extensions>
</trkpt>
<trkpt lat="36.9710573" lon="127.8775604">
<ele>65.089</ele>
<time>2026-05-14T14:03:32Z</time>
<extensions>
<gpxtpx:TrackPointExtension>
<gpxtpx:hr>161</gpxtpx:hr>
</gpxtpx:TrackPointExtension>
</extensions>
</trkpt>
<trkpt lat="36.9710321" lon="127.8775489">
<ele>65.096</ele>
<time>2026-05-14T14:03:33Z</time>
<extensions>
<gpxtpx:TrackPointExtension>
<gpxtpx:hr>161</gpxtpx:hr>
<gpxtpx:cad>179</gpxtpx:cad>
</gpxtpx:TrackPointExtension>
</extensions>
</trkpt>
<trkpt lat="36.9710061" lon="127.8775364">
<ele>65.07</ele>
<time>2026-05-14T14:03:34Z</time>
<extensions>
<gpxtpx:TrackPointExtension>
<gpxtpx:hr>161</gpxtpx:hr>
</gpxtpx:TrackPointExtension>
</extensions>
</trkpt>
<trkpt lat="36.9709812" lon="127.8775249">
<ele>65.045</ele>
<time>2026-05-14T14:03:35Z</time>
<extensions>
<gpxtpx:TrackPointExtension>
<gpxtpx:hr>160</gpxtpx:hr>
<gpxtpx:cad>178</gpxtpx:cad>
</gpxtpx:TrackPointExtension>
</extensions>
</trkpt>
<trkpt lat="36.9709547" lon="127.8775117">
<ele>65.022</ele>
<time>2026-05-14T14:03:36Z</time>
<extensions>
<gpxtpx:TrackPointExtension>
<gpxtpx:hr>160</gpxtpx:hr>
</gpxtpx:TrackPointExtension>
</extensions>
</trkpt>
<trkpt lat="36.9709296" lon="127.8774995">
<ele>65.163</ele>
<time>2026-05-14T14:03:37Z</time>
<extensions>
<gpxtpx:TrackPointExtension>
<gpxtpx:hr>160</gpxtpx:hr>
</gpxtpx:TrackPointExtension>
</extensions>
</trkpt>
<trkpt lat="36.9709031" lon="127.8774864">
<ele>65.136</ele>
<time>2026-05-14T14:03:38Z</time>
<extensions>
<gpxtpx:TrackPointExtension>
<gpxtpx:hr>160</gpxtpx:hr>
</gpxtpx:TrackPointExtension>
</extensions>
</trkpt>
<trkpt lat="36.9708778" lon="127.8774736">
<ele>64.916</ele>
<time>2026-05-14T14:03:39Z</time>
<extensions>
<gpxtpx:TrackPointExtension>
<gpxtpx:hr>160</gpxtpx:hr>
</gpxtpx:TrackPointExtension>
</extensions>
</trkpt>
<trkpt lat="36.9708516" lon="127.8774609">
<ele>64.853</ele>
<time>2026-05-14T14:03:40Z</time>
<extensions>
<gpxtpx:TrackPointExtension>
<gpxtpx:hr>160</gpxtpx:hr>
<gpxtpx:cad>175</gpxtpx:cad>
</gpxtpx:TrackPointExtension>
</extensions>
</trkpt>
<trkpt lat="36.9708259" lon="127.8774474">
<ele>64.92</ele>
<time>2026-05-14T14:03:41Z</time>
<extensions>
<gpxtpx:TrackPointExtension>
<gpxtpx:hr>160</gpxtpx:hr>
</gpxtpx:TrackPointExtension>
</extensions>
</trkpt>
<trkpt lat="36.9707999" lon="127.8774353">
<ele>65.053</ele>
<time>2026-05-14T14:03:42Z</time>
<extensions>
<gpxtpx:TrackPointExtension>
<gpxtpx:hr>160</gpxtpx:hr>
</gpxtpx:TrackPointExtension>
</extensions>
</trkpt>
<trkpt lat="36.9707739" lon="127.8774225">
<ele>65.04</ele>
<time>2026-05-14T14:03:43Z</time>
<extensions>
<gpxtpx:TrackPointExtension>
<gpxtpx:hr>160</gpxtpx:hr>
</gpxtpx:TrackPointExtension>
</extensions>
</trkpt>
<trkpt lat="36.9707478" lon="127.8774098">
<ele>64.959</ele>
<time>2026-05-14T14:03:44Z</time>
<extensions>
<gpxtpx:TrackPointExtension>
<gpxtpx:hr>161</gpxtpx:hr>
</gpxtpx:TrackPointExtension>
</extensions>
</trkpt>
<trkpt lat="36.9707223" lon="127.877398">
<ele>64.863</ele>
<time>2026-05-14T14:03:45Z</time>
<extensions>
<gpxtpx:TrackPointExtension>
<gpxtpx:hr>160</gpxtpx:hr>
<gpxtpx:cad>175</gpxtpx:cad>
</gpxtpx:TrackPointExtension>
</extensions>
</trkpt>
<trkpt lat="36.9706956" lon="127.8773848">
<ele>64.857</ele>
<time>2026-05-14T14:03:46Z</time>
<extensions>
<gpxtpx:TrackPointExtension>
<gpxtpx:hr>159</gpxtpx:hr>
</gpxtpx:TrackPointExtension>
</extensions>
</trkpt>
<trkpt lat="36.9706706" lon="127.8773728">
<ele>64.91</ele>
<time>2026-05-14T14:03:47Z</time>
<extensions>
<gpxtpx:TrackPointExtension>
<gpxtpx:hr>159</gpxtpx:hr>
</gpxtpx:TrackPointExtension>
</extensions>
</trkpt>
<trkpt lat="36.970644" lon="127.8773602">
<ele>64.959</ele>
<time>2026-05-14T14:03:48Z</time>
<extensions>
<gpxtpx:TrackPointExtension>
<gpxtpx:hr>159</gpxtpx:hr>
</gpxtpx:TrackPointExtension>
</extensions>
</trkpt>
<trkpt lat="36.9706195" lon="127.877348">
<ele>64.963</ele>
<time>2026-05-14T14:03:49Z</time>
<extensions>
<gpxtpx:TrackPointExtension>
<gpxtpx:hr>159</gpxtpx:hr>
</gpxtpx:TrackPointExtension>
</extensions>
</trkpt>
<trkpt lat="36.9705931" lon="127.8773358">
<ele>64.891</ele>
<time>2026-05-14T14:03:50Z</time>
<extensions>
<gpxtpx:TrackPointExtension>
<gpxtpx:hr>159</gpxtpx:hr>
<gpxtpx:cad>174</gpxtpx:cad>
</gpxtpx:TrackPointExtension>
</extensions>
</trkpt>
<trkpt lat="36.9705692" lon="127.8773232">
<ele>64.839</ele>
<time>2026-05-14T14:03:51Z</time>
<extensions>
<gpxtpx:TrackPointExtension>
<gpxtpx:hr>159</gpxtpx:hr>
</gpxtpx:TrackPointExtension>
</extensions>
</trkpt>
<trkpt lat="36.9705433" lon="127.8773111">
<ele>64.858</ele>
<time>2026-05-14T14:03:52Z</time>
<extensions>
<gpxtpx:TrackPointExtension>
<gpxtpx:hr>158</gpxtpx:hr>
</gpxtpx:TrackPointExtension>
</extensions>
</trkpt>
<trkpt lat="36.9705195" lon="127.8772985">
<ele>64.859</ele>
<time>2026-05-14T14:03:53Z</time>
<extensions>
<gpxtpx:TrackPointExtension>
<gpxtpx:hr>159</gpxtpx:hr>
</gpxtpx:TrackPointExtension>
</extensions>
</trkpt>
<trkpt lat="36.9704943" lon="127.8772864">
<ele>64.859</ele>
<time>2026-05-14T14:03:54Z</time>
<extensions>
<gpxtpx:TrackPointExtension>
<gpxtpx:hr>159</gpxtpx:hr>
</gpxtpx:TrackPointExtension>
</extensions>
</trkpt>
<trkpt lat="36.9704706" lon="127.8772741">
<ele>64.887</ele>
<time>2026-05-14T14:03:55Z</time>
<extensions>
<gpxtpx:TrackPointExtension>
<gpxtpx:hr>159</gpxtpx:hr>
<gpxtpx:cad>174</gpxtpx:cad>
</gpxtpx:TrackPointExtension>
</extensions>
</trkpt>
<trkpt lat="36.9704465" lon="127.877262">
<ele>64.851</ele>
<time>2026-05-14T14:03:56Z</time>
<extensions>
<gpxtpx:TrackPointExtension>
<gpxtpx:hr>159</gpxtpx:hr>
</gpxtpx:TrackPointExtension>
</extensions>
</trkpt>
<trkpt lat="36.9704224" lon="127.8772501">
<ele>64.886</ele>
<time>2026-05-14T14:03:57Z</time>
<extensions>
<gpxtpx:TrackPointExtension>
<gpxtpx:hr>159</gpxtpx:hr>
</gpxtpx:TrackPointExtension>
</extensions>
</trkpt>
<trkpt lat="36.9703985" lon="127.8772384">
<ele>64.904</ele>
<time>2026-05-14T14:03:58Z</time>
<extensions>
<gpxtpx:TrackPointExtension>
<gpxtpx:hr>159</gpxtpx:hr>
</gpxtpx:TrackPointExtension>
</extensions>
</trkpt>
<trkpt lat="36.9703745" lon="127.8772268">
<ele>64.889</ele>
<time>2026-05-14T14:03:59Z</time>
<extensions>
<gpxtpx:TrackPointExtension>
<gpxtpx:hr>159</gpxtpx:hr>
</gpxtpx:TrackPointExtension>
</extensions>
</trkpt>
<trkpt lat="36.9703507" lon="127.8772154">
<ele>64.851</ele>
<time>2026-05-14T14:04:00Z</time>
<extensions>
<gpxtpx:TrackPointExtension>
<gpxtpx:hr>159</gpxtpx:hr>
<gpxtpx:cad>179</gpxtpx:cad>
</gpxtpx:TrackPointExtension>
</extensions>
</trkpt>
<trkpt lat="36.9703268" lon="127.8772041">
<ele>64.798</ele>
<time>2026-05-14T14:04:01Z</time>
<extensions>
<gpxtpx:TrackPointExtension>
<gpxtpx:hr>159</gpxtpx:hr>
</gpxtpx:TrackPointExtension>
</extensions>
</trkpt>
<trkpt lat="36.9703031" lon="127.8771928">
<ele>64.784</ele>
<time>2026-05-14T14:04:02Z</time>
<extensions>
<gpxtpx:TrackPointExtension>
<gpxtpx:hr>159</gpxtpx:hr>
</gpxtpx:TrackPointExtension>
</extensions>
</trkpt>
<trkpt lat="36.9702792" lon="127.8771809">
<ele>64.786</ele>
<time>2026-05-14T14:04:03Z</time>
<extensions>
<gpxtpx:TrackPointExtension>
<gpxtpx:hr>159</gpxtpx:hr>
</gpxtpx:TrackPointExtension>
</extensions>
</trkpt>
<trkpt lat="36.9702553" lon="127.8771705">
<ele>64.816</ele>
<time>2026-05-14T14:04:04Z</time>
<extensions>
<gpxtpx:TrackPointExtension>
<gpxtpx:hr>159</gpxtpx:hr>
</gpxtpx:TrackPointExtension>
</extensions>
</trkpt>
<trkpt lat="36.9702315" lon="127.8771593">
<ele>64.834</ele>
<time>2026-05-14T14:04:05Z</time>
<extensions>
<gpxtpx:TrackPointExtension>
<gpxtpx:hr>159</gpxtpx:hr>
<gpxtpx:cad>181</gpxtpx:cad>
</gpxtpx:TrackPointExtension>
</extensions>
</trkpt>
<trkpt lat="36.9702076" lon="127.8771481">
<ele>64.82</ele>
<time>2026-05-14T14:04:06Z</time>
<extensions>
<gpxtpx:TrackPointExtension>
<gpxtpx:hr>159</gpxtpx:hr>
<gpxtpx:cad>180</gpxtpx:cad>
</gpxtpx:TrackPointExtension>
</extensions>
</trkpt>
<trkpt lat="36.9701838" lon="127.877137">
<ele>64.817</ele>
<time>2026-05-14T14:04:07Z</time>
<extensions>
<gpxtpx:TrackPointExtension>
<gpxtpx:hr>159</gpxtpx:hr>
</gpxtpx:TrackPointExtension>
</extensions>
</trkpt>
<trkpt lat="36.9701597" lon="127.8771267">
<ele>64.823</ele>
<time>2026-05-14T14:04:08Z</time>
<extensions>
<gpxtpx:TrackPointExtension>
<gpxtpx:hr>159</gpxtpx:hr>
</gpxtpx:TrackPointExtension>
</extensions>
</trkpt>
<trkpt lat="36.9701362" lon="127.8771149">
<ele>64.822</ele>
<time>2026-05-14T14:04:09Z</time>
<extensions>
<gpxtpx:TrackPointExtension>
<gpxtpx:hr>159</gpxtpx:hr>
</gpxtpx:TrackPointExtension>
</extensions>
</trkpt>
<trkpt lat="36.9701125" lon="127.8771039">
<ele>64.873</ele>
<time>2026-05-14T14:04:10Z</time>
<extensions>
<gpxtpx:TrackPointExtension>
<gpxtpx:hr>159</gpxtpx:hr>
<gpxtpx:cad>180</gpxtpx:cad>
</gpxtpx:TrackPointExtension>
</extensions>
</trkpt>
<trkpt lat="36.9700888" lon="127.8770932">
<ele>64.877</ele>
<time>2026-05-14T14:04:11Z</time>
<extensions>
<gpxtpx:TrackPointExtension>
<gpxtpx:hr>159</gpxtpx:hr>
</gpxtpx:TrackPointExtension>
</extensions>
</trkpt>
<trkpt lat="36.970065" lon="127.8770828">
<ele>64.832</ele>
<time>2026-05-14T14:04:12Z</time>
<extensions>
<gpxtpx:TrackPointExtension>
<gpxtpx:hr>159</gpxtpx:hr>
</gpxtpx:TrackPointExtension>
</extensions>
</trkpt>
<trkpt lat="36.9700413" lon="127.877072">
<ele>64.858</ele>
<time>2026-05-14T14:04:13Z</time>
<extensions>
<gpxtpx:TrackPointExtension>
<gpxtpx:hr>159</gpxtpx:hr>
</gpxtpx:TrackPointExtension>
</extensions>
</trkpt>
<trkpt lat="36.9700174" lon="127.8770615">
<ele>64.865</ele>
<time>2026-05-14T14:04:14Z</time>
<extensions>
<gpxtpx:TrackPointExtension>
<gpxtpx:hr>159</gpxtpx:hr>
</gpxtpx:TrackPointExtension>
</extensions>
</trkpt>
<trkpt lat="36.9699934" lon="127.8770515">
<ele>64.907</ele>
<time>2026-05-14T14:04:15Z</time>
<extensions>
<gpxtpx:TrackPointExtension>
<gpxtpx:hr>160</gpxtpx:hr>
<gpxtpx:cad>180</gpxtpx:cad>
</gpxtpx:TrackPointExtension>
</extensions>
</trkpt>
<trkpt lat="36.9699693" lon="127.8770414">
<ele>64.875</ele>
<time>2026-05-14T14:04:16Z</time>
<extensions>
<gpxtpx:TrackPointExtension>
<gpxtpx:hr>160</gpxtpx:hr>
</gpxtpx:TrackPointExtension>
</extensions>
</trkpt>
<trkpt lat="36.9699452" lon="127.8770316">
<ele>64.882</ele>
<time>2026-05-14T14:04:17Z</time>
<extensions>
<gpxtpx:TrackPointExtension>
<gpxtpx:hr>160</gpxtpx:hr>
</gpxtpx:TrackPointExtension>
</extensions>
</trkpt>
<trkpt lat="36.9699216" lon="127.8770205">
<ele>64.867</ele>
<time>2026-05-14T14:04:18Z</time>
<extensions>
<gpxtpx:TrackPointExtension>
<gpxtpx:hr>160</gpxtpx:hr>
</gpxtpx:TrackPointExtension>
</extensions>
</trkpt>
<trkpt lat="36.9698979" lon="127.8770096">
<ele>64.849</ele>
<time>2026-05-14T14:04:19Z</time>
<extensions>
<gpxtpx:TrackPointExtension>
<gpxtpx:hr>160</gpxtpx:hr>
</gpxtpx:TrackPointExtension>
</extensions>
</trkpt>
<trkpt lat="36.9698742" lon="127.8769985">
<ele>64.801</ele>
<time>2026-05-14T14:04:20Z</time>
<extensions>
<gpxtpx:TrackPointExtension>
<gpxtpx:hr>160</gpxtpx:hr>
<gpxtpx:cad>180</gpxtpx:cad>
</gpxtpx:TrackPointExtension>
</extensions>
</trkpt>
<trkpt lat="36.9698506" lon="127.8769871">
<ele>64.866</ele>
<time>2026-05-14T14:04:21Z</time>
<extensions>
<gpxtpx:TrackPointExtension>
<gpxtpx:hr>159</gpxtpx:hr>
</gpxtpx:TrackPointExtension>
</extensions>
</trkpt>
<trkpt lat="36.9698272" lon="127.8769739">
<ele>64.901</ele>
<time>2026-05-14T14:04:22Z</time>
<extensions>
<gpxtpx:TrackPointExtension>
<gpxtpx:hr>159</gpxtpx:hr>
</gpxtpx:TrackPointExtension>
</extensions>
</trkpt>
<trkpt lat="36.9698034" lon="127.8769629">
<ele>64.814</ele>
<time>2026-05-14T14:04:23Z</time>
<extensions>
<gpxtpx:TrackPointExtension>
<gpxtpx:hr>159</gpxtpx:hr>
</gpxtpx:TrackPointExtension>
</extensions>
</trkpt>
<trkpt lat="36.96978" lon="127.8769485">
<ele>64.825</ele>
<time>2026-05-14T14:04:24Z</time>
<extensions>
<gpxtpx:TrackPointExtension>
<gpxtpx:hr>159</gpxtpx:hr>
</gpxtpx:TrackPointExtension>
</extensions>
</trkpt>
<trkpt lat="36.9697563" lon="127.8769368">
<ele>64.825</ele>
<time>2026-05-14T14:04:25Z</time>
<extensions>
<gpxtpx:TrackPointExtension>
<gpxtpx:hr>159</gpxtpx:hr>
<gpxtpx:cad>178</gpxtpx:cad>
</gpxtpx:TrackPointExtension>
</extensions>
</trkpt>
<trkpt lat="36.9697328" lon="127.8769231">
<ele>64.82</ele>
<time>2026-05-14T14:04:26Z</time>
<extensions>
<gpxtpx:TrackPointExtension>
<gpxtpx:hr>159</gpxtpx:hr>
</gpxtpx:TrackPointExtension>
</extensions>
</trkpt>
<trkpt lat="36.9697095" lon="127.8769111">
<ele>64.809</ele>
<time>2026-05-14T14:04:27Z</time>
<extensions>
<gpxtpx:TrackPointExtension>
<gpxtpx:hr>159</gpxtpx:hr>
</gpxtpx:TrackPointExtension>
</extensions>
</trkpt>
<trkpt lat="36.9696863" lon="127.8768988">
<ele>64.819</ele>
<time>2026-05-14T14:04:28Z</time>
<extensions>
<gpxtpx:TrackPointExtension>
<gpxtpx:hr>159</gpxtpx:hr>
</gpxtpx:TrackPointExtension>
</extensions>
</trkpt>
<trkpt lat="36.9696631" lon="127.8768856">
<ele>64.876</ele>
<time>2026-05-14T14:04:29Z</time>
<extensions>
<gpxtpx:TrackPointExtension>
<gpxtpx:hr>159</gpxtpx:hr>
</gpxtpx:TrackPointExtension>
</extensions>
</trkpt>
<trkpt lat="36.9696401" lon="127.8768722">
<ele>64.884</ele>
<time>2026-05-14T14:04:30Z</time>
<extensions>
<gpxtpx:TrackPointExtension>
<gpxtpx:hr>159</gpxtpx:hr>
<gpxtpx:cad>174</gpxtpx:cad>
</gpxtpx:TrackPointExtension>
</extensions>
</trkpt>
<trkpt lat="36.9696168" lon="127.876856">
<ele>64.901</ele>
<time>2026-05-14T14:04:31Z</time>
<extensions>
<gpxtpx:TrackPointExtension>
<gpxtpx:hr>159</gpxtpx:hr>
</gpxtpx:TrackPointExtension>
</extensions>
</trkpt>
<trkpt lat="36.9695935" lon="127.8768393">
<ele>64.88</ele>
<time>2026-05-14T14:04:32Z</time>
<extensions>
<gpxtpx:TrackPointExtension>
<gpxtpx:hr>159</gpxtpx:hr>
</gpxtpx:TrackPointExtension>
</extensions>
</trkpt>
<trkpt lat="36.96957" lon="127.8768211">
<ele>64.845</ele>
<time>2026-05-14T14:04:33Z</time>
<extensions>
<gpxtpx:TrackPointExtension>
<gpxtpx:hr>159</gpxtpx:hr>
</gpxtpx:TrackPointExtension>
</extensions>
</trkpt>
<trkpt lat="36.9695464" lon="127.8768024">
<ele>64.811</ele>
<time>2026-05-14T14:04:34Z</time>
<extensions>
<gpxtpx:TrackPointExtension>
<gpxtpx:hr>159</gpxtpx:hr>
</gpxtpx:TrackPointExtension>
</extensions>
</trkpt>
<trkpt lat="36.9695229" lon="127.8767832">
<ele>64.783</ele>
<time>2026-05-14T14:04:35Z</time>
<extensions>
<gpxtpx:TrackPointExtension>
<gpxtpx:hr>159</gpxtpx:hr>
<gpxtpx:cad>174</gpxtpx:cad>
</gpxtpx:TrackPointExtension>
</extensions>
</trkpt>
<trkpt lat="36.9695003" lon="127.8767639">
<ele>64.726</ele>
<time>2026-05-14T14:04:36Z</time>
<extensions>
<gpxtpx:TrackPointExtension>
<gpxtpx:hr>158</gpxtpx:hr>
</gpxtpx:TrackPointExtension>
</extensions>
</trkpt>
<trkpt lat="36.9694781" lon="127.8767452">
<ele>64.68</ele>
<time>2026-05-14T14:04:37Z</time>
<extensions>
<gpxtpx:TrackPointExtension>
<gpxtpx:hr>158</gpxtpx:hr>
</gpxtpx:TrackPointExtension>
</extensions>
</trkpt>
<trkpt lat="36.9694563" lon="127.8767264">
<ele>64.688</ele>
<time>2026-05-14T14:04:38Z</time>
<extensions>
<gpxtpx:TrackPointExtension>
<gpxtpx:hr>159</gpxtpx:hr>
</gpxtpx:TrackPointExtension>
</extensions>
</trkpt>
<trkpt lat="36.9694339" lon="127.8767078">
<ele>64.693</ele>
<time>2026-05-14T14:04:39Z</time>
<extensions>
<gpxtpx:TrackPointExtension>
<gpxtpx:hr>159</gpxtpx:hr>
</gpxtpx:TrackPointExtension>
</extensions>
</trkpt>
<trkpt lat="36.9694111" lon="127.8766897">
<ele>64.711</ele>
<time>2026-05-14T14:04:40Z</time>
<extensions>
<gpxtpx:TrackPointExtension>
<gpxtpx:hr>159</gpxtpx:hr>
<gpxtpx:cad>179</gpxtpx:cad>
</gpxtpx:TrackPointExtension>
</extensions>
</trkpt>
<trkpt lat="36.9693884" lon="127.8766715">
<ele>64.72</ele>
<time>2026-05-14T14:04:41Z</time>
<extensions>
<gpxtpx:TrackPointExtension>
<gpxtpx:hr>159</gpxtpx:hr>
<gpxtpx:cad>180</gpxtpx:cad>
</gpxtpx:TrackPointExtension>
</extensions>
</trkpt>
<trkpt lat="36.9693657" lon="127.876653">
<ele>64.708</ele>
<time>2026-05-14T14:04:42Z</time>
<extensions>
<gpxtpx:TrackPointExtension>
<gpxtpx:hr>159</gpxtpx:hr>
</gpxtpx:TrackPointExtension>
</extensions>
</trkpt>
<trkpt lat="36.969343" lon="127.8766343">
<ele>64.761</ele>
<time>2026-05-14T14:04:43Z</time>
<extensions>
<gpxtpx:TrackPointExtension>
<gpxtpx:hr>158</gpxtpx:hr>
</gpxtpx:TrackPointExtension>
</extensions>
</trkpt>
<trkpt lat="36.9693203" lon="127.8766161">
<ele>64.733</ele>
<time>2026-05-14T14:04:44Z</time>
<extensions>
<gpxtpx:TrackPointExtension>
<gpxtpx:hr>158</gpxtpx:hr>
</gpxtpx:TrackPointExtension>
</extensions>
</trkpt>
<trkpt lat="36.9692977" lon="127.8765975">
<ele>64.628</ele>
<time>2026-05-14T14:04:45Z</time>
<extensions>
<gpxtpx:TrackPointExtension>
<gpxtpx:hr>158</gpxtpx:hr>
<gpxtpx:cad>179</gpxtpx:cad>
</gpxtpx:TrackPointExtension>
</extensions>
</trkpt>
<trkpt lat="36.969275" lon="127.8765797">
<ele>64.638</ele>
<time>2026-05-14T14:04:46Z</time>
<extensions>
<gpxtpx:TrackPointExtension>
<gpxtpx:hr>158</gpxtpx:hr>
</gpxtpx:TrackPointExtension>
</extensions>
</trkpt>
<trkpt lat="36.9692527" lon="127.8765615">
<ele>64.579</ele>
<time>2026-05-14T14:04:47Z</time>
<extensions>
<gpxtpx:TrackPointExtension>
<gpxtpx:hr>158</gpxtpx:hr>
</gpxtpx:TrackPointExtension>
</extensions>
</trkpt>
<trkpt lat="36.9692301" lon="127.8765432">
<ele>64.551</ele>
<time>2026-05-14T14:04:48Z</time>
<extensions>
<gpxtpx:TrackPointExtension>
<gpxtpx:hr>158</gpxtpx:hr>
</gpxtpx:TrackPointExtension>
</extensions>
</trkpt>
<trkpt lat="36.9692068" lon="127.8765255">
<ele>64.556</ele>
<time>2026-05-14T14:04:49Z</time>
<extensions>
<gpxtpx:TrackPointExtension>
<gpxtpx:hr>158</gpxtpx:hr>
</gpxtpx:TrackPointExtension>
</extensions>
</trkpt>
<trkpt lat="36.9691834" lon="127.8765075">
<ele>64.488</ele>
<time>2026-05-14T14:04:50Z</time>
<extensions>
<gpxtpx:TrackPointExtension>
<gpxtpx:cad>178</gpxtpx:cad>
</gpxtpx:TrackPointExtension>
</extensions>
</trkpt>
<trkpt lat="36.9691598" lon="127.8764906">
<ele>64.464</ele>
<time>2026-05-14T14:04:51Z</time>
</trkpt>
<trkpt lat="36.9691363" lon="127.8764741">
<ele>64.349</ele>
<time>2026-05-14T14:04:52Z</time>
<extensions>
<gpxtpx:TrackPointExtension>
<gpxtpx:hr>158</gpxtpx:hr>
</gpxtpx:TrackPointExtension>
</extensions>
</trkpt>
<trkpt lat="36.9691126" lon="127.8764591">
<ele>64.296</ele>
<time>2026-05-14T14:04:53Z</time>
<extensions>
<gpxtpx:TrackPointExtension>
<gpxtpx:hr>158</gpxtpx:hr>
</gpxtpx:TrackPointExtension>
</extensions>
</trkpt>
<trkpt lat="36.9690889" lon="127.8764437">
<ele>64.225</ele>
<time>2026-05-14T14:04:54Z</time>
<extensions>
<gpxtpx:TrackPointExtension>
<gpxtpx:hr>159</gpxtpx:hr>
</gpxtpx:TrackPointExtension>
</extensions>
</trkpt>
<trkpt lat="36.9690646" lon="127.8764297">
<ele>64.184</ele>
<time>2026-05-14T14:04:55Z</time>
<extensions>
<gpxtpx:TrackPointExtension>
<gpxtpx:hr>159</gpxtpx:hr>
<gpxtpx:cad>179</gpxtpx:cad>
</gpxtpx:TrackPointExtension>
</extensions>
</trkpt>
<trkpt lat="36.9690404" lon="127.8764153">
<ele>64.38</ele>
<time>2026-05-14T14:04:56Z</time>
<extensions>
<gpxtpx:TrackPointExtension>
<gpxtpx:hr>159</gpxtpx:hr>
</gpxtpx:TrackPointExtension>
</extensions>
</trkpt>
<trkpt lat="36.9690157" lon="127.8764018">
<ele>64.322</ele>
<time>2026-05-14T14:04:57Z</time>
<extensions>
<gpxtpx:TrackPointExtension>
<gpxtpx:hr>159</gpxtpx:hr>
</gpxtpx:TrackPointExtension>
</extensions>
</trkpt>
<trkpt lat="36.9689907" lon="127.8763889">
<ele>64.25</ele>
<time>2026-05-14T14:04:58Z</time>
<extensions>
<gpxtpx:TrackPointExtension>
<gpxtpx:hr>158</gpxtpx:hr>
</gpxtpx:TrackPointExtension>
</extensions>
</trkpt>
<trkpt lat="36.9689657" lon="127.8763767">
<ele>64.2</ele>
<time>2026-05-14T14:04:59Z</time>
<extensions>
<gpxtpx:TrackPointExtension>
<gpxtpx:hr>158</gpxtpx:hr>
</gpxtpx:TrackPointExtension>
</extensions>
</trkpt>
<trkpt lat="36.9689409" lon="127.8763651">
<ele>64.218</ele>
<time>2026-05-14T14:05:00Z</time>
<extensions>
<gpxtpx:TrackPointExtension>
<gpxtpx:hr>159</gpxtpx:hr>
<gpxtpx:cad>178</gpxtpx:cad>
</gpxtpx:TrackPointExtension>
</extensions>
</trkpt>
<trkpt lat="36.9689168" lon="127.8763545">
<ele>64.239</ele>
<time>2026-05-14T14:05:01Z</time>
<extensions>
<gpxtpx:TrackPointExtension>
<gpxtpx:hr>159</gpxtpx:hr>
</gpxtpx:TrackPointExtension>
</extensions>
</trkpt>
<trkpt lat="36.9688924" lon="127.8763436">
<ele>64.221</ele>
<time>2026-05-14T14:05:02Z</time>
<extensions>
<gpxtpx:TrackPointExtension>
<gpxtpx:hr>159</gpxtpx:hr>
</gpxtpx:TrackPointExtension>
</extensions>
</trkpt>
<trkpt lat="36.9688692" lon="127.8763333">
<ele>64.22</ele>
<time>2026-05-14T14:05:03Z</time>
<extensions>
<gpxtpx:TrackPointExtension>
<gpxtpx:hr>158</gpxtpx:hr>
</gpxtpx:TrackPointExtension>
</extensions>
</trkpt>
<trkpt lat="36.968846" lon="127.8763229">
<ele>64.266</ele>
<time>2026-05-14T14:05:04Z</time>
<extensions>
<gpxtpx:TrackPointExtension>
<gpxtpx:hr>158</gpxtpx:hr>
</gpxtpx:TrackPointExtension>
</extensions>
</trkpt>
<trkpt lat="36.9688233" lon="127.8763124">
<ele>64.205</ele>
<time>2026-05-14T14:05:05Z</time>
<extensions>
<gpxtpx:TrackPointExtension>
<gpxtpx:hr>158</gpxtpx:hr>
<gpxtpx:cad>179</gpxtpx:cad>
</gpxtpx:TrackPointExtension>
</extensions>
</trkpt>
<trkpt lat="36.9688009" lon="127.8763016">
<ele>64.176</ele>
<time>2026-05-14T14:05:06Z</time>
<extensions>
<gpxtpx:TrackPointExtension>
<gpxtpx:hr>158</gpxtpx:hr>
</gpxtpx:TrackPointExtension>
</extensions>
</trkpt>
<trkpt lat="36.9687784" lon="127.8762909">
<ele>64.258</ele>
<time>2026-05-14T14:05:07Z</time>
<extensions>
<gpxtpx:TrackPointExtension>
<gpxtpx:hr>158</gpxtpx:hr>
</gpxtpx:TrackPointExtension>
</extensions>
</trkpt>
<trkpt lat="36.9687559" lon="127.8762798">
<ele>64.237</ele>
<time>2026-05-14T14:05:08Z</time>
<extensions>
<gpxtpx:TrackPointExtension>
<gpxtpx:hr>158</gpxtpx:hr>
</gpxtpx:TrackPointExtension>
</extensions>
</trkpt>
<trkpt lat="36.9687332" lon="127.8762689">
<ele>64.245</ele>
<time>2026-05-14T14:05:09Z</time>
<extensions>
<gpxtpx:TrackPointExtension>
<gpxtpx:hr>158</gpxtpx:hr>
</gpxtpx:TrackPointExtension>
</extensions>
</trkpt>
<trkpt lat="36.9687094" lon="127.8762587">
<ele>64.277</ele>
<time>2026-05-14T14:05:10Z</time>
<extensions>
<gpxtpx:TrackPointExtension>
<gpxtpx:hr>158</gpxtpx:hr>
<gpxtpx:cad>176</gpxtpx:cad>
</gpxtpx:TrackPointExtension>
</extensions>
</trkpt>
<trkpt lat="36.9686857" lon="127.8762487">
<ele>64.247</ele>
<time>2026-05-14T14:05:11Z</time>
<extensions>
<gpxtpx:TrackPointExtension>
<gpxtpx:hr>158</gpxtpx:hr>
</gpxtpx:TrackPointExtension>
</extensions>
</trkpt>
<trkpt lat="36.9686611" lon="127.8762394">
<ele>64.267</ele>
<time>2026-05-14T14:05:12Z</time>
<extensions>
<gpxtpx:TrackPointExtension>
<gpxtpx:hr>158</gpxtpx:hr>
</gpxtpx:TrackPointExtension>
</extensions>
</trkpt>
<trkpt lat="36.9686369" lon="127.87623">
<ele>64.27</ele>
<time>2026-05-14T14:05:13Z</time>
<extensions>
<gpxtpx:TrackPointExtension>
<gpxtpx:hr>158</gpxtpx:hr>
</gpxtpx:TrackPointExtension>
</extensions>
</trkpt>
<trkpt lat="36.9686121" lon="127.876221">
<ele>64.244</ele>
<time>2026-05-14T14:05:14Z</time>
<extensions>
<gpxtpx:TrackPointExtension>
<gpxtpx:hr>158</gpxtpx:hr>
</gpxtpx:TrackPointExtension>
</extensions>
</trkpt>
<trkpt lat="36.9685886" lon="127.876211">
<ele>64.294</ele>
<time>2026-05-14T14:05:15Z</time>
<extensions>
<gpxtpx:TrackPointExtension>
<gpxtpx:hr>158</gpxtpx:hr>
<gpxtpx:cad>176</gpxtpx:cad>
</gpxtpx:TrackPointExtension>
</extensions>
</trkpt>
<trkpt lat="36.9685633" lon="127.8762021">
<ele>64.293</ele>
<time>2026-05-14T14:05:16Z</time>
<extensions>
<gpxtpx:TrackPointExtension>
<gpxtpx:hr>158</gpxtpx:hr>
<gpxtpx:cad>176</gpxtpx:cad>
</gpxtpx:TrackPointExtension>
</extensions>
</trkpt>
<trkpt lat="36.9685385" lon="127.8761928">
<ele>64.16</ele>
<time>2026-05-14T14:05:17Z</time>
<extensions>
<gpxtpx:TrackPointExtension>
<gpxtpx:hr>158</gpxtpx:hr>
</gpxtpx:TrackPointExtension>
</extensions>
</trkpt>
<trkpt lat="36.9685143" lon="127.8761831">
<ele>64.09</ele>
<time>2026-05-14T14:05:18Z</time>
<extensions>
<gpxtpx:TrackPointExtension>
<gpxtpx:hr>158</gpxtpx:hr>
</gpxtpx:TrackPointExtension>
</extensions>
</trkpt>
<trkpt lat="36.9684884" lon="127.8761743">
<ele>64.08</ele>
<time>2026-05-14T14:05:19Z</time>
<extensions>
<gpxtpx:TrackPointExtension>
<gpxtpx:hr>158</gpxtpx:hr>
</gpxtpx:TrackPointExtension>
</extensions>
</trkpt>
<trkpt lat="36.9684636" lon="127.8761651">
<ele>64.232</ele>
<time>2026-05-14T14:05:20Z</time>
<extensions>
<gpxtpx:TrackPointExtension>
<gpxtpx:hr>158</gpxtpx:hr>
<gpxtpx:cad>177</gpxtpx:cad>
</gpxtpx:TrackPointExtension>
</extensions>
</trkpt>
<trkpt lat="36.9684376" lon="127.8761563">
<ele>64.291</ele>
<time>2026-05-14T14:05:21Z</time>
<extensions>
<gpxtpx:TrackPointExtension>
<gpxtpx:hr>158</gpxtpx:hr>
</gpxtpx:TrackPointExtension>
</extensions>
</trkpt>
<trkpt lat="36.9684122" lon="127.8761474">
<ele>64.34</ele>
<time>2026-05-14T14:05:22Z</time>
<extensions>
<gpxtpx:TrackPointExtension>
<gpxtpx:hr>158</gpxtpx:hr>
</gpxtpx:TrackPointExtension>
</extensions>
</trkpt>
<trkpt lat="36.9683865" lon="127.8761387">
<ele>64.434</ele>
<time>2026-05-14T14:05:23Z</time>
<extensions>
<gpxtpx:TrackPointExtension>
<gpxtpx:hr>158</gpxtpx:hr>
</gpxtpx:TrackPointExtension>
</extensions>
</trkpt>
<trkpt lat="36.9683606" lon="127.8761302">
<ele>64.439</ele>
<time>2026-05-14T14:05:24Z</time>
<extensions>
<gpxtpx:TrackPointExtension>
<gpxtpx:hr>157</gpxtpx:hr>
</gpxtpx:TrackPointExtension>
</extensions>
</trkpt>
<trkpt lat="36.968335" lon="127.876121">
<ele>64.487</ele>
<time>2026-05-14T14:05:25Z</time>
<extensions>
<gpxtpx:TrackPointExtension>
<gpxtpx:hr>158</gpxtpx:hr>
<gpxtpx:cad>176</gpxtpx:cad>
</gpxtpx:TrackPointExtension>
</extensions>
</trkpt>
<trkpt lat="36.968309" lon="127.8761124">
<ele>64.525</ele>
<time>2026-05-14T14:05:26Z</time>
<extensions>
<gpxtpx:TrackPointExtension>
<gpxtpx:hr>158</gpxtpx:hr>
</gpxtpx:TrackPointExtension>
</extensions>
</trkpt>
<trkpt lat="36.9682834" lon="127.8761032">
<ele>64.533</ele>
<time>2026-05-14T14:05:27Z</time>
<extensions>
<gpxtpx:TrackPointExtension>
<gpxtpx:hr>158</gpxtpx:hr>
</gpxtpx:TrackPointExtension>
</extensions>
</trkpt>
<trkpt lat="36.9682582" lon="127.8760931">
<ele>64.568</ele>
<time>2026-05-14T14:05:28Z</time>
<extensions>
<gpxtpx:TrackPointExtension>
<gpxtpx:hr>158</gpxtpx:hr>
</gpxtpx:TrackPointExtension>
</extensions>
</trkpt>
<trkpt lat="36.9682323" lon="127.8760842">
<ele>64.565</ele>
<time>2026-05-14T14:05:29Z</time>
<extensions>
<gpxtpx:TrackPointExtension>
<gpxtpx:hr>159</gpxtpx:hr>
</gpxtpx:TrackPointExtension>
</extensions>
</trkpt>
<trkpt lat="36.9682072" lon="127.8760735">
<ele>64.579</ele>
<time>2026-05-14T14:05:30Z</time>
<extensions>
<gpxtpx:TrackPointExtension>
<gpxtpx:hr>159</gpxtpx:hr>
<gpxtpx:cad>177</gpxtpx:cad>
</gpxtpx:TrackPointExtension>
</extensions>
</trkpt>
<trkpt lat="36.9681817" lon="127.8760635">
<ele>64.559</ele>
<time>2026-05-14T14:05:31Z</time>
<extensions>
<gpxtpx:TrackPointExtension>
<gpxtpx:hr>159</gpxtpx:hr>
</gpxtpx:TrackPointExtension>
</extensions>
</trkpt>
<trkpt lat="36.9681562" lon="127.8760533">
<ele>64.531</ele>
<time>2026-05-14T14:05:32Z</time>
<extensions>
<gpxtpx:TrackPointExtension>
<gpxtpx:hr>159</gpxtpx:hr>
</gpxtpx:TrackPointExtension>
</extensions>
</trkpt>
<trkpt lat="36.968131" lon="127.8760423">
<ele>64.433</ele>
<time>2026-05-14T14:05:33Z</time>
<extensions>
<gpxtpx:TrackPointExtension>
<gpxtpx:hr>159</gpxtpx:hr>
</gpxtpx:TrackPointExtension>
</extensions>
</trkpt>
<trkpt lat="36.9681054" lon="127.8760323">
<ele>64.381</ele>
<time>2026-05-14T14:05:34Z</time>
<extensions>
<gpxtpx:TrackPointExtension>
<gpxtpx:hr>159</gpxtpx:hr>
</gpxtpx:TrackPointExtension>
</extensions>
</trkpt>
<trkpt lat="36.9680801" lon="127.8760215">
<ele>64.432</ele>
<time>2026-05-14T14:05:35Z</time>
<extensions>
<gpxtpx:TrackPointExtension>
<gpxtpx:hr>159</gpxtpx:hr>
<gpxtpx:cad>177</gpxtpx:cad>
</gpxtpx:TrackPointExtension>
</extensions>
</trkpt>
<trkpt lat="36.9680548" lon="127.8760106">
<ele>64.458</ele>
<time>2026-05-14T14:05:36Z</time>
<extensions>
<gpxtpx:TrackPointExtension>
<gpxtpx:hr>159</gpxtpx:hr>
</gpxtpx:TrackPointExtension>
</extensions>
</trkpt>
<trkpt lat="36.9680297" lon="127.8759997">
<ele>64.436</ele>
<time>2026-05-14T14:05:37Z</time>
<extensions>
<gpxtpx:TrackPointExtension>
<gpxtpx:hr>159</gpxtpx:hr>
</gpxtpx:TrackPointExtension>
</extensions>
</trkpt>
<trkpt lat="36.9680047" lon="127.8759888">
<ele>64.419</ele>
<time>2026-05-14T14:05:38Z</time>
<extensions>
<gpxtpx:TrackPointExtension>
<gpxtpx:hr>159</gpxtpx:hr>
</gpxtpx:TrackPointExtension>
</extensions>
</trkpt>
<trkpt lat="36.9679795" lon="127.8759776">
<ele>64.416</ele>
<time>2026-05-14T14:05:39Z</time>
<extensions>
<gpxtpx:TrackPointExtension>
<gpxtpx:hr>159</gpxtpx:hr>
</gpxtpx:TrackPointExtension>
</extensions>
</trkpt>
<trkpt lat="36.9679547" lon="127.8759665">
<ele>64.442</ele>
<time>2026-05-14T14:05:40Z</time>
<extensions>
<gpxtpx:TrackPointExtension>
<gpxtpx:hr>159</gpxtpx:hr>
<gpxtpx:cad>178</gpxtpx:cad>
</gpxtpx:TrackPointExtension>
</extensions>
</trkpt>
<trkpt lat="36.9679295" lon="127.8759554">
<ele>64.432</ele>
<time>2026-05-14T14:05:41Z</time>
</trkpt>
<trkpt lat="36.9679045" lon="127.8759442">
<ele>64.398</ele>
<time>2026-05-14T14:05:42Z</time>
<extensions>
<gpxtpx:TrackPointExtension>
<gpxtpx:hr>160</gpxtpx:hr>
</gpxtpx:TrackPointExtension>
</extensions>
</trkpt>
<trkpt lat="36.9678792" lon="127.8759332">
<ele>64.398</ele>
<time>2026-05-14T14:05:43Z</time>
<extensions>
<gpxtpx:TrackPointExtension>
<gpxtpx:hr>160</gpxtpx:hr>
</gpxtpx:TrackPointExtension>
</extensions>
</trkpt>
<trkpt lat="36.9678542" lon="127.875922">
<ele>64.393</ele>
<time>2026-05-14T14:05:44Z</time>
<extensions>
<gpxtpx:TrackPointExtension>
<gpxtpx:hr>160</gpxtpx:hr>
</gpxtpx:TrackPointExtension>
</extensions>
</trkpt>
<trkpt lat="36.9678289" lon="127.875911">
<ele>64.339</ele>
<time>2026-05-14T14:05:45Z</time>
<extensions>
<gpxtpx:TrackPointExtension>
<gpxtpx:hr>160</gpxtpx:hr>
<gpxtpx:cad>179</gpxtpx:cad>
</gpxtpx:TrackPointExtension>
</extensions>
</trkpt>
<trkpt lat="36.9678037" lon="127.8759">
<ele>64.317</ele>
<time>2026-05-14T14:05:46Z</time>
<extensions>
<gpxtpx:TrackPointExtension>
<gpxtpx:hr>160</gpxtpx:hr>
</gpxtpx:TrackPointExtension>
</extensions>
</trkpt>
<trkpt lat="36.9677785" lon="127.875889">
<ele>64.293</ele>
<time>2026-05-14T14:05:47Z</time>
<extensions>
<gpxtpx:TrackPointExtension>
<gpxtpx:hr>160</gpxtpx:hr>
</gpxtpx:TrackPointExtension>
</extensions>
</trkpt>
<trkpt lat="36.9677532" lon="127.8758781">
<ele>64.288</ele>
<time>2026-05-14T14:05:48Z</time>
<extensions>
<gpxtpx:TrackPointExtension>
<gpxtpx:hr>160</gpxtpx:hr>
</gpxtpx:TrackPointExtension>
</extensions>
</trkpt>
<trkpt lat="36.9677279" lon="127.8758675">
<ele>64.285</ele>
<time>2026-05-14T14:05:49Z</time>
<extensions>
<gpxtpx:TrackPointExtension>
<gpxtpx:hr>160</gpxtpx:hr>
<gpxtpx:cad>181</gpxtpx:cad>
</gpxtpx:TrackPointExtension>
</extensions>
</trkpt>
<trkpt lat="36.9677024" lon="127.8758566">
<ele>64.241</ele>
<time>2026-05-14T14:05:50Z</time>
<extensions>
<gpxtpx:TrackPointExtension>
<gpxtpx:hr>161</gpxtpx:hr>
<gpxtpx:cad>180</gpxtpx:cad>
</gpxtpx:TrackPointExtension>
</extensions>
</trkpt>
<trkpt lat="36.967677" lon="127.875847">
<ele>64.223</ele>
<time>2026-05-14T14:05:51Z</time>
<extensions>
<gpxtpx:TrackPointExtension>
<gpxtpx:hr>161</gpxtpx:hr>
</gpxtpx:TrackPointExtension>
</extensions>
</trkpt>
<trkpt lat="36.9676516" lon="127.8758365">
<ele>64.232</ele>
<time>2026-05-14T14:05:52Z</time>
<extensions>
<gpxtpx:TrackPointExtension>
<gpxtpx:hr>161</gpxtpx:hr>
</gpxtpx:TrackPointExtension>
</extensions>
</trkpt>
<trkpt lat="36.9676263" lon="127.8758267">
<ele>64.177</ele>
<time>2026-05-14T14:05:53Z</time>
<extensions>
<gpxtpx:TrackPointExtension>
<gpxtpx:hr>160</gpxtpx:hr>
</gpxtpx:TrackPointExtension>
</extensions>
</trkpt>
<trkpt lat="36.9676009" lon="127.8758171">
<ele>64.179</ele>
<time>2026-05-14T14:05:54Z</time>
<extensions>
<gpxtpx:TrackPointExtension>
<gpxtpx:hr>160</gpxtpx:hr>
</gpxtpx:TrackPointExtension>
</extensions>
</trkpt>
<trkpt lat="36.9675754" lon="127.8758082">
<ele>64.173</ele>
<time>2026-05-14T14:05:55Z</time>
<extensions>
<gpxtpx:TrackPointExtension>
<gpxtpx:hr>160</gpxtpx:hr>
<gpxtpx:cad>180</gpxtpx:cad>
</gpxtpx:TrackPointExtension>
</extensions>
</trkpt>
<trkpt lat="36.96755" lon="127.8757987">
<ele>64.179</ele>
<time>2026-05-14T14:05:56Z</time>
<extensions>
<gpxtpx:TrackPointExtension>
<gpxtpx:hr>160</gpxtpx:hr>
</gpxtpx:TrackPointExtension>
</extensions>
</trkpt>
<trkpt lat="36.9675246" lon="127.8757893">
<ele>64.191</ele>
<time>2026-05-14T14:05:57Z</time>
<extensions>
<gpxtpx:TrackPointExtension>
<gpxtpx:hr>160</gpxtpx:hr>
</gpxtpx:TrackPointExtension>
</extensions>
</trkpt>
<trkpt lat="36.967499" lon="127.8757799">
<ele>64.21</ele>
<time>2026-05-14T14:05:58Z</time>
<extensions>
<gpxtpx:TrackPointExtension>
<gpxtpx:hr>160</gpxtpx:hr>
</gpxtpx:TrackPointExtension>
</extensions>
</trkpt>
<trkpt lat="36.9674733" lon="127.8757705">
<ele>64.204</ele>
<time>2026-05-14T14:05:59Z</time>
<extensions>
<gpxtpx:TrackPointExtension>
<gpxtpx:hr>160</gpxtpx:hr>
</gpxtpx:TrackPointExtension>
</extensions>
</trkpt>
<trkpt lat="36.9674475" lon="127.8757612">
<ele>64.166</ele>
<time>2026-05-14T14:06:00Z</time>
<extensions>
<gpxtpx:TrackPointExtension>
<gpxtpx:hr>160</gpxtpx:hr>
<gpxtpx:cad>180</gpxtpx:cad>
</gpxtpx:TrackPointExtension>
</extensions>
</trkpt>
<trkpt lat="36.9674218" lon="127.8757519">
<ele>64.2</ele>
<time>2026-05-14T14:06:01Z</time>
<extensions>
<gpxtpx:TrackPointExtension>
<gpxtpx:hr>160</gpxtpx:hr>
</gpxtpx:TrackPointExtension>
</extensions>
</trkpt>
<trkpt lat="36.9673953" lon="127.8757425">
<ele>64.194</ele>
<time>2026-05-14T14:06:02Z</time>
<extensions>
<gpxtpx:TrackPointExtension>
<gpxtpx:hr>160</gpxtpx:hr>
</gpxtpx:TrackPointExtension>
</extensions>
</trkpt>
<trkpt lat="36.9673695" lon="127.8757334">
<ele>64.187</ele>
<time>2026-05-14T14:06:03Z</time>
<extensions>
<gpxtpx:TrackPointExtension>
<gpxtpx:hr>160</gpxtpx:hr>
</gpxtpx:TrackPointExtension>
</extensions>
</trkpt>
<trkpt lat="36.9673425" lon="127.8757239">
<ele>64.136</ele>
<time>2026-05-14T14:06:04Z</time>
<extensions>
<gpxtpx:TrackPointExtension>
<gpxtpx:hr>160</gpxtpx:hr>
</gpxtpx:TrackPointExtension>
</extensions>
</trkpt>
<trkpt lat="36.9673154" lon="127.8757141">
<ele>64.127</ele>
<time>2026-05-14T14:06:05Z</time>
<extensions>
<gpxtpx:TrackPointExtension>
<gpxtpx:hr>160</gpxtpx:hr>
<gpxtpx:cad>178</gpxtpx:cad>
</gpxtpx:TrackPointExtension>
</extensions>
</trkpt>
<trkpt lat="36.9672892" lon="127.8757051">
<ele>64.146</ele>
<time>2026-05-14T14:06:06Z</time>
<extensions>
<gpxtpx:TrackPointExtension>
<gpxtpx:hr>160</gpxtpx:hr>
</gpxtpx:TrackPointExtension>
</extensions>
</trkpt>
<trkpt lat="36.9672625" lon="127.8756955">
<ele>64.178</ele>
<time>2026-05-14T14:06:07Z</time>
<extensions>
<gpxtpx:TrackPointExtension>
<gpxtpx:hr>160</gpxtpx:hr>
</gpxtpx:TrackPointExtension>
</extensions>
</trkpt>
<trkpt lat="36.9672361" lon="127.8756865">
<ele>64.159</ele>
<time>2026-05-14T14:06:08Z</time>
<extensions>
<gpxtpx:TrackPointExtension>
<gpxtpx:hr>160</gpxtpx:hr>
</gpxtpx:TrackPointExtension>
</extensions>
</trkpt>
<trkpt lat="36.9672092" lon="127.8756768">
<ele>64.158</ele>
<time>2026-05-14T14:06:09Z</time>
<extensions>
<gpxtpx:TrackPointExtension>
<gpxtpx:hr>160</gpxtpx:hr>
</gpxtpx:TrackPointExtension>
</extensions>
</trkpt>
<trkpt lat="36.9671824" lon="127.8756675">
<ele>64.151</ele>
<time>2026-05-14T14:06:10Z</time>
<extensions>
<gpxtpx:TrackPointExtension>
<gpxtpx:hr>160</gpxtpx:hr>
<gpxtpx:cad>175</gpxtpx:cad>
</gpxtpx:TrackPointExtension>
</extensions>
</trkpt>
<trkpt lat="36.9671556" lon="127.8756574">
<ele>64.139</ele>
<time>2026-05-14T14:06:12Z</time>
<extensions>
<gpxtpx:TrackPointExtension>
<gpxtpx:hr>160</gpxtpx:hr>
</gpxtpx:TrackPointExtension>
</extensions>
</trkpt>
<trkpt lat="36.9671284" lon="127.8756468">
<ele>64.159</ele>
<time>2026-05-14T14:06:13Z</time>
<extensions>
<gpxtpx:TrackPointExtension>
<gpxtpx:hr>160</gpxtpx:hr>
</gpxtpx:TrackPointExtension>
</extensions>
</trkpt>
<trkpt lat="36.9671006" lon="127.8756363">
<ele>64.147</ele>
<time>2026-05-14T14:06:14Z</time>
<extensions>
<gpxtpx:TrackPointExtension>
<gpxtpx:hr>160</gpxtpx:hr>
</gpxtpx:TrackPointExtension>
</extensions>
</trkpt>
<trkpt lat="36.9670724" lon="127.8756257">
<ele>64.212</ele>
<time>2026-05-14T14:06:15Z</time>
<extensions>
<gpxtpx:TrackPointExtension>
<gpxtpx:hr>161</gpxtpx:hr>
</gpxtpx:TrackPointExtension>
</extensions>
</trkpt>
<trkpt lat="36.967044" lon="127.8756155">
<ele>64.221</ele>
<time>2026-05-14T14:06:16Z</time>
<extensions>
<gpxtpx:TrackPointExtension>
<gpxtpx:hr>161</gpxtpx:hr>
<gpxtpx:cad>176</gpxtpx:cad>
</gpxtpx:TrackPointExtension>
</extensions>
</trkpt>
<trkpt lat="36.9670167" lon="127.8756055">
<ele>64.183</ele>
<time>2026-05-14T14:06:17Z</time>
<extensions>
<gpxtpx:TrackPointExtension>
<gpxtpx:hr>161</gpxtpx:hr>
</gpxtpx:TrackPointExtension>
</extensions>
</trkpt>
<trkpt lat="36.9669902" lon="127.8755957">
<ele>64.204</ele>
<time>2026-05-14T14:06:18Z</time>
<extensions>
<gpxtpx:TrackPointExtension>
<gpxtpx:hr>162</gpxtpx:hr>
</gpxtpx:TrackPointExtension>
</extensions>
</trkpt>
<trkpt lat="36.9669654" lon="127.8755862">
<ele>64.239</ele>
<time>2026-05-14T14:06:19Z</time>
<extensions>
<gpxtpx:TrackPointExtension>
<gpxtpx:hr>161</gpxtpx:hr>
</gpxtpx:TrackPointExtension>
</extensions>
</trkpt>
<trkpt lat="36.9669407" lon="127.8755766">
<ele>64.246</ele>
<time>2026-05-14T14:06:20Z</time>
<extensions>
<gpxtpx:TrackPointExtension>
<gpxtpx:hr>161</gpxtpx:hr>
</gpxtpx:TrackPointExtension>
</extensions>
</trkpt>
<trkpt lat="36.9669168" lon="127.8755669">
<ele>64.264</ele>
<time>2026-05-14T14:06:21Z</time>
<extensions>
<gpxtpx:TrackPointExtension>
<gpxtpx:hr>161</gpxtpx:hr>
<gpxtpx:cad>177</gpxtpx:cad>
</gpxtpx:TrackPointExtension>
</extensions>
</trkpt>
<trkpt lat="36.9668937" lon="127.875557">
<ele>64.321</ele>
<time>2026-05-14T14:06:22Z</time>
<extensions>
<gpxtpx:TrackPointExtension>
<gpxtpx:hr>161</gpxtpx:hr>
</gpxtpx:TrackPointExtension>
</extensions>
</trkpt>
<trkpt lat="36.9668713" lon="127.8755465">
<ele>64.343</ele>
<time>2026-05-14T14:06:23Z</time>
<extensions>
<gpxtpx:TrackPointExtension>
<gpxtpx:hr>161</gpxtpx:hr>
<gpxtpx:cad>176</gpxtpx:cad>
</gpxtpx:TrackPointExtension>
</extensions>
</trkpt>
<trkpt lat="36.9668494" lon="127.8755351">
<ele>64.357</ele>
<time>2026-05-14T14:06:24Z</time>
<extensions>
<gpxtpx:TrackPointExtension>
<gpxtpx:hr>161</gpxtpx:hr>
</gpxtpx:TrackPointExtension>
</extensions>
</trkpt>
<trkpt lat="36.9668278" lon="127.8755226">
<ele>64.27</ele>
<time>2026-05-14T14:06:25Z</time>
<extensions>
<gpxtpx:TrackPointExtension>
<gpxtpx:hr>161</gpxtpx:hr>
</gpxtpx:TrackPointExtension>
</extensions>
</trkpt>
<trkpt lat="36.9668065" lon="127.8755101">
<ele>64.224</ele>
<time>2026-05-14T14:06:26Z</time>
<extensions>
<gpxtpx:TrackPointExtension>
<gpxtpx:hr>161</gpxtpx:hr>
<gpxtpx:cad>174</gpxtpx:cad>
</gpxtpx:TrackPointExtension>
</extensions>
</trkpt>
<trkpt lat="36.9667856" lon="127.8754957">
<ele>64.196</ele>
<time>2026-05-14T14:06:27Z</time>
<extensions>
<gpxtpx:TrackPointExtension>
<gpxtpx:hr>161</gpxtpx:hr>
</gpxtpx:TrackPointExtension>
</extensions>
</trkpt>
<trkpt lat="36.9667648" lon="127.8754797">
<ele>64.174</ele>
<time>2026-05-14T14:06:28Z</time>
<extensions>
<gpxtpx:TrackPointExtension>
<gpxtpx:hr>161</gpxtpx:hr>
</gpxtpx:TrackPointExtension>
</extensions>
</trkpt>
<trkpt lat="36.9667438" lon="127.8754627">
<ele>64.119</ele>
<time>2026-05-14T14:06:29Z</time>
<extensions>
<gpxtpx:TrackPointExtension>
<gpxtpx:hr>160</gpxtpx:hr>
</gpxtpx:TrackPointExtension>
</extensions>
</trkpt>
<trkpt lat="36.9667224" lon="127.8754455">
<ele>64.094</ele>
<time>2026-05-14T14:06:30Z</time>
<extensions>
<gpxtpx:TrackPointExtension>
<gpxtpx:hr>160</gpxtpx:hr>
</gpxtpx:TrackPointExtension>
</extensions>
</trkpt>
<trkpt lat="36.9667006" lon="127.8754293">
<ele>64.076</ele>
<time>2026-05-14T14:06:31Z</time>
<extensions>
<gpxtpx:TrackPointExtension>
<gpxtpx:hr>160</gpxtpx:hr>
<gpxtpx:cad>175</gpxtpx:cad>
</gpxtpx:TrackPointExtension>
</extensions>
</trkpt>
<trkpt lat="36.966679" lon="127.875414">
<ele>64.124</ele>
<time>2026-05-14T14:06:32Z</time>
<extensions>
<gpxtpx:TrackPointExtension>
<gpxtpx:hr>161</gpxtpx:hr>
</gpxtpx:TrackPointExtension>
</extensions>
</trkpt>
<trkpt lat="36.9666579" lon="127.875399">
<ele>64.139</ele>
<time>2026-05-14T14:06:33Z</time>
<extensions>
<gpxtpx:TrackPointExtension>
<gpxtpx:hr>161</gpxtpx:hr>
</gpxtpx:TrackPointExtension>
</extensions>
</trkpt>
<trkpt lat="36.9666372" lon="127.8753839">
<ele>64.16</ele>
<time>2026-05-14T14:06:34Z</time>
<extensions>
<gpxtpx:TrackPointExtension>
<gpxtpx:hr>161</gpxtpx:hr>
</gpxtpx:TrackPointExtension>
</extensions>
</trkpt>
<trkpt lat="36.9666174" lon="127.875368">
<ele>64.157</ele>
<time>2026-05-14T14:06:35Z</time>
<extensions>
<gpxtpx:TrackPointExtension>
<gpxtpx:hr>161</gpxtpx:hr>
</gpxtpx:TrackPointExtension>
</extensions>
</trkpt>
<trkpt lat="36.9665976" lon="127.8753521">
<ele>64.236</ele>
<time>2026-05-14T14:06:36Z</time>
<extensions>
<gpxtpx:TrackPointExtension>
<gpxtpx:hr>161</gpxtpx:hr>
<gpxtpx:cad>177</gpxtpx:cad>
</gpxtpx:TrackPointExtension>
</extensions>
</trkpt>
<trkpt lat="36.9665793" lon="127.8753336">
<ele>64.196</ele>
<time>2026-05-14T14:06:37Z</time>
<extensions>
<gpxtpx:TrackPointExtension>
<gpxtpx:hr>160</gpxtpx:hr>
</gpxtpx:TrackPointExtension>
</extensions>
</trkpt>
<trkpt lat="36.966561" lon="127.875315">
<ele>64.16</ele>
<time>2026-05-14T14:06:38Z</time>
<extensions>
<gpxtpx:TrackPointExtension>
<gpxtpx:hr>160</gpxtpx:hr>
</gpxtpx:TrackPointExtension>
</extensions>
</trkpt>
<trkpt lat="36.966544" lon="127.8752934">
<ele>64.163</ele>
<time>2026-05-14T14:06:39Z</time>
<extensions>
<gpxtpx:TrackPointExtension>
<gpxtpx:hr>160</gpxtpx:hr>
</gpxtpx:TrackPointExtension>
</extensions>
</trkpt>
<trkpt lat="36.9665275" lon="127.8752704">
<ele>64.107</ele>
<time>2026-05-14T14:06:40Z</time>
<extensions>
<gpxtpx:TrackPointExtension>
<gpxtpx:hr>160</gpxtpx:hr>
</gpxtpx:TrackPointExtension>
</extensions>
</trkpt>
<trkpt lat="36.9665125" lon="127.8752437">
<ele>64.119</ele>
<time>2026-05-14T14:06:41Z</time>
<extensions>
<gpxtpx:TrackPointExtension>
<gpxtpx:hr>160</gpxtpx:hr>
<gpxtpx:cad>172</gpxtpx:cad>
</gpxtpx:TrackPointExtension>
</extensions>
</trkpt>
<trkpt lat="36.9664992" lon="127.8752137">
<ele>64.061</ele>
<time>2026-05-14T14:06:42Z</time>
<extensions>
<gpxtpx:TrackPointExtension>
<gpxtpx:hr>160</gpxtpx:hr>
</gpxtpx:TrackPointExtension>
</extensions>
</trkpt>
<trkpt lat="36.9664874" lon="127.8751815">
<ele>64.007</ele>
<time>2026-05-14T14:06:43Z</time>
<extensions>
<gpxtpx:TrackPointExtension>
<gpxtpx:hr>160</gpxtpx:hr>
</gpxtpx:TrackPointExtension>
</extensions>
</trkpt>
<trkpt lat="36.9664778" lon="127.8751465">
<ele>64.01</ele>
<time>2026-05-14T14:06:44Z</time>
<extensions>
<gpxtpx:TrackPointExtension>
<gpxtpx:hr>160</gpxtpx:hr>
</gpxtpx:TrackPointExtension>
</extensions>
</trkpt>
<trkpt lat="36.966469" lon="127.8751114">
<ele>63.959</ele>
<time>2026-05-14T14:06:45Z</time>
<extensions>
<gpxtpx:TrackPointExtension>
<gpxtpx:hr>160</gpxtpx:hr>
</gpxtpx:TrackPointExtension>
</extensions>
</trkpt>
<trkpt lat="36.9664655" lon="127.8750735">
<ele>63.972</ele>
<time>2026-05-14T14:06:46Z</time>
<extensions>
<gpxtpx:TrackPointExtension>
<gpxtpx:hr>161</gpxtpx:hr>
<gpxtpx:cad>172</gpxtpx:cad>
</gpxtpx:TrackPointExtension>
</extensions>
</trkpt>
<trkpt lat="36.9664557" lon="127.8750405">
<ele>63.971</ele>
<time>2026-05-14T14:06:47Z</time>
<extensions>
<gpxtpx:TrackPointExtension>
<gpxtpx:hr>161</gpxtpx:hr>
</gpxtpx:TrackPointExtension>
</extensions>
</trkpt>
<trkpt lat="36.9664488" lon="127.8750059">
<ele>63.932</ele>
<time>2026-05-14T14:06:48Z</time>
<extensions>
<gpxtpx:TrackPointExtension>
<gpxtpx:hr>161</gpxtpx:hr>
</gpxtpx:TrackPointExtension>
</extensions>
</trkpt>
<trkpt lat="36.9664443" lon="127.8749711">
<ele>63.976</ele>
<time>2026-05-14T14:06:49Z</time>
<extensions>
<gpxtpx:TrackPointExtension>
<gpxtpx:hr>161</gpxtpx:hr>
</gpxtpx:TrackPointExtension>
</extensions>
</trkpt>
<trkpt lat="36.9664389" lon="127.8749366">
<ele>63.914</ele>
<time>2026-05-14T14:06:50Z</time>
<extensions>
<gpxtpx:TrackPointExtension>
<gpxtpx:hr>161</gpxtpx:hr>
</gpxtpx:TrackPointExtension>
</extensions>
</trkpt>
<trkpt lat="36.9664351" lon="127.8749024">
<ele>63.855</ele>
<time>2026-05-14T14:06:51Z</time>
<extensions>
<gpxtpx:TrackPointExtension>
<gpxtpx:hr>161</gpxtpx:hr>
<gpxtpx:cad>177</gpxtpx:cad>
</gpxtpx:TrackPointExtension>
</extensions>
</trkpt>
<trkpt lat="36.9664315" lon="127.8748684">
<ele>63.79</ele>
<time>2026-05-14T14:06:52Z</time>
<extensions>
<gpxtpx:TrackPointExtension>
<gpxtpx:hr>161</gpxtpx:hr>
</gpxtpx:TrackPointExtension>
</extensions>
</trkpt>
<trkpt lat="36.966428" lon="127.8748345">
<ele>63.801</ele>
<time>2026-05-14T14:06:53Z</time>
<extensions>
<gpxtpx:TrackPointExtension>
<gpxtpx:hr>161</gpxtpx:hr>
</gpxtpx:TrackPointExtension>
</extensions>
</trkpt>
<trkpt lat="36.9664233" lon="127.8748002">
<ele>63.766</ele>
<time>2026-05-14T14:06:54Z</time>
<extensions>
<gpxtpx:TrackPointExtension>
<gpxtpx:hr>161</gpxtpx:hr>
</gpxtpx:TrackPointExtension>
</extensions>
</trkpt>
<trkpt lat="36.9664202" lon="127.8747666">
<ele>63.798</ele>
<time>2026-05-14T14:06:55Z</time>
<extensions>
<gpxtpx:TrackPointExtension>
<gpxtpx:hr>161</gpxtpx:hr>
</gpxtpx:TrackPointExtension>
</extensions>
</trkpt>
<trkpt lat="36.9664163" lon="127.8747324">
<ele>63.823</ele>
<time>2026-05-14T14:06:56Z</time>
<extensions>
<gpxtpx:TrackPointExtension>
<gpxtpx:hr>161</gpxtpx:hr>
<gpxtpx:cad>179</gpxtpx:cad>
</gpxtpx:TrackPointExtension>
</extensions>
</trkpt>
<trkpt lat="36.9664131" lon="127.8746987">
<ele>63.805</ele>
<time>2026-05-14T14:06:57Z</time>
<extensions>
<gpxtpx:TrackPointExtension>
<gpxtpx:hr>162</gpxtpx:hr>
<gpxtpx:cad>179</gpxtpx:cad>
</gpxtpx:TrackPointExtension>
</extensions>
</trkpt>
<trkpt lat="36.9664101" lon="127.8746651">
<ele>63.744</ele>
<time>2026-05-14T14:06:58Z</time>
<extensions>
<gpxtpx:TrackPointExtension>
<gpxtpx:hr>162</gpxtpx:hr>
</gpxtpx:TrackPointExtension>
</extensions>
</trkpt>
<trkpt lat="36.9664071" lon="127.8746316">
<ele>63.675</ele>
<time>2026-05-14T14:06:59Z</time>
<extensions>
<gpxtpx:TrackPointExtension>
<gpxtpx:hr>162</gpxtpx:hr>
</gpxtpx:TrackPointExtension>
</extensions>
</trkpt>
<trkpt lat="36.9664046" lon="127.8745982">
<ele>63.614</ele>
<time>2026-05-14T14:07:00Z</time>
<extensions>
<gpxtpx:TrackPointExtension>
<gpxtpx:hr>162</gpxtpx:hr>
</gpxtpx:TrackPointExtension>
</extensions>
</trkpt>
<trkpt lat="36.9664025" lon="127.8745648">
<ele>63.622</ele>
<time>2026-05-14T14:07:01Z</time>
<extensions>
<gpxtpx:TrackPointExtension>
<gpxtpx:hr>162</gpxtpx:hr>
<gpxtpx:cad>179</gpxtpx:cad>
</gpxtpx:TrackPointExtension>
</extensions>
</trkpt>
<trkpt lat="36.9664001" lon="127.8745315">
<ele>63.628</ele>
<time>2026-05-14T14:07:02Z</time>
<extensions>
<gpxtpx:TrackPointExtension>
<gpxtpx:hr>162</gpxtpx:hr>
</gpxtpx:TrackPointExtension>
</extensions>
</trkpt>
<trkpt lat="36.9663985" lon="127.8744984">
<ele>63.617</ele>
<time>2026-05-14T14:07:03Z</time>
<extensions>
<gpxtpx:TrackPointExtension>
<gpxtpx:hr>162</gpxtpx:hr>
</gpxtpx:TrackPointExtension>
</extensions>
</trkpt>
<trkpt lat="36.9663972" lon="127.8744652">
<ele>63.6</ele>
<time>2026-05-14T14:07:04Z</time>
<extensions>
<gpxtpx:TrackPointExtension>
<gpxtpx:hr>162</gpxtpx:hr>
</gpxtpx:TrackPointExtension>
</extensions>
</trkpt>
<trkpt lat="36.9663956" lon="127.8744318">
<ele>63.618</ele>
<time>2026-05-14T14:07:05Z</time>
<extensions>
<gpxtpx:TrackPointExtension>
<gpxtpx:hr>161</gpxtpx:hr>
</gpxtpx:TrackPointExtension>
</extensions>
</trkpt>
<trkpt lat="36.9663948" lon="127.8743976">
<ele>63.595</ele>
<time>2026-05-14T14:07:06Z</time>
<extensions>
<gpxtpx:TrackPointExtension>
<gpxtpx:hr>161</gpxtpx:hr>
<gpxtpx:cad>177</gpxtpx:cad>
</gpxtpx:TrackPointExtension>
</extensions>
</trkpt>
<trkpt lat="36.9663928" lon="127.8743642">
<ele>63.58</ele>
<time>2026-05-14T14:07:07Z</time>
<extensions>
<gpxtpx:TrackPointExtension>
<gpxtpx:hr>161</gpxtpx:hr>
</gpxtpx:TrackPointExtension>
</extensions>
</trkpt>
<trkpt lat="36.9663921" lon="127.8743292">
<ele>63.595</ele>
<time>2026-05-14T14:07:08Z</time>
<extensions>
<gpxtpx:TrackPointExtension>
<gpxtpx:hr>162</gpxtpx:hr>
</gpxtpx:TrackPointExtension>
</extensions>
</trkpt>
<trkpt lat="36.9663904" lon="127.8742955">
<ele>63.646</ele>
<time>2026-05-14T14:07:09Z</time>
<extensions>
<gpxtpx:TrackPointExtension>
<gpxtpx:hr>162</gpxtpx:hr>
</gpxtpx:TrackPointExtension>
</extensions>
</trkpt>
<trkpt lat="36.9663894" lon="127.8742608">
<ele>63.692</ele>
<time>2026-05-14T14:07:10Z</time>
<extensions>
<gpxtpx:TrackPointExtension>
<gpxtpx:hr>162</gpxtpx:hr>
</gpxtpx:TrackPointExtension>
</extensions>
</trkpt>
<trkpt lat="36.9663886" lon="127.8742247">
<ele>63.731</ele>
<time>2026-05-14T14:07:11Z</time>
<extensions>
<gpxtpx:TrackPointExtension>
<gpxtpx:hr>162</gpxtpx:hr>
<gpxtpx:cad>178</gpxtpx:cad>
</gpxtpx:TrackPointExtension>
</extensions>
</trkpt>
<trkpt lat="36.9663876" lon="127.8741894">
<ele>63.515</ele>
<time>2026-05-14T14:07:12Z</time>
</trkpt>
<trkpt lat="36.9663869" lon="127.8741551">
<ele>63.34</ele>
<time>2026-05-14T14:07:13Z</time>
<extensions>
<gpxtpx:TrackPointExtension>
<gpxtpx:hr>162</gpxtpx:hr>
</gpxtpx:TrackPointExtension>
</extensions>
</trkpt>
<trkpt lat="36.9663862" lon="127.8741198">
<ele>63.199</ele>
<time>2026-05-14T14:07:14Z</time>
<extensions>
<gpxtpx:TrackPointExtension>
<gpxtpx:hr>162</gpxtpx:hr>
</gpxtpx:TrackPointExtension>
</extensions>
</trkpt>
<trkpt lat="36.9663853" lon="127.8740833">
<ele>63.344</ele>
<time>2026-05-14T14:07:15Z</time>
<extensions>
<gpxtpx:TrackPointExtension>
<gpxtpx:hr>162</gpxtpx:hr>
</gpxtpx:TrackPointExtension>
</extensions>
</trkpt>
<trkpt lat="36.9663848" lon="127.874048">
<ele>63.346</ele>
<time>2026-05-14T14:07:16Z</time>
<extensions>
<gpxtpx:TrackPointExtension>
<gpxtpx:hr>162</gpxtpx:hr>
<gpxtpx:cad>179</gpxtpx:cad>
</gpxtpx:TrackPointExtension>
</extensions>
</trkpt>
<trkpt lat="36.9663836" lon="127.8740115">
<ele>63.307</ele>
<time>2026-05-14T14:07:17Z</time>
<extensions>
<gpxtpx:TrackPointExtension>
<gpxtpx:hr>162</gpxtpx:hr>
</gpxtpx:TrackPointExtension>
</extensions>
</trkpt>
<trkpt lat="36.9663832" lon="127.8739763">
<ele>63.282</ele>
<time>2026-05-14T14:07:18Z</time>
<extensions>
<gpxtpx:TrackPointExtension>
<gpxtpx:hr>162</gpxtpx:hr>
</gpxtpx:TrackPointExtension>
</extensions>
</trkpt>
<trkpt lat="36.9663823" lon="127.8739409">
<ele>63.292</ele>
<time>2026-05-14T14:07:19Z</time>
<extensions>
<gpxtpx:TrackPointExtension>
<gpxtpx:hr>161</gpxtpx:hr>
</gpxtpx:TrackPointExtension>
</extensions>
</trkpt>
<trkpt lat="36.9663813" lon="127.8739056">
<ele>63.28</ele>
<time>2026-05-14T14:07:20Z</time>
</trkpt>
<trkpt lat="36.9663802" lon="127.8738718">
<ele>63.368</ele>
<time>2026-05-14T14:07:21Z</time>
<extensions>
<gpxtpx:TrackPointExtension>
<gpxtpx:hr>161</gpxtpx:hr>
<gpxtpx:cad>177</gpxtpx:cad>
</gpxtpx:TrackPointExtension>
</extensions>
</trkpt>
<trkpt lat="36.9663795" lon="127.8738371">
<ele>63.427</ele>
<time>2026-05-14T14:07:22Z</time>
<extensions>
<gpxtpx:TrackPointExtension>
<gpxtpx:hr>161</gpxtpx:hr>
</gpxtpx:TrackPointExtension>
</extensions>
</trkpt>
<trkpt lat="36.966379" lon="127.8738041">
<ele>63.41</ele>
<time>2026-05-14T14:07:23Z</time>
<extensions>
<gpxtpx:TrackPointExtension>
<gpxtpx:hr>161</gpxtpx:hr>
</gpxtpx:TrackPointExtension>
</extensions>
</trkpt>
<trkpt lat="36.9663786" lon="127.8737701">
<ele>63.428</ele>
<time>2026-05-14T14:07:24Z</time>
<extensions>
<gpxtpx:TrackPointExtension>
<gpxtpx:hr>161</gpxtpx:hr>
</gpxtpx:TrackPointExtension>
</extensions>
</trkpt>
<trkpt lat="36.9663789" lon="127.8737387">
<ele>63.447</ele>
<time>2026-05-14T14:07:25Z</time>
<extensions>
<gpxtpx:TrackPointExtension>
<gpxtpx:hr>161</gpxtpx:hr>
</gpxtpx:TrackPointExtension>
</extensions>
</trkpt>
<trkpt lat="36.9663788" lon="127.8737056">
<ele>63.484</ele>
<time>2026-05-14T14:07:26Z</time>
<extensions>
<gpxtpx:TrackPointExtension>
<gpxtpx:hr>160</gpxtpx:hr>
<gpxtpx:cad>174</gpxtpx:cad>
</gpxtpx:TrackPointExtension>
</extensions>
</trkpt>
<trkpt lat="36.9663794" lon="127.8736754">
<ele>63.555</ele>
<time>2026-05-14T14:07:27Z</time>
<extensions>
<gpxtpx:TrackPointExtension>
<gpxtpx:hr>160</gpxtpx:hr>
</gpxtpx:TrackPointExtension>
</extensions>
</trkpt>
<trkpt lat="36.9663786" lon="127.87364">
<ele>63.539</ele>
<time>2026-05-14T14:07:28Z</time>
<extensions>
<gpxtpx:TrackPointExtension>
<gpxtpx:hr>160</gpxtpx:hr>
</gpxtpx:TrackPointExtension>
</extensions>
</trkpt>
<trkpt lat="36.9663795" lon="127.8736102">
<ele>63.53</ele>
<time>2026-05-14T14:07:29Z</time>
<extensions>
<gpxtpx:TrackPointExtension>
<gpxtpx:hr>161</gpxtpx:hr>
</gpxtpx:TrackPointExtension>
</extensions>
</trkpt>
<trkpt lat="36.9663787" lon="127.8735757">
<ele>63.551</ele>
<time>2026-05-14T14:07:30Z</time>
<extensions>
<gpxtpx:TrackPointExtension>
<gpxtpx:hr>161</gpxtpx:hr>
<gpxtpx:cad>174</gpxtpx:cad>
</gpxtpx:TrackPointExtension>
</extensions>
</trkpt>
<trkpt lat="36.9663789" lon="127.873544">
<ele>63.497</ele>
<time>2026-05-14T14:07:31Z</time>
<extensions>
<gpxtpx:TrackPointExtension>
<gpxtpx:hr>161</gpxtpx:hr>
<gpxtpx:cad>175</gpxtpx:cad>
</gpxtpx:TrackPointExtension>
</extensions>
</trkpt>
<trkpt lat="36.9663783" lon="127.8735111">
<ele>63.491</ele>
<time>2026-05-14T14:07:32Z</time>
<extensions>
<gpxtpx:TrackPointExtension>
<gpxtpx:hr>161</gpxtpx:hr>
</gpxtpx:TrackPointExtension>
</extensions>
</trkpt>
<trkpt lat="36.9663795" lon="127.8734812">
<ele>63.516</ele>
<time>2026-05-14T14:07:33Z</time>
<extensions>
<gpxtpx:TrackPointExtension>
<gpxtpx:hr>162</gpxtpx:hr>
</gpxtpx:TrackPointExtension>
</extensions>
</trkpt>
<trkpt lat="36.9663799" lon="127.87345">
<ele>63.527</ele>
<time>2026-05-14T14:07:34Z</time>
<extensions>
<gpxtpx:TrackPointExtension>
<gpxtpx:hr>162</gpxtpx:hr>
</gpxtpx:TrackPointExtension>
</extensions>
</trkpt>
<trkpt lat="36.966381" lon="127.8734189">
<ele>63.511</ele>
<time>2026-05-14T14:07:35Z</time>
<extensions>
<gpxtpx:TrackPointExtension>
<gpxtpx:hr>162</gpxtpx:hr>
</gpxtpx:TrackPointExtension>
</extensions>
</trkpt>
<trkpt lat="36.9663817" lon="127.8733878">
<ele>63.553</ele>
<time>2026-05-14T14:07:36Z</time>
<extensions>
<gpxtpx:TrackPointExtension>
<gpxtpx:hr>162</gpxtpx:hr>
<gpxtpx:cad>179</gpxtpx:cad>
</gpxtpx:TrackPointExtension>
</extensions>
</trkpt>
<trkpt lat="36.9663827" lon="127.8733561">
<ele>63.575</ele>
<time>2026-05-14T14:07:37Z</time>
<extensions>
<gpxtpx:TrackPointExtension>
<gpxtpx:hr>161</gpxtpx:hr>
</gpxtpx:TrackPointExtension>
</extensions>
</trkpt>
<trkpt lat="36.9663833" lon="127.8733267">
<ele>63.635</ele>
<time>2026-05-14T14:07:38Z</time>
<extensions>
<gpxtpx:TrackPointExtension>
<gpxtpx:hr>161</gpxtpx:hr>
</gpxtpx:TrackPointExtension>
</extensions>
</trkpt>
<trkpt lat="36.9663844" lon="127.8732955">
<ele>63.587</ele>
<time>2026-05-14T14:07:39Z</time>
<extensions>
<gpxtpx:TrackPointExtension>
<gpxtpx:hr>161</gpxtpx:hr>
</gpxtpx:TrackPointExtension>
</extensions>
</trkpt>
<trkpt lat="36.9663856" lon="127.8732658">
<ele>63.627</ele>
<time>2026-05-14T14:07:40Z</time>
<extensions>
<gpxtpx:TrackPointExtension>
<gpxtpx:hr>161</gpxtpx:hr>
</gpxtpx:TrackPointExtension>
</extensions>
</trkpt>
<trkpt lat="36.9663869" lon="127.873236">
<ele>63.718</ele>
<time>2026-05-14T14:07:41Z</time>
<extensions>
<gpxtpx:TrackPointExtension>
<gpxtpx:hr>161</gpxtpx:hr>
<gpxtpx:cad>184</gpxtpx:cad>
</gpxtpx:TrackPointExtension>
</extensions>
</trkpt>
<trkpt lat="36.9663878" lon="127.8732019">
<ele>63.781</ele>
<time>2026-05-14T14:07:42Z</time>
<extensions>
<gpxtpx:TrackPointExtension>
<gpxtpx:hr>161</gpxtpx:hr>
</gpxtpx:TrackPointExtension>
</extensions>
</trkpt>
<trkpt lat="36.9663893" lon="127.8731714">
<ele>63.854</ele>
<time>2026-05-14T14:07:43Z</time>
<extensions>
<gpxtpx:TrackPointExtension>
<gpxtpx:hr>161</gpxtpx:hr>
</gpxtpx:TrackPointExtension>
</extensions>
</trkpt>
<trkpt lat="36.9663904" lon="127.8731382">
<ele>63.728</ele>
<time>2026-05-14T14:07:44Z</time>
<extensions>
<gpxtpx:TrackPointExtension>
<gpxtpx:hr>161</gpxtpx:hr>
</gpxtpx:TrackPointExtension>
</extensions>
</trkpt>
<trkpt lat="36.9663919" lon="127.8731068">
<ele>63.824</ele>
<time>2026-05-14T14:07:45Z</time>
<extensions>
<gpxtpx:TrackPointExtension>
<gpxtpx:hr>161</gpxtpx:hr>
</gpxtpx:TrackPointExtension>
</extensions>
</trkpt>
<trkpt lat="36.9663923" lon="127.8730703">
<ele>63.992</ele>
<time>2026-05-14T14:07:46Z</time>
<extensions>
<gpxtpx:TrackPointExtension>
<gpxtpx:hr>162</gpxtpx:hr>
<gpxtpx:cad>182</gpxtpx:cad>
</gpxtpx:TrackPointExtension>
</extensions>
</trkpt>
<trkpt lat="36.9663936" lon="127.8730377">
<ele>64.018</ele>
<time>2026-05-14T14:07:47Z</time>
<extensions>
<gpxtpx:TrackPointExtension>
<gpxtpx:hr>162</gpxtpx:hr>
</gpxtpx:TrackPointExtension>
</extensions>
</trkpt>
<trkpt lat="36.9663943" lon="127.8730023">
<ele>64.051</ele>
<time>2026-05-14T14:07:48Z</time>
<extensions>
<gpxtpx:TrackPointExtension>
<gpxtpx:hr>162</gpxtpx:hr>
</gpxtpx:TrackPointExtension>
</extensions>
</trkpt>
<trkpt lat="36.9663954" lon="127.8729678">
<ele>64.002</ele>
<time>2026-05-14T14:07:49Z</time>
<extensions>
<gpxtpx:TrackPointExtension>
<gpxtpx:hr>162</gpxtpx:hr>
</gpxtpx:TrackPointExtension>
</extensions>
</trkpt>
<trkpt lat="36.9663962" lon="127.8729323">
<ele>64.079</ele>
<time>2026-05-14T14:07:50Z</time>
<extensions>
<gpxtpx:TrackPointExtension>
<gpxtpx:hr>161</gpxtpx:hr>
</gpxtpx:TrackPointExtension>
</extensions>
</trkpt>
<trkpt lat="36.9663964" lon="127.8728944">
<ele>64.15</ele>
<time>2026-05-14T14:07:51Z</time>
<extensions>
<gpxtpx:TrackPointExtension>
<gpxtpx:cad>175</gpxtpx:cad>
</gpxtpx:TrackPointExtension>
</extensions>
</trkpt>
<trkpt lat="36.9663962" lon="127.8728563">
<ele>64.209</ele>
<time>2026-05-14T14:07:52Z</time>
<extensions>
<gpxtpx:TrackPointExtension>
<gpxtpx:hr>162</gpxtpx:hr>
</gpxtpx:TrackPointExtension>
</extensions>
</trkpt>
<trkpt lat="36.9663957" lon="127.8728176">
<ele>64.277</ele>
<time>2026-05-14T14:07:53Z</time>
<extensions>
<gpxtpx:TrackPointExtension>
<gpxtpx:hr>162</gpxtpx:hr>
</gpxtpx:TrackPointExtension>
</extensions>
</trkpt>
<trkpt lat="36.9663954" lon="127.872779">
<ele>64.196</ele>
<time>2026-05-14T14:07:54Z</time>
<extensions>
<gpxtpx:TrackPointExtension>
<gpxtpx:hr>162</gpxtpx:hr>
</gpxtpx:TrackPointExtension>
</extensions>
</trkpt>
<trkpt lat="36.9663952" lon="127.8727403">
<ele>64.208</ele>
<time>2026-05-14T14:07:55Z</time>
<extensions>
<gpxtpx:TrackPointExtension>
<gpxtpx:hr>162</gpxtpx:hr>
</gpxtpx:TrackPointExtension>
</extensions>
</trkpt>
<trkpt lat="36.9663965" lon="127.8727021">
<ele>64.126</ele>
<time>2026-05-14T14:07:56Z</time>
<extensions>
<gpxtpx:TrackPointExtension>
<gpxtpx:hr>162</gpxtpx:hr>
<gpxtpx:cad>174</gpxtpx:cad>
</gpxtpx:TrackPointExtension>
</extensions>
</trkpt>
<trkpt lat="36.9663975" lon="127.8726637">
<ele>64.114</ele>
<time>2026-05-14T14:07:57Z</time>
<extensions>
<gpxtpx:TrackPointExtension>
<gpxtpx:hr>162</gpxtpx:hr>
</gpxtpx:TrackPointExtension>
</extensions>
</trkpt>
<trkpt lat="36.9664003" lon="127.8726263">
<ele>64.031</ele>
<time>2026-05-14T14:07:58Z</time>
<extensions>
<gpxtpx:TrackPointExtension>
<gpxtpx:hr>161</gpxtpx:hr>
</gpxtpx:TrackPointExtension>
</extensions>
</trkpt>
<trkpt lat="36.9664035" lon="127.8725891">
<ele>63.947</ele>
<time>2026-05-14T14:07:59Z</time>
<extensions>
<gpxtpx:TrackPointExtension>
<gpxtpx:hr>161</gpxtpx:hr>
</gpxtpx:TrackPointExtension>
</extensions>
</trkpt>
<trkpt lat="36.9664074" lon="127.8725524">
<ele>63.869</ele>
<time>2026-05-14T14:08:00Z</time>
<extensions>
<gpxtpx:TrackPointExtension>
<gpxtpx:hr>161</gpxtpx:hr>
</gpxtpx:TrackPointExtension>
</extensions>
</trkpt>
<trkpt lat="36.9664128" lon="127.8725168">
<ele>63.86</ele>
<time>2026-05-14T14:08:01Z</time>
<extensions>
<gpxtpx:TrackPointExtension>
<gpxtpx:hr>161</gpxtpx:hr>
<gpxtpx:cad>179</gpxtpx:cad>
</gpxtpx:TrackPointExtension>
</extensions>
</trkpt>
<trkpt lat="36.9664177" lon="127.8724809">
<ele>63.788</ele>
<time>2026-05-14T14:08:02Z</time>
<extensions>
<gpxtpx:TrackPointExtension>
<gpxtpx:hr>161</gpxtpx:hr>
</gpxtpx:TrackPointExtension>
</extensions>
</trkpt>
<trkpt lat="36.9664244" lon="127.8724463">
<ele>63.74</ele>
<time>2026-05-14T14:08:03Z</time>
<extensions>
<gpxtpx:TrackPointExtension>
<gpxtpx:hr>161</gpxtpx:hr>
<gpxtpx:cad>180</gpxtpx:cad>
</gpxtpx:TrackPointExtension>
</extensions>
</trkpt>
<trkpt lat="36.9664308" lon="127.8724114">
<ele>63.721</ele>
<time>2026-05-14T14:08:04Z</time>
<extensions>
<gpxtpx:TrackPointExtension>
<gpxtpx:hr>160</gpxtpx:hr>
</gpxtpx:TrackPointExtension>
</extensions>
</trkpt>
<trkpt lat="36.9664385" lon="127.8723775">
<ele>63.64</ele>
<time>2026-05-14T14:08:05Z</time>
<extensions>
<gpxtpx:TrackPointExtension>
<gpxtpx:hr>160</gpxtpx:hr>
</gpxtpx:TrackPointExtension>
</extensions>
</trkpt>
<trkpt lat="36.966446" lon="127.8723434">
<ele>63.678</ele>
<time>2026-05-14T14:08:06Z</time>
<extensions>
<gpxtpx:TrackPointExtension>
<gpxtpx:hr>160</gpxtpx:hr>
<gpxtpx:cad>181</gpxtpx:cad>
</gpxtpx:TrackPointExtension>
</extensions>
</trkpt>
<trkpt lat="36.9664541" lon="127.8723097">
<ele>63.607</ele>
<time>2026-05-14T14:08:07Z</time>
<extensions>
<gpxtpx:TrackPointExtension>
<gpxtpx:hr>161</gpxtpx:hr>
</gpxtpx:TrackPointExtension>
</extensions>
</trkpt>
<trkpt lat="36.9664626" lon="127.8722763">
<ele>63.585</ele>
<time>2026-05-14T14:08:08Z</time>
<extensions>
<gpxtpx:TrackPointExtension>
<gpxtpx:hr>161</gpxtpx:hr>
</gpxtpx:TrackPointExtension>
</extensions>
</trkpt>
<trkpt lat="36.9664712" lon="127.8722432">
<ele>63.649</ele>
<time>2026-05-14T14:08:09Z</time>
<extensions>
<gpxtpx:TrackPointExtension>
<gpxtpx:hr>161</gpxtpx:hr>
</gpxtpx:TrackPointExtension>
</extensions>
</trkpt>
<trkpt lat="36.9664797" lon="127.87221">
<ele>63.642</ele>
<time>2026-05-14T14:08:10Z</time>
<extensions>
<gpxtpx:TrackPointExtension>
<gpxtpx:hr>161</gpxtpx:hr>
</gpxtpx:TrackPointExtension>
</extensions>
</trkpt>
<trkpt lat="36.9664883" lon="127.8721775">
<ele>63.678</ele>
<time>2026-05-14T14:08:11Z</time>
<extensions>
<gpxtpx:TrackPointExtension>
<gpxtpx:hr>161</gpxtpx:hr>
<gpxtpx:cad>183</gpxtpx:cad>
</gpxtpx:TrackPointExtension>
</extensions>
</trkpt>
<trkpt lat="36.9664967" lon="127.8721446">
<ele>63.663</ele>
<time>2026-05-14T14:08:12Z</time>
<extensions>
<gpxtpx:TrackPointExtension>
<gpxtpx:hr>161</gpxtpx:hr>
</gpxtpx:TrackPointExtension>
</extensions>
</trkpt>
<trkpt lat="36.9665051" lon="127.872112">
<ele>63.723</ele>
<time>2026-05-14T14:08:13Z</time>
<extensions>
<gpxtpx:TrackPointExtension>
<gpxtpx:hr>161</gpxtpx:hr>
</gpxtpx:TrackPointExtension>
</extensions>
</trkpt>
<trkpt lat="36.9665136" lon="127.8720791">
<ele>63.798</ele>
<time>2026-05-14T14:08:14Z</time>
<extensions>
<gpxtpx:TrackPointExtension>
<gpxtpx:hr>161</gpxtpx:hr>
</gpxtpx:TrackPointExtension>
</extensions>
</trkpt>
<trkpt lat="36.9665221" lon="127.8720463">
<ele>63.781</ele>
<time>2026-05-14T14:08:15Z</time>
<extensions>
<gpxtpx:TrackPointExtension>
<gpxtpx:hr>161</gpxtpx:hr>
</gpxtpx:TrackPointExtension>
</extensions>
</trkpt>
<trkpt lat="36.9665306" lon="127.8720135">
<ele>63.823</ele>
<time>2026-05-14T14:08:16Z</time>
<extensions>
<gpxtpx:TrackPointExtension>
<gpxtpx:hr>161</gpxtpx:hr>
<gpxtpx:cad>182</gpxtpx:cad>
</gpxtpx:TrackPointExtension>
</extensions>
</trkpt>
<trkpt lat="36.9665391" lon="127.8719807">
<ele>63.826</ele>
<time>2026-05-14T14:08:17Z</time>
<extensions>
<gpxtpx:TrackPointExtension>
<gpxtpx:hr>161</gpxtpx:hr>
</gpxtpx:TrackPointExtension>
</extensions>
</trkpt>
<trkpt lat="36.9665481" lon="127.8719481">
<ele>63.84</ele>
<time>2026-05-14T14:08:18Z</time>
<extensions>
<gpxtpx:TrackPointExtension>
<gpxtpx:hr>161</gpxtpx:hr>
</gpxtpx:TrackPointExtension>
</extensions>
</trkpt>
<trkpt lat="36.9665566" lon="127.8719154">
<ele>63.867</ele>
<time>2026-05-14T14:08:19Z</time>
<extensions>
<gpxtpx:TrackPointExtension>
<gpxtpx:hr>161</gpxtpx:hr>
</gpxtpx:TrackPointExtension>
</extensions>
</trkpt>
<trkpt lat="36.9665656" lon="127.8718829">
<ele>63.889</ele>
<time>2026-05-14T14:08:20Z</time>
<extensions>
<gpxtpx:TrackPointExtension>
<gpxtpx:hr>162</gpxtpx:hr>
</gpxtpx:TrackPointExtension>
</extensions>
</trkpt>
<trkpt lat="36.966574" lon="127.8718503">
<ele>63.969</ele>
<time>2026-05-14T14:08:21Z</time>
<extensions>
<gpxtpx:TrackPointExtension>
<gpxtpx:hr>162</gpxtpx:hr>
<gpxtpx:cad>177</gpxtpx:cad>
</gpxtpx:TrackPointExtension>
</extensions>
</trkpt>
<trkpt lat="36.9665824" lon="127.8718176">
<ele>64.019</ele>
<time>2026-05-14T14:08:22Z</time>
<extensions>
<gpxtpx:TrackPointExtension>
<gpxtpx:hr>162</gpxtpx:hr>
</gpxtpx:TrackPointExtension>
</extensions>
</trkpt>
<trkpt lat="36.966591" lon="127.8717848">
<ele>64.148</ele>
<time>2026-05-14T14:08:23Z</time>
<extensions>
<gpxtpx:TrackPointExtension>
<gpxtpx:hr>162</gpxtpx:hr>
</gpxtpx:TrackPointExtension>
</extensions>
</trkpt>
<trkpt lat="36.9666001" lon="127.871752">
<ele>64.119</ele>
<time>2026-05-14T14:08:24Z</time>
<extensions>
<gpxtpx:TrackPointExtension>
<gpxtpx:hr>162</gpxtpx:hr>
</gpxtpx:TrackPointExtension>
</extensions>
</trkpt>
<trkpt lat="36.9666102" lon="127.8717192">
<ele>64.17</ele>
<time>2026-05-14T14:08:25Z</time>
<extensions>
<gpxtpx:TrackPointExtension>
<gpxtpx:hr>162</gpxtpx:hr>
</gpxtpx:TrackPointExtension>
</extensions>
</trkpt>
<trkpt lat="36.9666208" lon="127.8716864">
<ele>64.228</ele>
<time>2026-05-14T14:08:26Z</time>
<extensions>
<gpxtpx:TrackPointExtension>
<gpxtpx:hr>162</gpxtpx:hr>
<gpxtpx:cad>174</gpxtpx:cad>
</gpxtpx:TrackPointExtension>
</extensions>
</trkpt>
<trkpt lat="36.9666315" lon="127.8716535">
<ele>64.264</ele>
<time>2026-05-14T14:08:27Z</time>
<extensions>
<gpxtpx:TrackPointExtension>
<gpxtpx:hr>162</gpxtpx:hr>
</gpxtpx:TrackPointExtension>
</extensions>
</trkpt>
<trkpt lat="36.9666421" lon="127.8716204">
<ele>64.27</ele>
<time>2026-05-14T14:08:28Z</time>
<extensions>
<gpxtpx:TrackPointExtension>
<gpxtpx:hr>162</gpxtpx:hr>
</gpxtpx:TrackPointExtension>
</extensions>
</trkpt>
<trkpt lat="36.9666524" lon="127.8715867">
<ele>64.352</ele>
<time>2026-05-14T14:08:29Z</time>
<extensions>
<gpxtpx:TrackPointExtension>
<gpxtpx:hr>162</gpxtpx:hr>
</gpxtpx:TrackPointExtension>
</extensions>
</trkpt>
<trkpt lat="36.966662" lon="127.8715523">
<ele>64.226</ele>
<time>2026-05-14T14:08:30Z</time>
<extensions>
<gpxtpx:TrackPointExtension>
<gpxtpx:hr>162</gpxtpx:hr>
</gpxtpx:TrackPointExtension>
</extensions>
</trkpt>
<trkpt lat="36.9666714" lon="127.8715177">
<ele>64.117</ele>
<time>2026-05-14T14:08:31Z</time>
<extensions>
<gpxtpx:TrackPointExtension>
<gpxtpx:hr>162</gpxtpx:hr>
<gpxtpx:cad>174</gpxtpx:cad>
</gpxtpx:TrackPointExtension>
</extensions>
</trkpt>
<trkpt lat="36.9666783" lon="127.8714807">
<ele>64.117</ele>
<time>2026-05-14T14:08:32Z</time>
<extensions>
<gpxtpx:TrackPointExtension>
<gpxtpx:hr>163</gpxtpx:hr>
</gpxtpx:TrackPointExtension>
</extensions>
</trkpt>
<trkpt lat="36.9666856" lon="127.871444">
<ele>64.117</ele>
<time>2026-05-14T14:08:33Z</time>
<extensions>
<gpxtpx:TrackPointExtension>
<gpxtpx:hr>163</gpxtpx:hr>
</gpxtpx:TrackPointExtension>
</extensions>
</trkpt>
<trkpt lat="36.9666912" lon="127.8714057">
<ele>64.138</ele>
<time>2026-05-14T14:08:34Z</time>
<extensions>
<gpxtpx:TrackPointExtension>
<gpxtpx:hr>164</gpxtpx:hr>
</gpxtpx:TrackPointExtension>
</extensions>
</trkpt>
<trkpt lat="36.9666961" lon="127.8713669">
<ele>64.156</ele>
<time>2026-05-14T14:08:35Z</time>
<extensions>
<gpxtpx:TrackPointExtension>
<gpxtpx:hr>164</gpxtpx:hr>
<gpxtpx:cad>177</gpxtpx:cad>
</gpxtpx:TrackPointExtension>
</extensions>
</trkpt>
<trkpt lat="36.9667005" lon="127.8713279">
<ele>64.158</ele>
<time>2026-05-14T14:08:36Z</time>
<extensions>
<gpxtpx:TrackPointExtension>
<gpxtpx:hr>164</gpxtpx:hr>
<gpxtpx:cad>177</gpxtpx:cad>
</gpxtpx:TrackPointExtension>
</extensions>
</trkpt>
<trkpt lat="36.9667044" lon="127.871289">
<ele>64.202</ele>
<time>2026-05-14T14:08:37Z</time>
<extensions>
<gpxtpx:TrackPointExtension>
<gpxtpx:hr>164</gpxtpx:hr>
</gpxtpx:TrackPointExtension>
</extensions>
</trkpt>
<trkpt lat="36.9667079" lon="127.8712507">
<ele>64.303</ele>
<time>2026-05-14T14:08:38Z</time>
<extensions>
<gpxtpx:TrackPointExtension>
<gpxtpx:hr>164</gpxtpx:hr>
</gpxtpx:TrackPointExtension>
</extensions>
</trkpt>
<trkpt lat="36.9667112" lon="127.8712143">
<ele>64.245</ele>
<time>2026-05-14T14:08:39Z</time>
<extensions>
<gpxtpx:TrackPointExtension>
<gpxtpx:hr>165</gpxtpx:hr>
</gpxtpx:TrackPointExtension>
</extensions>
</trkpt>
<trkpt lat="36.9667147" lon="127.8711792">
<ele>64.154</ele>
<time>2026-05-14T14:08:40Z</time>
<extensions>
<gpxtpx:TrackPointExtension>
<gpxtpx:hr>165</gpxtpx:hr>
</gpxtpx:TrackPointExtension>
</extensions>
</trkpt>
<trkpt lat="36.9667185" lon="127.8711447">
<ele>64.168</ele>
<time>2026-05-14T14:08:41Z</time>
<extensions>
<gpxtpx:TrackPointExtension>
<gpxtpx:hr>165</gpxtpx:hr>
<gpxtpx:cad>177</gpxtpx:cad>
</gpxtpx:TrackPointExtension>
</extensions>
</trkpt>
<trkpt lat="36.9667234" lon="127.8711137">
<ele>64.211</ele>
<time>2026-05-14T14:08:42Z</time>
<extensions>
<gpxtpx:TrackPointExtension>
<gpxtpx:hr>165</gpxtpx:hr>
</gpxtpx:TrackPointExtension>
</extensions>
</trkpt>
<trkpt lat="36.9667284" lon="127.8710827">
<ele>64.203</ele>
<time>2026-05-14T14:08:43Z</time>
<extensions>
<gpxtpx:TrackPointExtension>
<gpxtpx:hr>164</gpxtpx:hr>
</gpxtpx:TrackPointExtension>
</extensions>
</trkpt>
<trkpt lat="36.9667334" lon="127.8710514">
<ele>64.108</ele>
<time>2026-05-14T14:08:44Z</time>
<extensions>
<gpxtpx:TrackPointExtension>
<gpxtpx:hr>164</gpxtpx:hr>
</gpxtpx:TrackPointExtension>
</extensions>
</trkpt>
<trkpt lat="36.9667379" lon="127.8710183">
<ele>64.216</ele>
<time>2026-05-14T14:08:45Z</time>
<extensions>
<gpxtpx:TrackPointExtension>
<gpxtpx:hr>163</gpxtpx:hr>
</gpxtpx:TrackPointExtension>
</extensions>
</trkpt>
<trkpt lat="36.9667427" lon="127.8709865">
<ele>64.382</ele>
<time>2026-05-14T14:08:46Z</time>
<extensions>
<gpxtpx:TrackPointExtension>
<gpxtpx:hr>163</gpxtpx:hr>
<gpxtpx:cad>175</gpxtpx:cad>
</gpxtpx:TrackPointExtension>
</extensions>
</trkpt>
<trkpt lat="36.9667477" lon="127.8709551">
<ele>64.391</ele>
<time>2026-05-14T14:08:47Z</time>
<extensions>
<gpxtpx:TrackPointExtension>
<gpxtpx:hr>164</gpxtpx:hr>
</gpxtpx:TrackPointExtension>
</extensions>
</trkpt>
<trkpt lat="36.9667531" lon="127.8709248">
<ele>64.3</ele>
<time>2026-05-14T14:08:48Z</time>
<extensions>
<gpxtpx:TrackPointExtension>
<gpxtpx:hr>163</gpxtpx:hr>
</gpxtpx:TrackPointExtension>
</extensions>
</trkpt>
<trkpt lat="36.9667586" lon="127.8708948">
<ele>64.132</ele>
<time>2026-05-14T14:08:49Z</time>
<extensions>
<gpxtpx:TrackPointExtension>
<gpxtpx:hr>163</gpxtpx:hr>
</gpxtpx:TrackPointExtension>
</extensions>
</trkpt>
<trkpt lat="36.9667641" lon="127.8708648">
<ele>64.084</ele>
<time>2026-05-14T14:08:50Z</time>
<extensions>
<gpxtpx:TrackPointExtension>
<gpxtpx:hr>164</gpxtpx:hr>
</gpxtpx:TrackPointExtension>
</extensions>
</trkpt>
<trkpt lat="36.9667696" lon="127.8708346">
<ele>64.162</ele>
<time>2026-05-14T14:08:51Z</time>
<extensions>
<gpxtpx:TrackPointExtension>
<gpxtpx:hr>164</gpxtpx:hr>
<gpxtpx:cad>173</gpxtpx:cad>
</gpxtpx:TrackPointExtension>
</extensions>
</trkpt>
<trkpt lat="36.966775" lon="127.8708041">
<ele>64.21</ele>
<time>2026-05-14T14:08:52Z</time>
<extensions>
<gpxtpx:TrackPointExtension>
<gpxtpx:hr>165</gpxtpx:hr>
</gpxtpx:TrackPointExtension>
</extensions>
</trkpt>
<trkpt lat="36.9667805" lon="127.8707734">
<ele>64.297</ele>
<time>2026-05-14T14:08:53Z</time>
<extensions>
<gpxtpx:TrackPointExtension>
<gpxtpx:hr>165</gpxtpx:hr>
</gpxtpx:TrackPointExtension>
</extensions>
</trkpt>
<trkpt lat="36.9667859" lon="127.8707427">
<ele>64.247</ele>
<time>2026-05-14T14:08:54Z</time>
<extensions>
<gpxtpx:TrackPointExtension>
<gpxtpx:hr>165</gpxtpx:hr>
</gpxtpx:TrackPointExtension>
</extensions>
</trkpt>
<trkpt lat="36.9667919" lon="127.8707111">
<ele>64.29</ele>
<time>2026-05-14T14:08:55Z</time>
</trkpt>
<trkpt lat="36.9667977" lon="127.8706798">
<ele>64.277</ele>
<time>2026-05-14T14:08:56Z</time>
<extensions>
<gpxtpx:TrackPointExtension>
<gpxtpx:hr>164</gpxtpx:hr>
<gpxtpx:cad>173</gpxtpx:cad>
</gpxtpx:TrackPointExtension>
</extensions>
</trkpt>
<trkpt lat="36.9668044" lon="127.8706476">
<ele>64.257</ele>
<time>2026-05-14T14:08:57Z</time>
<extensions>
<gpxtpx:TrackPointExtension>
<gpxtpx:hr>164</gpxtpx:hr>
</gpxtpx:TrackPointExtension>
</extensions>
</trkpt>
<trkpt lat="36.9668108" lon="127.8706157">
<ele>64.209</ele>
<time>2026-05-14T14:08:58Z</time>
<extensions>
<gpxtpx:TrackPointExtension>
<gpxtpx:hr>164</gpxtpx:hr>
</gpxtpx:TrackPointExtension>
</extensions>
</trkpt>
<trkpt lat="36.9668179" lon="127.870583">
<ele>64.227</ele>
<time>2026-05-14T14:08:59Z</time>
<extensions>
<gpxtpx:TrackPointExtension>
<gpxtpx:hr>164</gpxtpx:hr>
</gpxtpx:TrackPointExtension>
</extensions>
</trkpt>
<trkpt lat="36.966825" lon="127.8705504">
<ele>64.249</ele>
<time>2026-05-14T14:09:00Z</time>
<extensions>
<gpxtpx:TrackPointExtension>
<gpxtpx:hr>164</gpxtpx:hr>
</gpxtpx:TrackPointExtension>
</extensions>
</trkpt>
<trkpt lat="36.9668325" lon="127.8705173">
<ele>64.216</ele>
<time>2026-05-14T14:09:01Z</time>
<extensions>
<gpxtpx:TrackPointExtension>
<gpxtpx:hr>164</gpxtpx:hr>
<gpxtpx:cad>177</gpxtpx:cad>
</gpxtpx:TrackPointExtension>
</extensions>
</trkpt>
<trkpt lat="36.9668399" lon="127.8704842">
<ele>64.189</ele>
<time>2026-05-14T14:09:02Z</time>
<extensions>
<gpxtpx:TrackPointExtension>
<gpxtpx:hr>164</gpxtpx:hr>
</gpxtpx:TrackPointExtension>
</extensions>
</trkpt>
<trkpt lat="36.9668475" lon="127.8704509">
<ele>64.212</ele>
<time>2026-05-14T14:09:03Z</time>
<extensions>
<gpxtpx:TrackPointExtension>
<gpxtpx:hr>164</gpxtpx:hr>
</gpxtpx:TrackPointExtension>
</extensions>
</trkpt>
<trkpt lat="36.9668552" lon="127.8704177">
<ele>64.271</ele>
<time>2026-05-14T14:09:04Z</time>
<extensions>
<gpxtpx:TrackPointExtension>
<gpxtpx:hr>164</gpxtpx:hr>
</gpxtpx:TrackPointExtension>
</extensions>
</trkpt>
<trkpt lat="36.9668628" lon="127.8703844">
<ele>64.188</ele>
<time>2026-05-14T14:09:05Z</time>
<extensions>
<gpxtpx:TrackPointExtension>
<gpxtpx:hr>164</gpxtpx:hr>
</gpxtpx:TrackPointExtension>
</extensions>
</trkpt>
<trkpt lat="36.9668703" lon="127.8703519">
<ele>64.144</ele>
<time>2026-05-14T14:09:06Z</time>
<extensions>
<gpxtpx:TrackPointExtension>
<gpxtpx:hr>165</gpxtpx:hr>
<gpxtpx:cad>181</gpxtpx:cad>
</gpxtpx:TrackPointExtension>
</extensions>
</trkpt>
<trkpt lat="36.9668776" lon="127.8703195">
<ele>64.203</ele>
<time>2026-05-14T14:09:07Z</time>
<extensions>
<gpxtpx:TrackPointExtension>
<gpxtpx:hr>165</gpxtpx:hr>
</gpxtpx:TrackPointExtension>
</extensions>
</trkpt>
<trkpt lat="36.9668846" lon="127.8702881">
<ele>64.277</ele>
<time>2026-05-14T14:09:08Z</time>
<extensions>
<gpxtpx:TrackPointExtension>
<gpxtpx:hr>165</gpxtpx:hr>
<gpxtpx:cad>181</gpxtpx:cad>
</gpxtpx:TrackPointExtension>
</extensions>
</trkpt>
<trkpt lat="36.9668913" lon="127.8702573">
<ele>64.327</ele>
<time>2026-05-14T14:09:09Z</time>
<extensions>
<gpxtpx:TrackPointExtension>
<gpxtpx:hr>165</gpxtpx:hr>
</gpxtpx:TrackPointExtension>
</extensions>
</trkpt>
<trkpt lat="36.9668983" lon="127.8702261">
<ele>64.259</ele>
<time>2026-05-14T14:09:10Z</time>
<extensions>
<gpxtpx:TrackPointExtension>
<gpxtpx:hr>165</gpxtpx:hr>
</gpxtpx:TrackPointExtension>
</extensions>
</trkpt>
<trkpt lat="36.9669053" lon="127.8701958">
<ele>64.211</ele>
<time>2026-05-14T14:09:11Z</time>
<extensions>
<gpxtpx:TrackPointExtension>
<gpxtpx:hr>164</gpxtpx:hr>
<gpxtpx:cad>181</gpxtpx:cad>
</gpxtpx:TrackPointExtension>
</extensions>
</trkpt>
<trkpt lat="36.9669126" lon="127.8701646">
<ele>64.265</ele>
<time>2026-05-14T14:09:12Z</time>
<extensions>
<gpxtpx:TrackPointExtension>
<gpxtpx:hr>164</gpxtpx:hr>
</gpxtpx:TrackPointExtension>
</extensions>
</trkpt>
<trkpt lat="36.9669194" lon="127.870134">
<ele>64.211</ele>
<time>2026-05-14T14:09:13Z</time>
<extensions>
<gpxtpx:TrackPointExtension>
<gpxtpx:hr>164</gpxtpx:hr>
</gpxtpx:TrackPointExtension>
</extensions>
</trkpt>
<trkpt lat="36.9669266" lon="127.8701024">
<ele>64.162</ele>
<time>2026-05-14T14:09:14Z</time>
<extensions>
<gpxtpx:TrackPointExtension>
<gpxtpx:hr>164</gpxtpx:hr>
</gpxtpx:TrackPointExtension>
</extensions>
</trkpt>
<trkpt lat="36.9669331" lon="127.8700718">
<ele>64.229</ele>
<time>2026-05-14T14:09:15Z</time>
<extensions>
<gpxtpx:TrackPointExtension>
<gpxtpx:hr>165</gpxtpx:hr>
</gpxtpx:TrackPointExtension>
</extensions>
</trkpt>
<trkpt lat="36.9669401" lon="127.8700407">
<ele>64.215</ele>
<time>2026-05-14T14:09:16Z</time>
<extensions>
<gpxtpx:TrackPointExtension>
<gpxtpx:hr>165</gpxtpx:hr>
<gpxtpx:cad>178</gpxtpx:cad>
</gpxtpx:TrackPointExtension>
</extensions>
</trkpt>
<trkpt lat="36.9669463" lon="127.8700104">
<ele>64.153</ele>
<time>2026-05-14T14:09:17Z</time>
<extensions>
<gpxtpx:TrackPointExtension>
<gpxtpx:hr>164</gpxtpx:hr>
</gpxtpx:TrackPointExtension>
</extensions>
</trkpt>
<trkpt lat="36.9669528" lon="127.8699799">
<ele>64.249</ele>
<time>2026-05-14T14:09:18Z</time>
<extensions>
<gpxtpx:TrackPointExtension>
<gpxtpx:hr>165</gpxtpx:hr>
</gpxtpx:TrackPointExtension>
</extensions>
</trkpt>
<trkpt lat="36.9669591" lon="127.8699496">
<ele>64.406</ele>
<time>2026-05-14T14:09:19Z</time>
<extensions>
<gpxtpx:TrackPointExtension>
<gpxtpx:hr>165</gpxtpx:hr>
</gpxtpx:TrackPointExtension>
</extensions>
</trkpt>
<trkpt lat="36.9669654" lon="127.8699194">
<ele>64.345</ele>
<time>2026-05-14T14:09:20Z</time>
<extensions>
<gpxtpx:TrackPointExtension>
<gpxtpx:hr>164</gpxtpx:hr>
</gpxtpx:TrackPointExtension>
</extensions>
</trkpt>
<trkpt lat="36.9669715" lon="127.8698894">
<ele>64.285</ele>
<time>2026-05-14T14:09:21Z</time>
<extensions>
<gpxtpx:TrackPointExtension>
<gpxtpx:hr>164</gpxtpx:hr>
<gpxtpx:cad>176</gpxtpx:cad>
</gpxtpx:TrackPointExtension>
</extensions>
</trkpt>
<trkpt lat="36.966978" lon="127.8698591">
<ele>64.176</ele>
<time>2026-05-14T14:09:22Z</time>
<extensions>
<gpxtpx:TrackPointExtension>
<gpxtpx:hr>164</gpxtpx:hr>
</gpxtpx:TrackPointExtension>
</extensions>
</trkpt>
<trkpt lat="36.966984" lon="127.8698291">
<ele>64.14</ele>
<time>2026-05-14T14:09:23Z</time>
<extensions>
<gpxtpx:TrackPointExtension>
<gpxtpx:hr>164</gpxtpx:hr>
</gpxtpx:TrackPointExtension>
</extensions>
</trkpt>
<trkpt lat="36.9669896" lon="127.8697993">
<ele>64.1</ele>
<time>2026-05-14T14:09:24Z</time>
<extensions>
<gpxtpx:TrackPointExtension>
<gpxtpx:hr>163</gpxtpx:hr>
</gpxtpx:TrackPointExtension>
</extensions>
</trkpt>
<trkpt lat="36.9669958" lon="127.8697691">
<ele>64.092</ele>
<time>2026-05-14T14:09:25Z</time>
<extensions>
<gpxtpx:TrackPointExtension>
<gpxtpx:hr>162</gpxtpx:hr>
</gpxtpx:TrackPointExtension>
</extensions>
</trkpt>
<trkpt lat="36.9670014" lon="127.8697392">
<ele>64.107</ele>
<time>2026-05-14T14:09:26Z</time>
<extensions>
<gpxtpx:TrackPointExtension>
<gpxtpx:hr>162</gpxtpx:hr>
<gpxtpx:cad>177</gpxtpx:cad>
</gpxtpx:TrackPointExtension>
</extensions>
</trkpt>
<trkpt lat="36.9670071" lon="127.8697093">
<ele>64.126</ele>
<time>2026-05-14T14:09:27Z</time>
<extensions>
<gpxtpx:TrackPointExtension>
<gpxtpx:hr>162</gpxtpx:hr>
</gpxtpx:TrackPointExtension>
</extensions>
</trkpt>
<trkpt lat="36.967013" lon="127.8696793">
<ele>64.138</ele>
<time>2026-05-14T14:09:28Z</time>
<extensions>
<gpxtpx:TrackPointExtension>
<gpxtpx:hr>162</gpxtpx:hr>
</gpxtpx:TrackPointExtension>
</extensions>
</trkpt>
<trkpt lat="36.9670189" lon="127.8696493">
<ele>64.1</ele>
<time>2026-05-14T14:09:29Z</time>
<extensions>
<gpxtpx:TrackPointExtension>
<gpxtpx:hr>163</gpxtpx:hr>
</gpxtpx:TrackPointExtension>
</extensions>
</trkpt>
<trkpt lat="36.9670247" lon="127.8696194">
<ele>64.062</ele>
<time>2026-05-14T14:09:30Z</time>
<extensions>
<gpxtpx:TrackPointExtension>
<gpxtpx:hr>162</gpxtpx:hr>
</gpxtpx:TrackPointExtension>
</extensions>
</trkpt>
<trkpt lat="36.9670306" lon="127.8695895">
<ele>64.034</ele>
<time>2026-05-14T14:09:31Z</time>
<extensions>
<gpxtpx:TrackPointExtension>
<gpxtpx:hr>162</gpxtpx:hr>
<gpxtpx:cad>177</gpxtpx:cad>
</gpxtpx:TrackPointExtension>
</extensions>
</trkpt>
<trkpt lat="36.9670361" lon="127.8695597">
<ele>64.045</ele>
<time>2026-05-14T14:09:32Z</time>
<extensions>
<gpxtpx:TrackPointExtension>
<gpxtpx:hr>162</gpxtpx:hr>
</gpxtpx:TrackPointExtension>
</extensions>
</trkpt>
<trkpt lat="36.967042" lon="127.8695297">
<ele>64.113</ele>
<time>2026-05-14T14:09:33Z</time>
<extensions>
<gpxtpx:TrackPointExtension>
<gpxtpx:hr>161</gpxtpx:hr>
</gpxtpx:TrackPointExtension>
</extensions>
</trkpt>
<trkpt lat="36.9670475" lon="127.8694998">
<ele>64.106</ele>
<time>2026-05-14T14:09:34Z</time>
<extensions>
<gpxtpx:TrackPointExtension>
<gpxtpx:hr>161</gpxtpx:hr>
</gpxtpx:TrackPointExtension>
</extensions>
</trkpt>
<trkpt lat="36.9670541" lon="127.8694697">
<ele>64.099</ele>
<time>2026-05-14T14:09:35Z</time>
<extensions>
<gpxtpx:TrackPointExtension>
<gpxtpx:hr>161</gpxtpx:hr>
</gpxtpx:TrackPointExtension>
</extensions>
</trkpt>
<trkpt lat="36.9670599" lon="127.8694397">
<ele>64.145</ele>
<time>2026-05-14T14:09:36Z</time>
<extensions>
<gpxtpx:TrackPointExtension>
<gpxtpx:hr>161</gpxtpx:hr>
<gpxtpx:cad>176</gpxtpx:cad>
</gpxtpx:TrackPointExtension>
</extensions>
</trkpt>
<trkpt lat="36.9670671" lon="127.8694096">
<ele>64.071</ele>
<time>2026-05-14T14:09:37Z</time>
<extensions>
<gpxtpx:TrackPointExtension>
<gpxtpx:hr>161</gpxtpx:hr>
</gpxtpx:TrackPointExtension>
</extensions>
</trkpt>
<trkpt lat="36.9670739" lon="127.8693794">
<ele>64.007</ele>
<time>2026-05-14T14:09:38Z</time>
<extensions>
<gpxtpx:TrackPointExtension>
<gpxtpx:hr>161</gpxtpx:hr>
</gpxtpx:TrackPointExtension>
</extensions>
</trkpt>
<trkpt lat="36.9670809" lon="127.869349">
<ele>63.937</ele>
<time>2026-05-14T14:09:39Z</time>
<extensions>
<gpxtpx:TrackPointExtension>
<gpxtpx:hr>162</gpxtpx:hr>
</gpxtpx:TrackPointExtension>
</extensions>
</trkpt>
<trkpt lat="36.9670881" lon="127.8693183">
<ele>63.886</ele>
<time>2026-05-14T14:09:40Z</time>
<extensions>
<gpxtpx:TrackPointExtension>
<gpxtpx:hr>162</gpxtpx:hr>
</gpxtpx:TrackPointExtension>
</extensions>
</trkpt>
<trkpt lat="36.9670954" lon="127.869287">
<ele>63.901</ele>
<time>2026-05-14T14:09:41Z</time>
<extensions>
<gpxtpx:TrackPointExtension>
<gpxtpx:hr>162</gpxtpx:hr>
<gpxtpx:cad>180</gpxtpx:cad>
</gpxtpx:TrackPointExtension>
</extensions>
</trkpt>
<trkpt lat="36.9671037" lon="127.869253">
<ele>63.888</ele>
<time>2026-05-14T14:09:42Z</time>
<extensions>
<gpxtpx:TrackPointExtension>
<gpxtpx:hr>162</gpxtpx:hr>
</gpxtpx:TrackPointExtension>
</extensions>
</trkpt>
<trkpt lat="36.9671108" lon="127.8692222">
<ele>64.035</ele>
<time>2026-05-14T14:09:43Z</time>
<extensions>
<gpxtpx:TrackPointExtension>
<gpxtpx:hr>161</gpxtpx:hr>
</gpxtpx:TrackPointExtension>
</extensions>
</trkpt>
<trkpt lat="36.9671196" lon="127.8691856">
<ele>64.08</ele>
<time>2026-05-14T14:09:44Z</time>
<extensions>
<gpxtpx:TrackPointExtension>
<gpxtpx:hr>161</gpxtpx:hr>
<gpxtpx:cad>182</gpxtpx:cad>
</gpxtpx:TrackPointExtension>
</extensions>
</trkpt>
<trkpt lat="36.967127" lon="127.8691539">
<ele>64.014</ele>
<time>2026-05-14T14:09:45Z</time>
<extensions>
<gpxtpx:TrackPointExtension>
<gpxtpx:hr>161</gpxtpx:hr>
</gpxtpx:TrackPointExtension>
</extensions>
</trkpt>
<trkpt lat="36.9671347" lon="127.8691219">
<ele>64.109</ele>
<time>2026-05-14T14:09:46Z</time>
<extensions>
<gpxtpx:TrackPointExtension>
<gpxtpx:hr>160</gpxtpx:hr>
<gpxtpx:cad>182</gpxtpx:cad>
</gpxtpx:TrackPointExtension>
</extensions>
</trkpt>
<trkpt lat="36.9671435" lon="127.8690857">
<ele>64.354</ele>
<time>2026-05-14T14:09:47Z</time>
<extensions>
<gpxtpx:TrackPointExtension>
<gpxtpx:hr>160</gpxtpx:hr>
</gpxtpx:TrackPointExtension>
</extensions>
</trkpt>
<trkpt lat="36.9671518" lon="127.8690527">
<ele>64.505</ele>
<time>2026-05-14T14:09:48Z</time>
<extensions>
<gpxtpx:TrackPointExtension>
<gpxtpx:hr>160</gpxtpx:hr>
</gpxtpx:TrackPointExtension>
</extensions>
</trkpt>
<trkpt lat="36.9671611" lon="127.8690143">
<ele>64.722</ele>
<time>2026-05-14T14:09:49Z</time>
<extensions>
<gpxtpx:TrackPointExtension>
<gpxtpx:hr>161</gpxtpx:hr>
</gpxtpx:TrackPointExtension>
</extensions>
</trkpt>
<trkpt lat="36.96717" lon="127.8689793">
<ele>64.789</ele>
<time>2026-05-14T14:09:50Z</time>
<extensions>
<gpxtpx:TrackPointExtension>
<gpxtpx:hr>162</gpxtpx:hr>
</gpxtpx:TrackPointExtension>
</extensions>
</trkpt>
<trkpt lat="36.9671794" lon="127.8689428">
<ele>64.846</ele>
<time>2026-05-14T14:09:51Z</time>
<extensions>
<gpxtpx:TrackPointExtension>
<gpxtpx:hr>163</gpxtpx:hr>
<gpxtpx:cad>193</gpxtpx:cad>
</gpxtpx:TrackPointExtension>
</extensions>
</trkpt>
<trkpt lat="36.967189" lon="127.8689042">
<ele>64.976</ele>
<time>2026-05-14T14:09:52Z</time>
<extensions>
<gpxtpx:TrackPointExtension>
<gpxtpx:hr>163</gpxtpx:hr>
</gpxtpx:TrackPointExtension>
</extensions>
</trkpt>
<trkpt lat="36.9671989" lon="127.8688628">
<ele>65.019</ele>
<time>2026-05-14T14:09:53Z</time>
<extensions>
<gpxtpx:TrackPointExtension>
<gpxtpx:hr>164</gpxtpx:hr>
</gpxtpx:TrackPointExtension>
</extensions>
</trkpt>
<trkpt lat="36.9672095" lon="127.8688147">
<ele>65.053</ele>
<time>2026-05-14T14:09:54Z</time>
<extensions>
<gpxtpx:TrackPointExtension>
<gpxtpx:hr>164</gpxtpx:hr>
</gpxtpx:TrackPointExtension>
</extensions>
</trkpt>
<trkpt lat="36.9672196" lon="127.8687668">
<ele>64.952</ele>
<time>2026-05-14T14:09:55Z</time>
<extensions>
<gpxtpx:TrackPointExtension>
<gpxtpx:hr>164</gpxtpx:hr>
</gpxtpx:TrackPointExtension>
</extensions>
</trkpt>
<trkpt lat="36.9672313" lon="127.868713">
<ele>64.908</ele>
<time>2026-05-14T14:09:56Z</time>
<extensions>
<gpxtpx:TrackPointExtension>
<gpxtpx:hr>165</gpxtpx:hr>
<gpxtpx:cad>220</gpxtpx:cad>
</gpxtpx:TrackPointExtension>
</extensions>
</trkpt>
<trkpt lat="36.9672423" lon="127.8686609">
<ele>64.965</ele>
<time>2026-05-14T14:09:57Z</time>
<extensions>
<gpxtpx:TrackPointExtension>
<gpxtpx:hr>165</gpxtpx:hr>
</gpxtpx:TrackPointExtension>
</extensions>
</trkpt>
<trkpt lat="36.9672544" lon="127.8686064">
<ele>64.827</ele>
<time>2026-05-14T14:09:58Z</time>
</trkpt>
<trkpt lat="36.9672661" lon="127.8685523">
<ele>64.82</ele>
<time>2026-05-14T14:09:59Z</time>
<extensions>
<gpxtpx:TrackPointExtension>
<gpxtpx:hr>166</gpxtpx:hr>
</gpxtpx:TrackPointExtension>
</extensions>
</trkpt>
<trkpt lat="36.9672786" lon="127.8684973">
<ele>64.813</ele>
<time>2026-05-14T14:10:00Z</time>
<extensions>
<gpxtpx:TrackPointExtension>
<gpxtpx:hr>167</gpxtpx:hr>
<gpxtpx:cad>228</gpxtpx:cad>
</gpxtpx:TrackPointExtension>
</extensions>
</trkpt>
<trkpt lat="36.9672908" lon="127.8684427">
<ele>64.838</ele>
<time>2026-05-14T14:10:01Z</time>
<extensions>
<gpxtpx:TrackPointExtension>
<gpxtpx:hr>168</gpxtpx:hr>
<gpxtpx:cad>226</gpxtpx:cad>
</gpxtpx:TrackPointExtension>
</extensions>
</trkpt>
<trkpt lat="36.9673033" lon="127.8683877">
<ele>64.761</ele>
<time>2026-05-14T14:10:02Z</time>
<extensions>
<gpxtpx:TrackPointExtension>
<gpxtpx:hr>169</gpxtpx:hr>
</gpxtpx:TrackPointExtension>
</extensions>
</trkpt>
<trkpt lat="36.9673156" lon="127.8683327">
<ele>64.687</ele>
<time>2026-05-14T14:10:03Z</time>
<extensions>
<gpxtpx:TrackPointExtension>
<gpxtpx:hr>170</gpxtpx:hr>
</gpxtpx:TrackPointExtension>
</extensions>
</trkpt>
<trkpt lat="36.9673282" lon="127.8682775">
<ele>64.69</ele>
<time>2026-05-14T14:10:04Z</time>
<extensions>
<gpxtpx:TrackPointExtension>
<gpxtpx:hr>171</gpxtpx:hr>
</gpxtpx:TrackPointExtension>
</extensions>
</trkpt>
<trkpt lat="36.9673411" lon="127.8682219">
<ele>64.625</ele>
<time>2026-05-14T14:10:05Z</time>
<extensions>
<gpxtpx:TrackPointExtension>
<gpxtpx:hr>171</gpxtpx:hr>
</gpxtpx:TrackPointExtension>
</extensions>
</trkpt>
<trkpt lat="36.9673542" lon="127.868166">
<ele>64.584</ele>
<time>2026-05-14T14:10:06Z</time>
<extensions>
<gpxtpx:TrackPointExtension>
<gpxtpx:hr>171</gpxtpx:hr>
<gpxtpx:cad>205</gpxtpx:cad>
</gpxtpx:TrackPointExtension>
</extensions>
</trkpt>
<trkpt lat="36.9673672" lon="127.8681119">
<ele>64.567</ele>
<time>2026-05-14T14:10:07Z</time>
<extensions>
<gpxtpx:TrackPointExtension>
<gpxtpx:hr>172</gpxtpx:hr>
<gpxtpx:cad>204</gpxtpx:cad>
</gpxtpx:TrackPointExtension>
</extensions>
</trkpt>
</trkseg>
</trk>
<exerciseinfo>
<exercisetype>1002</exercisetype>
<distance>6008.0566</distance>
<elevationgain>5.051</elevationgain>
<avggradient>1.7744481144597584</avggradient>
<duration>2101873</duration>
<avgspeed>2.85843</avgspeed>
</exerciseinfo>
</gpx>
