<?xml version="1.0" encoding="UTF-8"?>
<gpx xmlns="http://www.topografix.com/GPX/1/1" xmlns:xsi="http://www.w3.org/2001/XMLSchema-instance" xmlns:gpxtpx="http://www.garmin.com/xmlschemas/TrackPointExtension/v1" version="1.1" creator="Samsung Health_0.2" xsi:schemaLocation="http://www.topografix.com/GPX/1/1 http://www.topografix.com/GPX/1/1/gpx.xsd http://www.garmin.com/xmlschemas/TrackPointExtension/v1 http://www.garmin.com/xmlschemas/TrackPointExtensionv1.xsd">
<metadate>2026-05-12T10:14:14Z</metadate>
<trk>
<name>20260512_191413.gpx</name>
<trkseg>
<trkpt lat="36.9674435" lon="127.8675327">
<ele>72.279</ele>
<time>2026-05-12T10:14:14Z</time>
<extensions>
<gpxtpx:TrackPointExtension>
<gpxtpx:hr>97</gpxtpx:hr>
</gpxtpx:TrackPointExtension>
</extensions>
</trkpt>
<trkpt lat="36.9674441" lon="127.8675621">
<ele>72.347</ele>
<time>2026-05-12T10:14:15Z</time>
<extensions>
<gpxtpx:TrackPointExtension>
<gpxtpx:hr>97</gpxtpx:hr>
</gpxtpx:TrackPointExtension>
</extensions>
</trkpt>
<trkpt lat="36.9674449" lon="127.867595">
<ele>72.454</ele>
<time>2026-05-12T10:14:16Z</time>
<extensions>
<gpxtpx:TrackPointExtension>
<gpxtpx:hr>97</gpxtpx:hr>
</gpxtpx:TrackPointExtension>
</extensions>
</trkpt>
<trkpt lat="36.9674445" lon="127.867627">
<ele>72.529</ele>
<time>2026-05-12T10:14:17Z</time>
<extensions>
<gpxtpx:TrackPointExtension>
<gpxtpx:hr>97</gpxtpx:hr>
</gpxtpx:TrackPointExtension>
</extensions>
</trkpt>
<trkpt lat="36.9674406" lon="127.8676557">
<ele>72.615</ele>
<time>2026-05-12T10:14:18Z</time>
<extensions>
<gpxtpx:TrackPointExtension>
<gpxtpx:hr>97</gpxtpx:hr>
<gpxtpx:cad>26</gpxtpx:cad>
</gpxtpx:TrackPointExtension>
</extensions>
</trkpt>
<trkpt lat="36.9674331" lon="127.8676837">
<ele>72.645</ele>
<time>2026-05-12T10:14:19Z</time>
<extensions>
<gpxtpx:TrackPointExtension>
<gpxtpx:hr>98</gpxtpx:hr>
</gpxtpx:TrackPointExtension>
</extensions>
</trkpt>
<trkpt lat="36.9674248" lon="127.8677117">
<ele>72.6</ele>
<time>2026-05-12T10:14:20Z</time>
<extensions>
<gpxtpx:TrackPointExtension>
<gpxtpx:hr>98</gpxtpx:hr>
</gpxtpx:TrackPointExtension>
</extensions>
</trkpt>
<trkpt lat="36.9674164" lon="127.8677402">
<ele>72.606</ele>
<time>2026-05-12T10:14:21Z</time>
<extensions>
<gpxtpx:TrackPointExtension>
<gpxtpx:hr>100</gpxtpx:hr>
</gpxtpx:TrackPointExtension>
</extensions>
</trkpt>
<trkpt lat="36.9674079" lon="127.8677705">
<ele>72.799</ele>
<time>2026-05-12T10:14:22Z</time>
<extensions>
<gpxtpx:TrackPointExtension>
<gpxtpx:hr>100</gpxtpx:hr>
</gpxtpx:TrackPointExtension>
</extensions>
</trkpt>
<trkpt lat="36.9674001" lon="127.8678011">
<ele>72.807</ele>
<time>2026-05-12T10:14:23Z</time>
<extensions>
<gpxtpx:TrackPointExtension>
<gpxtpx:hr>102</gpxtpx:hr>
<gpxtpx:cad>99</gpxtpx:cad>
</gpxtpx:TrackPointExtension>
</extensions>
</trkpt>
<trkpt lat="36.9673925" lon="127.8678314">
<ele>72.648</ele>
<time>2026-05-12T10:14:24Z</time>
<extensions>
<gpxtpx:TrackPointExtension>
<gpxtpx:hr>105</gpxtpx:hr>
</gpxtpx:TrackPointExtension>
</extensions>
</trkpt>
<trkpt lat="36.9673852" lon="127.8678613">
<ele>72.649</ele>
<time>2026-05-12T10:14:25Z</time>
<extensions>
<gpxtpx:TrackPointExtension>
<gpxtpx:hr>106</gpxtpx:hr>
</gpxtpx:TrackPointExtension>
</extensions>
</trkpt>
<trkpt lat="36.9673782" lon="127.8678917">
<ele>72.678</ele>
<time>2026-05-12T10:14:26Z</time>
<extensions>
<gpxtpx:TrackPointExtension>
<gpxtpx:hr>107</gpxtpx:hr>
</gpxtpx:TrackPointExtension>
</extensions>
</trkpt>
<trkpt lat="36.9673716" lon="127.8679218">
<ele>72.598</ele>
<time>2026-05-12T10:14:27Z</time>
<extensions>
<gpxtpx:TrackPointExtension>
<gpxtpx:hr>107</gpxtpx:hr>
</gpxtpx:TrackPointExtension>
</extensions>
</trkpt>
<trkpt lat="36.9673645" lon="127.8679518">
<ele>72.628</ele>
<time>2026-05-12T10:14:28Z</time>
<extensions>
<gpxtpx:TrackPointExtension>
<gpxtpx:hr>110</gpxtpx:hr>
<gpxtpx:cad>172</gpxtpx:cad>
</gpxtpx:TrackPointExtension>
</extensions>
</trkpt>
<trkpt lat="36.9673565" lon="127.8679817">
<ele>72.652</ele>
<time>2026-05-12T10:14:29Z</time>
<extensions>
<gpxtpx:TrackPointExtension>
<gpxtpx:hr>110</gpxtpx:hr>
</gpxtpx:TrackPointExtension>
</extensions>
</trkpt>
<trkpt lat="36.9673494" lon="127.8680121">
<ele>72.629</ele>
<time>2026-05-12T10:14:30Z</time>
<extensions>
<gpxtpx:TrackPointExtension>
<gpxtpx:hr>112</gpxtpx:hr>
</gpxtpx:TrackPointExtension>
</extensions>
</trkpt>
<trkpt lat="36.9673433" lon="127.868044">
<ele>72.563</ele>
<time>2026-05-12T10:14:31Z</time>
<extensions>
<gpxtpx:TrackPointExtension>
<gpxtpx:hr>114</gpxtpx:hr>
</gpxtpx:TrackPointExtension>
</extensions>
</trkpt>
<trkpt lat="36.9673375" lon="127.8680766">
<ele>72.542</ele>
<time>2026-05-12T10:14:32Z</time>
<extensions>
<gpxtpx:TrackPointExtension>
<gpxtpx:hr>117</gpxtpx:hr>
</gpxtpx:TrackPointExtension>
</extensions>
</trkpt>
<trkpt lat="36.967331" lon="127.8681083">
<ele>72.473</ele>
<time>2026-05-12T10:14:33Z</time>
<extensions>
<gpxtpx:TrackPointExtension>
<gpxtpx:hr>120</gpxtpx:hr>
<gpxtpx:cad>178</gpxtpx:cad>
</gpxtpx:TrackPointExtension>
</extensions>
</trkpt>
<trkpt lat="36.9673248" lon="127.8681403">
<ele>72.489</ele>
<time>2026-05-12T10:14:34Z</time>
<extensions>
<gpxtpx:TrackPointExtension>
<gpxtpx:hr>120</gpxtpx:hr>
</gpxtpx:TrackPointExtension>
</extensions>
</trkpt>
<trkpt lat="36.9673185" lon="127.8681716">
<ele>72.483</ele>
<time>2026-05-12T10:14:35Z</time>
<extensions>
<gpxtpx:TrackPointExtension>
<gpxtpx:hr>123</gpxtpx:hr>
</gpxtpx:TrackPointExtension>
</extensions>
</trkpt>
<trkpt lat="36.9673137" lon="127.8682042">
<ele>72.5</ele>
<time>2026-05-12T10:14:36Z</time>
<extensions>
<gpxtpx:TrackPointExtension>
<gpxtpx:hr>124</gpxtpx:hr>
</gpxtpx:TrackPointExtension>
</extensions>
</trkpt>
<trkpt lat="36.9673078" lon="127.8682362">
<ele>72.58</ele>
<time>2026-05-12T10:14:37Z</time>
<extensions>
<gpxtpx:TrackPointExtension>
<gpxtpx:hr>125</gpxtpx:hr>
</gpxtpx:TrackPointExtension>
</extensions>
</trkpt>
<trkpt lat="36.9673021" lon="127.8682685">
<ele>72.587</ele>
<time>2026-05-12T10:14:38Z</time>
<extensions>
<gpxtpx:TrackPointExtension>
<gpxtpx:hr>126</gpxtpx:hr>
<gpxtpx:cad>179</gpxtpx:cad>
</gpxtpx:TrackPointExtension>
</extensions>
</trkpt>
<trkpt lat="36.9672972" lon="127.8683007">
<ele>72.608</ele>
<time>2026-05-12T10:14:39Z</time>
<extensions>
<gpxtpx:TrackPointExtension>
<gpxtpx:hr>127</gpxtpx:hr>
</gpxtpx:TrackPointExtension>
</extensions>
</trkpt>
<trkpt lat="36.9672927" lon="127.8683329">
<ele>72.557</ele>
<time>2026-05-12T10:14:40Z</time>
<extensions>
<gpxtpx:TrackPointExtension>
<gpxtpx:hr>126</gpxtpx:hr>
</gpxtpx:TrackPointExtension>
</extensions>
</trkpt>
<trkpt lat="36.9672887" lon="127.8683647">
<ele>72.5</ele>
<time>2026-05-12T10:14:41Z</time>
<extensions>
<gpxtpx:TrackPointExtension>
<gpxtpx:hr>128</gpxtpx:hr>
</gpxtpx:TrackPointExtension>
</extensions>
</trkpt>
<trkpt lat="36.9672838" lon="127.8683967">
<ele>72.438</ele>
<time>2026-05-12T10:14:42Z</time>
<extensions>
<gpxtpx:TrackPointExtension>
<gpxtpx:hr>129</gpxtpx:hr>
</gpxtpx:TrackPointExtension>
</extensions>
</trkpt>
<trkpt lat="36.9672798" lon="127.8684277">
<ele>72.509</ele>
<time>2026-05-12T10:14:43Z</time>
<extensions>
<gpxtpx:TrackPointExtension>
<gpxtpx:hr>130</gpxtpx:hr>
<gpxtpx:cad>180</gpxtpx:cad>
</gpxtpx:TrackPointExtension>
</extensions>
</trkpt>
<trkpt lat="36.9672752" lon="127.8684605">
<ele>72.505</ele>
<time>2026-05-12T10:14:44Z</time>
<extensions>
<gpxtpx:TrackPointExtension>
<gpxtpx:hr>131</gpxtpx:hr>
</gpxtpx:TrackPointExtension>
</extensions>
</trkpt>
<trkpt lat="36.9672712" lon="127.8684922">
<ele>72.52</ele>
<time>2026-05-12T10:14:45Z</time>
<extensions>
<gpxtpx:TrackPointExtension>
<gpxtpx:hr>131</gpxtpx:hr>
</gpxtpx:TrackPointExtension>
</extensions>
</trkpt>
<trkpt lat="36.9672673" lon="127.8685236">
<ele>72.616</ele>
<time>2026-05-12T10:14:46Z</time>
<extensions>
<gpxtpx:TrackPointExtension>
<gpxtpx:hr>132</gpxtpx:hr>
</gpxtpx:TrackPointExtension>
</extensions>
</trkpt>
<trkpt lat="36.9672634" lon="127.8685547">
<ele>72.646</ele>
<time>2026-05-12T10:14:47Z</time>
<extensions>
<gpxtpx:TrackPointExtension>
<gpxtpx:hr>132</gpxtpx:hr>
</gpxtpx:TrackPointExtension>
</extensions>
</trkpt>
<trkpt lat="36.9672594" lon="127.8685841">
<ele>72.651</ele>
<time>2026-05-12T10:14:48Z</time>
<extensions>
<gpxtpx:TrackPointExtension>
<gpxtpx:hr>133</gpxtpx:hr>
<gpxtpx:cad>180</gpxtpx:cad>
</gpxtpx:TrackPointExtension>
</extensions>
</trkpt>
<trkpt lat="36.9672554" lon="127.8686154">
<ele>72.631</ele>
<time>2026-05-12T10:14:49Z</time>
<extensions>
<gpxtpx:TrackPointExtension>
<gpxtpx:hr>133</gpxtpx:hr>
<gpxtpx:cad>179</gpxtpx:cad>
</gpxtpx:TrackPointExtension>
</extensions>
</trkpt>
<trkpt lat="36.9672509" lon="127.8686445">
<ele>72.636</ele>
<time>2026-05-12T10:14:50Z</time>
<extensions>
<gpxtpx:TrackPointExtension>
<gpxtpx:hr>133</gpxtpx:hr>
</gpxtpx:TrackPointExtension>
</extensions>
</trkpt>
<trkpt lat="36.9672472" lon="127.868675">
<ele>72.668</ele>
<time>2026-05-12T10:14:51Z</time>
<extensions>
<gpxtpx:TrackPointExtension>
<gpxtpx:hr>134</gpxtpx:hr>
</gpxtpx:TrackPointExtension>
</extensions>
</trkpt>
<trkpt lat="36.9672425" lon="127.8687036">
<ele>72.653</ele>
<time>2026-05-12T10:14:52Z</time>
<extensions>
<gpxtpx:TrackPointExtension>
<gpxtpx:hr>134</gpxtpx:hr>
</gpxtpx:TrackPointExtension>
</extensions>
</trkpt>
<trkpt lat="36.9672386" lon="127.8687329">
<ele>72.658</ele>
<time>2026-05-12T10:14:53Z</time>
<extensions>
<gpxtpx:TrackPointExtension>
<gpxtpx:hr>135</gpxtpx:hr>
<gpxtpx:cad>177</gpxtpx:cad>
</gpxtpx:TrackPointExtension>
</extensions>
</trkpt>
<trkpt lat="36.9672337" lon="127.8687611">
<ele>72.711</ele>
<time>2026-05-12T10:14:54Z</time>
<extensions>
<gpxtpx:TrackPointExtension>
<gpxtpx:hr>135</gpxtpx:hr>
</gpxtpx:TrackPointExtension>
</extensions>
</trkpt>
<trkpt lat="36.9672295" lon="127.8687895">
<ele>72.731</ele>
<time>2026-05-12T10:14:55Z</time>
<extensions>
<gpxtpx:TrackPointExtension>
<gpxtpx:hr>135</gpxtpx:hr>
</gpxtpx:TrackPointExtension>
</extensions>
</trkpt>
<trkpt lat="36.9672245" lon="127.8688175">
<ele>72.712</ele>
<time>2026-05-12T10:14:56Z</time>
<extensions>
<gpxtpx:TrackPointExtension>
<gpxtpx:hr>135</gpxtpx:hr>
</gpxtpx:TrackPointExtension>
</extensions>
</trkpt>
<trkpt lat="36.9672198" lon="127.8688455">
<ele>72.674</ele>
<time>2026-05-12T10:14:57Z</time>
<extensions>
<gpxtpx:TrackPointExtension>
<gpxtpx:hr>135</gpxtpx:hr>
</gpxtpx:TrackPointExtension>
</extensions>
</trkpt>
<trkpt lat="36.9672151" lon="127.8688733">
<ele>72.666</ele>
<time>2026-05-12T10:14:58Z</time>
<extensions>
<gpxtpx:TrackPointExtension>
<gpxtpx:hr>135</gpxtpx:hr>
<gpxtpx:cad>177</gpxtpx:cad>
</gpxtpx:TrackPointExtension>
</extensions>
</trkpt>
<trkpt lat="36.9672104" lon="127.8689011">
<ele>72.707</ele>
<time>2026-05-12T10:14:59Z</time>
<extensions>
<gpxtpx:TrackPointExtension>
<gpxtpx:hr>135</gpxtpx:hr>
</gpxtpx:TrackPointExtension>
</extensions>
</trkpt>
<trkpt lat="36.9672056" lon="127.868929">
<ele>72.708</ele>
<time>2026-05-12T10:15:00Z</time>
<extensions>
<gpxtpx:TrackPointExtension>
<gpxtpx:hr>134</gpxtpx:hr>
</gpxtpx:TrackPointExtension>
</extensions>
</trkpt>
<trkpt lat="36.9672009" lon="127.8689569">
<ele>72.666</ele>
<time>2026-05-12T10:15:01Z</time>
</trkpt>
<trkpt lat="36.9671959" lon="127.8689848">
<ele>72.726</ele>
<time>2026-05-12T10:15:02Z</time>
<extensions>
<gpxtpx:TrackPointExtension>
<gpxtpx:hr>134</gpxtpx:hr>
</gpxtpx:TrackPointExtension>
</extensions>
</trkpt>
<trkpt lat="36.9671907" lon="127.8690122">
<ele>72.725</ele>
<time>2026-05-12T10:15:03Z</time>
<extensions>
<gpxtpx:TrackPointExtension>
<gpxtpx:hr>134</gpxtpx:hr>
<gpxtpx:cad>180</gpxtpx:cad>
</gpxtpx:TrackPointExtension>
</extensions>
</trkpt>
<trkpt lat="36.9671855" lon="127.8690406">
<ele>72.769</ele>
<time>2026-05-12T10:15:04Z</time>
<extensions>
<gpxtpx:TrackPointExtension>
<gpxtpx:hr>134</gpxtpx:hr>
</gpxtpx:TrackPointExtension>
</extensions>
</trkpt>
<trkpt lat="36.9671803" lon="127.8690679">
<ele>72.833</ele>
<time>2026-05-12T10:15:05Z</time>
<extensions>
<gpxtpx:TrackPointExtension>
<gpxtpx:hr>134</gpxtpx:hr>
</gpxtpx:TrackPointExtension>
</extensions>
</trkpt>
<trkpt lat="36.9671755" lon="127.8690949">
<ele>72.86</ele>
<time>2026-05-12T10:15:06Z</time>
<extensions>
<gpxtpx:TrackPointExtension>
<gpxtpx:hr>134</gpxtpx:hr>
</gpxtpx:TrackPointExtension>
</extensions>
</trkpt>
<trkpt lat="36.9671711" lon="127.8691218">
<ele>72.863</ele>
<time>2026-05-12T10:15:07Z</time>
<extensions>
<gpxtpx:TrackPointExtension>
<gpxtpx:hr>134</gpxtpx:hr>
</gpxtpx:TrackPointExtension>
</extensions>
</trkpt>
<trkpt lat="36.967167" lon="127.8691487">
<ele>72.828</ele>
<time>2026-05-12T10:15:08Z</time>
<extensions>
<gpxtpx:TrackPointExtension>
<gpxtpx:hr>134</gpxtpx:hr>
<gpxtpx:cad>180</gpxtpx:cad>
</gpxtpx:TrackPointExtension>
</extensions>
</trkpt>
<trkpt lat="36.9671623" lon="127.8691758">
<ele>72.831</ele>
<time>2026-05-12T10:15:09Z</time>
<extensions>
<gpxtpx:TrackPointExtension>
<gpxtpx:hr>135</gpxtpx:hr>
</gpxtpx:TrackPointExtension>
</extensions>
</trkpt>
<trkpt lat="36.9671571" lon="127.869203">
<ele>72.878</ele>
<time>2026-05-12T10:15:10Z</time>
<extensions>
<gpxtpx:TrackPointExtension>
<gpxtpx:hr>135</gpxtpx:hr>
</gpxtpx:TrackPointExtension>
</extensions>
</trkpt>
<trkpt lat="36.9671513" lon="127.8692303">
<ele>72.901</ele>
<time>2026-05-12T10:15:11Z</time>
<extensions>
<gpxtpx:TrackPointExtension>
<gpxtpx:hr>135</gpxtpx:hr>
</gpxtpx:TrackPointExtension>
</extensions>
</trkpt>
<trkpt lat="36.9671448" lon="127.8692576">
<ele>72.848</ele>
<time>2026-05-12T10:15:12Z</time>
<extensions>
<gpxtpx:TrackPointExtension>
<gpxtpx:hr>136</gpxtpx:hr>
</gpxtpx:TrackPointExtension>
</extensions>
</trkpt>
<trkpt lat="36.9671375" lon="127.8692853">
<ele>72.807</ele>
<time>2026-05-12T10:15:13Z</time>
<extensions>
<gpxtpx:TrackPointExtension>
<gpxtpx:hr>136</gpxtpx:hr>
<gpxtpx:cad>180</gpxtpx:cad>
</gpxtpx:TrackPointExtension>
</extensions>
</trkpt>
<trkpt lat="36.9671288" lon="127.8693136">
<ele>72.802</ele>
<time>2026-05-12T10:15:14Z</time>
<extensions>
<gpxtpx:TrackPointExtension>
<gpxtpx:hr>136</gpxtpx:hr>
</gpxtpx:TrackPointExtension>
</extensions>
</trkpt>
<trkpt lat="36.9671205" lon="127.8693417">
<ele>72.728</ele>
<time>2026-05-12T10:15:15Z</time>
<extensions>
<gpxtpx:TrackPointExtension>
<gpxtpx:hr>137</gpxtpx:hr>
</gpxtpx:TrackPointExtension>
</extensions>
</trkpt>
<trkpt lat="36.9671113" lon="127.8693707">
<ele>72.693</ele>
<time>2026-05-12T10:15:16Z</time>
<extensions>
<gpxtpx:TrackPointExtension>
<gpxtpx:hr>137</gpxtpx:hr>
</gpxtpx:TrackPointExtension>
</extensions>
</trkpt>
<trkpt lat="36.9671018" lon="127.8694004">
<ele>72.737</ele>
<time>2026-05-12T10:15:17Z</time>
<extensions>
<gpxtpx:TrackPointExtension>
<gpxtpx:hr>138</gpxtpx:hr>
</gpxtpx:TrackPointExtension>
</extensions>
</trkpt>
<trkpt lat="36.9670921" lon="127.8694302">
<ele>72.715</ele>
<time>2026-05-12T10:15:18Z</time>
<extensions>
<gpxtpx:TrackPointExtension>
<gpxtpx:hr>139</gpxtpx:hr>
<gpxtpx:cad>178</gpxtpx:cad>
</gpxtpx:TrackPointExtension>
</extensions>
</trkpt>
<trkpt lat="36.9670829" lon="127.8694614">
<ele>72.76</ele>
<time>2026-05-12T10:15:19Z</time>
<extensions>
<gpxtpx:TrackPointExtension>
<gpxtpx:hr>139</gpxtpx:hr>
</gpxtpx:TrackPointExtension>
</extensions>
</trkpt>
<trkpt lat="36.9670736" lon="127.8694923">
<ele>72.767</ele>
<time>2026-05-12T10:15:20Z</time>
<extensions>
<gpxtpx:TrackPointExtension>
<gpxtpx:hr>139</gpxtpx:hr>
</gpxtpx:TrackPointExtension>
</extensions>
</trkpt>
<trkpt lat="36.9670649" lon="127.8695239">
<ele>72.905</ele>
<time>2026-05-12T10:15:21Z</time>
<extensions>
<gpxtpx:TrackPointExtension>
<gpxtpx:hr>140</gpxtpx:hr>
</gpxtpx:TrackPointExtension>
</extensions>
</trkpt>
<trkpt lat="36.9670564" lon="127.8695554">
<ele>72.934</ele>
<time>2026-05-12T10:15:22Z</time>
<extensions>
<gpxtpx:TrackPointExtension>
<gpxtpx:hr>140</gpxtpx:hr>
</gpxtpx:TrackPointExtension>
</extensions>
</trkpt>
<trkpt lat="36.967048" lon="127.8695867">
<ele>72.937</ele>
<time>2026-05-12T10:15:23Z</time>
<extensions>
<gpxtpx:TrackPointExtension>
<gpxtpx:cad>176</gpxtpx:cad>
</gpxtpx:TrackPointExtension>
</extensions>
</trkpt>
<trkpt lat="36.96704" lon="127.8696178">
<ele>72.93</ele>
<time>2026-05-12T10:15:24Z</time>
<extensions>
<gpxtpx:TrackPointExtension>
<gpxtpx:hr>140</gpxtpx:hr>
</gpxtpx:TrackPointExtension>
</extensions>
</trkpt>
<trkpt lat="36.9670324" lon="127.8696486">
<ele>72.919</ele>
<time>2026-05-12T10:15:25Z</time>
<extensions>
<gpxtpx:TrackPointExtension>
<gpxtpx:hr>140</gpxtpx:hr>
</gpxtpx:TrackPointExtension>
</extensions>
</trkpt>
<trkpt lat="36.9670252" lon="127.8696794">
<ele>72.95</ele>
<time>2026-05-12T10:15:26Z</time>
<extensions>
<gpxtpx:TrackPointExtension>
<gpxtpx:hr>141</gpxtpx:hr>
</gpxtpx:TrackPointExtension>
</extensions>
</trkpt>
<trkpt lat="36.9670175" lon="127.8697106">
<ele>72.941</ele>
<time>2026-05-12T10:15:27Z</time>
<extensions>
<gpxtpx:TrackPointExtension>
<gpxtpx:hr>141</gpxtpx:hr>
<gpxtpx:cad>176</gpxtpx:cad>
</gpxtpx:TrackPointExtension>
</extensions>
</trkpt>
<trkpt lat="36.9670101" lon="127.8697419">
<ele>73.008</ele>
<time>2026-05-12T10:15:28Z</time>
<extensions>
<gpxtpx:TrackPointExtension>
<gpxtpx:hr>141</gpxtpx:hr>
<gpxtpx:cad>177</gpxtpx:cad>
</gpxtpx:TrackPointExtension>
</extensions>
</trkpt>
<trkpt lat="36.9670029" lon="127.8697733">
<ele>73.066</ele>
<time>2026-05-12T10:15:29Z</time>
<extensions>
<gpxtpx:TrackPointExtension>
<gpxtpx:hr>141</gpxtpx:hr>
</gpxtpx:TrackPointExtension>
</extensions>
</trkpt>
<trkpt lat="36.9669959" lon="127.8698048">
<ele>73.045</ele>
<time>2026-05-12T10:15:30Z</time>
<extensions>
<gpxtpx:TrackPointExtension>
<gpxtpx:hr>141</gpxtpx:hr>
</gpxtpx:TrackPointExtension>
</extensions>
</trkpt>
<trkpt lat="36.9669892" lon="127.8698364">
<ele>73.011</ele>
<time>2026-05-12T10:15:31Z</time>
<extensions>
<gpxtpx:TrackPointExtension>
<gpxtpx:hr>141</gpxtpx:hr>
</gpxtpx:TrackPointExtension>
</extensions>
</trkpt>
<trkpt lat="36.9669826" lon="127.8698681">
<ele>73.018</ele>
<time>2026-05-12T10:15:32Z</time>
<extensions>
<gpxtpx:TrackPointExtension>
<gpxtpx:hr>141</gpxtpx:hr>
</gpxtpx:TrackPointExtension>
</extensions>
</trkpt>
<trkpt lat="36.9669756" lon="127.8698993">
<ele>73.02</ele>
<time>2026-05-12T10:15:33Z</time>
<extensions>
<gpxtpx:TrackPointExtension>
<gpxtpx:hr>141</gpxtpx:hr>
<gpxtpx:cad>180</gpxtpx:cad>
</gpxtpx:TrackPointExtension>
</extensions>
</trkpt>
<trkpt lat="36.9669696" lon="127.8699316">
<ele>73.016</ele>
<time>2026-05-12T10:15:34Z</time>
<extensions>
<gpxtpx:TrackPointExtension>
<gpxtpx:hr>141</gpxtpx:hr>
</gpxtpx:TrackPointExtension>
</extensions>
</trkpt>
<trkpt lat="36.9669631" lon="127.869963">
<ele>73.043</ele>
<time>2026-05-12T10:15:35Z</time>
<extensions>
<gpxtpx:TrackPointExtension>
<gpxtpx:hr>141</gpxtpx:hr>
</gpxtpx:TrackPointExtension>
</extensions>
</trkpt>
<trkpt lat="36.966957" lon="127.8699953">
<ele>73.083</ele>
<time>2026-05-12T10:15:36Z</time>
<extensions>
<gpxtpx:TrackPointExtension>
<gpxtpx:hr>141</gpxtpx:hr>
</gpxtpx:TrackPointExtension>
</extensions>
</trkpt>
<trkpt lat="36.9669509" lon="127.8700269">
<ele>73.077</ele>
<time>2026-05-12T10:15:37Z</time>
<extensions>
<gpxtpx:TrackPointExtension>
<gpxtpx:hr>142</gpxtpx:hr>
</gpxtpx:TrackPointExtension>
</extensions>
</trkpt>
<trkpt lat="36.9669447" lon="127.8700591">
<ele>73.094</ele>
<time>2026-05-12T10:15:38Z</time>
<extensions>
<gpxtpx:TrackPointExtension>
<gpxtpx:hr>142</gpxtpx:hr>
<gpxtpx:cad>178</gpxtpx:cad>
</gpxtpx:TrackPointExtension>
</extensions>
</trkpt>
<trkpt lat="36.9669389" lon="127.870091">
<ele>73.083</ele>
<time>2026-05-12T10:15:39Z</time>
<extensions>
<gpxtpx:TrackPointExtension>
<gpxtpx:hr>143</gpxtpx:hr>
</gpxtpx:TrackPointExtension>
</extensions>
</trkpt>
<trkpt lat="36.9669325" lon="127.8701229">
<ele>73.032</ele>
<time>2026-05-12T10:15:40Z</time>
<extensions>
<gpxtpx:TrackPointExtension>
<gpxtpx:hr>143</gpxtpx:hr>
</gpxtpx:TrackPointExtension>
</extensions>
</trkpt>
<trkpt lat="36.9669267" lon="127.8701551">
<ele>73.021</ele>
<time>2026-05-12T10:15:41Z</time>
<extensions>
<gpxtpx:TrackPointExtension>
<gpxtpx:hr>143</gpxtpx:hr>
</gpxtpx:TrackPointExtension>
</extensions>
</trkpt>
<trkpt lat="36.9669199" lon="127.8701868">
<ele>73.034</ele>
<time>2026-05-12T10:15:42Z</time>
<extensions>
<gpxtpx:TrackPointExtension>
<gpxtpx:hr>143</gpxtpx:hr>
</gpxtpx:TrackPointExtension>
</extensions>
</trkpt>
<trkpt lat="36.9669139" lon="127.8702191">
<ele>73.053</ele>
<time>2026-05-12T10:15:43Z</time>
<extensions>
<gpxtpx:TrackPointExtension>
<gpxtpx:hr>143</gpxtpx:hr>
<gpxtpx:cad>176</gpxtpx:cad>
</gpxtpx:TrackPointExtension>
</extensions>
</trkpt>
<trkpt lat="36.9669068" lon="127.8702506">
<ele>73.075</ele>
<time>2026-05-12T10:15:44Z</time>
<extensions>
<gpxtpx:TrackPointExtension>
<gpxtpx:hr>143</gpxtpx:hr>
</gpxtpx:TrackPointExtension>
</extensions>
</trkpt>
<trkpt lat="36.9669005" lon="127.8702829">
<ele>73.043</ele>
<time>2026-05-12T10:15:45Z</time>
<extensions>
<gpxtpx:TrackPointExtension>
<gpxtpx:hr>143</gpxtpx:hr>
</gpxtpx:TrackPointExtension>
</extensions>
</trkpt>
<trkpt lat="36.9668931" lon="127.8703142">
<ele>72.96</ele>
<time>2026-05-12T10:15:46Z</time>
<extensions>
<gpxtpx:TrackPointExtension>
<gpxtpx:hr>143</gpxtpx:hr>
</gpxtpx:TrackPointExtension>
</extensions>
</trkpt>
<trkpt lat="36.9668864" lon="127.8703462">
<ele>72.969</ele>
<time>2026-05-12T10:15:47Z</time>
<extensions>
<gpxtpx:TrackPointExtension>
<gpxtpx:hr>143</gpxtpx:hr>
</gpxtpx:TrackPointExtension>
</extensions>
</trkpt>
<trkpt lat="36.9668787" lon="127.8703774">
<ele>72.981</ele>
<time>2026-05-12T10:15:48Z</time>
<extensions>
<gpxtpx:TrackPointExtension>
<gpxtpx:hr>143</gpxtpx:hr>
<gpxtpx:cad>178</gpxtpx:cad>
</gpxtpx:TrackPointExtension>
</extensions>
</trkpt>
<trkpt lat="36.9668716" lon="127.8704091">
<ele>72.969</ele>
<time>2026-05-12T10:15:49Z</time>
<extensions>
<gpxtpx:TrackPointExtension>
<gpxtpx:hr>144</gpxtpx:hr>
</gpxtpx:TrackPointExtension>
</extensions>
</trkpt>
<trkpt lat="36.9668638" lon="127.8704403">
<ele>72.91</ele>
<time>2026-05-12T10:15:50Z</time>
<extensions>
<gpxtpx:TrackPointExtension>
<gpxtpx:hr>144</gpxtpx:hr>
</gpxtpx:TrackPointExtension>
</extensions>
</trkpt>
<trkpt lat="36.9668565" lon="127.8704716">
<ele>72.941</ele>
<time>2026-05-12T10:15:51Z</time>
<extensions>
<gpxtpx:TrackPointExtension>
<gpxtpx:hr>144</gpxtpx:hr>
</gpxtpx:TrackPointExtension>
</extensions>
</trkpt>
<trkpt lat="36.9668487" lon="127.8705029">
<ele>72.97</ele>
<time>2026-05-12T10:15:52Z</time>
<extensions>
<gpxtpx:TrackPointExtension>
<gpxtpx:hr>144</gpxtpx:hr>
</gpxtpx:TrackPointExtension>
</extensions>
</trkpt>
<trkpt lat="36.966841" lon="127.8705339">
<ele>72.984</ele>
<time>2026-05-12T10:15:53Z</time>
<extensions>
<gpxtpx:TrackPointExtension>
<gpxtpx:hr>144</gpxtpx:hr>
<gpxtpx:cad>179</gpxtpx:cad>
</gpxtpx:TrackPointExtension>
</extensions>
</trkpt>
<trkpt lat="36.9668334" lon="127.870565">
<ele>72.959</ele>
<time>2026-05-12T10:15:54Z</time>
<extensions>
<gpxtpx:TrackPointExtension>
<gpxtpx:hr>144</gpxtpx:hr>
</gpxtpx:TrackPointExtension>
</extensions>
</trkpt>
<trkpt lat="36.9668254" lon="127.8705961">
<ele>72.922</ele>
<time>2026-05-12T10:15:55Z</time>
<extensions>
<gpxtpx:TrackPointExtension>
<gpxtpx:hr>145</gpxtpx:hr>
</gpxtpx:TrackPointExtension>
</extensions>
</trkpt>
<trkpt lat="36.9668174" lon="127.8706275">
<ele>72.973</ele>
<time>2026-05-12T10:15:56Z</time>
<extensions>
<gpxtpx:TrackPointExtension>
<gpxtpx:hr>145</gpxtpx:hr>
</gpxtpx:TrackPointExtension>
</extensions>
</trkpt>
<trkpt lat="36.966809" lon="127.870659">
<ele>72.927</ele>
<time>2026-05-12T10:15:57Z</time>
<extensions>
<gpxtpx:TrackPointExtension>
<gpxtpx:hr>145</gpxtpx:hr>
</gpxtpx:TrackPointExtension>
</extensions>
</trkpt>
<trkpt lat="36.9668012" lon="127.8706904">
<ele>72.924</ele>
<time>2026-05-12T10:15:58Z</time>
<extensions>
<gpxtpx:TrackPointExtension>
<gpxtpx:hr>145</gpxtpx:hr>
<gpxtpx:cad>180</gpxtpx:cad>
</gpxtpx:TrackPointExtension>
</extensions>
</trkpt>
<trkpt lat="36.9667934" lon="127.8707218">
<ele>72.941</ele>
<time>2026-05-12T10:15:59Z</time>
<extensions>
<gpxtpx:TrackPointExtension>
<gpxtpx:hr>145</gpxtpx:hr>
</gpxtpx:TrackPointExtension>
</extensions>
</trkpt>
<trkpt lat="36.9667864" lon="127.870753">
<ele>72.942</ele>
<time>2026-05-12T10:16:00Z</time>
<extensions>
<gpxtpx:TrackPointExtension>
<gpxtpx:hr>145</gpxtpx:hr>
</gpxtpx:TrackPointExtension>
</extensions>
</trkpt>
<trkpt lat="36.9667793" lon="127.8707843">
<ele>72.969</ele>
<time>2026-05-12T10:16:01Z</time>
<extensions>
<gpxtpx:TrackPointExtension>
<gpxtpx:hr>146</gpxtpx:hr>
<gpxtpx:cad>180</gpxtpx:cad>
</gpxtpx:TrackPointExtension>
</extensions>
</trkpt>
<trkpt lat="36.9667728" lon="127.8708154">
<ele>72.986</ele>
<time>2026-05-12T10:16:02Z</time>
<extensions>
<gpxtpx:TrackPointExtension>
<gpxtpx:hr>146</gpxtpx:hr>
</gpxtpx:TrackPointExtension>
</extensions>
</trkpt>
<trkpt lat="36.9667664" lon="127.8708465">
<ele>72.949</ele>
<time>2026-05-12T10:16:03Z</time>
<extensions>
<gpxtpx:TrackPointExtension>
<gpxtpx:hr>146</gpxtpx:hr>
<gpxtpx:cad>181</gpxtpx:cad>
</gpxtpx:TrackPointExtension>
</extensions>
</trkpt>
<trkpt lat="36.9667603" lon="127.8708777">
<ele>72.908</ele>
<time>2026-05-12T10:16:04Z</time>
<extensions>
<gpxtpx:TrackPointExtension>
<gpxtpx:hr>147</gpxtpx:hr>
</gpxtpx:TrackPointExtension>
</extensions>
</trkpt>
<trkpt lat="36.9667545" lon="127.8709091">
<ele>72.879</ele>
<time>2026-05-12T10:16:05Z</time>
<extensions>
<gpxtpx:TrackPointExtension>
<gpxtpx:hr>147</gpxtpx:hr>
</gpxtpx:TrackPointExtension>
</extensions>
</trkpt>
<trkpt lat="36.966749" lon="127.8709407">
<ele>72.868</ele>
<time>2026-05-12T10:16:06Z</time>
<extensions>
<gpxtpx:TrackPointExtension>
<gpxtpx:hr>147</gpxtpx:hr>
</gpxtpx:TrackPointExtension>
</extensions>
</trkpt>
<trkpt lat="36.9667435" lon="127.8709723">
<ele>72.862</ele>
<time>2026-05-12T10:16:07Z</time>
<extensions>
<gpxtpx:TrackPointExtension>
<gpxtpx:hr>147</gpxtpx:hr>
</gpxtpx:TrackPointExtension>
</extensions>
</trkpt>
<trkpt lat="36.9667387" lon="127.8710053">
<ele>72.89</ele>
<time>2026-05-12T10:16:08Z</time>
<extensions>
<gpxtpx:TrackPointExtension>
<gpxtpx:hr>148</gpxtpx:hr>
<gpxtpx:cad>181</gpxtpx:cad>
</gpxtpx:TrackPointExtension>
</extensions>
</trkpt>
<trkpt lat="36.9667338" lon="127.8710379">
<ele>72.917</ele>
<time>2026-05-12T10:16:09Z</time>
<extensions>
<gpxtpx:TrackPointExtension>
<gpxtpx:hr>148</gpxtpx:hr>
</gpxtpx:TrackPointExtension>
</extensions>
</trkpt>
<trkpt lat="36.9667293" lon="127.8710716">
<ele>72.935</ele>
<time>2026-05-12T10:16:10Z</time>
<extensions>
<gpxtpx:TrackPointExtension>
<gpxtpx:hr>148</gpxtpx:hr>
</gpxtpx:TrackPointExtension>
</extensions>
</trkpt>
<trkpt lat="36.9667247" lon="127.8711058">
<ele>72.906</ele>
<time>2026-05-12T10:16:11Z</time>
<extensions>
<gpxtpx:TrackPointExtension>
<gpxtpx:hr>148</gpxtpx:hr>
</gpxtpx:TrackPointExtension>
</extensions>
</trkpt>
<trkpt lat="36.9667201" lon="127.8711403">
<ele>72.903</ele>
<time>2026-05-12T10:16:12Z</time>
<extensions>
<gpxtpx:TrackPointExtension>
<gpxtpx:hr>148</gpxtpx:hr>
</gpxtpx:TrackPointExtension>
</extensions>
</trkpt>
<trkpt lat="36.9667154" lon="127.8711747">
<ele>72.908</ele>
<time>2026-05-12T10:16:13Z</time>
<extensions>
<gpxtpx:TrackPointExtension>
<gpxtpx:hr>148</gpxtpx:hr>
<gpxtpx:cad>178</gpxtpx:cad>
</gpxtpx:TrackPointExtension>
</extensions>
</trkpt>
<trkpt lat="36.9667104" lon="127.8712087">
<ele>72.905</ele>
<time>2026-05-12T10:16:14Z</time>
<extensions>
<gpxtpx:TrackPointExtension>
<gpxtpx:hr>149</gpxtpx:hr>
</gpxtpx:TrackPointExtension>
</extensions>
</trkpt>
<trkpt lat="36.966705" lon="127.8712398">
<ele>72.888</ele>
<time>2026-05-12T10:16:15Z</time>
<extensions>
<gpxtpx:TrackPointExtension>
<gpxtpx:hr>149</gpxtpx:hr>
</gpxtpx:TrackPointExtension>
</extensions>
</trkpt>
<trkpt lat="36.9667" lon="127.8712683">
<ele>72.836</ele>
<time>2026-05-12T10:16:16Z</time>
<extensions>
<gpxtpx:TrackPointExtension>
<gpxtpx:hr>149</gpxtpx:hr>
</gpxtpx:TrackPointExtension>
</extensions>
</trkpt>
<trkpt lat="36.9666952" lon="127.8712964">
<ele>72.819</ele>
<time>2026-05-12T10:16:17Z</time>
<extensions>
<gpxtpx:TrackPointExtension>
<gpxtpx:hr>149</gpxtpx:hr>
</gpxtpx:TrackPointExtension>
</extensions>
</trkpt>
<trkpt lat="36.9666915" lon="127.8713197">
<ele>72.748</ele>
<time>2026-05-12T10:16:18Z</time>
<extensions>
<gpxtpx:TrackPointExtension>
<gpxtpx:hr>148</gpxtpx:hr>
<gpxtpx:cad>169</gpxtpx:cad>
</gpxtpx:TrackPointExtension>
</extensions>
</trkpt>
<trkpt lat="36.9666885" lon="127.8713415">
<ele>72.839</ele>
<time>2026-05-12T10:16:19Z</time>
<extensions>
<gpxtpx:TrackPointExtension>
<gpxtpx:hr>149</gpxtpx:hr>
</gpxtpx:TrackPointExtension>
</extensions>
</trkpt>
<trkpt lat="36.966685" lon="127.8713651">
<ele>73.027</ele>
<time>2026-05-12T10:16:20Z</time>
<extensions>
<gpxtpx:TrackPointExtension>
<gpxtpx:hr>149</gpxtpx:hr>
</gpxtpx:TrackPointExtension>
</extensions>
</trkpt>
<trkpt lat="36.9666831" lon="127.8713859">
<ele>73.003</ele>
<time>2026-05-12T10:16:21Z</time>
<extensions>
<gpxtpx:TrackPointExtension>
<gpxtpx:hr>150</gpxtpx:hr>
</gpxtpx:TrackPointExtension>
</extensions>
</trkpt>
<trkpt lat="36.9666812" lon="127.871408">
<ele>73.078</ele>
<time>2026-05-12T10:16:22Z</time>
<extensions>
<gpxtpx:TrackPointExtension>
<gpxtpx:hr>150</gpxtpx:hr>
</gpxtpx:TrackPointExtension>
</extensions>
</trkpt>
<trkpt lat="36.9666789" lon="127.8714319">
<ele>73.292</ele>
<time>2026-05-12T10:16:23Z</time>
<extensions>
<gpxtpx:TrackPointExtension>
<gpxtpx:hr>149</gpxtpx:hr>
<gpxtpx:cad>151</gpxtpx:cad>
</gpxtpx:TrackPointExtension>
</extensions>
</trkpt>
<trkpt lat="36.9666767" lon="127.8714545">
<ele>73.295</ele>
<time>2026-05-12T10:16:24Z</time>
<extensions>
<gpxtpx:TrackPointExtension>
<gpxtpx:hr>150</gpxtpx:hr>
</gpxtpx:TrackPointExtension>
</extensions>
</trkpt>
<trkpt lat="36.9666748" lon="127.8714774">
<ele>73.308</ele>
<time>2026-05-12T10:16:25Z</time>
<extensions>
<gpxtpx:TrackPointExtension>
<gpxtpx:hr>150</gpxtpx:hr>
</gpxtpx:TrackPointExtension>
</extensions>
</trkpt>
<trkpt lat="36.9666729" lon="127.8715018">
<ele>73.25</ele>
<time>2026-05-12T10:16:26Z</time>
<extensions>
<gpxtpx:TrackPointExtension>
<gpxtpx:hr>150</gpxtpx:hr>
</gpxtpx:TrackPointExtension>
</extensions>
</trkpt>
<trkpt lat="36.9666706" lon="127.8715284">
<ele>73.16</ele>
<time>2026-05-12T10:16:27Z</time>
<extensions>
<gpxtpx:TrackPointExtension>
<gpxtpx:hr>151</gpxtpx:hr>
</gpxtpx:TrackPointExtension>
</extensions>
</trkpt>
<trkpt lat="36.9666673" lon="127.8715583">
<ele>73.073</ele>
<time>2026-05-12T10:16:28Z</time>
<extensions>
<gpxtpx:TrackPointExtension>
<gpxtpx:hr>151</gpxtpx:hr>
<gpxtpx:cad>150</gpxtpx:cad>
</gpxtpx:TrackPointExtension>
</extensions>
</trkpt>
<trkpt lat="36.9666625" lon="127.8715916">
<ele>73.086</ele>
<time>2026-05-12T10:16:29Z</time>
<extensions>
<gpxtpx:TrackPointExtension>
<gpxtpx:hr>152</gpxtpx:hr>
</gpxtpx:TrackPointExtension>
</extensions>
</trkpt>
<trkpt lat="36.9666557" lon="127.8716279">
<ele>73.048</ele>
<time>2026-05-12T10:16:30Z</time>
<extensions>
<gpxtpx:TrackPointExtension>
<gpxtpx:hr>152</gpxtpx:hr>
</gpxtpx:TrackPointExtension>
</extensions>
</trkpt>
<trkpt lat="36.9666468" lon="127.8716662">
<ele>73.021</ele>
<time>2026-05-12T10:16:31Z</time>
<extensions>
<gpxtpx:TrackPointExtension>
<gpxtpx:hr>152</gpxtpx:hr>
</gpxtpx:TrackPointExtension>
</extensions>
</trkpt>
<trkpt lat="36.9666359" lon="127.8717053">
<ele>73.042</ele>
<time>2026-05-12T10:16:32Z</time>
<extensions>
<gpxtpx:TrackPointExtension>
<gpxtpx:hr>152</gpxtpx:hr>
</gpxtpx:TrackPointExtension>
</extensions>
</trkpt>
<trkpt lat="36.9666229" lon="127.8717438">
<ele>72.969</ele>
<time>2026-05-12T10:16:33Z</time>
<extensions>
<gpxtpx:TrackPointExtension>
<gpxtpx:hr>153</gpxtpx:hr>
<gpxtpx:cad>167</gpxtpx:cad>
</gpxtpx:TrackPointExtension>
</extensions>
</trkpt>
<trkpt lat="36.9666101" lon="127.8717824">
<ele>72.9</ele>
<time>2026-05-12T10:16:34Z</time>
<extensions>
<gpxtpx:TrackPointExtension>
<gpxtpx:hr>152</gpxtpx:hr>
</gpxtpx:TrackPointExtension>
</extensions>
</trkpt>
<trkpt lat="36.966597" lon="127.8718203">
<ele>72.825</ele>
<time>2026-05-12T10:16:35Z</time>
<extensions>
<gpxtpx:TrackPointExtension>
<gpxtpx:hr>152</gpxtpx:hr>
</gpxtpx:TrackPointExtension>
</extensions>
</trkpt>
<trkpt lat="36.9665842" lon="127.871858">
<ele>72.858</ele>
<time>2026-05-12T10:16:36Z</time>
<extensions>
<gpxtpx:TrackPointExtension>
<gpxtpx:hr>153</gpxtpx:hr>
<gpxtpx:cad>175</gpxtpx:cad>
</gpxtpx:TrackPointExtension>
</extensions>
</trkpt>
<trkpt lat="36.9665727" lon="127.8718949">
<ele>72.742</ele>
<time>2026-05-12T10:16:37Z</time>
<extensions>
<gpxtpx:TrackPointExtension>
<gpxtpx:hr>153</gpxtpx:hr>
</gpxtpx:TrackPointExtension>
</extensions>
</trkpt>
<trkpt lat="36.9665609" lon="127.8719318">
<ele>72.745</ele>
<time>2026-05-12T10:16:38Z</time>
<extensions>
<gpxtpx:TrackPointExtension>
<gpxtpx:hr>153</gpxtpx:hr>
<gpxtpx:cad>176</gpxtpx:cad>
</gpxtpx:TrackPointExtension>
</extensions>
</trkpt>
<trkpt lat="36.9665507" lon="127.871967">
<ele>72.747</ele>
<time>2026-05-12T10:16:39Z</time>
<extensions>
<gpxtpx:TrackPointExtension>
<gpxtpx:hr>153</gpxtpx:hr>
</gpxtpx:TrackPointExtension>
</extensions>
</trkpt>
<trkpt lat="36.9665404" lon="127.8720022">
<ele>72.736</ele>
<time>2026-05-12T10:16:40Z</time>
<extensions>
<gpxtpx:TrackPointExtension>
<gpxtpx:hr>153</gpxtpx:hr>
</gpxtpx:TrackPointExtension>
</extensions>
</trkpt>
<trkpt lat="36.9665305" lon="127.8720372">
<ele>72.853</ele>
<time>2026-05-12T10:16:41Z</time>
<extensions>
<gpxtpx:TrackPointExtension>
<gpxtpx:hr>153</gpxtpx:hr>
</gpxtpx:TrackPointExtension>
</extensions>
</trkpt>
<trkpt lat="36.9665191" lon="127.8720735">
<ele>72.803</ele>
<time>2026-05-12T10:16:42Z</time>
<extensions>
<gpxtpx:TrackPointExtension>
<gpxtpx:hr>153</gpxtpx:hr>
</gpxtpx:TrackPointExtension>
</extensions>
</trkpt>
<trkpt lat="36.9665099" lon="127.8721082">
<ele>72.794</ele>
<time>2026-05-12T10:16:43Z</time>
<extensions>
<gpxtpx:TrackPointExtension>
<gpxtpx:hr>153</gpxtpx:hr>
<gpxtpx:cad>179</gpxtpx:cad>
</gpxtpx:TrackPointExtension>
</extensions>
</trkpt>
<trkpt lat="36.9665001" lon="127.8721435">
<ele>72.858</ele>
<time>2026-05-12T10:16:44Z</time>
<extensions>
<gpxtpx:TrackPointExtension>
<gpxtpx:hr>153</gpxtpx:hr>
</gpxtpx:TrackPointExtension>
</extensions>
</trkpt>
<trkpt lat="36.9664907" lon="127.8721786">
<ele>72.902</ele>
<time>2026-05-12T10:16:45Z</time>
<extensions>
<gpxtpx:TrackPointExtension>
<gpxtpx:hr>153</gpxtpx:hr>
</gpxtpx:TrackPointExtension>
</extensions>
</trkpt>
<trkpt lat="36.9664817" lon="127.8722137">
<ele>73.015</ele>
<time>2026-05-12T10:16:46Z</time>
<extensions>
<gpxtpx:TrackPointExtension>
<gpxtpx:hr>154</gpxtpx:hr>
</gpxtpx:TrackPointExtension>
</extensions>
</trkpt>
<trkpt lat="36.9664729" lon="127.8722486">
<ele>73.151</ele>
<time>2026-05-12T10:16:47Z</time>
<extensions>
<gpxtpx:TrackPointExtension>
<gpxtpx:hr>154</gpxtpx:hr>
</gpxtpx:TrackPointExtension>
</extensions>
</trkpt>
<trkpt lat="36.9664644" lon="127.8722834">
<ele>73.186</ele>
<time>2026-05-12T10:16:48Z</time>
<extensions>
<gpxtpx:TrackPointExtension>
<gpxtpx:hr>154</gpxtpx:hr>
<gpxtpx:cad>180</gpxtpx:cad>
</gpxtpx:TrackPointExtension>
</extensions>
</trkpt>
<trkpt lat="36.9664561" lon="127.8723181">
<ele>73.178</ele>
<time>2026-05-12T10:16:49Z</time>
<extensions>
<gpxtpx:TrackPointExtension>
<gpxtpx:hr>154</gpxtpx:hr>
</gpxtpx:TrackPointExtension>
</extensions>
</trkpt>
<trkpt lat="36.9664479" lon="127.8723526">
<ele>73.2</ele>
<time>2026-05-12T10:16:50Z</time>
<extensions>
<gpxtpx:TrackPointExtension>
<gpxtpx:hr>154</gpxtpx:hr>
</gpxtpx:TrackPointExtension>
</extensions>
</trkpt>
<trkpt lat="36.9664396" lon="127.8723871">
<ele>73.208</ele>
<time>2026-05-12T10:16:51Z</time>
<extensions>
<gpxtpx:TrackPointExtension>
<gpxtpx:hr>154</gpxtpx:hr>
</gpxtpx:TrackPointExtension>
</extensions>
</trkpt>
<trkpt lat="36.9664317" lon="127.8724213">
<ele>73.252</ele>
<time>2026-05-12T10:16:52Z</time>
<extensions>
<gpxtpx:TrackPointExtension>
<gpxtpx:hr>155</gpxtpx:hr>
</gpxtpx:TrackPointExtension>
</extensions>
</trkpt>
<trkpt lat="36.9664238" lon="127.8724557">
<ele>73.181</ele>
<time>2026-05-12T10:16:53Z</time>
<extensions>
<gpxtpx:TrackPointExtension>
<gpxtpx:hr>155</gpxtpx:hr>
<gpxtpx:cad>180</gpxtpx:cad>
</gpxtpx:TrackPointExtension>
</extensions>
</trkpt>
<trkpt lat="36.9664155" lon="127.872489">
<ele>73.081</ele>
<time>2026-05-12T10:16:54Z</time>
<extensions>
<gpxtpx:TrackPointExtension>
<gpxtpx:hr>155</gpxtpx:hr>
</gpxtpx:TrackPointExtension>
</extensions>
</trkpt>
<trkpt lat="36.9664077" lon="127.8725234">
<ele>73.099</ele>
<time>2026-05-12T10:16:55Z</time>
<extensions>
<gpxtpx:TrackPointExtension>
<gpxtpx:hr>155</gpxtpx:hr>
</gpxtpx:TrackPointExtension>
</extensions>
</trkpt>
<trkpt lat="36.9663987" lon="127.872556">
<ele>73.105</ele>
<time>2026-05-12T10:16:56Z</time>
<extensions>
<gpxtpx:TrackPointExtension>
<gpxtpx:hr>155</gpxtpx:hr>
</gpxtpx:TrackPointExtension>
</extensions>
</trkpt>
<trkpt lat="36.9663901" lon="127.8725892">
<ele>73.214</ele>
<time>2026-05-12T10:16:57Z</time>
<extensions>
<gpxtpx:TrackPointExtension>
<gpxtpx:hr>155</gpxtpx:hr>
</gpxtpx:TrackPointExtension>
</extensions>
</trkpt>
<trkpt lat="36.9663813" lon="127.8726221">
<ele>73.221</ele>
<time>2026-05-12T10:16:58Z</time>
<extensions>
<gpxtpx:TrackPointExtension>
<gpxtpx:hr>155</gpxtpx:hr>
<gpxtpx:cad>178</gpxtpx:cad>
</gpxtpx:TrackPointExtension>
</extensions>
</trkpt>
<trkpt lat="36.9663723" lon="127.8726547">
<ele>73.196</ele>
<time>2026-05-12T10:16:59Z</time>
<extensions>
<gpxtpx:TrackPointExtension>
<gpxtpx:hr>155</gpxtpx:hr>
</gpxtpx:TrackPointExtension>
</extensions>
</trkpt>
<trkpt lat="36.9663625" lon="127.8726861">
<ele>73.206</ele>
<time>2026-05-12T10:17:00Z</time>
<extensions>
<gpxtpx:TrackPointExtension>
<gpxtpx:hr>155</gpxtpx:hr>
</gpxtpx:TrackPointExtension>
</extensions>
</trkpt>
<trkpt lat="36.9663539" lon="127.8727191">
<ele>73.202</ele>
<time>2026-05-12T10:17:01Z</time>
<extensions>
<gpxtpx:TrackPointExtension>
<gpxtpx:hr>155</gpxtpx:hr>
</gpxtpx:TrackPointExtension>
</extensions>
</trkpt>
<trkpt lat="36.9663438" lon="127.8727499">
<ele>73.224</ele>
<time>2026-05-12T10:17:02Z</time>
<extensions>
<gpxtpx:TrackPointExtension>
<gpxtpx:hr>155</gpxtpx:hr>
</gpxtpx:TrackPointExtension>
</extensions>
</trkpt>
<trkpt lat="36.9663346" lon="127.8727822">
<ele>73.25</ele>
<time>2026-05-12T10:17:03Z</time>
<extensions>
<gpxtpx:TrackPointExtension>
<gpxtpx:hr>156</gpxtpx:hr>
<gpxtpx:cad>175</gpxtpx:cad>
</gpxtpx:TrackPointExtension>
</extensions>
</trkpt>
<trkpt lat="36.9663245" lon="127.8728128">
<ele>73.239</ele>
<time>2026-05-12T10:17:04Z</time>
<extensions>
<gpxtpx:TrackPointExtension>
<gpxtpx:hr>156</gpxtpx:hr>
</gpxtpx:TrackPointExtension>
</extensions>
</trkpt>
<trkpt lat="36.9663148" lon="127.8728443">
<ele>73.204</ele>
<time>2026-05-12T10:17:05Z</time>
<extensions>
<gpxtpx:TrackPointExtension>
<gpxtpx:hr>155</gpxtpx:hr>
</gpxtpx:TrackPointExtension>
</extensions>
</trkpt>
<trkpt lat="36.9663047" lon="127.8728749">
<ele>73.085</ele>
<time>2026-05-12T10:17:06Z</time>
<extensions>
<gpxtpx:TrackPointExtension>
<gpxtpx:hr>155</gpxtpx:hr>
</gpxtpx:TrackPointExtension>
</extensions>
</trkpt>
<trkpt lat="36.9662946" lon="127.8729057">
<ele>72.975</ele>
<time>2026-05-12T10:17:07Z</time>
<extensions>
<gpxtpx:TrackPointExtension>
<gpxtpx:hr>155</gpxtpx:hr>
</gpxtpx:TrackPointExtension>
</extensions>
</trkpt>
<trkpt lat="36.9662845" lon="127.8729364">
<ele>73.13</ele>
<time>2026-05-12T10:17:08Z</time>
<extensions>
<gpxtpx:TrackPointExtension>
<gpxtpx:hr>155</gpxtpx:hr>
<gpxtpx:cad>174</gpxtpx:cad>
</gpxtpx:TrackPointExtension>
</extensions>
</trkpt>
<trkpt lat="36.9662742" lon="127.872967">
<ele>73.247</ele>
<time>2026-05-12T10:17:09Z</time>
<extensions>
<gpxtpx:TrackPointExtension>
<gpxtpx:hr>155</gpxtpx:hr>
<gpxtpx:cad>174</gpxtpx:cad>
</gpxtpx:TrackPointExtension>
</extensions>
</trkpt>
<trkpt lat="36.9662638" lon="127.8729976">
<ele>73.278</ele>
<time>2026-05-12T10:17:10Z</time>
<extensions>
<gpxtpx:TrackPointExtension>
<gpxtpx:hr>155</gpxtpx:hr>
</gpxtpx:TrackPointExtension>
</extensions>
</trkpt>
<trkpt lat="36.9662534" lon="127.8730283">
<ele>73.305</ele>
<time>2026-05-12T10:17:11Z</time>
<extensions>
<gpxtpx:TrackPointExtension>
<gpxtpx:hr>155</gpxtpx:hr>
</gpxtpx:TrackPointExtension>
</extensions>
</trkpt>
<trkpt lat="36.966243" lon="127.8730591">
<ele>73.386</ele>
<time>2026-05-12T10:17:12Z</time>
<extensions>
<gpxtpx:TrackPointExtension>
<gpxtpx:hr>156</gpxtpx:hr>
</gpxtpx:TrackPointExtension>
</extensions>
</trkpt>
<trkpt lat="36.9662327" lon="127.8730897">
<ele>73.442</ele>
<time>2026-05-12T10:17:13Z</time>
<extensions>
<gpxtpx:TrackPointExtension>
<gpxtpx:cad>173</gpxtpx:cad>
</gpxtpx:TrackPointExtension>
</extensions>
</trkpt>
<trkpt lat="36.9662225" lon="127.8731211">
<ele>73.387</ele>
<time>2026-05-12T10:17:14Z</time>
<extensions>
<gpxtpx:TrackPointExtension>
<gpxtpx:hr>156</gpxtpx:hr>
</gpxtpx:TrackPointExtension>
</extensions>
</trkpt>
<trkpt lat="36.9662123" lon="127.873152">
<ele>73.358</ele>
<time>2026-05-12T10:17:15Z</time>
<extensions>
<gpxtpx:TrackPointExtension>
<gpxtpx:hr>156</gpxtpx:hr>
</gpxtpx:TrackPointExtension>
</extensions>
</trkpt>
<trkpt lat="36.9662024" lon="127.8731839">
<ele>73.335</ele>
<time>2026-05-12T10:17:16Z</time>
<extensions>
<gpxtpx:TrackPointExtension>
<gpxtpx:hr>156</gpxtpx:hr>
</gpxtpx:TrackPointExtension>
</extensions>
</trkpt>
<trkpt lat="36.9661923" lon="127.873215">
<ele>73.367</ele>
<time>2026-05-12T10:17:17Z</time>
<extensions>
<gpxtpx:TrackPointExtension>
<gpxtpx:hr>156</gpxtpx:hr>
</gpxtpx:TrackPointExtension>
</extensions>
</trkpt>
<trkpt lat="36.9661828" lon="127.8732475">
<ele>73.335</ele>
<time>2026-05-12T10:17:18Z</time>
<extensions>
<gpxtpx:TrackPointExtension>
<gpxtpx:hr>155</gpxtpx:hr>
<gpxtpx:cad>176</gpxtpx:cad>
</gpxtpx:TrackPointExtension>
</extensions>
</trkpt>
<trkpt lat="36.9661728" lon="127.8732789">
<ele>73.349</ele>
<time>2026-05-12T10:17:19Z</time>
<extensions>
<gpxtpx:TrackPointExtension>
<gpxtpx:hr>155</gpxtpx:hr>
</gpxtpx:TrackPointExtension>
</extensions>
</trkpt>
<trkpt lat="36.9661632" lon="127.8733112">
<ele>73.253</ele>
<time>2026-05-12T10:17:20Z</time>
<extensions>
<gpxtpx:TrackPointExtension>
<gpxtpx:hr>155</gpxtpx:hr>
</gpxtpx:TrackPointExtension>
</extensions>
</trkpt>
<trkpt lat="36.9661536" lon="127.8733438">
<ele>73.29</ele>
<time>2026-05-12T10:17:21Z</time>
<extensions>
<gpxtpx:TrackPointExtension>
<gpxtpx:hr>154</gpxtpx:hr>
</gpxtpx:TrackPointExtension>
</extensions>
</trkpt>
<trkpt lat="36.9661441" lon="127.8733768">
<ele>73.306</ele>
<time>2026-05-12T10:17:22Z</time>
<extensions>
<gpxtpx:TrackPointExtension>
<gpxtpx:hr>154</gpxtpx:hr>
</gpxtpx:TrackPointExtension>
</extensions>
</trkpt>
<trkpt lat="36.9661347" lon="127.87341">
<ele>73.291</ele>
<time>2026-05-12T10:17:23Z</time>
<extensions>
<gpxtpx:TrackPointExtension>
<gpxtpx:hr>154</gpxtpx:hr>
<gpxtpx:cad>180</gpxtpx:cad>
</gpxtpx:TrackPointExtension>
</extensions>
</trkpt>
<trkpt lat="36.9661252" lon="127.8734433">
<ele>73.303</ele>
<time>2026-05-12T10:17:24Z</time>
<extensions>
<gpxtpx:TrackPointExtension>
<gpxtpx:hr>154</gpxtpx:hr>
</gpxtpx:TrackPointExtension>
</extensions>
</trkpt>
<trkpt lat="36.9661157" lon="127.8734768">
<ele>73.302</ele>
<time>2026-05-12T10:17:25Z</time>
<extensions>
<gpxtpx:TrackPointExtension>
<gpxtpx:hr>154</gpxtpx:hr>
</gpxtpx:TrackPointExtension>
</extensions>
</trkpt>
<trkpt lat="36.9661062" lon="127.8735104">
<ele>73.285</ele>
<time>2026-05-12T10:17:26Z</time>
<extensions>
<gpxtpx:TrackPointExtension>
<gpxtpx:hr>155</gpxtpx:hr>
</gpxtpx:TrackPointExtension>
</extensions>
</trkpt>
<trkpt lat="36.9660966" lon="127.8735441">
<ele>73.332</ele>
<time>2026-05-12T10:17:27Z</time>
<extensions>
<gpxtpx:TrackPointExtension>
<gpxtpx:hr>155</gpxtpx:hr>
</gpxtpx:TrackPointExtension>
</extensions>
</trkpt>
<trkpt lat="36.9660869" lon="127.8735777">
<ele>73.338</ele>
<time>2026-05-12T10:17:28Z</time>
<extensions>
<gpxtpx:TrackPointExtension>
<gpxtpx:hr>155</gpxtpx:hr>
<gpxtpx:cad>181</gpxtpx:cad>
</gpxtpx:TrackPointExtension>
</extensions>
</trkpt>
<trkpt lat="36.9660772" lon="127.8736113">
<ele>73.289</ele>
<time>2026-05-12T10:17:29Z</time>
<extensions>
<gpxtpx:TrackPointExtension>
<gpxtpx:hr>155</gpxtpx:hr>
</gpxtpx:TrackPointExtension>
</extensions>
</trkpt>
<trkpt lat="36.9660674" lon="127.8736448">
<ele>73.319</ele>
<time>2026-05-12T10:17:30Z</time>
<extensions>
<gpxtpx:TrackPointExtension>
<gpxtpx:hr>155</gpxtpx:hr>
</gpxtpx:TrackPointExtension>
</extensions>
</trkpt>
<trkpt lat="36.9660576" lon="127.8736783">
<ele>73.331</ele>
<time>2026-05-12T10:17:31Z</time>
<extensions>
<gpxtpx:TrackPointExtension>
<gpxtpx:hr>155</gpxtpx:hr>
</gpxtpx:TrackPointExtension>
</extensions>
</trkpt>
<trkpt lat="36.9660477" lon="127.8737117">
<ele>73.292</ele>
<time>2026-05-12T10:17:32Z</time>
<extensions>
<gpxtpx:TrackPointExtension>
<gpxtpx:hr>155</gpxtpx:hr>
</gpxtpx:TrackPointExtension>
</extensions>
</trkpt>
<trkpt lat="36.9660374" lon="127.8737444">
<ele>73.316</ele>
<time>2026-05-12T10:17:33Z</time>
<extensions>
<gpxtpx:TrackPointExtension>
<gpxtpx:hr>155</gpxtpx:hr>
<gpxtpx:cad>181</gpxtpx:cad>
</gpxtpx:TrackPointExtension>
</extensions>
</trkpt>
<trkpt lat="36.9660278" lon="127.8737782">
<ele>73.353</ele>
<time>2026-05-12T10:17:34Z</time>
<extensions>
<gpxtpx:TrackPointExtension>
<gpxtpx:hr>155</gpxtpx:hr>
</gpxtpx:TrackPointExtension>
</extensions>
</trkpt>
<trkpt lat="36.9660176" lon="127.8738108">
<ele>73.325</ele>
<time>2026-05-12T10:17:35Z</time>
<extensions>
<gpxtpx:TrackPointExtension>
<gpxtpx:hr>155</gpxtpx:hr>
</gpxtpx:TrackPointExtension>
</extensions>
</trkpt>
<trkpt lat="36.9660078" lon="127.8738438">
<ele>73.349</ele>
<time>2026-05-12T10:17:36Z</time>
<extensions>
<gpxtpx:TrackPointExtension>
<gpxtpx:hr>155</gpxtpx:hr>
</gpxtpx:TrackPointExtension>
</extensions>
</trkpt>
<trkpt lat="36.9659979" lon="127.8738767">
<ele>73.396</ele>
<time>2026-05-12T10:17:37Z</time>
<extensions>
<gpxtpx:TrackPointExtension>
<gpxtpx:hr>155</gpxtpx:hr>
</gpxtpx:TrackPointExtension>
</extensions>
</trkpt>
<trkpt lat="36.9659875" lon="127.8739096">
<ele>73.361</ele>
<time>2026-05-12T10:17:38Z</time>
<extensions>
<gpxtpx:TrackPointExtension>
<gpxtpx:hr>155</gpxtpx:hr>
<gpxtpx:cad>181</gpxtpx:cad>
</gpxtpx:TrackPointExtension>
</extensions>
</trkpt>
<trkpt lat="36.9659784" lon="127.8739418">
<ele>73.382</ele>
<time>2026-05-12T10:17:39Z</time>
<extensions>
<gpxtpx:TrackPointExtension>
<gpxtpx:hr>155</gpxtpx:hr>
</gpxtpx:TrackPointExtension>
</extensions>
</trkpt>
<trkpt lat="36.965968" lon="127.8739744">
<ele>73.398</ele>
<time>2026-05-12T10:17:40Z</time>
<extensions>
<gpxtpx:TrackPointExtension>
<gpxtpx:hr>156</gpxtpx:hr>
<gpxtpx:cad>181</gpxtpx:cad>
</gpxtpx:TrackPointExtension>
</extensions>
</trkpt>
<trkpt lat="36.9659593" lon="127.8740063">
<ele>73.368</ele>
<time>2026-05-12T10:17:41Z</time>
<extensions>
<gpxtpx:TrackPointExtension>
<gpxtpx:hr>156</gpxtpx:hr>
</gpxtpx:TrackPointExtension>
</extensions>
</trkpt>
<trkpt lat="36.9659492" lon="127.8740385">
<ele>73.35</ele>
<time>2026-05-12T10:17:42Z</time>
<extensions>
<gpxtpx:TrackPointExtension>
<gpxtpx:hr>156</gpxtpx:hr>
</gpxtpx:TrackPointExtension>
</extensions>
</trkpt>
<trkpt lat="36.9659402" lon="127.8740703">
<ele>73.379</ele>
<time>2026-05-12T10:17:43Z</time>
<extensions>
<gpxtpx:TrackPointExtension>
<gpxtpx:hr>156</gpxtpx:hr>
<gpxtpx:cad>181</gpxtpx:cad>
</gpxtpx:TrackPointExtension>
</extensions>
</trkpt>
<trkpt lat="36.9659315" lon="127.8741021">
<ele>73.393</ele>
<time>2026-05-12T10:17:44Z</time>
<extensions>
<gpxtpx:TrackPointExtension>
<gpxtpx:hr>156</gpxtpx:hr>
</gpxtpx:TrackPointExtension>
</extensions>
</trkpt>
<trkpt lat="36.9659238" lon="127.8741334">
<ele>73.266</ele>
<time>2026-05-12T10:17:45Z</time>
<extensions>
<gpxtpx:TrackPointExtension>
<gpxtpx:hr>155</gpxtpx:hr>
</gpxtpx:TrackPointExtension>
</extensions>
</trkpt>
<trkpt lat="36.965915" lon="127.8741653">
<ele>73.097</ele>
<time>2026-05-12T10:17:46Z</time>
<extensions>
<gpxtpx:TrackPointExtension>
<gpxtpx:hr>155</gpxtpx:hr>
</gpxtpx:TrackPointExtension>
</extensions>
</trkpt>
<trkpt lat="36.9659074" lon="127.8741964">
<ele>73.09</ele>
<time>2026-05-12T10:17:47Z</time>
<extensions>
<gpxtpx:TrackPointExtension>
<gpxtpx:hr>155</gpxtpx:hr>
</gpxtpx:TrackPointExtension>
</extensions>
</trkpt>
<trkpt lat="36.9658993" lon="127.8742277">
<ele>73.339</ele>
<time>2026-05-12T10:17:48Z</time>
<extensions>
<gpxtpx:TrackPointExtension>
<gpxtpx:hr>155</gpxtpx:hr>
<gpxtpx:cad>178</gpxtpx:cad>
</gpxtpx:TrackPointExtension>
</extensions>
</trkpt>
<trkpt lat="36.9658913" lon="127.874259">
<ele>73.388</ele>
<time>2026-05-12T10:17:49Z</time>
<extensions>
<gpxtpx:TrackPointExtension>
<gpxtpx:hr>155</gpxtpx:hr>
</gpxtpx:TrackPointExtension>
</extensions>
</trkpt>
<trkpt lat="36.9658832" lon="127.8742901">
<ele>73.495</ele>
<time>2026-05-12T10:17:50Z</time>
<extensions>
<gpxtpx:TrackPointExtension>
<gpxtpx:hr>155</gpxtpx:hr>
</gpxtpx:TrackPointExtension>
</extensions>
</trkpt>
<trkpt lat="36.965875" lon="127.8743212">
<ele>73.551</ele>
<time>2026-05-12T10:17:51Z</time>
<extensions>
<gpxtpx:TrackPointExtension>
<gpxtpx:hr>156</gpxtpx:hr>
</gpxtpx:TrackPointExtension>
</extensions>
</trkpt>
<trkpt lat="36.9658667" lon="127.8743522">
<ele>73.544</ele>
<time>2026-05-12T10:17:52Z</time>
<extensions>
<gpxtpx:TrackPointExtension>
<gpxtpx:hr>156</gpxtpx:hr>
</gpxtpx:TrackPointExtension>
</extensions>
</trkpt>
<trkpt lat="36.9658582" lon="127.8743831">
<ele>73.497</ele>
<time>2026-05-12T10:17:53Z</time>
<extensions>
<gpxtpx:TrackPointExtension>
<gpxtpx:cad>175</gpxtpx:cad>
</gpxtpx:TrackPointExtension>
</extensions>
</trkpt>
<trkpt lat="36.9658495" lon="127.8744139">
<ele>73.595</ele>
<time>2026-05-12T10:17:54Z</time>
<extensions>
<gpxtpx:TrackPointExtension>
<gpxtpx:hr>155</gpxtpx:hr>
</gpxtpx:TrackPointExtension>
</extensions>
</trkpt>
<trkpt lat="36.9658406" lon="127.8744447">
<ele>73.537</ele>
<time>2026-05-12T10:17:55Z</time>
<extensions>
<gpxtpx:TrackPointExtension>
<gpxtpx:hr>155</gpxtpx:hr>
</gpxtpx:TrackPointExtension>
</extensions>
</trkpt>
<trkpt lat="36.9658315" lon="127.8744755">
<ele>73.564</ele>
<time>2026-05-12T10:17:56Z</time>
<extensions>
<gpxtpx:TrackPointExtension>
<gpxtpx:hr>155</gpxtpx:hr>
</gpxtpx:TrackPointExtension>
</extensions>
</trkpt>
<trkpt lat="36.965823" lon="127.8745059">
<ele>73.497</ele>
<time>2026-05-12T10:17:57Z</time>
<extensions>
<gpxtpx:TrackPointExtension>
<gpxtpx:hr>155</gpxtpx:hr>
</gpxtpx:TrackPointExtension>
</extensions>
</trkpt>
<trkpt lat="36.9658125" lon="127.874537">
<ele>73.526</ele>
<time>2026-05-12T10:17:58Z</time>
<extensions>
<gpxtpx:TrackPointExtension>
<gpxtpx:hr>155</gpxtpx:hr>
<gpxtpx:cad>176</gpxtpx:cad>
</gpxtpx:TrackPointExtension>
</extensions>
</trkpt>
<trkpt lat="36.9658035" lon="127.8745675">
<ele>73.601</ele>
<time>2026-05-12T10:17:59Z</time>
<extensions>
<gpxtpx:TrackPointExtension>
<gpxtpx:hr>155</gpxtpx:hr>
</gpxtpx:TrackPointExtension>
</extensions>
</trkpt>
<trkpt lat="36.9657927" lon="127.8745985">
<ele>73.566</ele>
<time>2026-05-12T10:18:00Z</time>
<extensions>
<gpxtpx:TrackPointExtension>
<gpxtpx:hr>155</gpxtpx:hr>
</gpxtpx:TrackPointExtension>
</extensions>
</trkpt>
<trkpt lat="36.9657831" lon="127.8746292">
<ele>73.499</ele>
<time>2026-05-12T10:18:01Z</time>
<extensions>
<gpxtpx:TrackPointExtension>
<gpxtpx:hr>155</gpxtpx:hr>
</gpxtpx:TrackPointExtension>
</extensions>
</trkpt>
<trkpt lat="36.9657729" lon="127.87466">
<ele>73.55</ele>
<time>2026-05-12T10:18:02Z</time>
<extensions>
<gpxtpx:TrackPointExtension>
<gpxtpx:hr>155</gpxtpx:hr>
</gpxtpx:TrackPointExtension>
</extensions>
</trkpt>
<trkpt lat="36.9657622" lon="127.8746908">
<ele>73.583</ele>
<time>2026-05-12T10:18:03Z</time>
<extensions>
<gpxtpx:TrackPointExtension>
<gpxtpx:hr>156</gpxtpx:hr>
<gpxtpx:cad>181</gpxtpx:cad>
</gpxtpx:TrackPointExtension>
</extensions>
</trkpt>
<trkpt lat="36.9657511" lon="127.874722">
<ele>73.553</ele>
<time>2026-05-12T10:18:04Z</time>
<extensions>
<gpxtpx:TrackPointExtension>
<gpxtpx:hr>156</gpxtpx:hr>
</gpxtpx:TrackPointExtension>
</extensions>
</trkpt>
<trkpt lat="36.9657393" lon="127.8747534">
<ele>73.516</ele>
<time>2026-05-12T10:18:05Z</time>
<extensions>
<gpxtpx:TrackPointExtension>
<gpxtpx:hr>156</gpxtpx:hr>
</gpxtpx:TrackPointExtension>
</extensions>
</trkpt>
<trkpt lat="36.9657283" lon="127.874785">
<ele>73.504</ele>
<time>2026-05-12T10:18:06Z</time>
<extensions>
<gpxtpx:TrackPointExtension>
<gpxtpx:hr>156</gpxtpx:hr>
</gpxtpx:TrackPointExtension>
</extensions>
</trkpt>
<trkpt lat="36.9657173" lon="127.8748166">
<ele>73.484</ele>
<time>2026-05-12T10:18:07Z</time>
<extensions>
<gpxtpx:TrackPointExtension>
<gpxtpx:hr>156</gpxtpx:hr>
</gpxtpx:TrackPointExtension>
</extensions>
</trkpt>
<trkpt lat="36.9657076" lon="127.8748475">
<ele>73.457</ele>
<time>2026-05-12T10:18:08Z</time>
<extensions>
<gpxtpx:TrackPointExtension>
<gpxtpx:hr>156</gpxtpx:hr>
<gpxtpx:cad>181</gpxtpx:cad>
</gpxtpx:TrackPointExtension>
</extensions>
</trkpt>
<trkpt lat="36.9656975" lon="127.8748786">
<ele>73.432</ele>
<time>2026-05-12T10:18:09Z</time>
<extensions>
<gpxtpx:TrackPointExtension>
<gpxtpx:hr>156</gpxtpx:hr>
</gpxtpx:TrackPointExtension>
</extensions>
</trkpt>
<trkpt lat="36.9656894" lon="127.874909">
<ele>73.534</ele>
<time>2026-05-12T10:18:10Z</time>
<extensions>
<gpxtpx:TrackPointExtension>
<gpxtpx:hr>156</gpxtpx:hr>
</gpxtpx:TrackPointExtension>
</extensions>
</trkpt>
<trkpt lat="36.9656816" lon="127.8749393">
<ele>73.558</ele>
<time>2026-05-12T10:18:11Z</time>
<extensions>
<gpxtpx:TrackPointExtension>
<gpxtpx:hr>156</gpxtpx:hr>
</gpxtpx:TrackPointExtension>
</extensions>
</trkpt>
<trkpt lat="36.9656749" lon="127.8749694">
<ele>73.615</ele>
<time>2026-05-12T10:18:12Z</time>
<extensions>
<gpxtpx:TrackPointExtension>
<gpxtpx:hr>156</gpxtpx:hr>
</gpxtpx:TrackPointExtension>
</extensions>
</trkpt>
<trkpt lat="36.9656693" lon="127.8749992">
<ele>73.558</ele>
<time>2026-05-12T10:18:13Z</time>
<extensions>
<gpxtpx:TrackPointExtension>
<gpxtpx:hr>156</gpxtpx:hr>
<gpxtpx:cad>181</gpxtpx:cad>
</gpxtpx:TrackPointExtension>
</extensions>
</trkpt>
<trkpt lat="36.9656661" lon="127.8750288">
<ele>73.531</ele>
<time>2026-05-12T10:18:14Z</time>
<extensions>
<gpxtpx:TrackPointExtension>
<gpxtpx:hr>156</gpxtpx:hr>
<gpxtpx:cad>181</gpxtpx:cad>
</gpxtpx:TrackPointExtension>
</extensions>
</trkpt>
<trkpt lat="36.9656619" lon="127.8750584">
<ele>73.516</ele>
<time>2026-05-12T10:18:15Z</time>
<extensions>
<gpxtpx:TrackPointExtension>
<gpxtpx:hr>157</gpxtpx:hr>
</gpxtpx:TrackPointExtension>
</extensions>
</trkpt>
<trkpt lat="36.9656615" lon="127.8750882">
<ele>73.54</ele>
<time>2026-05-12T10:18:16Z</time>
<extensions>
<gpxtpx:TrackPointExtension>
<gpxtpx:hr>157</gpxtpx:hr>
</gpxtpx:TrackPointExtension>
</extensions>
</trkpt>
<trkpt lat="36.9656613" lon="127.8751182">
<ele>73.547</ele>
<time>2026-05-12T10:18:17Z</time>
<extensions>
<gpxtpx:TrackPointExtension>
<gpxtpx:hr>156</gpxtpx:hr>
</gpxtpx:TrackPointExtension>
</extensions>
</trkpt>
<trkpt lat="36.9656624" lon="127.8751486">
<ele>73.602</ele>
<time>2026-05-12T10:18:18Z</time>
<extensions>
<gpxtpx:TrackPointExtension>
<gpxtpx:hr>156</gpxtpx:hr>
<gpxtpx:cad>180</gpxtpx:cad>
</gpxtpx:TrackPointExtension>
</extensions>
</trkpt>
<trkpt lat="36.9656638" lon="127.875179">
<ele>73.584</ele>
<time>2026-05-12T10:18:19Z</time>
<extensions>
<gpxtpx:TrackPointExtension>
<gpxtpx:hr>156</gpxtpx:hr>
</gpxtpx:TrackPointExtension>
</extensions>
</trkpt>
<trkpt lat="36.9656674" lon="127.8752108">
<ele>73.579</ele>
<time>2026-05-12T10:18:20Z</time>
<extensions>
<gpxtpx:TrackPointExtension>
<gpxtpx:hr>156</gpxtpx:hr>
</gpxtpx:TrackPointExtension>
</extensions>
</trkpt>
<trkpt lat="36.9656715" lon="127.8752428">
<ele>73.59</ele>
<time>2026-05-12T10:18:21Z</time>
<extensions>
<gpxtpx:TrackPointExtension>
<gpxtpx:hr>156</gpxtpx:hr>
</gpxtpx:TrackPointExtension>
</extensions>
</trkpt>
<trkpt lat="36.9656771" lon="127.8752774">
<ele>73.622</ele>
<time>2026-05-12T10:18:22Z</time>
<extensions>
<gpxtpx:TrackPointExtension>
<gpxtpx:hr>156</gpxtpx:hr>
</gpxtpx:TrackPointExtension>
</extensions>
</trkpt>
<trkpt lat="36.9656825" lon="127.8753126">
<ele>73.696</ele>
<time>2026-05-12T10:18:23Z</time>
<extensions>
<gpxtpx:TrackPointExtension>
<gpxtpx:hr>156</gpxtpx:hr>
<gpxtpx:cad>181</gpxtpx:cad>
</gpxtpx:TrackPointExtension>
</extensions>
</trkpt>
<trkpt lat="36.9656875" lon="127.8753473">
<ele>73.719</ele>
<time>2026-05-12T10:18:24Z</time>
<extensions>
<gpxtpx:TrackPointExtension>
<gpxtpx:hr>156</gpxtpx:hr>
</gpxtpx:TrackPointExtension>
</extensions>
</trkpt>
<trkpt lat="36.9656919" lon="127.8753831">
<ele>73.715</ele>
<time>2026-05-12T10:18:25Z</time>
<extensions>
<gpxtpx:TrackPointExtension>
<gpxtpx:hr>156</gpxtpx:hr>
</gpxtpx:TrackPointExtension>
</extensions>
</trkpt>
<trkpt lat="36.965696" lon="127.8754178">
<ele>73.691</ele>
<time>2026-05-12T10:18:26Z</time>
<extensions>
<gpxtpx:TrackPointExtension>
<gpxtpx:hr>156</gpxtpx:hr>
</gpxtpx:TrackPointExtension>
</extensions>
</trkpt>
<trkpt lat="36.9657004" lon="127.875452">
<ele>73.646</ele>
<time>2026-05-12T10:18:27Z</time>
<extensions>
<gpxtpx:TrackPointExtension>
<gpxtpx:hr>156</gpxtpx:hr>
</gpxtpx:TrackPointExtension>
</extensions>
</trkpt>
<trkpt lat="36.9657048" lon="127.8754864">
<ele>73.68</ele>
<time>2026-05-12T10:18:28Z</time>
<extensions>
<gpxtpx:TrackPointExtension>
<gpxtpx:hr>156</gpxtpx:hr>
<gpxtpx:cad>181</gpxtpx:cad>
</gpxtpx:TrackPointExtension>
</extensions>
</trkpt>
<trkpt lat="36.965709" lon="127.8755209">
<ele>73.631</ele>
<time>2026-05-12T10:18:29Z</time>
<extensions>
<gpxtpx:TrackPointExtension>
<gpxtpx:hr>157</gpxtpx:hr>
</gpxtpx:TrackPointExtension>
</extensions>
</trkpt>
<trkpt lat="36.9657137" lon="127.8755558">
<ele>73.613</ele>
<time>2026-05-12T10:18:30Z</time>
<extensions>
<gpxtpx:TrackPointExtension>
<gpxtpx:hr>156</gpxtpx:hr>
</gpxtpx:TrackPointExtension>
</extensions>
</trkpt>
<trkpt lat="36.9657176" lon="127.8755905">
<ele>73.663</ele>
<time>2026-05-12T10:18:31Z</time>
<extensions>
<gpxtpx:TrackPointExtension>
<gpxtpx:hr>156</gpxtpx:hr>
</gpxtpx:TrackPointExtension>
</extensions>
</trkpt>
<trkpt lat="36.9657219" lon="127.8756259">
<ele>73.654</ele>
<time>2026-05-12T10:18:32Z</time>
<extensions>
<gpxtpx:TrackPointExtension>
<gpxtpx:hr>156</gpxtpx:hr>
</gpxtpx:TrackPointExtension>
</extensions>
</trkpt>
<trkpt lat="36.9657254" lon="127.8756601">
<ele>73.657</ele>
<time>2026-05-12T10:18:33Z</time>
<extensions>
<gpxtpx:TrackPointExtension>
<gpxtpx:hr>156</gpxtpx:hr>
<gpxtpx:cad>181</gpxtpx:cad>
</gpxtpx:TrackPointExtension>
</extensions>
</trkpt>
<trkpt lat="36.9657291" lon="127.8756945">
<ele>73.716</ele>
<time>2026-05-12T10:18:34Z</time>
<extensions>
<gpxtpx:TrackPointExtension>
<gpxtpx:hr>156</gpxtpx:hr>
</gpxtpx:TrackPointExtension>
</extensions>
</trkpt>
<trkpt lat="36.9657324" lon="127.875728">
<ele>73.733</ele>
<time>2026-05-12T10:18:35Z</time>
<extensions>
<gpxtpx:TrackPointExtension>
<gpxtpx:hr>156</gpxtpx:hr>
</gpxtpx:TrackPointExtension>
</extensions>
</trkpt>
<trkpt lat="36.9657355" lon="127.8757611">
<ele>73.734</ele>
<time>2026-05-12T10:18:36Z</time>
<extensions>
<gpxtpx:TrackPointExtension>
<gpxtpx:hr>156</gpxtpx:hr>
</gpxtpx:TrackPointExtension>
</extensions>
</trkpt>
<trkpt lat="36.9657384" lon="127.8757942">
<ele>73.703</ele>
<time>2026-05-12T10:18:37Z</time>
<extensions>
<gpxtpx:TrackPointExtension>
<gpxtpx:hr>156</gpxtpx:hr>
</gpxtpx:TrackPointExtension>
</extensions>
</trkpt>
<trkpt lat="36.9657415" lon="127.8758272">
<ele>73.687</ele>
<time>2026-05-12T10:18:38Z</time>
<extensions>
<gpxtpx:TrackPointExtension>
<gpxtpx:hr>156</gpxtpx:hr>
<gpxtpx:cad>180</gpxtpx:cad>
</gpxtpx:TrackPointExtension>
</extensions>
</trkpt>
<trkpt lat="36.9657445" lon="127.8758603">
<ele>73.641</ele>
<time>2026-05-12T10:18:39Z</time>
<extensions>
<gpxtpx:TrackPointExtension>
<gpxtpx:hr>156</gpxtpx:hr>
</gpxtpx:TrackPointExtension>
</extensions>
</trkpt>
<trkpt lat="36.9657483" lon="127.8758934">
<ele>73.656</ele>
<time>2026-05-12T10:18:40Z</time>
<extensions>
<gpxtpx:TrackPointExtension>
<gpxtpx:hr>156</gpxtpx:hr>
</gpxtpx:TrackPointExtension>
</extensions>
</trkpt>
<trkpt lat="36.965752" lon="127.8759268">
<ele>73.703</ele>
<time>2026-05-12T10:18:41Z</time>
<extensions>
<gpxtpx:TrackPointExtension>
<gpxtpx:hr>156</gpxtpx:hr>
</gpxtpx:TrackPointExtension>
</extensions>
</trkpt>
<trkpt lat="36.9657574" lon="127.8759598">
<ele>73.667</ele>
<time>2026-05-12T10:18:42Z</time>
<extensions>
<gpxtpx:TrackPointExtension>
<gpxtpx:hr>156</gpxtpx:hr>
</gpxtpx:TrackPointExtension>
</extensions>
</trkpt>
<trkpt lat="36.9657631" lon="127.8759928">
<ele>73.679</ele>
<time>2026-05-12T10:18:43Z</time>
<extensions>
<gpxtpx:TrackPointExtension>
<gpxtpx:hr>156</gpxtpx:hr>
<gpxtpx:cad>181</gpxtpx:cad>
</gpxtpx:TrackPointExtension>
</extensions>
</trkpt>
<trkpt lat="36.9657703" lon="127.8760246">
<ele>73.676</ele>
<time>2026-05-12T10:18:44Z</time>
<extensions>
<gpxtpx:TrackPointExtension>
<gpxtpx:hr>155</gpxtpx:hr>
</gpxtpx:TrackPointExtension>
</extensions>
</trkpt>
<trkpt lat="36.965778" lon="127.8760559">
<ele>73.632</ele>
<time>2026-05-12T10:18:45Z</time>
<extensions>
<gpxtpx:TrackPointExtension>
<gpxtpx:hr>155</gpxtpx:hr>
</gpxtpx:TrackPointExtension>
</extensions>
</trkpt>
<trkpt lat="36.9657868" lon="127.8760863">
<ele>73.685</ele>
<time>2026-05-12T10:18:46Z</time>
<extensions>
<gpxtpx:TrackPointExtension>
<gpxtpx:hr>155</gpxtpx:hr>
</gpxtpx:TrackPointExtension>
</extensions>
</trkpt>
<trkpt lat="36.9657959" lon="127.8761166">
<ele>73.718</ele>
<time>2026-05-12T10:18:47Z</time>
<extensions>
<gpxtpx:TrackPointExtension>
<gpxtpx:hr>155</gpxtpx:hr>
<gpxtpx:cad>181</gpxtpx:cad>
</gpxtpx:TrackPointExtension>
</extensions>
</trkpt>
<trkpt lat="36.9658061" lon="127.8761463">
<ele>73.734</ele>
<time>2026-05-12T10:18:48Z</time>
<extensions>
<gpxtpx:TrackPointExtension>
<gpxtpx:hr>155</gpxtpx:hr>
<gpxtpx:cad>181</gpxtpx:cad>
</gpxtpx:TrackPointExtension>
</extensions>
</trkpt>
<trkpt lat="36.965817" lon="127.876176">
<ele>73.766</ele>
<time>2026-05-12T10:18:49Z</time>
<extensions>
<gpxtpx:TrackPointExtension>
<gpxtpx:hr>155</gpxtpx:hr>
</gpxtpx:TrackPointExtension>
</extensions>
</trkpt>
<trkpt lat="36.9658296" lon="127.876206">
<ele>73.766</ele>
<time>2026-05-12T10:18:50Z</time>
<extensions>
<gpxtpx:TrackPointExtension>
<gpxtpx:hr>155</gpxtpx:hr>
</gpxtpx:TrackPointExtension>
</extensions>
</trkpt>
<trkpt lat="36.9658425" lon="127.8762359">
<ele>73.77</ele>
<time>2026-05-12T10:18:51Z</time>
<extensions>
<gpxtpx:TrackPointExtension>
<gpxtpx:hr>155</gpxtpx:hr>
</gpxtpx:TrackPointExtension>
</extensions>
</trkpt>
<trkpt lat="36.9658565" lon="127.8762657">
<ele>73.791</ele>
<time>2026-05-12T10:18:52Z</time>
<extensions>
<gpxtpx:TrackPointExtension>
<gpxtpx:hr>154</gpxtpx:hr>
</gpxtpx:TrackPointExtension>
</extensions>
</trkpt>
<trkpt lat="36.9658707" lon="127.8762951">
<ele>73.764</ele>
<time>2026-05-12T10:18:53Z</time>
<extensions>
<gpxtpx:TrackPointExtension>
<gpxtpx:hr>155</gpxtpx:hr>
<gpxtpx:cad>181</gpxtpx:cad>
</gpxtpx:TrackPointExtension>
</extensions>
</trkpt>
<trkpt lat="36.9658848" lon="127.8763243">
<ele>73.775</ele>
<time>2026-05-12T10:18:54Z</time>
<extensions>
<gpxtpx:TrackPointExtension>
<gpxtpx:hr>155</gpxtpx:hr>
</gpxtpx:TrackPointExtension>
</extensions>
</trkpt>
<trkpt lat="36.9658983" lon="127.8763529">
<ele>73.732</ele>
<time>2026-05-12T10:18:55Z</time>
<extensions>
<gpxtpx:TrackPointExtension>
<gpxtpx:hr>155</gpxtpx:hr>
</gpxtpx:TrackPointExtension>
</extensions>
</trkpt>
<trkpt lat="36.9659116" lon="127.8763814">
<ele>73.742</ele>
<time>2026-05-12T10:18:56Z</time>
<extensions>
<gpxtpx:TrackPointExtension>
<gpxtpx:hr>155</gpxtpx:hr>
</gpxtpx:TrackPointExtension>
</extensions>
</trkpt>
<trkpt lat="36.9659243" lon="127.8764096">
<ele>73.739</ele>
<time>2026-05-12T10:18:57Z</time>
<extensions>
<gpxtpx:TrackPointExtension>
<gpxtpx:hr>156</gpxtpx:hr>
</gpxtpx:TrackPointExtension>
</extensions>
</trkpt>
<trkpt lat="36.9659361" lon="127.8764373">
<ele>73.725</ele>
<time>2026-05-12T10:18:58Z</time>
<extensions>
<gpxtpx:TrackPointExtension>
<gpxtpx:hr>156</gpxtpx:hr>
<gpxtpx:cad>181</gpxtpx:cad>
</gpxtpx:TrackPointExtension>
</extensions>
</trkpt>
<trkpt lat="36.9659481" lon="127.8764652">
<ele>73.733</ele>
<time>2026-05-12T10:18:59Z</time>
<extensions>
<gpxtpx:TrackPointExtension>
<gpxtpx:hr>156</gpxtpx:hr>
</gpxtpx:TrackPointExtension>
</extensions>
</trkpt>
<trkpt lat="36.965959" lon="127.8764925">
<ele>73.67</ele>
<time>2026-05-12T10:19:00Z</time>
<extensions>
<gpxtpx:TrackPointExtension>
<gpxtpx:hr>156</gpxtpx:hr>
</gpxtpx:TrackPointExtension>
</extensions>
</trkpt>
<trkpt lat="36.9659696" lon="127.8765197">
<ele>73.693</ele>
<time>2026-05-12T10:19:01Z</time>
<extensions>
<gpxtpx:TrackPointExtension>
<gpxtpx:hr>156</gpxtpx:hr>
</gpxtpx:TrackPointExtension>
</extensions>
</trkpt>
<trkpt lat="36.9659806" lon="127.876547">
<ele>73.619</ele>
<time>2026-05-12T10:19:02Z</time>
<extensions>
<gpxtpx:TrackPointExtension>
<gpxtpx:hr>156</gpxtpx:hr>
</gpxtpx:TrackPointExtension>
</extensions>
</trkpt>
<trkpt lat="36.9659916" lon="127.8765741">
<ele>73.575</ele>
<time>2026-05-12T10:19:03Z</time>
<extensions>
<gpxtpx:TrackPointExtension>
<gpxtpx:hr>156</gpxtpx:hr>
<gpxtpx:cad>181</gpxtpx:cad>
</gpxtpx:TrackPointExtension>
</extensions>
</trkpt>
<trkpt lat="36.9660029" lon="127.8766012">
<ele>73.569</ele>
<time>2026-05-12T10:19:04Z</time>
<extensions>
<gpxtpx:TrackPointExtension>
<gpxtpx:hr>156</gpxtpx:hr>
</gpxtpx:TrackPointExtension>
</extensions>
</trkpt>
<trkpt lat="36.9660145" lon="127.8766281">
<ele>73.584</ele>
<time>2026-05-12T10:19:05Z</time>
<extensions>
<gpxtpx:TrackPointExtension>
<gpxtpx:hr>156</gpxtpx:hr>
</gpxtpx:TrackPointExtension>
</extensions>
</trkpt>
<trkpt lat="36.9660253" lon="127.8766551">
<ele>73.57</ele>
<time>2026-05-12T10:19:06Z</time>
<extensions>
<gpxtpx:TrackPointExtension>
<gpxtpx:hr>156</gpxtpx:hr>
</gpxtpx:TrackPointExtension>
</extensions>
</trkpt>
<trkpt lat="36.9660386" lon="127.8766817">
<ele>73.526</ele>
<time>2026-05-12T10:19:07Z</time>
<extensions>
<gpxtpx:TrackPointExtension>
<gpxtpx:hr>156</gpxtpx:hr>
</gpxtpx:TrackPointExtension>
</extensions>
</trkpt>
<trkpt lat="36.9660515" lon="127.8767083">
<ele>73.521</ele>
<time>2026-05-12T10:19:08Z</time>
<extensions>
<gpxtpx:TrackPointExtension>
<gpxtpx:hr>156</gpxtpx:hr>
<gpxtpx:cad>181</gpxtpx:cad>
</gpxtpx:TrackPointExtension>
</extensions>
</trkpt>
<trkpt lat="36.9660654" lon="127.8767346">
<ele>73.568</ele>
<time>2026-05-12T10:19:09Z</time>
<extensions>
<gpxtpx:TrackPointExtension>
<gpxtpx:hr>156</gpxtpx:hr>
</gpxtpx:TrackPointExtension>
</extensions>
</trkpt>
<trkpt lat="36.9660799" lon="127.8767607">
<ele>73.603</ele>
<time>2026-05-12T10:19:10Z</time>
<extensions>
<gpxtpx:TrackPointExtension>
<gpxtpx:hr>156</gpxtpx:hr>
</gpxtpx:TrackPointExtension>
</extensions>
</trkpt>
<trkpt lat="36.9660943" lon="127.8767868">
<ele>73.593</ele>
<time>2026-05-12T10:19:11Z</time>
<extensions>
<gpxtpx:TrackPointExtension>
<gpxtpx:hr>156</gpxtpx:hr>
</gpxtpx:TrackPointExtension>
</extensions>
</trkpt>
<trkpt lat="36.9661093" lon="127.8768125">
<ele>73.622</ele>
<time>2026-05-12T10:19:12Z</time>
<extensions>
<gpxtpx:TrackPointExtension>
<gpxtpx:hr>157</gpxtpx:hr>
</gpxtpx:TrackPointExtension>
</extensions>
</trkpt>
<trkpt lat="36.9661244" lon="127.876838">
<ele>73.675</ele>
<time>2026-05-12T10:19:13Z</time>
<extensions>
<gpxtpx:TrackPointExtension>
<gpxtpx:hr>157</gpxtpx:hr>
<gpxtpx:cad>181</gpxtpx:cad>
</gpxtpx:TrackPointExtension>
</extensions>
</trkpt>
<trkpt lat="36.9661399" lon="127.8768633">
<ele>73.682</ele>
<time>2026-05-12T10:19:14Z</time>
<extensions>
<gpxtpx:TrackPointExtension>
<gpxtpx:hr>157</gpxtpx:hr>
</gpxtpx:TrackPointExtension>
</extensions>
</trkpt>
<trkpt lat="36.9661559" lon="127.8768881">
<ele>73.708</ele>
<time>2026-05-12T10:19:15Z</time>
<extensions>
<gpxtpx:TrackPointExtension>
<gpxtpx:hr>157</gpxtpx:hr>
</gpxtpx:TrackPointExtension>
</extensions>
</trkpt>
<trkpt lat="36.966172" lon="127.8769129">
<ele>73.72</ele>
<time>2026-05-12T10:19:16Z</time>
<extensions>
<gpxtpx:TrackPointExtension>
<gpxtpx:hr>157</gpxtpx:hr>
</gpxtpx:TrackPointExtension>
</extensions>
</trkpt>
<trkpt lat="36.9661895" lon="127.8769367">
<ele>73.727</ele>
<time>2026-05-12T10:19:17Z</time>
<extensions>
<gpxtpx:TrackPointExtension>
<gpxtpx:hr>157</gpxtpx:hr>
</gpxtpx:TrackPointExtension>
</extensions>
</trkpt>
<trkpt lat="36.9662065" lon="127.8769608">
<ele>73.734</ele>
<time>2026-05-12T10:19:18Z</time>
<extensions>
<gpxtpx:TrackPointExtension>
<gpxtpx:hr>157</gpxtpx:hr>
<gpxtpx:cad>181</gpxtpx:cad>
</gpxtpx:TrackPointExtension>
</extensions>
</trkpt>
<trkpt lat="36.9662244" lon="127.8769843">
<ele>73.71</ele>
<time>2026-05-12T10:19:19Z</time>
<extensions>
<gpxtpx:TrackPointExtension>
<gpxtpx:hr>156</gpxtpx:hr>
</gpxtpx:TrackPointExtension>
</extensions>
</trkpt>
<trkpt lat="36.9662426" lon="127.8770075">
<ele>73.768</ele>
<time>2026-05-12T10:19:20Z</time>
<extensions>
<gpxtpx:TrackPointExtension>
<gpxtpx:hr>156</gpxtpx:hr>
</gpxtpx:TrackPointExtension>
</extensions>
</trkpt>
<trkpt lat="36.9662607" lon="127.8770307">
<ele>73.781</ele>
<time>2026-05-12T10:19:21Z</time>
<extensions>
<gpxtpx:TrackPointExtension>
<gpxtpx:hr>156</gpxtpx:hr>
</gpxtpx:TrackPointExtension>
</extensions>
</trkpt>
<trkpt lat="36.9662786" lon="127.8770539">
<ele>73.882</ele>
<time>2026-05-12T10:19:22Z</time>
<extensions>
<gpxtpx:TrackPointExtension>
<gpxtpx:hr>156</gpxtpx:hr>
<gpxtpx:cad>181</gpxtpx:cad>
</gpxtpx:TrackPointExtension>
</extensions>
</trkpt>
<trkpt lat="36.9662964" lon="127.8770769">
<ele>73.958</ele>
<time>2026-05-12T10:19:23Z</time>
<extensions>
<gpxtpx:TrackPointExtension>
<gpxtpx:hr>156</gpxtpx:hr>
<gpxtpx:cad>181</gpxtpx:cad>
</gpxtpx:TrackPointExtension>
</extensions>
</trkpt>
<trkpt lat="36.9663145" lon="127.8770996">
<ele>74.012</ele>
<time>2026-05-12T10:19:24Z</time>
<extensions>
<gpxtpx:TrackPointExtension>
<gpxtpx:hr>156</gpxtpx:hr>
</gpxtpx:TrackPointExtension>
</extensions>
</trkpt>
<trkpt lat="36.966333" lon="127.8771221">
<ele>74.076</ele>
<time>2026-05-12T10:19:25Z</time>
<extensions>
<gpxtpx:TrackPointExtension>
<gpxtpx:hr>156</gpxtpx:hr>
</gpxtpx:TrackPointExtension>
</extensions>
</trkpt>
<trkpt lat="36.966352" lon="127.8771444">
<ele>74.113</ele>
<time>2026-05-12T10:19:26Z</time>
<extensions>
<gpxtpx:TrackPointExtension>
<gpxtpx:hr>156</gpxtpx:hr>
</gpxtpx:TrackPointExtension>
</extensions>
</trkpt>
<trkpt lat="36.9663723" lon="127.8771665">
<ele>74.125</ele>
<time>2026-05-12T10:19:27Z</time>
<extensions>
<gpxtpx:TrackPointExtension>
<gpxtpx:hr>157</gpxtpx:hr>
</gpxtpx:TrackPointExtension>
</extensions>
</trkpt>
<trkpt lat="36.9663925" lon="127.8771886">
<ele>74.082</ele>
<time>2026-05-12T10:19:28Z</time>
<extensions>
<gpxtpx:TrackPointExtension>
<gpxtpx:hr>157</gpxtpx:hr>
<gpxtpx:cad>181</gpxtpx:cad>
</gpxtpx:TrackPointExtension>
</extensions>
</trkpt>
<trkpt lat="36.9664135" lon="127.8772106">
<ele>74.04</ele>
<time>2026-05-12T10:19:29Z</time>
<extensions>
<gpxtpx:TrackPointExtension>
<gpxtpx:hr>157</gpxtpx:hr>
</gpxtpx:TrackPointExtension>
</extensions>
</trkpt>
<trkpt lat="36.9664346" lon="127.8772326">
<ele>74.028</ele>
<time>2026-05-12T10:19:30Z</time>
<extensions>
<gpxtpx:TrackPointExtension>
<gpxtpx:hr>157</gpxtpx:hr>
</gpxtpx:TrackPointExtension>
</extensions>
</trkpt>
<trkpt lat="36.9664573" lon="127.8772544">
<ele>73.971</ele>
<time>2026-05-12T10:19:31Z</time>
<extensions>
<gpxtpx:TrackPointExtension>
<gpxtpx:hr>157</gpxtpx:hr>
</gpxtpx:TrackPointExtension>
</extensions>
</trkpt>
<trkpt lat="36.9664798" lon="127.8772762">
<ele>73.977</ele>
<time>2026-05-12T10:19:32Z</time>
<extensions>
<gpxtpx:TrackPointExtension>
<gpxtpx:hr>157</gpxtpx:hr>
</gpxtpx:TrackPointExtension>
</extensions>
</trkpt>
<trkpt lat="36.9665031" lon="127.8772977">
<ele>73.943</ele>
<time>2026-05-12T10:19:33Z</time>
<extensions>
<gpxtpx:TrackPointExtension>
<gpxtpx:hr>157</gpxtpx:hr>
<gpxtpx:cad>180</gpxtpx:cad>
</gpxtpx:TrackPointExtension>
</extensions>
</trkpt>
<trkpt lat="36.9665266" lon="127.8773188">
<ele>73.914</ele>
<time>2026-05-12T10:19:34Z</time>
<extensions>
<gpxtpx:TrackPointExtension>
<gpxtpx:hr>157</gpxtpx:hr>
</gpxtpx:TrackPointExtension>
</extensions>
</trkpt>
<trkpt lat="36.96655" lon="127.8773392">
<ele>73.846</ele>
<time>2026-05-12T10:19:35Z</time>
<extensions>
<gpxtpx:TrackPointExtension>
<gpxtpx:hr>157</gpxtpx:hr>
</gpxtpx:TrackPointExtension>
</extensions>
</trkpt>
<trkpt lat="36.9665734" lon="127.8773597">
<ele>73.806</ele>
<time>2026-05-12T10:19:36Z</time>
<extensions>
<gpxtpx:TrackPointExtension>
<gpxtpx:hr>157</gpxtpx:hr>
</gpxtpx:TrackPointExtension>
</extensions>
</trkpt>
<trkpt lat="36.9665962" lon="127.8773791">
<ele>73.79</ele>
<time>2026-05-12T10:19:37Z</time>
<extensions>
<gpxtpx:TrackPointExtension>
<gpxtpx:hr>156</gpxtpx:hr>
</gpxtpx:TrackPointExtension>
</extensions>
</trkpt>
<trkpt lat="36.9666191" lon="127.8773984">
<ele>73.84</ele>
<time>2026-05-12T10:19:38Z</time>
<extensions>
<gpxtpx:TrackPointExtension>
<gpxtpx:hr>156</gpxtpx:hr>
<gpxtpx:cad>181</gpxtpx:cad>
</gpxtpx:TrackPointExtension>
</extensions>
</trkpt>
<trkpt lat="36.9666421" lon="127.8774171">
<ele>73.827</ele>
<time>2026-05-12T10:19:39Z</time>
<extensions>
<gpxtpx:TrackPointExtension>
<gpxtpx:hr>156</gpxtpx:hr>
</gpxtpx:TrackPointExtension>
</extensions>
</trkpt>
<trkpt lat="36.9666655" lon="127.8774358">
<ele>73.798</ele>
<time>2026-05-12T10:19:40Z</time>
<extensions>
<gpxtpx:TrackPointExtension>
<gpxtpx:hr>156</gpxtpx:hr>
</gpxtpx:TrackPointExtension>
</extensions>
</trkpt>
<trkpt lat="36.9666894" lon="127.8774547">
<ele>73.743</ele>
<time>2026-05-12T10:19:41Z</time>
<extensions>
<gpxtpx:TrackPointExtension>
<gpxtpx:hr>156</gpxtpx:hr>
</gpxtpx:TrackPointExtension>
</extensions>
</trkpt>
<trkpt lat="36.9667135" lon="127.877474">
<ele>73.721</ele>
<time>2026-05-12T10:19:42Z</time>
<extensions>
<gpxtpx:TrackPointExtension>
<gpxtpx:hr>156</gpxtpx:hr>
</gpxtpx:TrackPointExtension>
</extensions>
</trkpt>
<trkpt lat="36.9667375" lon="127.8774935">
<ele>73.671</ele>
<time>2026-05-12T10:19:43Z</time>
<extensions>
<gpxtpx:TrackPointExtension>
<gpxtpx:hr>157</gpxtpx:hr>
<gpxtpx:cad>181</gpxtpx:cad>
</gpxtpx:TrackPointExtension>
</extensions>
</trkpt>
<trkpt lat="36.9667611" lon="127.877513">
<ele>73.654</ele>
<time>2026-05-12T10:19:44Z</time>
<extensions>
<gpxtpx:TrackPointExtension>
<gpxtpx:hr>157</gpxtpx:hr>
</gpxtpx:TrackPointExtension>
</extensions>
</trkpt>
<trkpt lat="36.9667847" lon="127.8775322">
<ele>73.631</ele>
<time>2026-05-12T10:19:45Z</time>
<extensions>
<gpxtpx:TrackPointExtension>
<gpxtpx:hr>157</gpxtpx:hr>
</gpxtpx:TrackPointExtension>
</extensions>
</trkpt>
<trkpt lat="36.9668081" lon="127.8775518">
<ele>73.655</ele>
<time>2026-05-12T10:19:46Z</time>
<extensions>
<gpxtpx:TrackPointExtension>
<gpxtpx:hr>157</gpxtpx:hr>
</gpxtpx:TrackPointExtension>
</extensions>
</trkpt>
<trkpt lat="36.9668318" lon="127.877571">
<ele>73.728</ele>
<time>2026-05-12T10:19:47Z</time>
<extensions>
<gpxtpx:TrackPointExtension>
<gpxtpx:hr>157</gpxtpx:hr>
</gpxtpx:TrackPointExtension>
</extensions>
</trkpt>
<trkpt lat="36.9668549" lon="127.8775908">
<ele>73.718</ele>
<time>2026-05-12T10:19:48Z</time>
<extensions>
<gpxtpx:TrackPointExtension>
<gpxtpx:hr>156</gpxtpx:hr>
<gpxtpx:cad>181</gpxtpx:cad>
</gpxtpx:TrackPointExtension>
</extensions>
</trkpt>
<trkpt lat="36.9668782" lon="127.8776104">
<ele>73.759</ele>
<time>2026-05-12T10:19:49Z</time>
<extensions>
<gpxtpx:TrackPointExtension>
<gpxtpx:hr>156</gpxtpx:hr>
</gpxtpx:TrackPointExtension>
</extensions>
</trkpt>
<trkpt lat="36.9669014" lon="127.87763">
<ele>73.74</ele>
<time>2026-05-12T10:19:50Z</time>
<extensions>
<gpxtpx:TrackPointExtension>
<gpxtpx:hr>156</gpxtpx:hr>
</gpxtpx:TrackPointExtension>
</extensions>
</trkpt>
<trkpt lat="36.966924" lon="127.8776499">
<ele>73.756</ele>
<time>2026-05-12T10:19:51Z</time>
<extensions>
<gpxtpx:TrackPointExtension>
<gpxtpx:hr>156</gpxtpx:hr>
</gpxtpx:TrackPointExtension>
</extensions>
</trkpt>
<trkpt lat="36.9669475" lon="127.8776695">
<ele>73.682</ele>
<time>2026-05-12T10:19:52Z</time>
<extensions>
<gpxtpx:TrackPointExtension>
<gpxtpx:hr>156</gpxtpx:hr>
</gpxtpx:TrackPointExtension>
</extensions>
</trkpt>
<trkpt lat="36.9669707" lon="127.8776894">
<ele>73.604</ele>
<time>2026-05-12T10:19:53Z</time>
<extensions>
<gpxtpx:TrackPointExtension>
<gpxtpx:hr>156</gpxtpx:hr>
<gpxtpx:cad>181</gpxtpx:cad>
</gpxtpx:TrackPointExtension>
</extensions>
</trkpt>
<trkpt lat="36.9669938" lon="127.8777094">
<ele>73.62</ele>
<time>2026-05-12T10:19:54Z</time>
<extensions>
<gpxtpx:TrackPointExtension>
<gpxtpx:hr>157</gpxtpx:hr>
</gpxtpx:TrackPointExtension>
</extensions>
</trkpt>
<trkpt lat="36.9670162" lon="127.8777293">
<ele>73.671</ele>
<time>2026-05-12T10:19:55Z</time>
<extensions>
<gpxtpx:TrackPointExtension>
<gpxtpx:hr>157</gpxtpx:hr>
<gpxtpx:cad>181</gpxtpx:cad>
</gpxtpx:TrackPointExtension>
</extensions>
</trkpt>
<trkpt lat="36.9670384" lon="127.877749">
<ele>73.717</ele>
<time>2026-05-12T10:19:56Z</time>
<extensions>
<gpxtpx:TrackPointExtension>
<gpxtpx:hr>158</gpxtpx:hr>
</gpxtpx:TrackPointExtension>
</extensions>
</trkpt>
<trkpt lat="36.9670606" lon="127.8777686">
<ele>73.635</ele>
<time>2026-05-12T10:19:57Z</time>
<extensions>
<gpxtpx:TrackPointExtension>
<gpxtpx:hr>158</gpxtpx:hr>
</gpxtpx:TrackPointExtension>
</extensions>
</trkpt>
<trkpt lat="36.9670831" lon="127.8777883">
<ele>73.66</ele>
<time>2026-05-12T10:19:58Z</time>
<extensions>
<gpxtpx:TrackPointExtension>
<gpxtpx:hr>158</gpxtpx:hr>
<gpxtpx:cad>180</gpxtpx:cad>
</gpxtpx:TrackPointExtension>
</extensions>
</trkpt>
<trkpt lat="36.9671058" lon="127.8778079">
<ele>73.714</ele>
<time>2026-05-12T10:19:59Z</time>
<extensions>
<gpxtpx:TrackPointExtension>
<gpxtpx:hr>158</gpxtpx:hr>
</gpxtpx:TrackPointExtension>
</extensions>
</trkpt>
<trkpt lat="36.9671286" lon="127.8778276">
<ele>73.751</ele>
<time>2026-05-12T10:20:00Z</time>
<extensions>
<gpxtpx:TrackPointExtension>
<gpxtpx:hr>158</gpxtpx:hr>
</gpxtpx:TrackPointExtension>
</extensions>
</trkpt>
<trkpt lat="36.9671526" lon="127.877847">
<ele>73.757</ele>
<time>2026-05-12T10:20:01Z</time>
<extensions>
<gpxtpx:TrackPointExtension>
<gpxtpx:hr>158</gpxtpx:hr>
</gpxtpx:TrackPointExtension>
</extensions>
</trkpt>
<trkpt lat="36.9671763" lon="127.8778665">
<ele>73.732</ele>
<time>2026-05-12T10:20:02Z</time>
<extensions>
<gpxtpx:TrackPointExtension>
<gpxtpx:hr>158</gpxtpx:hr>
</gpxtpx:TrackPointExtension>
</extensions>
</trkpt>
<trkpt lat="36.9672012" lon="127.8778856">
<ele>73.764</ele>
<time>2026-05-12T10:20:03Z</time>
<extensions>
<gpxtpx:TrackPointExtension>
<gpxtpx:hr>158</gpxtpx:hr>
<gpxtpx:cad>179</gpxtpx:cad>
</gpxtpx:TrackPointExtension>
</extensions>
</trkpt>
<trkpt lat="36.9672267" lon="127.8779045">
<ele>73.798</ele>
<time>2026-05-12T10:20:04Z</time>
<extensions>
<gpxtpx:TrackPointExtension>
<gpxtpx:hr>158</gpxtpx:hr>
</gpxtpx:TrackPointExtension>
</extensions>
</trkpt>
<trkpt lat="36.9672526" lon="127.877923">
<ele>73.73</ele>
<time>2026-05-12T10:20:05Z</time>
<extensions>
<gpxtpx:TrackPointExtension>
<gpxtpx:hr>158</gpxtpx:hr>
</gpxtpx:TrackPointExtension>
</extensions>
</trkpt>
<trkpt lat="36.9672786" lon="127.8779411">
<ele>73.713</ele>
<time>2026-05-12T10:20:06Z</time>
<extensions>
<gpxtpx:TrackPointExtension>
<gpxtpx:hr>159</gpxtpx:hr>
</gpxtpx:TrackPointExtension>
</extensions>
</trkpt>
<trkpt lat="36.9673046" lon="127.8779589">
<ele>73.765</ele>
<time>2026-05-12T10:20:07Z</time>
<extensions>
<gpxtpx:TrackPointExtension>
<gpxtpx:hr>159</gpxtpx:hr>
</gpxtpx:TrackPointExtension>
</extensions>
</trkpt>
<trkpt lat="36.9673304" lon="127.8779762">
<ele>73.769</ele>
<time>2026-05-12T10:20:08Z</time>
<extensions>
<gpxtpx:TrackPointExtension>
<gpxtpx:hr>159</gpxtpx:hr>
<gpxtpx:cad>179</gpxtpx:cad>
</gpxtpx:TrackPointExtension>
</extensions>
</trkpt>
<trkpt lat="36.9673558" lon="127.8779929">
<ele>73.76</ele>
<time>2026-05-12T10:20:09Z</time>
<extensions>
<gpxtpx:TrackPointExtension>
<gpxtpx:hr>160</gpxtpx:hr>
</gpxtpx:TrackPointExtension>
</extensions>
</trkpt>
<trkpt lat="36.9673809" lon="127.8780087">
<ele>73.749</ele>
<time>2026-05-12T10:20:10Z</time>
<extensions>
<gpxtpx:TrackPointExtension>
<gpxtpx:hr>160</gpxtpx:hr>
</gpxtpx:TrackPointExtension>
</extensions>
</trkpt>
<trkpt lat="36.9674061" lon="127.8780246">
<ele>73.758</ele>
<time>2026-05-12T10:20:11Z</time>
<extensions>
<gpxtpx:TrackPointExtension>
<gpxtpx:hr>159</gpxtpx:hr>
</gpxtpx:TrackPointExtension>
</extensions>
</trkpt>
<trkpt lat="36.9674315" lon="127.8780391">
<ele>73.736</ele>
<time>2026-05-12T10:20:12Z</time>
<extensions>
<gpxtpx:TrackPointExtension>
<gpxtpx:hr>159</gpxtpx:hr>
</gpxtpx:TrackPointExtension>
</extensions>
</trkpt>
<trkpt lat="36.9674571" lon="127.8780538">
<ele>73.719</ele>
<time>2026-05-12T10:20:13Z</time>
<extensions>
<gpxtpx:TrackPointExtension>
<gpxtpx:hr>159</gpxtpx:hr>
<gpxtpx:cad>181</gpxtpx:cad>
</gpxtpx:TrackPointExtension>
</extensions>
</trkpt>
<trkpt lat="36.9674835" lon="127.8780678">
<ele>73.716</ele>
<time>2026-05-12T10:20:14Z</time>
<extensions>
<gpxtpx:TrackPointExtension>
<gpxtpx:hr>159</gpxtpx:hr>
</gpxtpx:TrackPointExtension>
</extensions>
</trkpt>
<trkpt lat="36.9675102" lon="127.878081">
<ele>73.746</ele>
<time>2026-05-12T10:20:15Z</time>
<extensions>
<gpxtpx:TrackPointExtension>
<gpxtpx:hr>160</gpxtpx:hr>
</gpxtpx:TrackPointExtension>
</extensions>
</trkpt>
<trkpt lat="36.9675366" lon="127.8780947">
<ele>73.729</ele>
<time>2026-05-12T10:20:16Z</time>
<extensions>
<gpxtpx:TrackPointExtension>
<gpxtpx:hr>160</gpxtpx:hr>
</gpxtpx:TrackPointExtension>
</extensions>
</trkpt>
<trkpt lat="36.9675627" lon="127.8781089">
<ele>73.71</ele>
<time>2026-05-12T10:20:17Z</time>
<extensions>
<gpxtpx:TrackPointExtension>
<gpxtpx:hr>160</gpxtpx:hr>
</gpxtpx:TrackPointExtension>
</extensions>
</trkpt>
<trkpt lat="36.9675892" lon="127.8781225">
<ele>73.668</ele>
<time>2026-05-12T10:20:18Z</time>
<extensions>
<gpxtpx:TrackPointExtension>
<gpxtpx:hr>160</gpxtpx:hr>
<gpxtpx:cad>181</gpxtpx:cad>
</gpxtpx:TrackPointExtension>
</extensions>
</trkpt>
<trkpt lat="36.9676162" lon="127.8781355">
<ele>73.648</ele>
<time>2026-05-12T10:20:19Z</time>
<extensions>
<gpxtpx:TrackPointExtension>
<gpxtpx:hr>160</gpxtpx:hr>
</gpxtpx:TrackPointExtension>
</extensions>
</trkpt>
<trkpt lat="36.9676436" lon="127.8781477">
<ele>73.594</ele>
<time>2026-05-12T10:20:20Z</time>
<extensions>
<gpxtpx:TrackPointExtension>
<gpxtpx:hr>160</gpxtpx:hr>
</gpxtpx:TrackPointExtension>
</extensions>
</trkpt>
<trkpt lat="36.9676714" lon="127.8781587">
<ele>73.57</ele>
<time>2026-05-12T10:20:21Z</time>
<extensions>
<gpxtpx:TrackPointExtension>
<gpxtpx:hr>160</gpxtpx:hr>
</gpxtpx:TrackPointExtension>
</extensions>
</trkpt>
<trkpt lat="36.9676991" lon="127.8781699">
<ele>73.546</ele>
<time>2026-05-12T10:20:22Z</time>
<extensions>
<gpxtpx:TrackPointExtension>
<gpxtpx:hr>160</gpxtpx:hr>
</gpxtpx:TrackPointExtension>
</extensions>
</trkpt>
<trkpt lat="36.9677269" lon="127.8781803">
<ele>73.599</ele>
<time>2026-05-12T10:20:23Z</time>
<extensions>
<gpxtpx:TrackPointExtension>
<gpxtpx:hr>160</gpxtpx:hr>
<gpxtpx:cad>181</gpxtpx:cad>
</gpxtpx:TrackPointExtension>
</extensions>
</trkpt>
<trkpt lat="36.9677546" lon="127.8781908">
<ele>73.605</ele>
<time>2026-05-12T10:20:24Z</time>
<extensions>
<gpxtpx:TrackPointExtension>
<gpxtpx:hr>160</gpxtpx:hr>
</gpxtpx:TrackPointExtension>
</extensions>
</trkpt>
<trkpt lat="36.9677826" lon="127.8782007">
<ele>73.64</ele>
<time>2026-05-12T10:20:25Z</time>
<extensions>
<gpxtpx:TrackPointExtension>
<gpxtpx:hr>160</gpxtpx:hr>
</gpxtpx:TrackPointExtension>
</extensions>
</trkpt>
<trkpt lat="36.9678108" lon="127.8782101">
<ele>73.682</ele>
<time>2026-05-12T10:20:26Z</time>
<extensions>
<gpxtpx:TrackPointExtension>
<gpxtpx:hr>160</gpxtpx:hr>
<gpxtpx:cad>181</gpxtpx:cad>
</gpxtpx:TrackPointExtension>
</extensions>
</trkpt>
<trkpt lat="36.9678395" lon="127.8782188">
<ele>73.672</ele>
<time>2026-05-12T10:20:27Z</time>
<extensions>
<gpxtpx:TrackPointExtension>
<gpxtpx:hr>160</gpxtpx:hr>
</gpxtpx:TrackPointExtension>
</extensions>
</trkpt>
<trkpt lat="36.9678682" lon="127.8782274">
<ele>73.666</ele>
<time>2026-05-12T10:20:28Z</time>
<extensions>
<gpxtpx:TrackPointExtension>
<gpxtpx:hr>159</gpxtpx:hr>
<gpxtpx:cad>181</gpxtpx:cad>
</gpxtpx:TrackPointExtension>
</extensions>
</trkpt>
<trkpt lat="36.9678979" lon="127.8782341">
<ele>73.702</ele>
<time>2026-05-12T10:20:29Z</time>
<extensions>
<gpxtpx:TrackPointExtension>
<gpxtpx:hr>159</gpxtpx:hr>
</gpxtpx:TrackPointExtension>
</extensions>
</trkpt>
<trkpt lat="36.9679274" lon="127.8782411">
<ele>73.822</ele>
<time>2026-05-12T10:20:30Z</time>
<extensions>
<gpxtpx:TrackPointExtension>
<gpxtpx:hr>159</gpxtpx:hr>
</gpxtpx:TrackPointExtension>
</extensions>
</trkpt>
<trkpt lat="36.967957" lon="127.8782465">
<ele>73.842</ele>
<time>2026-05-12T10:20:31Z</time>
<extensions>
<gpxtpx:TrackPointExtension>
<gpxtpx:hr>160</gpxtpx:hr>
</gpxtpx:TrackPointExtension>
</extensions>
</trkpt>
<trkpt lat="36.9679865" lon="127.8782518">
<ele>73.8</ele>
<time>2026-05-12T10:20:32Z</time>
<extensions>
<gpxtpx:TrackPointExtension>
<gpxtpx:hr>160</gpxtpx:hr>
</gpxtpx:TrackPointExtension>
</extensions>
</trkpt>
<trkpt lat="36.9680155" lon="127.8782567">
<ele>73.846</ele>
<time>2026-05-12T10:20:33Z</time>
<extensions>
<gpxtpx:TrackPointExtension>
<gpxtpx:hr>160</gpxtpx:hr>
<gpxtpx:cad>180</gpxtpx:cad>
</gpxtpx:TrackPointExtension>
</extensions>
</trkpt>
<trkpt lat="36.9680438" lon="127.8782609">
<ele>73.782</ele>
<time>2026-05-12T10:20:34Z</time>
<extensions>
<gpxtpx:TrackPointExtension>
<gpxtpx:hr>160</gpxtpx:hr>
</gpxtpx:TrackPointExtension>
</extensions>
</trkpt>
<trkpt lat="36.968072" lon="127.8782648">
<ele>73.706</ele>
<time>2026-05-12T10:20:35Z</time>
<extensions>
<gpxtpx:TrackPointExtension>
<gpxtpx:hr>160</gpxtpx:hr>
</gpxtpx:TrackPointExtension>
</extensions>
</trkpt>
<trkpt lat="36.968099" lon="127.8782668">
<ele>73.683</ele>
<time>2026-05-12T10:20:36Z</time>
<extensions>
<gpxtpx:TrackPointExtension>
<gpxtpx:hr>160</gpxtpx:hr>
</gpxtpx:TrackPointExtension>
</extensions>
</trkpt>
<trkpt lat="36.9681265" lon="127.8782692">
<ele>73.601</ele>
<time>2026-05-12T10:20:37Z</time>
<extensions>
<gpxtpx:TrackPointExtension>
<gpxtpx:hr>160</gpxtpx:hr>
</gpxtpx:TrackPointExtension>
</extensions>
</trkpt>
<trkpt lat="36.9681534" lon="127.8782691">
<ele>73.503</ele>
<time>2026-05-12T10:20:38Z</time>
<extensions>
<gpxtpx:TrackPointExtension>
<gpxtpx:hr>160</gpxtpx:hr>
<gpxtpx:cad>181</gpxtpx:cad>
</gpxtpx:TrackPointExtension>
</extensions>
</trkpt>
<trkpt lat="36.9681811" lon="127.8782707">
<ele>73.548</ele>
<time>2026-05-12T10:20:39Z</time>
<extensions>
<gpxtpx:TrackPointExtension>
<gpxtpx:hr>160</gpxtpx:hr>
</gpxtpx:TrackPointExtension>
</extensions>
</trkpt>
<trkpt lat="36.9682087" lon="127.8782707">
<ele>73.524</ele>
<time>2026-05-12T10:20:40Z</time>
<extensions>
<gpxtpx:TrackPointExtension>
<gpxtpx:hr>160</gpxtpx:hr>
</gpxtpx:TrackPointExtension>
</extensions>
</trkpt>
<trkpt lat="36.9682362" lon="127.8782737">
<ele>73.493</ele>
<time>2026-05-12T10:20:41Z</time>
<extensions>
<gpxtpx:TrackPointExtension>
<gpxtpx:hr>160</gpxtpx:hr>
</gpxtpx:TrackPointExtension>
</extensions>
</trkpt>
<trkpt lat="36.9682633" lon="127.8782747">
<ele>73.526</ele>
<time>2026-05-12T10:20:42Z</time>
<extensions>
<gpxtpx:TrackPointExtension>
<gpxtpx:hr>160</gpxtpx:hr>
</gpxtpx:TrackPointExtension>
</extensions>
</trkpt>
<trkpt lat="36.9682905" lon="127.8782749">
<ele>73.507</ele>
<time>2026-05-12T10:20:43Z</time>
<extensions>
<gpxtpx:TrackPointExtension>
<gpxtpx:hr>161</gpxtpx:hr>
<gpxtpx:cad>181</gpxtpx:cad>
</gpxtpx:TrackPointExtension>
</extensions>
</trkpt>
<trkpt lat="36.9683179" lon="127.8782745">
<ele>73.488</ele>
<time>2026-05-12T10:20:44Z</time>
<extensions>
<gpxtpx:TrackPointExtension>
<gpxtpx:hr>161</gpxtpx:hr>
</gpxtpx:TrackPointExtension>
</extensions>
</trkpt>
<trkpt lat="36.9683457" lon="127.8782738">
<ele>73.537</ele>
<time>2026-05-12T10:20:45Z</time>
<extensions>
<gpxtpx:TrackPointExtension>
<gpxtpx:hr>161</gpxtpx:hr>
</gpxtpx:TrackPointExtension>
</extensions>
</trkpt>
<trkpt lat="36.9683736" lon="127.8782725">
<ele>73.587</ele>
<time>2026-05-12T10:20:46Z</time>
<extensions>
<gpxtpx:TrackPointExtension>
<gpxtpx:hr>161</gpxtpx:hr>
</gpxtpx:TrackPointExtension>
</extensions>
</trkpt>
<trkpt lat="36.9684017" lon="127.87827">
<ele>73.517</ele>
<time>2026-05-12T10:20:47Z</time>
<extensions>
<gpxtpx:TrackPointExtension>
<gpxtpx:hr>160</gpxtpx:hr>
</gpxtpx:TrackPointExtension>
</extensions>
</trkpt>
<trkpt lat="36.9684297" lon="127.8782678">
<ele>73.348</ele>
<time>2026-05-12T10:20:48Z</time>
<extensions>
<gpxtpx:TrackPointExtension>
<gpxtpx:hr>160</gpxtpx:hr>
<gpxtpx:cad>180</gpxtpx:cad>
</gpxtpx:TrackPointExtension>
</extensions>
</trkpt>
<trkpt lat="36.9684576" lon="127.878264">
<ele>73.482</ele>
<time>2026-05-12T10:20:49Z</time>
<extensions>
<gpxtpx:TrackPointExtension>
<gpxtpx:hr>160</gpxtpx:hr>
</gpxtpx:TrackPointExtension>
</extensions>
</trkpt>
<trkpt lat="36.9684854" lon="127.8782592">
<ele>73.538</ele>
<time>2026-05-12T10:20:50Z</time>
<extensions>
<gpxtpx:TrackPointExtension>
<gpxtpx:hr>160</gpxtpx:hr>
</gpxtpx:TrackPointExtension>
</extensions>
</trkpt>
<trkpt lat="36.9685129" lon="127.8782533">
<ele>73.556</ele>
<time>2026-05-12T10:20:51Z</time>
<extensions>
<gpxtpx:TrackPointExtension>
<gpxtpx:hr>160</gpxtpx:hr>
</gpxtpx:TrackPointExtension>
</extensions>
</trkpt>
<trkpt lat="36.9685403" lon="127.8782465">
<ele>73.656</ele>
<time>2026-05-12T10:20:52Z</time>
<extensions>
<gpxtpx:TrackPointExtension>
<gpxtpx:hr>159</gpxtpx:hr>
</gpxtpx:TrackPointExtension>
</extensions>
</trkpt>
<trkpt lat="36.9685673" lon="127.8782391">
<ele>73.708</ele>
<time>2026-05-12T10:20:53Z</time>
<extensions>
<gpxtpx:TrackPointExtension>
<gpxtpx:hr>159</gpxtpx:hr>
<gpxtpx:cad>176</gpxtpx:cad>
</gpxtpx:TrackPointExtension>
</extensions>
</trkpt>
<trkpt lat="36.9685937" lon="127.8782313">
<ele>73.694</ele>
<time>2026-05-12T10:20:54Z</time>
<extensions>
<gpxtpx:TrackPointExtension>
<gpxtpx:hr>159</gpxtpx:hr>
</gpxtpx:TrackPointExtension>
</extensions>
</trkpt>
<trkpt lat="36.9686203" lon="127.8782236">
<ele>73.686</ele>
<time>2026-05-12T10:20:55Z</time>
</trkpt>
<trkpt lat="36.9686462" lon="127.878216">
<ele>73.779</ele>
<time>2026-05-12T10:20:56Z</time>
<extensions>
<gpxtpx:TrackPointExtension>
<gpxtpx:hr>159</gpxtpx:hr>
</gpxtpx:TrackPointExtension>
</extensions>
</trkpt>
<trkpt lat="36.9686722" lon="127.8782084">
<ele>73.708</ele>
<time>2026-05-12T10:20:57Z</time>
<extensions>
<gpxtpx:TrackPointExtension>
<gpxtpx:hr>159</gpxtpx:hr>
</gpxtpx:TrackPointExtension>
</extensions>
</trkpt>
<trkpt lat="36.9686977" lon="127.8782013">
<ele>73.646</ele>
<time>2026-05-12T10:20:58Z</time>
<extensions>
<gpxtpx:TrackPointExtension>
<gpxtpx:hr>159</gpxtpx:hr>
<gpxtpx:cad>176</gpxtpx:cad>
</gpxtpx:TrackPointExtension>
</extensions>
</trkpt>
<trkpt lat="36.9687232" lon="127.8781942">
<ele>73.62</ele>
<time>2026-05-12T10:20:59Z</time>
<extensions>
<gpxtpx:TrackPointExtension>
<gpxtpx:hr>160</gpxtpx:hr>
<gpxtpx:cad>177</gpxtpx:cad>
</gpxtpx:TrackPointExtension>
</extensions>
</trkpt>
<trkpt lat="36.9687485" lon="127.8781871">
<ele>73.683</ele>
<time>2026-05-12T10:21:00Z</time>
<extensions>
<gpxtpx:TrackPointExtension>
<gpxtpx:hr>160</gpxtpx:hr>
</gpxtpx:TrackPointExtension>
</extensions>
</trkpt>
<trkpt lat="36.968774" lon="127.8781799">
<ele>73.628</ele>
<time>2026-05-12T10:21:01Z</time>
<extensions>
<gpxtpx:TrackPointExtension>
<gpxtpx:hr>159</gpxtpx:hr>
</gpxtpx:TrackPointExtension>
</extensions>
</trkpt>
<trkpt lat="36.9687993" lon="127.878173">
<ele>73.62</ele>
<time>2026-05-12T10:21:02Z</time>
<extensions>
<gpxtpx:TrackPointExtension>
<gpxtpx:hr>159</gpxtpx:hr>
</gpxtpx:TrackPointExtension>
</extensions>
</trkpt>
<trkpt lat="36.9688248" lon="127.8781659">
<ele>73.601</ele>
<time>2026-05-12T10:21:03Z</time>
<extensions>
<gpxtpx:TrackPointExtension>
<gpxtpx:hr>159</gpxtpx:hr>
<gpxtpx:cad>181</gpxtpx:cad>
</gpxtpx:TrackPointExtension>
</extensions>
</trkpt>
<trkpt lat="36.9688499" lon="127.8781594">
<ele>73.567</ele>
<time>2026-05-12T10:21:04Z</time>
<extensions>
<gpxtpx:TrackPointExtension>
<gpxtpx:hr>159</gpxtpx:hr>
</gpxtpx:TrackPointExtension>
</extensions>
</trkpt>
<trkpt lat="36.9688753" lon="127.8781524">
<ele>73.508</ele>
<time>2026-05-12T10:21:05Z</time>
<extensions>
<gpxtpx:TrackPointExtension>
<gpxtpx:hr>158</gpxtpx:hr>
</gpxtpx:TrackPointExtension>
</extensions>
</trkpt>
<trkpt lat="36.9689002" lon="127.8781462">
<ele>73.519</ele>
<time>2026-05-12T10:21:06Z</time>
<extensions>
<gpxtpx:TrackPointExtension>
<gpxtpx:hr>158</gpxtpx:hr>
</gpxtpx:TrackPointExtension>
</extensions>
</trkpt>
<trkpt lat="36.9689254" lon="127.8781394">
<ele>73.485</ele>
<time>2026-05-12T10:21:07Z</time>
<extensions>
<gpxtpx:TrackPointExtension>
<gpxtpx:hr>158</gpxtpx:hr>
</gpxtpx:TrackPointExtension>
</extensions>
</trkpt>
<trkpt lat="36.9689502" lon="127.8781332">
<ele>73.493</ele>
<time>2026-05-12T10:21:08Z</time>
<extensions>
<gpxtpx:TrackPointExtension>
<gpxtpx:hr>157</gpxtpx:hr>
<gpxtpx:cad>181</gpxtpx:cad>
</gpxtpx:TrackPointExtension>
</extensions>
</trkpt>
<trkpt lat="36.9689753" lon="127.8781267">
<ele>73.545</ele>
<time>2026-05-12T10:21:09Z</time>
<extensions>
<gpxtpx:TrackPointExtension>
<gpxtpx:hr>157</gpxtpx:hr>
</gpxtpx:TrackPointExtension>
</extensions>
</trkpt>
<trkpt lat="36.9690003" lon="127.8781202">
<ele>73.591</ele>
<time>2026-05-12T10:21:10Z</time>
<extensions>
<gpxtpx:TrackPointExtension>
<gpxtpx:hr>157</gpxtpx:hr>
</gpxtpx:TrackPointExtension>
</extensions>
</trkpt>
<trkpt lat="36.9690253" lon="127.8781137">
<ele>73.693</ele>
<time>2026-05-12T10:21:11Z</time>
<extensions>
<gpxtpx:TrackPointExtension>
<gpxtpx:hr>157</gpxtpx:hr>
</gpxtpx:TrackPointExtension>
</extensions>
</trkpt>
<trkpt lat="36.9690504" lon="127.8781073">
<ele>73.728</ele>
<time>2026-05-12T10:21:12Z</time>
<extensions>
<gpxtpx:TrackPointExtension>
<gpxtpx:hr>156</gpxtpx:hr>
</gpxtpx:TrackPointExtension>
</extensions>
</trkpt>
<trkpt lat="36.9690756" lon="127.8781007">
<ele>73.79</ele>
<time>2026-05-12T10:21:13Z</time>
<extensions>
<gpxtpx:TrackPointExtension>
<gpxtpx:hr>156</gpxtpx:hr>
<gpxtpx:cad>180</gpxtpx:cad>
</gpxtpx:TrackPointExtension>
</extensions>
</trkpt>
<trkpt lat="36.9691008" lon="127.8780942">
<ele>73.794</ele>
<time>2026-05-12T10:21:14Z</time>
<extensions>
<gpxtpx:TrackPointExtension>
<gpxtpx:hr>156</gpxtpx:hr>
</gpxtpx:TrackPointExtension>
</extensions>
</trkpt>
<trkpt lat="36.9691262" lon="127.8780877">
<ele>73.835</ele>
<time>2026-05-12T10:21:15Z</time>
<extensions>
<gpxtpx:TrackPointExtension>
<gpxtpx:hr>155</gpxtpx:hr>
</gpxtpx:TrackPointExtension>
</extensions>
</trkpt>
<trkpt lat="36.9691511" lon="127.8780814">
<ele>73.779</ele>
<time>2026-05-12T10:21:16Z</time>
<extensions>
<gpxtpx:TrackPointExtension>
<gpxtpx:hr>155</gpxtpx:hr>
</gpxtpx:TrackPointExtension>
</extensions>
</trkpt>
<trkpt lat="36.9691772" lon="127.8780741">
<ele>73.834</ele>
<time>2026-05-12T10:21:17Z</time>
<extensions>
<gpxtpx:TrackPointExtension>
<gpxtpx:hr>155</gpxtpx:hr>
</gpxtpx:TrackPointExtension>
</extensions>
</trkpt>
<trkpt lat="36.9692023" lon="127.8780676">
<ele>73.894</ele>
<time>2026-05-12T10:21:18Z</time>
<extensions>
<gpxtpx:TrackPointExtension>
<gpxtpx:hr>155</gpxtpx:hr>
<gpxtpx:cad>176</gpxtpx:cad>
</gpxtpx:TrackPointExtension>
</extensions>
</trkpt>
<trkpt lat="36.9692285" lon="127.8780593">
<ele>73.893</ele>
<time>2026-05-12T10:21:19Z</time>
<extensions>
<gpxtpx:TrackPointExtension>
<gpxtpx:hr>155</gpxtpx:hr>
</gpxtpx:TrackPointExtension>
</extensions>
</trkpt>
<trkpt lat="36.969254" lon="127.8780525">
<ele>73.865</ele>
<time>2026-05-12T10:21:20Z</time>
<extensions>
<gpxtpx:TrackPointExtension>
<gpxtpx:hr>155</gpxtpx:hr>
</gpxtpx:TrackPointExtension>
</extensions>
</trkpt>
<trkpt lat="36.9692802" lon="127.8780431">
<ele>73.895</ele>
<time>2026-05-12T10:21:21Z</time>
<extensions>
<gpxtpx:TrackPointExtension>
<gpxtpx:hr>155</gpxtpx:hr>
</gpxtpx:TrackPointExtension>
</extensions>
</trkpt>
<trkpt lat="36.969306" lon="127.8780356">
<ele>73.837</ele>
<time>2026-05-12T10:21:22Z</time>
<extensions>
<gpxtpx:TrackPointExtension>
<gpxtpx:hr>155</gpxtpx:hr>
</gpxtpx:TrackPointExtension>
</extensions>
</trkpt>
<trkpt lat="36.9693319" lon="127.8780254">
<ele>73.773</ele>
<time>2026-05-12T10:21:23Z</time>
<extensions>
<gpxtpx:TrackPointExtension>
<gpxtpx:hr>155</gpxtpx:hr>
<gpxtpx:cad>176</gpxtpx:cad>
</gpxtpx:TrackPointExtension>
</extensions>
</trkpt>
<trkpt lat="36.9693581" lon="127.878017">
<ele>73.651</ele>
<time>2026-05-12T10:21:24Z</time>
<extensions>
<gpxtpx:TrackPointExtension>
<gpxtpx:hr>155</gpxtpx:hr>
</gpxtpx:TrackPointExtension>
</extensions>
</trkpt>
<trkpt lat="36.9693839" lon="127.8780063">
<ele>73.602</ele>
<time>2026-05-12T10:21:25Z</time>
<extensions>
<gpxtpx:TrackPointExtension>
<gpxtpx:hr>156</gpxtpx:hr>
</gpxtpx:TrackPointExtension>
</extensions>
</trkpt>
<trkpt lat="36.9694102" lon="127.8779971">
<ele>73.622</ele>
<time>2026-05-12T10:21:26Z</time>
<extensions>
<gpxtpx:TrackPointExtension>
<gpxtpx:hr>156</gpxtpx:hr>
</gpxtpx:TrackPointExtension>
</extensions>
</trkpt>
<trkpt lat="36.9694361" lon="127.8779862">
<ele>73.687</ele>
<time>2026-05-12T10:21:27Z</time>
<extensions>
<gpxtpx:TrackPointExtension>
<gpxtpx:hr>156</gpxtpx:hr>
</gpxtpx:TrackPointExtension>
</extensions>
</trkpt>
<trkpt lat="36.9694622" lon="127.8779759">
<ele>73.688</ele>
<time>2026-05-12T10:21:28Z</time>
<extensions>
<gpxtpx:TrackPointExtension>
<gpxtpx:hr>156</gpxtpx:hr>
<gpxtpx:cad>180</gpxtpx:cad>
</gpxtpx:TrackPointExtension>
</extensions>
</trkpt>
<trkpt lat="36.9694883" lon="127.8779657">
<ele>73.656</ele>
<time>2026-05-12T10:21:29Z</time>
<extensions>
<gpxtpx:TrackPointExtension>
<gpxtpx:hr>156</gpxtpx:hr>
</gpxtpx:TrackPointExtension>
</extensions>
</trkpt>
<trkpt lat="36.9695145" lon="127.8779553">
<ele>73.697</ele>
<time>2026-05-12T10:21:30Z</time>
<extensions>
<gpxtpx:TrackPointExtension>
<gpxtpx:hr>156</gpxtpx:hr>
</gpxtpx:TrackPointExtension>
</extensions>
</trkpt>
<trkpt lat="36.9695406" lon="127.877945">
<ele>73.722</ele>
<time>2026-05-12T10:21:31Z</time>
<extensions>
<gpxtpx:TrackPointExtension>
<gpxtpx:hr>156</gpxtpx:hr>
</gpxtpx:TrackPointExtension>
</extensions>
</trkpt>
<trkpt lat="36.9695667" lon="127.8779347">
<ele>73.659</ele>
<time>2026-05-12T10:21:32Z</time>
<extensions>
<gpxtpx:TrackPointExtension>
<gpxtpx:hr>157</gpxtpx:hr>
<gpxtpx:cad>182</gpxtpx:cad>
</gpxtpx:TrackPointExtension>
</extensions>
</trkpt>
<trkpt lat="36.9695929" lon="127.8779245">
<ele>73.66</ele>
<time>2026-05-12T10:21:33Z</time>
<extensions>
<gpxtpx:TrackPointExtension>
<gpxtpx:hr>157</gpxtpx:hr>
<gpxtpx:cad>182</gpxtpx:cad>
</gpxtpx:TrackPointExtension>
</extensions>
</trkpt>
<trkpt lat="36.9696188" lon="127.8779135">
<ele>73.731</ele>
<time>2026-05-12T10:21:34Z</time>
<extensions>
<gpxtpx:TrackPointExtension>
<gpxtpx:hr>158</gpxtpx:hr>
</gpxtpx:TrackPointExtension>
</extensions>
</trkpt>
<trkpt lat="36.9696455" lon="127.8779047">
<ele>73.774</ele>
<time>2026-05-12T10:21:35Z</time>
<extensions>
<gpxtpx:TrackPointExtension>
<gpxtpx:hr>158</gpxtpx:hr>
</gpxtpx:TrackPointExtension>
</extensions>
</trkpt>
<trkpt lat="36.9696716" lon="127.877894">
<ele>73.774</ele>
<time>2026-05-12T10:21:36Z</time>
<extensions>
<gpxtpx:TrackPointExtension>
<gpxtpx:hr>159</gpxtpx:hr>
</gpxtpx:TrackPointExtension>
</extensions>
</trkpt>
<trkpt lat="36.9696985" lon="127.8778859">
<ele>73.79</ele>
<time>2026-05-12T10:21:37Z</time>
<extensions>
<gpxtpx:TrackPointExtension>
<gpxtpx:hr>159</gpxtpx:hr>
</gpxtpx:TrackPointExtension>
</extensions>
</trkpt>
<trkpt lat="36.9697248" lon="127.8778761">
<ele>73.886</ele>
<time>2026-05-12T10:21:38Z</time>
<extensions>
<gpxtpx:TrackPointExtension>
<gpxtpx:hr>159</gpxtpx:hr>
<gpxtpx:cad>182</gpxtpx:cad>
</gpxtpx:TrackPointExtension>
</extensions>
</trkpt>
<trkpt lat="36.9697522" lon="127.8778685">
<ele>73.891</ele>
<time>2026-05-12T10:21:39Z</time>
<extensions>
<gpxtpx:TrackPointExtension>
<gpxtpx:hr>160</gpxtpx:hr>
</gpxtpx:TrackPointExtension>
</extensions>
</trkpt>
<trkpt lat="36.9697789" lon="127.8778597">
<ele>73.849</ele>
<time>2026-05-12T10:21:40Z</time>
<extensions>
<gpxtpx:TrackPointExtension>
<gpxtpx:hr>160</gpxtpx:hr>
</gpxtpx:TrackPointExtension>
</extensions>
</trkpt>
<trkpt lat="36.9698068" lon="127.8778526">
<ele>73.798</ele>
<time>2026-05-12T10:21:41Z</time>
<extensions>
<gpxtpx:TrackPointExtension>
<gpxtpx:hr>160</gpxtpx:hr>
</gpxtpx:TrackPointExtension>
</extensions>
</trkpt>
<trkpt lat="36.9698341" lon="127.8778446">
<ele>73.738</ele>
<time>2026-05-12T10:21:42Z</time>
<extensions>
<gpxtpx:TrackPointExtension>
<gpxtpx:hr>160</gpxtpx:hr>
</gpxtpx:TrackPointExtension>
</extensions>
</trkpt>
<trkpt lat="36.9698622" lon="127.8778379">
<ele>73.828</ele>
<time>2026-05-12T10:21:43Z</time>
<extensions>
<gpxtpx:TrackPointExtension>
<gpxtpx:hr>160</gpxtpx:hr>
<gpxtpx:cad>181</gpxtpx:cad>
</gpxtpx:TrackPointExtension>
</extensions>
</trkpt>
<trkpt lat="36.9698897" lon="127.8778304">
<ele>73.849</ele>
<time>2026-05-12T10:21:44Z</time>
<extensions>
<gpxtpx:TrackPointExtension>
<gpxtpx:hr>160</gpxtpx:hr>
</gpxtpx:TrackPointExtension>
</extensions>
</trkpt>
<trkpt lat="36.9699177" lon="127.8778235">
<ele>73.852</ele>
<time>2026-05-12T10:21:45Z</time>
<extensions>
<gpxtpx:TrackPointExtension>
<gpxtpx:hr>160</gpxtpx:hr>
</gpxtpx:TrackPointExtension>
</extensions>
</trkpt>
<trkpt lat="36.9699457" lon="127.8778167">
<ele>73.831</ele>
<time>2026-05-12T10:21:46Z</time>
<extensions>
<gpxtpx:TrackPointExtension>
<gpxtpx:hr>160</gpxtpx:hr>
</gpxtpx:TrackPointExtension>
</extensions>
</trkpt>
<trkpt lat="36.9699737" lon="127.8778099">
<ele>73.783</ele>
<time>2026-05-12T10:21:47Z</time>
<extensions>
<gpxtpx:TrackPointExtension>
<gpxtpx:hr>160</gpxtpx:hr>
</gpxtpx:TrackPointExtension>
</extensions>
</trkpt>
<trkpt lat="36.9700017" lon="127.8778032">
<ele>73.601</ele>
<time>2026-05-12T10:21:48Z</time>
<extensions>
<gpxtpx:TrackPointExtension>
<gpxtpx:hr>160</gpxtpx:hr>
<gpxtpx:cad>181</gpxtpx:cad>
</gpxtpx:TrackPointExtension>
</extensions>
</trkpt>
<trkpt lat="36.9700295" lon="127.8777962">
<ele>73.594</ele>
<time>2026-05-12T10:21:49Z</time>
<extensions>
<gpxtpx:TrackPointExtension>
<gpxtpx:hr>160</gpxtpx:hr>
</gpxtpx:TrackPointExtension>
</extensions>
</trkpt>
<trkpt lat="36.9700573" lon="127.8777893">
<ele>73.768</ele>
<time>2026-05-12T10:21:50Z</time>
<extensions>
<gpxtpx:TrackPointExtension>
<gpxtpx:hr>160</gpxtpx:hr>
</gpxtpx:TrackPointExtension>
</extensions>
</trkpt>
<trkpt lat="36.970085" lon="127.8777824">
<ele>73.895</ele>
<time>2026-05-12T10:21:51Z</time>
<extensions>
<gpxtpx:TrackPointExtension>
<gpxtpx:hr>160</gpxtpx:hr>
</gpxtpx:TrackPointExtension>
</extensions>
</trkpt>
<trkpt lat="36.970112" lon="127.8777752">
<ele>73.897</ele>
<time>2026-05-12T10:21:52Z</time>
<extensions>
<gpxtpx:TrackPointExtension>
<gpxtpx:hr>159</gpxtpx:hr>
</gpxtpx:TrackPointExtension>
</extensions>
</trkpt>
<trkpt lat="36.9701401" lon="127.8777683">
<ele>73.841</ele>
<time>2026-05-12T10:21:53Z</time>
<extensions>
<gpxtpx:TrackPointExtension>
<gpxtpx:hr>159</gpxtpx:hr>
<gpxtpx:cad>179</gpxtpx:cad>
</gpxtpx:TrackPointExtension>
</extensions>
</trkpt>
<trkpt lat="36.970167" lon="127.8777612">
<ele>73.779</ele>
<time>2026-05-12T10:21:54Z</time>
<extensions>
<gpxtpx:TrackPointExtension>
<gpxtpx:hr>160</gpxtpx:hr>
</gpxtpx:TrackPointExtension>
</extensions>
</trkpt>
<trkpt lat="36.9701943" lon="127.8777542">
<ele>73.807</ele>
<time>2026-05-12T10:21:55Z</time>
<extensions>
<gpxtpx:TrackPointExtension>
<gpxtpx:hr>160</gpxtpx:hr>
</gpxtpx:TrackPointExtension>
</extensions>
</trkpt>
<trkpt lat="36.9702217" lon="127.8777472">
<ele>73.786</ele>
<time>2026-05-12T10:21:56Z</time>
<extensions>
<gpxtpx:TrackPointExtension>
<gpxtpx:hr>159</gpxtpx:hr>
</gpxtpx:TrackPointExtension>
</extensions>
</trkpt>
<trkpt lat="36.970249" lon="127.8777402">
<ele>73.794</ele>
<time>2026-05-12T10:21:57Z</time>
<extensions>
<gpxtpx:TrackPointExtension>
<gpxtpx:hr>159</gpxtpx:hr>
</gpxtpx:TrackPointExtension>
</extensions>
</trkpt>
<trkpt lat="36.9702761" lon="127.8777332">
<ele>73.875</ele>
<time>2026-05-12T10:21:58Z</time>
<extensions>
<gpxtpx:TrackPointExtension>
<gpxtpx:hr>159</gpxtpx:hr>
<gpxtpx:cad>177</gpxtpx:cad>
</gpxtpx:TrackPointExtension>
</extensions>
</trkpt>
<trkpt lat="36.9703031" lon="127.877726">
<ele>73.912</ele>
<time>2026-05-12T10:21:59Z</time>
<extensions>
<gpxtpx:TrackPointExtension>
<gpxtpx:hr>159</gpxtpx:hr>
</gpxtpx:TrackPointExtension>
</extensions>
</trkpt>
<trkpt lat="36.9703303" lon="127.8777192">
<ele>73.883</ele>
<time>2026-05-12T10:22:00Z</time>
<extensions>
<gpxtpx:TrackPointExtension>
<gpxtpx:hr>160</gpxtpx:hr>
</gpxtpx:TrackPointExtension>
</extensions>
</trkpt>
<trkpt lat="36.970357" lon="127.877712">
<ele>73.878</ele>
<time>2026-05-12T10:22:01Z</time>
<extensions>
<gpxtpx:TrackPointExtension>
<gpxtpx:hr>160</gpxtpx:hr>
</gpxtpx:TrackPointExtension>
</extensions>
</trkpt>
<trkpt lat="36.9703836" lon="127.8777048">
<ele>73.808</ele>
<time>2026-05-12T10:22:02Z</time>
<extensions>
<gpxtpx:TrackPointExtension>
<gpxtpx:hr>160</gpxtpx:hr>
</gpxtpx:TrackPointExtension>
</extensions>
</trkpt>
<trkpt lat="36.9704103" lon="127.8776977">
<ele>73.784</ele>
<time>2026-05-12T10:22:03Z</time>
<extensions>
<gpxtpx:TrackPointExtension>
<gpxtpx:hr>159</gpxtpx:hr>
<gpxtpx:cad>177</gpxtpx:cad>
</gpxtpx:TrackPointExtension>
</extensions>
</trkpt>
<trkpt lat="36.9704379" lon="127.8776913">
<ele>73.756</ele>
<time>2026-05-12T10:22:04Z</time>
<extensions>
<gpxtpx:TrackPointExtension>
<gpxtpx:hr>159</gpxtpx:hr>
</gpxtpx:TrackPointExtension>
</extensions>
</trkpt>
<trkpt lat="36.9704656" lon="127.8776849">
<ele>73.719</ele>
<time>2026-05-12T10:22:05Z</time>
<extensions>
<gpxtpx:TrackPointExtension>
<gpxtpx:hr>159</gpxtpx:hr>
<gpxtpx:cad>178</gpxtpx:cad>
</gpxtpx:TrackPointExtension>
</extensions>
</trkpt>
<trkpt lat="36.9704936" lon="127.8776785">
<ele>73.707</ele>
<time>2026-05-12T10:22:06Z</time>
<extensions>
<gpxtpx:TrackPointExtension>
<gpxtpx:hr>159</gpxtpx:hr>
</gpxtpx:TrackPointExtension>
</extensions>
</trkpt>
<trkpt lat="36.9705214" lon="127.877672">
<ele>73.607</ele>
<time>2026-05-12T10:22:07Z</time>
<extensions>
<gpxtpx:TrackPointExtension>
<gpxtpx:hr>159</gpxtpx:hr>
</gpxtpx:TrackPointExtension>
</extensions>
</trkpt>
<trkpt lat="36.9705489" lon="127.8776655">
<ele>73.55</ele>
<time>2026-05-12T10:22:08Z</time>
<extensions>
<gpxtpx:TrackPointExtension>
<gpxtpx:hr>159</gpxtpx:hr>
<gpxtpx:cad>179</gpxtpx:cad>
</gpxtpx:TrackPointExtension>
</extensions>
</trkpt>
<trkpt lat="36.9705761" lon="127.8776589">
<ele>73.659</ele>
<time>2026-05-12T10:22:09Z</time>
<extensions>
<gpxtpx:TrackPointExtension>
<gpxtpx:hr>160</gpxtpx:hr>
</gpxtpx:TrackPointExtension>
</extensions>
</trkpt>
<trkpt lat="36.9706034" lon="127.8776524">
<ele>73.737</ele>
<time>2026-05-12T10:22:10Z</time>
<extensions>
<gpxtpx:TrackPointExtension>
<gpxtpx:hr>160</gpxtpx:hr>
</gpxtpx:TrackPointExtension>
</extensions>
</trkpt>
<trkpt lat="36.9706301" lon="127.877645">
<ele>73.761</ele>
<time>2026-05-12T10:22:11Z</time>
<extensions>
<gpxtpx:TrackPointExtension>
<gpxtpx:hr>160</gpxtpx:hr>
</gpxtpx:TrackPointExtension>
</extensions>
</trkpt>
<trkpt lat="36.9706567" lon="127.8776373">
<ele>73.797</ele>
<time>2026-05-12T10:22:12Z</time>
<extensions>
<gpxtpx:TrackPointExtension>
<gpxtpx:hr>160</gpxtpx:hr>
</gpxtpx:TrackPointExtension>
</extensions>
</trkpt>
<trkpt lat="36.970683" lon="127.8776289">
<ele>73.833</ele>
<time>2026-05-12T10:22:13Z</time>
<extensions>
<gpxtpx:TrackPointExtension>
<gpxtpx:hr>161</gpxtpx:hr>
<gpxtpx:cad>177</gpxtpx:cad>
</gpxtpx:TrackPointExtension>
</extensions>
</trkpt>
<trkpt lat="36.9707093" lon="127.8776202">
<ele>73.864</ele>
<time>2026-05-12T10:22:14Z</time>
</trkpt>
<trkpt lat="36.9707348" lon="127.87761">
<ele>73.898</ele>
<time>2026-05-12T10:22:15Z</time>
<extensions>
<gpxtpx:TrackPointExtension>
<gpxtpx:hr>161</gpxtpx:hr>
</gpxtpx:TrackPointExtension>
</extensions>
</trkpt>
<trkpt lat="36.9707602" lon="127.8775996">
<ele>73.97</ele>
<time>2026-05-12T10:22:16Z</time>
<extensions>
<gpxtpx:TrackPointExtension>
<gpxtpx:hr>161</gpxtpx:hr>
</gpxtpx:TrackPointExtension>
</extensions>
</trkpt>
<trkpt lat="36.9707854" lon="127.8775885">
<ele>74.065</ele>
<time>2026-05-12T10:22:17Z</time>
<extensions>
<gpxtpx:TrackPointExtension>
<gpxtpx:hr>162</gpxtpx:hr>
</gpxtpx:TrackPointExtension>
</extensions>
</trkpt>
<trkpt lat="36.9708105" lon="127.8775773">
<ele>74.092</ele>
<time>2026-05-12T10:22:18Z</time>
<extensions>
<gpxtpx:TrackPointExtension>
<gpxtpx:hr>162</gpxtpx:hr>
<gpxtpx:cad>177</gpxtpx:cad>
</gpxtpx:TrackPointExtension>
</extensions>
</trkpt>
<trkpt lat="36.9708352" lon="127.8775652">
<ele>74.097</ele>
<time>2026-05-12T10:22:19Z</time>
<extensions>
<gpxtpx:TrackPointExtension>
<gpxtpx:hr>162</gpxtpx:hr>
</gpxtpx:TrackPointExtension>
</extensions>
</trkpt>
<trkpt lat="36.9708596" lon="127.8775517">
<ele>74.104</ele>
<time>2026-05-12T10:22:20Z</time>
<extensions>
<gpxtpx:TrackPointExtension>
<gpxtpx:hr>162</gpxtpx:hr>
</gpxtpx:TrackPointExtension>
</extensions>
</trkpt>
<trkpt lat="36.9708837" lon="127.8775362">
<ele>74.08</ele>
<time>2026-05-12T10:22:21Z</time>
<extensions>
<gpxtpx:TrackPointExtension>
<gpxtpx:hr>162</gpxtpx:hr>
</gpxtpx:TrackPointExtension>
</extensions>
</trkpt>
<trkpt lat="36.9709077" lon="127.8775195">
<ele>74.12</ele>
<time>2026-05-12T10:22:22Z</time>
<extensions>
<gpxtpx:TrackPointExtension>
<gpxtpx:hr>162</gpxtpx:hr>
</gpxtpx:TrackPointExtension>
</extensions>
</trkpt>
<trkpt lat="36.9709321" lon="127.8775021">
<ele>74.125</ele>
<time>2026-05-12T10:22:23Z</time>
<extensions>
<gpxtpx:TrackPointExtension>
<gpxtpx:hr>162</gpxtpx:hr>
<gpxtpx:cad>179</gpxtpx:cad>
</gpxtpx:TrackPointExtension>
</extensions>
</trkpt>
<trkpt lat="36.9709569" lon="127.8774862">
<ele>74.124</ele>
<time>2026-05-12T10:22:24Z</time>
<extensions>
<gpxtpx:TrackPointExtension>
<gpxtpx:hr>162</gpxtpx:hr>
</gpxtpx:TrackPointExtension>
</extensions>
</trkpt>
<trkpt lat="36.9709822" lon="127.8774734">
<ele>74.193</ele>
<time>2026-05-12T10:22:25Z</time>
<extensions>
<gpxtpx:TrackPointExtension>
<gpxtpx:hr>162</gpxtpx:hr>
</gpxtpx:TrackPointExtension>
</extensions>
</trkpt>
<trkpt lat="36.971008" lon="127.8774645">
<ele>74.126</ele>
<time>2026-05-12T10:22:26Z</time>
<extensions>
<gpxtpx:TrackPointExtension>
<gpxtpx:hr>162</gpxtpx:hr>
</gpxtpx:TrackPointExtension>
</extensions>
</trkpt>
<trkpt lat="36.9710335" lon="127.8774539">
<ele>74.2</ele>
<time>2026-05-12T10:22:27Z</time>
<extensions>
<gpxtpx:TrackPointExtension>
<gpxtpx:hr>163</gpxtpx:hr>
</gpxtpx:TrackPointExtension>
</extensions>
</trkpt>
<trkpt lat="36.97106" lon="127.8774519">
<ele>74.256</ele>
<time>2026-05-12T10:22:28Z</time>
<extensions>
<gpxtpx:TrackPointExtension>
<gpxtpx:hr>163</gpxtpx:hr>
<gpxtpx:cad>176</gpxtpx:cad>
</gpxtpx:TrackPointExtension>
</extensions>
</trkpt>
<trkpt lat="36.9710863" lon="127.877448">
<ele>74.217</ele>
<time>2026-05-12T10:22:29Z</time>
<extensions>
<gpxtpx:TrackPointExtension>
<gpxtpx:hr>163</gpxtpx:hr>
</gpxtpx:TrackPointExtension>
</extensions>
</trkpt>
<trkpt lat="36.9711136" lon="127.8774498">
<ele>74.207</ele>
<time>2026-05-12T10:22:30Z</time>
<extensions>
<gpxtpx:TrackPointExtension>
<gpxtpx:hr>163</gpxtpx:hr>
</gpxtpx:TrackPointExtension>
</extensions>
</trkpt>
<trkpt lat="36.9711406" lon="127.8774519">
<ele>74.253</ele>
<time>2026-05-12T10:22:31Z</time>
<extensions>
<gpxtpx:TrackPointExtension>
<gpxtpx:hr>164</gpxtpx:hr>
</gpxtpx:TrackPointExtension>
</extensions>
</trkpt>
<trkpt lat="36.9711689" lon="127.877458">
<ele>74.232</ele>
<time>2026-05-12T10:22:32Z</time>
<extensions>
<gpxtpx:TrackPointExtension>
<gpxtpx:hr>164</gpxtpx:hr>
</gpxtpx:TrackPointExtension>
</extensions>
</trkpt>
<trkpt lat="36.9711982" lon="127.8774654">
<ele>74.221</ele>
<time>2026-05-12T10:22:33Z</time>
<extensions>
<gpxtpx:TrackPointExtension>
<gpxtpx:hr>164</gpxtpx:hr>
<gpxtpx:cad>178</gpxtpx:cad>
</gpxtpx:TrackPointExtension>
</extensions>
</trkpt>
<trkpt lat="36.9712282" lon="127.8774732">
<ele>74.261</ele>
<time>2026-05-12T10:22:34Z</time>
<extensions>
<gpxtpx:TrackPointExtension>
<gpxtpx:hr>164</gpxtpx:hr>
</gpxtpx:TrackPointExtension>
</extensions>
</trkpt>
<trkpt lat="36.9712578" lon="127.8774808">
<ele>74.262</ele>
<time>2026-05-12T10:22:35Z</time>
<extensions>
<gpxtpx:TrackPointExtension>
<gpxtpx:hr>164</gpxtpx:hr>
</gpxtpx:TrackPointExtension>
</extensions>
</trkpt>
<trkpt lat="36.9712856" lon="127.8774881">
<ele>74.302</ele>
<time>2026-05-12T10:22:36Z</time>
<extensions>
<gpxtpx:TrackPointExtension>
<gpxtpx:hr>164</gpxtpx:hr>
</gpxtpx:TrackPointExtension>
</extensions>
</trkpt>
<trkpt lat="36.9713116" lon="127.8774951">
<ele>74.342</ele>
<time>2026-05-12T10:22:37Z</time>
<extensions>
<gpxtpx:TrackPointExtension>
<gpxtpx:hr>164</gpxtpx:hr>
<gpxtpx:cad>180</gpxtpx:cad>
</gpxtpx:TrackPointExtension>
</extensions>
</trkpt>
<trkpt lat="36.9713351" lon="127.877502">
<ele>74.358</ele>
<time>2026-05-12T10:22:38Z</time>
<extensions>
<gpxtpx:TrackPointExtension>
<gpxtpx:hr>164</gpxtpx:hr>
<gpxtpx:cad>180</gpxtpx:cad>
</gpxtpx:TrackPointExtension>
</extensions>
</trkpt>
<trkpt lat="36.971358" lon="127.8775097">
<ele>74.35</ele>
<time>2026-05-12T10:22:39Z</time>
<extensions>
<gpxtpx:TrackPointExtension>
<gpxtpx:hr>164</gpxtpx:hr>
</gpxtpx:TrackPointExtension>
</extensions>
</trkpt>
<trkpt lat="36.9713789" lon="127.8775199">
<ele>74.327</ele>
<time>2026-05-12T10:22:40Z</time>
<extensions>
<gpxtpx:TrackPointExtension>
<gpxtpx:hr>164</gpxtpx:hr>
</gpxtpx:TrackPointExtension>
</extensions>
</trkpt>
<trkpt lat="36.9714008" lon="127.8775309">
<ele>74.395</ele>
<time>2026-05-12T10:22:41Z</time>
<extensions>
<gpxtpx:TrackPointExtension>
<gpxtpx:hr>163</gpxtpx:hr>
</gpxtpx:TrackPointExtension>
</extensions>
</trkpt>
<trkpt lat="36.9714223" lon="127.8775445">
<ele>74.623</ele>
<time>2026-05-12T10:22:42Z</time>
<extensions>
<gpxtpx:TrackPointExtension>
<gpxtpx:hr>163</gpxtpx:hr>
</gpxtpx:TrackPointExtension>
</extensions>
</trkpt>
<trkpt lat="36.9714458" lon="127.8775558">
<ele>74.696</ele>
<time>2026-05-12T10:22:43Z</time>
<extensions>
<gpxtpx:TrackPointExtension>
<gpxtpx:hr>163</gpxtpx:hr>
<gpxtpx:cad>180</gpxtpx:cad>
</gpxtpx:TrackPointExtension>
</extensions>
</trkpt>
<trkpt lat="36.9714695" lon="127.8775675">
<ele>74.696</ele>
<time>2026-05-12T10:22:44Z</time>
<extensions>
<gpxtpx:TrackPointExtension>
<gpxtpx:hr>163</gpxtpx:hr>
</gpxtpx:TrackPointExtension>
</extensions>
</trkpt>
<trkpt lat="36.9714933" lon="127.8775788">
<ele>74.776</ele>
<time>2026-05-12T10:22:45Z</time>
<extensions>
<gpxtpx:TrackPointExtension>
<gpxtpx:hr>163</gpxtpx:hr>
</gpxtpx:TrackPointExtension>
</extensions>
</trkpt>
<trkpt lat="36.971517" lon="127.8775904">
<ele>74.799</ele>
<time>2026-05-12T10:22:46Z</time>
<extensions>
<gpxtpx:TrackPointExtension>
<gpxtpx:hr>162</gpxtpx:hr>
</gpxtpx:TrackPointExtension>
</extensions>
</trkpt>
<trkpt lat="36.9715408" lon="127.8776024">
<ele>74.813</ele>
<time>2026-05-12T10:22:47Z</time>
<extensions>
<gpxtpx:TrackPointExtension>
<gpxtpx:hr>162</gpxtpx:hr>
</gpxtpx:TrackPointExtension>
</extensions>
</trkpt>
<trkpt lat="36.9715637" lon="127.8776137">
<ele>74.832</ele>
<time>2026-05-12T10:22:48Z</time>
<extensions>
<gpxtpx:TrackPointExtension>
<gpxtpx:hr>162</gpxtpx:hr>
<gpxtpx:cad>177</gpxtpx:cad>
</gpxtpx:TrackPointExtension>
</extensions>
</trkpt>
<trkpt lat="36.9715884" lon="127.8776272">
<ele>74.817</ele>
<time>2026-05-12T10:22:49Z</time>
<extensions>
<gpxtpx:TrackPointExtension>
<gpxtpx:hr>162</gpxtpx:hr>
</gpxtpx:TrackPointExtension>
</extensions>
</trkpt>
<trkpt lat="36.9716103" lon="127.877639">
<ele>74.808</ele>
<time>2026-05-12T10:22:50Z</time>
<extensions>
<gpxtpx:TrackPointExtension>
<gpxtpx:hr>163</gpxtpx:hr>
</gpxtpx:TrackPointExtension>
</extensions>
</trkpt>
<trkpt lat="36.9716345" lon="127.8776524">
<ele>74.84</ele>
<time>2026-05-12T10:22:51Z</time>
<extensions>
<gpxtpx:TrackPointExtension>
<gpxtpx:hr>163</gpxtpx:hr>
</gpxtpx:TrackPointExtension>
</extensions>
</trkpt>
<trkpt lat="36.9716601" lon="127.8776661">
<ele>74.925</ele>
<time>2026-05-12T10:22:52Z</time>
<extensions>
<gpxtpx:TrackPointExtension>
<gpxtpx:hr>163</gpxtpx:hr>
</gpxtpx:TrackPointExtension>
</extensions>
</trkpt>
<trkpt lat="36.9716846" lon="127.8776796">
<ele>74.993</ele>
<time>2026-05-12T10:22:53Z</time>
<extensions>
<gpxtpx:TrackPointExtension>
<gpxtpx:hr>163</gpxtpx:hr>
<gpxtpx:cad>175</gpxtpx:cad>
</gpxtpx:TrackPointExtension>
</extensions>
</trkpt>
<trkpt lat="36.97171" lon="127.8776932">
<ele>75.006</ele>
<time>2026-05-12T10:22:54Z</time>
<extensions>
<gpxtpx:TrackPointExtension>
<gpxtpx:hr>163</gpxtpx:hr>
</gpxtpx:TrackPointExtension>
</extensions>
</trkpt>
<trkpt lat="36.9717359" lon="127.8777067">
<ele>75.095</ele>
<time>2026-05-12T10:22:55Z</time>
<extensions>
<gpxtpx:TrackPointExtension>
<gpxtpx:hr>163</gpxtpx:hr>
</gpxtpx:TrackPointExtension>
</extensions>
</trkpt>
<trkpt lat="36.971762" lon="127.8777201">
<ele>75.174</ele>
<time>2026-05-12T10:22:56Z</time>
<extensions>
<gpxtpx:TrackPointExtension>
<gpxtpx:hr>163</gpxtpx:hr>
</gpxtpx:TrackPointExtension>
</extensions>
</trkpt>
<trkpt lat="36.9717877" lon="127.8777331">
<ele>75.231</ele>
<time>2026-05-12T10:22:57Z</time>
<extensions>
<gpxtpx:TrackPointExtension>
<gpxtpx:hr>163</gpxtpx:hr>
</gpxtpx:TrackPointExtension>
</extensions>
</trkpt>
<trkpt lat="36.9718133" lon="127.8777463">
<ele>75.209</ele>
<time>2026-05-12T10:22:58Z</time>
<extensions>
<gpxtpx:TrackPointExtension>
<gpxtpx:hr>163</gpxtpx:hr>
<gpxtpx:cad>179</gpxtpx:cad>
</gpxtpx:TrackPointExtension>
</extensions>
</trkpt>
<trkpt lat="36.9718392" lon="127.877759">
<ele>75.291</ele>
<time>2026-05-12T10:22:59Z</time>
<extensions>
<gpxtpx:TrackPointExtension>
<gpxtpx:hr>162</gpxtpx:hr>
</gpxtpx:TrackPointExtension>
</extensions>
</trkpt>
<trkpt lat="36.9718651" lon="127.8777715">
<ele>75.318</ele>
<time>2026-05-12T10:23:00Z</time>
<extensions>
<gpxtpx:TrackPointExtension>
<gpxtpx:hr>162</gpxtpx:hr>
</gpxtpx:TrackPointExtension>
</extensions>
</trkpt>
<trkpt lat="36.9718909" lon="127.8777833">
<ele>75.365</ele>
<time>2026-05-12T10:23:01Z</time>
<extensions>
<gpxtpx:TrackPointExtension>
<gpxtpx:hr>162</gpxtpx:hr>
</gpxtpx:TrackPointExtension>
</extensions>
</trkpt>
<trkpt lat="36.9719165" lon="127.877795">
<ele>75.467</ele>
<time>2026-05-12T10:23:02Z</time>
<extensions>
<gpxtpx:TrackPointExtension>
<gpxtpx:hr>162</gpxtpx:hr>
</gpxtpx:TrackPointExtension>
</extensions>
</trkpt>
<trkpt lat="36.9719425" lon="127.8778077">
<ele>75.515</ele>
<time>2026-05-12T10:23:03Z</time>
<extensions>
<gpxtpx:TrackPointExtension>
<gpxtpx:hr>163</gpxtpx:hr>
<gpxtpx:cad>180</gpxtpx:cad>
</gpxtpx:TrackPointExtension>
</extensions>
</trkpt>
<trkpt lat="36.9719683" lon="127.8778194">
<ele>75.543</ele>
<time>2026-05-12T10:23:04Z</time>
<extensions>
<gpxtpx:TrackPointExtension>
<gpxtpx:hr>163</gpxtpx:hr>
</gpxtpx:TrackPointExtension>
</extensions>
</trkpt>
<trkpt lat="36.9719944" lon="127.8778316">
<ele>75.613</ele>
<time>2026-05-12T10:23:05Z</time>
<extensions>
<gpxtpx:TrackPointExtension>
<gpxtpx:hr>163</gpxtpx:hr>
</gpxtpx:TrackPointExtension>
</extensions>
</trkpt>
<trkpt lat="36.9720195" lon="127.8778431">
<ele>75.658</ele>
<time>2026-05-12T10:23:06Z</time>
<extensions>
<gpxtpx:TrackPointExtension>
<gpxtpx:hr>163</gpxtpx:hr>
</gpxtpx:TrackPointExtension>
</extensions>
</trkpt>
<trkpt lat="36.9720457" lon="127.8778549">
<ele>75.689</ele>
<time>2026-05-12T10:23:07Z</time>
<extensions>
<gpxtpx:TrackPointExtension>
<gpxtpx:hr>163</gpxtpx:hr>
</gpxtpx:TrackPointExtension>
</extensions>
</trkpt>
<trkpt lat="36.9720715" lon="127.8778667">
<ele>75.78</ele>
<time>2026-05-12T10:23:08Z</time>
<extensions>
<gpxtpx:TrackPointExtension>
<gpxtpx:hr>163</gpxtpx:hr>
<gpxtpx:cad>180</gpxtpx:cad>
</gpxtpx:TrackPointExtension>
</extensions>
</trkpt>
<trkpt lat="36.9720967" lon="127.8778782">
<ele>75.796</ele>
<time>2026-05-12T10:23:09Z</time>
<extensions>
<gpxtpx:TrackPointExtension>
<gpxtpx:hr>163</gpxtpx:hr>
</gpxtpx:TrackPointExtension>
</extensions>
</trkpt>
<trkpt lat="36.9721223" lon="127.8778899">
<ele>75.772</ele>
<time>2026-05-12T10:23:10Z</time>
<extensions>
<gpxtpx:TrackPointExtension>
<gpxtpx:hr>163</gpxtpx:hr>
</gpxtpx:TrackPointExtension>
</extensions>
</trkpt>
<trkpt lat="36.9721483" lon="127.8779021">
<ele>75.736</ele>
<time>2026-05-12T10:23:11Z</time>
<extensions>
<gpxtpx:TrackPointExtension>
<gpxtpx:hr>163</gpxtpx:hr>
<gpxtpx:cad>181</gpxtpx:cad>
</gpxtpx:TrackPointExtension>
</extensions>
</trkpt>
<trkpt lat="36.9721737" lon="127.8779136">
<ele>75.731</ele>
<time>2026-05-12T10:23:12Z</time>
<extensions>
<gpxtpx:TrackPointExtension>
<gpxtpx:hr>163</gpxtpx:hr>
</gpxtpx:TrackPointExtension>
</extensions>
</trkpt>
<trkpt lat="36.9721989" lon="127.8779253">
<ele>75.671</ele>
<time>2026-05-12T10:23:13Z</time>
<extensions>
<gpxtpx:TrackPointExtension>
<gpxtpx:hr>163</gpxtpx:hr>
<gpxtpx:cad>181</gpxtpx:cad>
</gpxtpx:TrackPointExtension>
</extensions>
</trkpt>
<trkpt lat="36.9722247" lon="127.8779374">
<ele>75.803</ele>
<time>2026-05-12T10:23:14Z</time>
<extensions>
<gpxtpx:TrackPointExtension>
<gpxtpx:hr>163</gpxtpx:hr>
</gpxtpx:TrackPointExtension>
</extensions>
</trkpt>
<trkpt lat="36.9722502" lon="127.8779496">
<ele>75.872</ele>
<time>2026-05-12T10:23:15Z</time>
<extensions>
<gpxtpx:TrackPointExtension>
<gpxtpx:hr>163</gpxtpx:hr>
</gpxtpx:TrackPointExtension>
</extensions>
</trkpt>
<trkpt lat="36.9722758" lon="127.8779618">
<ele>75.843</ele>
<time>2026-05-12T10:23:16Z</time>
<extensions>
<gpxtpx:TrackPointExtension>
<gpxtpx:hr>163</gpxtpx:hr>
</gpxtpx:TrackPointExtension>
</extensions>
</trkpt>
<trkpt lat="36.9723016" lon="127.8779742">
<ele>75.886</ele>
<time>2026-05-12T10:23:17Z</time>
<extensions>
<gpxtpx:TrackPointExtension>
<gpxtpx:hr>163</gpxtpx:hr>
</gpxtpx:TrackPointExtension>
</extensions>
</trkpt>
<trkpt lat="36.9723273" lon="127.8779865">
<ele>75.928</ele>
<time>2026-05-12T10:23:18Z</time>
<extensions>
<gpxtpx:TrackPointExtension>
<gpxtpx:hr>163</gpxtpx:hr>
<gpxtpx:cad>180</gpxtpx:cad>
</gpxtpx:TrackPointExtension>
</extensions>
</trkpt>
<trkpt lat="36.9723538" lon="127.8779998">
<ele>75.906</ele>
<time>2026-05-12T10:23:19Z</time>
<extensions>
<gpxtpx:TrackPointExtension>
<gpxtpx:hr>163</gpxtpx:hr>
</gpxtpx:TrackPointExtension>
</extensions>
</trkpt>
<trkpt lat="36.9723802" lon="127.8780125">
<ele>75.881</ele>
<time>2026-05-12T10:23:20Z</time>
<extensions>
<gpxtpx:TrackPointExtension>
<gpxtpx:hr>163</gpxtpx:hr>
</gpxtpx:TrackPointExtension>
</extensions>
</trkpt>
<trkpt lat="36.9724067" lon="127.8780257">
<ele>75.791</ele>
<time>2026-05-12T10:23:21Z</time>
<extensions>
<gpxtpx:TrackPointExtension>
<gpxtpx:hr>163</gpxtpx:hr>
</gpxtpx:TrackPointExtension>
</extensions>
</trkpt>
<trkpt lat="36.9724329" lon="127.8780381">
<ele>75.806</ele>
<time>2026-05-12T10:23:22Z</time>
<extensions>
<gpxtpx:TrackPointExtension>
<gpxtpx:hr>163</gpxtpx:hr>
</gpxtpx:TrackPointExtension>
</extensions>
</trkpt>
<trkpt lat="36.9724595" lon="127.8780515">
<ele>75.721</ele>
<time>2026-05-12T10:23:23Z</time>
<extensions>
<gpxtpx:TrackPointExtension>
<gpxtpx:hr>163</gpxtpx:hr>
<gpxtpx:cad>180</gpxtpx:cad>
</gpxtpx:TrackPointExtension>
</extensions>
</trkpt>
<trkpt lat="36.9724861" lon="127.8780647">
<ele>75.631</ele>
<time>2026-05-12T10:23:24Z</time>
<extensions>
<gpxtpx:TrackPointExtension>
<gpxtpx:hr>163</gpxtpx:hr>
</gpxtpx:TrackPointExtension>
</extensions>
</trkpt>
<trkpt lat="36.9725125" lon="127.8780781">
<ele>75.449</ele>
<time>2026-05-12T10:23:25Z</time>
<extensions>
<gpxtpx:TrackPointExtension>
<gpxtpx:hr>163</gpxtpx:hr>
</gpxtpx:TrackPointExtension>
</extensions>
</trkpt>
<trkpt lat="36.9725392" lon="127.878092">
<ele>75.423</ele>
<time>2026-05-12T10:23:26Z</time>
<extensions>
<gpxtpx:TrackPointExtension>
<gpxtpx:hr>163</gpxtpx:hr>
</gpxtpx:TrackPointExtension>
</extensions>
</trkpt>
<trkpt lat="36.9725661" lon="127.8781062">
<ele>75.404</ele>
<time>2026-05-12T10:23:27Z</time>
<extensions>
<gpxtpx:TrackPointExtension>
<gpxtpx:hr>163</gpxtpx:hr>
</gpxtpx:TrackPointExtension>
</extensions>
</trkpt>
<trkpt lat="36.9725931" lon="127.8781205">
<ele>75.283</ele>
<time>2026-05-12T10:23:28Z</time>
<extensions>
<gpxtpx:TrackPointExtension>
<gpxtpx:hr>163</gpxtpx:hr>
<gpxtpx:cad>181</gpxtpx:cad>
</gpxtpx:TrackPointExtension>
</extensions>
</trkpt>
<trkpt lat="36.9726206" lon="127.8781355">
<ele>75.238</ele>
<time>2026-05-12T10:23:29Z</time>
<extensions>
<gpxtpx:TrackPointExtension>
<gpxtpx:hr>163</gpxtpx:hr>
</gpxtpx:TrackPointExtension>
</extensions>
</trkpt>
<trkpt lat="36.9726488" lon="127.8781509">
<ele>75.255</ele>
<time>2026-05-12T10:23:30Z</time>
<extensions>
<gpxtpx:TrackPointExtension>
<gpxtpx:hr>163</gpxtpx:hr>
</gpxtpx:TrackPointExtension>
</extensions>
</trkpt>
<trkpt lat="36.9726776" lon="127.8781665">
<ele>75.258</ele>
<time>2026-05-12T10:23:31Z</time>
<extensions>
<gpxtpx:TrackPointExtension>
<gpxtpx:hr>162</gpxtpx:hr>
</gpxtpx:TrackPointExtension>
</extensions>
</trkpt>
<trkpt lat="36.9727072" lon="127.8781821">
<ele>75.147</ele>
<time>2026-05-12T10:23:32Z</time>
<extensions>
<gpxtpx:TrackPointExtension>
<gpxtpx:hr>162</gpxtpx:hr>
</gpxtpx:TrackPointExtension>
</extensions>
</trkpt>
<trkpt lat="36.9727372" lon="127.8781977">
<ele>75.029</ele>
<time>2026-05-12T10:23:33Z</time>
<extensions>
<gpxtpx:TrackPointExtension>
<gpxtpx:hr>162</gpxtpx:hr>
<gpxtpx:cad>182</gpxtpx:cad>
</gpxtpx:TrackPointExtension>
</extensions>
</trkpt>
<trkpt lat="36.9727673" lon="127.8782113">
<ele>74.925</ele>
<time>2026-05-12T10:23:34Z</time>
<extensions>
<gpxtpx:TrackPointExtension>
<gpxtpx:hr>162</gpxtpx:hr>
</gpxtpx:TrackPointExtension>
</extensions>
</trkpt>
<trkpt lat="36.9727974" lon="127.8782252">
<ele>74.862</ele>
<time>2026-05-12T10:23:35Z</time>
<extensions>
<gpxtpx:TrackPointExtension>
<gpxtpx:hr>163</gpxtpx:hr>
</gpxtpx:TrackPointExtension>
</extensions>
</trkpt>
<trkpt lat="36.972827" lon="127.8782365">
<ele>74.861</ele>
<time>2026-05-12T10:23:36Z</time>
<extensions>
<gpxtpx:TrackPointExtension>
<gpxtpx:hr>163</gpxtpx:hr>
</gpxtpx:TrackPointExtension>
</extensions>
</trkpt>
<trkpt lat="36.9728565" lon="127.8782476">
<ele>74.839</ele>
<time>2026-05-12T10:23:37Z</time>
<extensions>
<gpxtpx:TrackPointExtension>
<gpxtpx:hr>163</gpxtpx:hr>
</gpxtpx:TrackPointExtension>
</extensions>
</trkpt>
<trkpt lat="36.9728858" lon="127.878258">
<ele>74.779</ele>
<time>2026-05-12T10:23:38Z</time>
<extensions>
<gpxtpx:TrackPointExtension>
<gpxtpx:hr>163</gpxtpx:hr>
<gpxtpx:cad>181</gpxtpx:cad>
</gpxtpx:TrackPointExtension>
</extensions>
</trkpt>
<trkpt lat="36.9729148" lon="127.878268">
<ele>74.72</ele>
<time>2026-05-12T10:23:39Z</time>
<extensions>
<gpxtpx:TrackPointExtension>
<gpxtpx:hr>163</gpxtpx:hr>
</gpxtpx:TrackPointExtension>
</extensions>
</trkpt>
<trkpt lat="36.9729436" lon="127.878278">
<ele>74.765</ele>
<time>2026-05-12T10:23:40Z</time>
<extensions>
<gpxtpx:TrackPointExtension>
<gpxtpx:hr>163</gpxtpx:hr>
</gpxtpx:TrackPointExtension>
</extensions>
</trkpt>
<trkpt lat="36.9729718" lon="127.8782886">
<ele>74.773</ele>
<time>2026-05-12T10:23:41Z</time>
<extensions>
<gpxtpx:TrackPointExtension>
<gpxtpx:hr>163</gpxtpx:hr>
<gpxtpx:cad>181</gpxtpx:cad>
</gpxtpx:TrackPointExtension>
</extensions>
</trkpt>
<trkpt lat="36.9729999" lon="127.8782995">
<ele>74.706</ele>
<time>2026-05-12T10:23:42Z</time>
<extensions>
<gpxtpx:TrackPointExtension>
<gpxtpx:hr>164</gpxtpx:hr>
</gpxtpx:TrackPointExtension>
</extensions>
</trkpt>
<trkpt lat="36.9730272" lon="127.8783111">
<ele>74.667</ele>
<time>2026-05-12T10:23:43Z</time>
<extensions>
<gpxtpx:TrackPointExtension>
<gpxtpx:hr>164</gpxtpx:hr>
<gpxtpx:cad>181</gpxtpx:cad>
</gpxtpx:TrackPointExtension>
</extensions>
</trkpt>
<trkpt lat="36.9730549" lon="127.8783222">
<ele>74.646</ele>
<time>2026-05-12T10:23:44Z</time>
<extensions>
<gpxtpx:TrackPointExtension>
<gpxtpx:hr>164</gpxtpx:hr>
</gpxtpx:TrackPointExtension>
</extensions>
</trkpt>
<trkpt lat="36.9730818" lon="127.8783331">
<ele>74.649</ele>
<time>2026-05-12T10:23:45Z</time>
<extensions>
<gpxtpx:TrackPointExtension>
<gpxtpx:hr>164</gpxtpx:hr>
</gpxtpx:TrackPointExtension>
</extensions>
</trkpt>
<trkpt lat="36.9731088" lon="127.8783437">
<ele>74.649</ele>
<time>2026-05-12T10:23:46Z</time>
<extensions>
<gpxtpx:TrackPointExtension>
<gpxtpx:hr>165</gpxtpx:hr>
</gpxtpx:TrackPointExtension>
</extensions>
</trkpt>
<trkpt lat="36.9731358" lon="127.8783544">
<ele>74.708</ele>
<time>2026-05-12T10:23:47Z</time>
<extensions>
<gpxtpx:TrackPointExtension>
<gpxtpx:hr>165</gpxtpx:hr>
</gpxtpx:TrackPointExtension>
</extensions>
</trkpt>
<trkpt lat="36.9731637" lon="127.8783651">
<ele>74.624</ele>
<time>2026-05-12T10:23:48Z</time>
<extensions>
<gpxtpx:TrackPointExtension>
<gpxtpx:hr>165</gpxtpx:hr>
<gpxtpx:cad>181</gpxtpx:cad>
</gpxtpx:TrackPointExtension>
</extensions>
</trkpt>
<trkpt lat="36.9731908" lon="127.8783757">
<ele>74.62</ele>
<time>2026-05-12T10:23:49Z</time>
<extensions>
<gpxtpx:TrackPointExtension>
<gpxtpx:hr>164</gpxtpx:hr>
</gpxtpx:TrackPointExtension>
</extensions>
</trkpt>
<trkpt lat="36.9732177" lon="127.8783863">
<ele>74.549</ele>
<time>2026-05-12T10:23:50Z</time>
<extensions>
<gpxtpx:TrackPointExtension>
<gpxtpx:hr>164</gpxtpx:hr>
</gpxtpx:TrackPointExtension>
</extensions>
</trkpt>
<trkpt lat="36.9732452" lon="127.8783972">
<ele>74.577</ele>
<time>2026-05-12T10:23:51Z</time>
<extensions>
<gpxtpx:TrackPointExtension>
<gpxtpx:hr>165</gpxtpx:hr>
</gpxtpx:TrackPointExtension>
</extensions>
</trkpt>
<trkpt lat="36.9732721" lon="127.8784077">
<ele>74.55</ele>
<time>2026-05-12T10:23:52Z</time>
<extensions>
<gpxtpx:TrackPointExtension>
<gpxtpx:hr>165</gpxtpx:hr>
</gpxtpx:TrackPointExtension>
</extensions>
</trkpt>
<trkpt lat="36.9732991" lon="127.8784181">
<ele>74.547</ele>
<time>2026-05-12T10:23:53Z</time>
<extensions>
<gpxtpx:TrackPointExtension>
<gpxtpx:hr>165</gpxtpx:hr>
<gpxtpx:cad>180</gpxtpx:cad>
</gpxtpx:TrackPointExtension>
</extensions>
</trkpt>
<trkpt lat="36.9733259" lon="127.8784284">
<ele>74.655</ele>
<time>2026-05-12T10:23:54Z</time>
<extensions>
<gpxtpx:TrackPointExtension>
<gpxtpx:hr>165</gpxtpx:hr>
</gpxtpx:TrackPointExtension>
</extensions>
</trkpt>
<trkpt lat="36.9733526" lon="127.8784388">
<ele>74.695</ele>
<time>2026-05-12T10:23:55Z</time>
<extensions>
<gpxtpx:TrackPointExtension>
<gpxtpx:hr>165</gpxtpx:hr>
</gpxtpx:TrackPointExtension>
</extensions>
</trkpt>
<trkpt lat="36.9733797" lon="127.8784494">
<ele>74.733</ele>
<time>2026-05-12T10:23:56Z</time>
<extensions>
<gpxtpx:TrackPointExtension>
<gpxtpx:hr>165</gpxtpx:hr>
</gpxtpx:TrackPointExtension>
</extensions>
</trkpt>
<trkpt lat="36.9734068" lon="127.8784602">
<ele>74.74</ele>
<time>2026-05-12T10:23:57Z</time>
<extensions>
<gpxtpx:TrackPointExtension>
<gpxtpx:hr>165</gpxtpx:hr>
</gpxtpx:TrackPointExtension>
</extensions>
</trkpt>
<trkpt lat="36.9734345" lon="127.8784709">
<ele>74.741</ele>
<time>2026-05-12T10:23:58Z</time>
<extensions>
<gpxtpx:TrackPointExtension>
<gpxtpx:hr>165</gpxtpx:hr>
<gpxtpx:cad>180</gpxtpx:cad>
</gpxtpx:TrackPointExtension>
</extensions>
</trkpt>
<trkpt lat="36.9734631" lon="127.8784814">
<ele>74.877</ele>
<time>2026-05-12T10:23:59Z</time>
<extensions>
<gpxtpx:TrackPointExtension>
<gpxtpx:hr>165</gpxtpx:hr>
</gpxtpx:TrackPointExtension>
</extensions>
</trkpt>
<trkpt lat="36.9734918" lon="127.8784919">
<ele>74.947</ele>
<time>2026-05-12T10:24:00Z</time>
<extensions>
<gpxtpx:TrackPointExtension>
<gpxtpx:hr>164</gpxtpx:hr>
</gpxtpx:TrackPointExtension>
</extensions>
</trkpt>
<trkpt lat="36.9735204" lon="127.8785028">
<ele>75.045</ele>
<time>2026-05-12T10:24:01Z</time>
<extensions>
<gpxtpx:TrackPointExtension>
<gpxtpx:hr>164</gpxtpx:hr>
</gpxtpx:TrackPointExtension>
</extensions>
</trkpt>
<trkpt lat="36.9735476" lon="127.8785149">
<ele>75.064</ele>
<time>2026-05-12T10:24:02Z</time>
<extensions>
<gpxtpx:TrackPointExtension>
<gpxtpx:hr>164</gpxtpx:hr>
</gpxtpx:TrackPointExtension>
</extensions>
</trkpt>
<trkpt lat="36.9735744" lon="127.8785275">
<ele>74.89</ele>
<time>2026-05-12T10:24:03Z</time>
<extensions>
<gpxtpx:TrackPointExtension>
<gpxtpx:hr>164</gpxtpx:hr>
<gpxtpx:cad>177</gpxtpx:cad>
</gpxtpx:TrackPointExtension>
</extensions>
</trkpt>
<trkpt lat="36.9735992" lon="127.8785418">
<ele>74.961</ele>
<time>2026-05-12T10:24:04Z</time>
<extensions>
<gpxtpx:TrackPointExtension>
<gpxtpx:hr>164</gpxtpx:hr>
</gpxtpx:TrackPointExtension>
</extensions>
</trkpt>
<trkpt lat="36.9736231" lon="127.8785572">
<ele>74.964</ele>
<time>2026-05-12T10:24:05Z</time>
<extensions>
<gpxtpx:TrackPointExtension>
<gpxtpx:hr>164</gpxtpx:hr>
</gpxtpx:TrackPointExtension>
</extensions>
</trkpt>
<trkpt lat="36.973647" lon="127.8785726">
<ele>75.008</ele>
<time>2026-05-12T10:24:06Z</time>
<extensions>
<gpxtpx:TrackPointExtension>
<gpxtpx:hr>164</gpxtpx:hr>
</gpxtpx:TrackPointExtension>
</extensions>
</trkpt>
<trkpt lat="36.9736704" lon="127.878589">
<ele>74.997</ele>
<time>2026-05-12T10:24:07Z</time>
<extensions>
<gpxtpx:TrackPointExtension>
<gpxtpx:hr>164</gpxtpx:hr>
</gpxtpx:TrackPointExtension>
</extensions>
</trkpt>
<trkpt lat="36.9736935" lon="127.8786055">
<ele>75.033</ele>
<time>2026-05-12T10:24:08Z</time>
<extensions>
<gpxtpx:TrackPointExtension>
<gpxtpx:hr>163</gpxtpx:hr>
<gpxtpx:cad>173</gpxtpx:cad>
</gpxtpx:TrackPointExtension>
</extensions>
</trkpt>
<trkpt lat="36.9737166" lon="127.8786244">
<ele>75.093</ele>
<time>2026-05-12T10:24:09Z</time>
<extensions>
<gpxtpx:TrackPointExtension>
<gpxtpx:hr>163</gpxtpx:hr>
</gpxtpx:TrackPointExtension>
</extensions>
</trkpt>
<trkpt lat="36.9737396" lon="127.8786427">
<ele>75.126</ele>
<time>2026-05-12T10:24:10Z</time>
<extensions>
<gpxtpx:TrackPointExtension>
<gpxtpx:hr>163</gpxtpx:hr>
</gpxtpx:TrackPointExtension>
</extensions>
</trkpt>
<trkpt lat="36.9737633" lon="127.8786631">
<ele>75.145</ele>
<time>2026-05-12T10:24:11Z</time>
<extensions>
<gpxtpx:TrackPointExtension>
<gpxtpx:hr>163</gpxtpx:hr>
</gpxtpx:TrackPointExtension>
</extensions>
</trkpt>
<trkpt lat="36.9737875" lon="127.8786842">
<ele>74.964</ele>
<time>2026-05-12T10:24:12Z</time>
<extensions>
<gpxtpx:TrackPointExtension>
<gpxtpx:hr>164</gpxtpx:hr>
</gpxtpx:TrackPointExtension>
</extensions>
</trkpt>
<trkpt lat="36.9738117" lon="127.8787061">
<ele>74.922</ele>
<time>2026-05-12T10:24:13Z</time>
<extensions>
<gpxtpx:TrackPointExtension>
<gpxtpx:hr>164</gpxtpx:hr>
<gpxtpx:cad>171</gpxtpx:cad>
</gpxtpx:TrackPointExtension>
</extensions>
</trkpt>
<trkpt lat="36.9738356" lon="127.8787295">
<ele>74.921</ele>
<time>2026-05-12T10:24:14Z</time>
<extensions>
<gpxtpx:TrackPointExtension>
<gpxtpx:hr>164</gpxtpx:hr>
<gpxtpx:cad>171</gpxtpx:cad>
</gpxtpx:TrackPointExtension>
</extensions>
</trkpt>
<trkpt lat="36.9738592" lon="127.8787516">
<ele>74.848</ele>
<time>2026-05-12T10:24:15Z</time>
<extensions>
<gpxtpx:TrackPointExtension>
<gpxtpx:hr>164</gpxtpx:hr>
</gpxtpx:TrackPointExtension>
</extensions>
</trkpt>
<trkpt lat="36.9738835" lon="127.8787733">
<ele>74.757</ele>
<time>2026-05-12T10:24:16Z</time>
<extensions>
<gpxtpx:TrackPointExtension>
<gpxtpx:hr>164</gpxtpx:hr>
</gpxtpx:TrackPointExtension>
</extensions>
</trkpt>
<trkpt lat="36.9739073" lon="127.8787958">
<ele>74.773</ele>
<time>2026-05-12T10:24:17Z</time>
<extensions>
<gpxtpx:TrackPointExtension>
<gpxtpx:hr>165</gpxtpx:hr>
</gpxtpx:TrackPointExtension>
</extensions>
</trkpt>
<trkpt lat="36.9739312" lon="127.8788191">
<ele>74.742</ele>
<time>2026-05-12T10:24:18Z</time>
<extensions>
<gpxtpx:TrackPointExtension>
<gpxtpx:hr>165</gpxtpx:hr>
<gpxtpx:cad>172</gpxtpx:cad>
</gpxtpx:TrackPointExtension>
</extensions>
</trkpt>
<trkpt lat="36.973954" lon="127.8788414">
<ele>74.81</ele>
<time>2026-05-12T10:24:19Z</time>
<extensions>
<gpxtpx:TrackPointExtension>
<gpxtpx:hr>165</gpxtpx:hr>
</gpxtpx:TrackPointExtension>
</extensions>
</trkpt>
<trkpt lat="36.9739767" lon="127.8788635">
<ele>74.775</ele>
<time>2026-05-12T10:24:20Z</time>
<extensions>
<gpxtpx:TrackPointExtension>
<gpxtpx:hr>165</gpxtpx:hr>
</gpxtpx:TrackPointExtension>
</extensions>
</trkpt>
<trkpt lat="36.9739996" lon="127.8788847">
<ele>74.745</ele>
<time>2026-05-12T10:24:21Z</time>
<extensions>
<gpxtpx:TrackPointExtension>
<gpxtpx:hr>165</gpxtpx:hr>
</gpxtpx:TrackPointExtension>
</extensions>
</trkpt>
<trkpt lat="36.9740229" lon="127.8789055">
<ele>74.726</ele>
<time>2026-05-12T10:24:22Z</time>
<extensions>
<gpxtpx:TrackPointExtension>
<gpxtpx:hr>165</gpxtpx:hr>
</gpxtpx:TrackPointExtension>
</extensions>
</trkpt>
<trkpt lat="36.9740461" lon="127.8789263">
<ele>74.657</ele>
<time>2026-05-12T10:24:23Z</time>
<extensions>
<gpxtpx:TrackPointExtension>
<gpxtpx:hr>165</gpxtpx:hr>
<gpxtpx:cad>177</gpxtpx:cad>
</gpxtpx:TrackPointExtension>
</extensions>
</trkpt>
<trkpt lat="36.9740691" lon="127.8789473">
<ele>74.67</ele>
<time>2026-05-12T10:24:24Z</time>
<extensions>
<gpxtpx:TrackPointExtension>
<gpxtpx:hr>165</gpxtpx:hr>
</gpxtpx:TrackPointExtension>
</extensions>
</trkpt>
<trkpt lat="36.9740922" lon="127.8789682">
<ele>74.806</ele>
<time>2026-05-12T10:24:25Z</time>
<extensions>
<gpxtpx:TrackPointExtension>
<gpxtpx:hr>165</gpxtpx:hr>
</gpxtpx:TrackPointExtension>
</extensions>
</trkpt>
<trkpt lat="36.9741139" lon="127.8789901">
<ele>74.833</ele>
<time>2026-05-12T10:24:26Z</time>
<extensions>
<gpxtpx:TrackPointExtension>
<gpxtpx:hr>165</gpxtpx:hr>
</gpxtpx:TrackPointExtension>
</extensions>
</trkpt>
<trkpt lat="36.9741355" lon="127.8790123">
<ele>74.753</ele>
<time>2026-05-12T10:24:27Z</time>
<extensions>
<gpxtpx:TrackPointExtension>
<gpxtpx:hr>165</gpxtpx:hr>
</gpxtpx:TrackPointExtension>
</extensions>
</trkpt>
<trkpt lat="36.9741565" lon="127.8790352">
<ele>74.725</ele>
<time>2026-05-12T10:24:28Z</time>
<extensions>
<gpxtpx:TrackPointExtension>
<gpxtpx:hr>165</gpxtpx:hr>
<gpxtpx:cad>178</gpxtpx:cad>
</gpxtpx:TrackPointExtension>
</extensions>
</trkpt>
<trkpt lat="36.9741772" lon="127.8790583">
<ele>74.63</ele>
<time>2026-05-12T10:24:29Z</time>
<extensions>
<gpxtpx:TrackPointExtension>
<gpxtpx:hr>164</gpxtpx:hr>
</gpxtpx:TrackPointExtension>
</extensions>
</trkpt>
<trkpt lat="36.9741972" lon="127.8790821">
<ele>74.671</ele>
<time>2026-05-12T10:24:30Z</time>
<extensions>
<gpxtpx:TrackPointExtension>
<gpxtpx:hr>164</gpxtpx:hr>
</gpxtpx:TrackPointExtension>
</extensions>
</trkpt>
<trkpt lat="36.9742174" lon="127.8791072">
<ele>74.688</ele>
<time>2026-05-12T10:24:31Z</time>
<extensions>
<gpxtpx:TrackPointExtension>
<gpxtpx:hr>165</gpxtpx:hr>
</gpxtpx:TrackPointExtension>
</extensions>
</trkpt>
<trkpt lat="36.9742383" lon="127.8791326">
<ele>74.718</ele>
<time>2026-05-12T10:24:32Z</time>
<extensions>
<gpxtpx:TrackPointExtension>
<gpxtpx:hr>165</gpxtpx:hr>
</gpxtpx:TrackPointExtension>
</extensions>
</trkpt>
<trkpt lat="36.9742598" lon="127.8791579">
<ele>74.693</ele>
<time>2026-05-12T10:24:33Z</time>
<extensions>
<gpxtpx:TrackPointExtension>
<gpxtpx:hr>165</gpxtpx:hr>
<gpxtpx:cad>176</gpxtpx:cad>
</gpxtpx:TrackPointExtension>
</extensions>
</trkpt>
<trkpt lat="36.9742814" lon="127.8791829">
<ele>74.636</ele>
<time>2026-05-12T10:24:34Z</time>
<extensions>
<gpxtpx:TrackPointExtension>
<gpxtpx:hr>165</gpxtpx:hr>
</gpxtpx:TrackPointExtension>
</extensions>
</trkpt>
<trkpt lat="36.9743024" lon="127.8792077">
<ele>74.466</ele>
<time>2026-05-12T10:24:35Z</time>
<extensions>
<gpxtpx:TrackPointExtension>
<gpxtpx:hr>166</gpxtpx:hr>
</gpxtpx:TrackPointExtension>
</extensions>
</trkpt>
<trkpt lat="36.9743228" lon="127.8792328">
<ele>74.635</ele>
<time>2026-05-12T10:24:36Z</time>
<extensions>
<gpxtpx:TrackPointExtension>
<gpxtpx:hr>166</gpxtpx:hr>
</gpxtpx:TrackPointExtension>
</extensions>
</trkpt>
<trkpt lat="36.9743405" lon="127.8792591">
<ele>74.644</ele>
<time>2026-05-12T10:24:37Z</time>
<extensions>
<gpxtpx:TrackPointExtension>
<gpxtpx:hr>165</gpxtpx:hr>
</gpxtpx:TrackPointExtension>
</extensions>
</trkpt>
<trkpt lat="36.9743561" lon="127.8792877">
<ele>74.578</ele>
<time>2026-05-12T10:24:38Z</time>
<extensions>
<gpxtpx:TrackPointExtension>
<gpxtpx:hr>165</gpxtpx:hr>
<gpxtpx:cad>176</gpxtpx:cad>
</gpxtpx:TrackPointExtension>
</extensions>
</trkpt>
<trkpt lat="36.9743733" lon="127.879315">
<ele>74.598</ele>
<time>2026-05-12T10:24:39Z</time>
<extensions>
<gpxtpx:TrackPointExtension>
<gpxtpx:hr>165</gpxtpx:hr>
</gpxtpx:TrackPointExtension>
</extensions>
</trkpt>
<trkpt lat="36.9743885" lon="127.8793445">
<ele>74.596</ele>
<time>2026-05-12T10:24:40Z</time>
<extensions>
<gpxtpx:TrackPointExtension>
<gpxtpx:hr>165</gpxtpx:hr>
</gpxtpx:TrackPointExtension>
</extensions>
</trkpt>
<trkpt lat="36.9744032" lon="127.8793745">
<ele>74.55</ele>
<time>2026-05-12T10:24:41Z</time>
<extensions>
<gpxtpx:TrackPointExtension>
<gpxtpx:hr>165</gpxtpx:hr>
</gpxtpx:TrackPointExtension>
</extensions>
</trkpt>
<trkpt lat="36.9744173" lon="127.8794068">
<ele>74.39</ele>
<time>2026-05-12T10:24:42Z</time>
<extensions>
<gpxtpx:TrackPointExtension>
<gpxtpx:hr>165</gpxtpx:hr>
</gpxtpx:TrackPointExtension>
</extensions>
</trkpt>
<trkpt lat="36.9744314" lon="127.8794389">
<ele>74.239</ele>
<time>2026-05-12T10:24:43Z</time>
<extensions>
<gpxtpx:TrackPointExtension>
<gpxtpx:hr>165</gpxtpx:hr>
<gpxtpx:cad>175</gpxtpx:cad>
</gpxtpx:TrackPointExtension>
</extensions>
</trkpt>
<trkpt lat="36.9744459" lon="127.8794716">
<ele>74.297</ele>
<time>2026-05-12T10:24:44Z</time>
<extensions>
<gpxtpx:TrackPointExtension>
<gpxtpx:hr>165</gpxtpx:hr>
<gpxtpx:cad>175</gpxtpx:cad>
</gpxtpx:TrackPointExtension>
</extensions>
</trkpt>
<trkpt lat="36.9744608" lon="127.879504">
<ele>74.308</ele>
<time>2026-05-12T10:24:45Z</time>
<extensions>
<gpxtpx:TrackPointExtension>
<gpxtpx:hr>165</gpxtpx:hr>
</gpxtpx:TrackPointExtension>
</extensions>
</trkpt>
<trkpt lat="36.9744756" lon="127.8795366">
<ele>74.264</ele>
<time>2026-05-12T10:24:46Z</time>
<extensions>
<gpxtpx:TrackPointExtension>
<gpxtpx:hr>165</gpxtpx:hr>
</gpxtpx:TrackPointExtension>
</extensions>
</trkpt>
<trkpt lat="36.9744905" lon="127.8795686">
<ele>74.254</ele>
<time>2026-05-12T10:24:47Z</time>
<extensions>
<gpxtpx:TrackPointExtension>
<gpxtpx:hr>165</gpxtpx:hr>
</gpxtpx:TrackPointExtension>
</extensions>
</trkpt>
<trkpt lat="36.9745051" lon="127.8796006">
<ele>74.206</ele>
<time>2026-05-12T10:24:48Z</time>
<extensions>
<gpxtpx:TrackPointExtension>
<gpxtpx:hr>165</gpxtpx:hr>
<gpxtpx:cad>176</gpxtpx:cad>
</gpxtpx:TrackPointExtension>
</extensions>
</trkpt>
<trkpt lat="36.9745189" lon="127.879632">
<ele>74.219</ele>
<time>2026-05-12T10:24:49Z</time>
<extensions>
<gpxtpx:TrackPointExtension>
<gpxtpx:hr>165</gpxtpx:hr>
</gpxtpx:TrackPointExtension>
</extensions>
</trkpt>
<trkpt lat="36.9745328" lon="127.8796637">
<ele>74.251</ele>
<time>2026-05-12T10:24:50Z</time>
<extensions>
<gpxtpx:TrackPointExtension>
<gpxtpx:hr>165</gpxtpx:hr>
</gpxtpx:TrackPointExtension>
</extensions>
</trkpt>
<trkpt lat="36.974545" lon="127.8796949">
<ele>74.377</ele>
<time>2026-05-12T10:24:51Z</time>
<extensions>
<gpxtpx:TrackPointExtension>
<gpxtpx:hr>164</gpxtpx:hr>
</gpxtpx:TrackPointExtension>
</extensions>
</trkpt>
<trkpt lat="36.9745575" lon="127.8797266">
<ele>74.395</ele>
<time>2026-05-12T10:24:52Z</time>
<extensions>
<gpxtpx:TrackPointExtension>
<gpxtpx:hr>164</gpxtpx:hr>
</gpxtpx:TrackPointExtension>
</extensions>
</trkpt>
<trkpt lat="36.9745707" lon="127.8797585">
<ele>74.341</ele>
<time>2026-05-12T10:24:53Z</time>
<extensions>
<gpxtpx:TrackPointExtension>
<gpxtpx:hr>164</gpxtpx:hr>
<gpxtpx:cad>179</gpxtpx:cad>
</gpxtpx:TrackPointExtension>
</extensions>
</trkpt>
<trkpt lat="36.9745837" lon="127.8797904">
<ele>74.205</ele>
<time>2026-05-12T10:24:54Z</time>
<extensions>
<gpxtpx:TrackPointExtension>
<gpxtpx:hr>164</gpxtpx:hr>
</gpxtpx:TrackPointExtension>
</extensions>
</trkpt>
<trkpt lat="36.9745966" lon="127.8798222">
<ele>74.156</ele>
<time>2026-05-12T10:24:55Z</time>
<extensions>
<gpxtpx:TrackPointExtension>
<gpxtpx:hr>164</gpxtpx:hr>
</gpxtpx:TrackPointExtension>
</extensions>
</trkpt>
<trkpt lat="36.9746096" lon="127.8798539">
<ele>74.171</ele>
<time>2026-05-12T10:24:56Z</time>
<extensions>
<gpxtpx:TrackPointExtension>
<gpxtpx:hr>164</gpxtpx:hr>
</gpxtpx:TrackPointExtension>
</extensions>
</trkpt>
<trkpt lat="36.9746216" lon="127.8798858">
<ele>74.428</ele>
<time>2026-05-12T10:24:57Z</time>
<extensions>
<gpxtpx:TrackPointExtension>
<gpxtpx:hr>164</gpxtpx:hr>
</gpxtpx:TrackPointExtension>
</extensions>
</trkpt>
<trkpt lat="36.9746341" lon="127.8799176">
<ele>74.391</ele>
<time>2026-05-12T10:24:58Z</time>
<extensions>
<gpxtpx:TrackPointExtension>
<gpxtpx:hr>164</gpxtpx:hr>
<gpxtpx:cad>179</gpxtpx:cad>
</gpxtpx:TrackPointExtension>
</extensions>
</trkpt>
<trkpt lat="36.974646" lon="127.8799494">
<ele>74.412</ele>
<time>2026-05-12T10:24:59Z</time>
<extensions>
<gpxtpx:TrackPointExtension>
<gpxtpx:hr>164</gpxtpx:hr>
</gpxtpx:TrackPointExtension>
</extensions>
</trkpt>
<trkpt lat="36.9746577" lon="127.8799813">
<ele>74.382</ele>
<time>2026-05-12T10:25:00Z</time>
<extensions>
<gpxtpx:TrackPointExtension>
<gpxtpx:hr>164</gpxtpx:hr>
</gpxtpx:TrackPointExtension>
</extensions>
</trkpt>
<trkpt lat="36.9746695" lon="127.8800132">
<ele>74.347</ele>
<time>2026-05-12T10:25:01Z</time>
<extensions>
<gpxtpx:TrackPointExtension>
<gpxtpx:hr>163</gpxtpx:hr>
</gpxtpx:TrackPointExtension>
</extensions>
</trkpt>
<trkpt lat="36.9746807" lon="127.8800451">
<ele>74.412</ele>
<time>2026-05-12T10:25:02Z</time>
<extensions>
<gpxtpx:TrackPointExtension>
<gpxtpx:hr>163</gpxtpx:hr>
</gpxtpx:TrackPointExtension>
</extensions>
</trkpt>
<trkpt lat="36.9746929" lon="127.8800779">
<ele>74.455</ele>
<time>2026-05-12T10:25:03Z</time>
<extensions>
<gpxtpx:TrackPointExtension>
<gpxtpx:hr>163</gpxtpx:hr>
<gpxtpx:cad>174</gpxtpx:cad>
</gpxtpx:TrackPointExtension>
</extensions>
</trkpt>
<trkpt lat="36.9747043" lon="127.8801099">
<ele>74.489</ele>
<time>2026-05-12T10:25:04Z</time>
<extensions>
<gpxtpx:TrackPointExtension>
<gpxtpx:hr>163</gpxtpx:hr>
</gpxtpx:TrackPointExtension>
</extensions>
</trkpt>
<trkpt lat="36.9747152" lon="127.8801416">
<ele>74.482</ele>
<time>2026-05-12T10:25:05Z</time>
<extensions>
<gpxtpx:TrackPointExtension>
<gpxtpx:hr>163</gpxtpx:hr>
</gpxtpx:TrackPointExtension>
</extensions>
</trkpt>
<trkpt lat="36.9747262" lon="127.8801731">
<ele>74.451</ele>
<time>2026-05-12T10:25:06Z</time>
<extensions>
<gpxtpx:TrackPointExtension>
<gpxtpx:hr>163</gpxtpx:hr>
</gpxtpx:TrackPointExtension>
</extensions>
</trkpt>
<trkpt lat="36.9747349" lon="127.8802039">
<ele>74.478</ele>
<time>2026-05-12T10:25:07Z</time>
<extensions>
<gpxtpx:TrackPointExtension>
<gpxtpx:hr>163</gpxtpx:hr>
</gpxtpx:TrackPointExtension>
</extensions>
</trkpt>
<trkpt lat="36.9747441" lon="127.8802347">
<ele>74.56</ele>
<time>2026-05-12T10:25:08Z</time>
<extensions>
<gpxtpx:TrackPointExtension>
<gpxtpx:hr>163</gpxtpx:hr>
<gpxtpx:cad>172</gpxtpx:cad>
</gpxtpx:TrackPointExtension>
</extensions>
</trkpt>
<trkpt lat="36.9747507" lon="127.8802654">
<ele>74.604</ele>
<time>2026-05-12T10:25:09Z</time>
<extensions>
<gpxtpx:TrackPointExtension>
<gpxtpx:hr>162</gpxtpx:hr>
</gpxtpx:TrackPointExtension>
</extensions>
</trkpt>
<trkpt lat="36.974758" lon="127.8802962">
<ele>74.625</ele>
<time>2026-05-12T10:25:10Z</time>
<extensions>
<gpxtpx:TrackPointExtension>
<gpxtpx:hr>162</gpxtpx:hr>
</gpxtpx:TrackPointExtension>
</extensions>
</trkpt>
<trkpt lat="36.9747619" lon="127.8803271">
<ele>74.728</ele>
<time>2026-05-12T10:25:11Z</time>
<extensions>
<gpxtpx:TrackPointExtension>
<gpxtpx:hr>162</gpxtpx:hr>
</gpxtpx:TrackPointExtension>
</extensions>
</trkpt>
<trkpt lat="36.9747643" lon="127.8803584">
<ele>74.671</ele>
<time>2026-05-12T10:25:12Z</time>
<extensions>
<gpxtpx:TrackPointExtension>
<gpxtpx:hr>162</gpxtpx:hr>
</gpxtpx:TrackPointExtension>
</extensions>
</trkpt>
<trkpt lat="36.9747677" lon="127.8803894">
<ele>74.66</ele>
<time>2026-05-12T10:25:13Z</time>
<extensions>
<gpxtpx:TrackPointExtension>
<gpxtpx:hr>162</gpxtpx:hr>
<gpxtpx:cad>171</gpxtpx:cad>
</gpxtpx:TrackPointExtension>
</extensions>
</trkpt>
<trkpt lat="36.9747678" lon="127.8804216">
<ele>74.667</ele>
<time>2026-05-12T10:25:14Z</time>
<extensions>
<gpxtpx:TrackPointExtension>
<gpxtpx:hr>162</gpxtpx:hr>
</gpxtpx:TrackPointExtension>
</extensions>
</trkpt>
<trkpt lat="36.9747686" lon="127.8804534">
<ele>74.646</ele>
<time>2026-05-12T10:25:15Z</time>
<extensions>
<gpxtpx:TrackPointExtension>
<gpxtpx:hr>162</gpxtpx:hr>
</gpxtpx:TrackPointExtension>
</extensions>
</trkpt>
<trkpt lat="36.974768" lon="127.8804857">
<ele>74.675</ele>
<time>2026-05-12T10:25:16Z</time>
<extensions>
<gpxtpx:TrackPointExtension>
<gpxtpx:hr>162</gpxtpx:hr>
</gpxtpx:TrackPointExtension>
</extensions>
</trkpt>
<trkpt lat="36.9747665" lon="127.8805189">
<ele>74.722</ele>
<time>2026-05-12T10:25:17Z</time>
<extensions>
<gpxtpx:TrackPointExtension>
<gpxtpx:hr>162</gpxtpx:hr>
<gpxtpx:cad>171</gpxtpx:cad>
</gpxtpx:TrackPointExtension>
</extensions>
</trkpt>
<trkpt lat="36.9747659" lon="127.8805538">
<ele>74.702</ele>
<time>2026-05-12T10:25:18Z</time>
<extensions>
<gpxtpx:TrackPointExtension>
<gpxtpx:hr>162</gpxtpx:hr>
<gpxtpx:cad>172</gpxtpx:cad>
</gpxtpx:TrackPointExtension>
</extensions>
</trkpt>
<trkpt lat="36.9747663" lon="127.8805889">
<ele>74.721</ele>
<time>2026-05-12T10:25:19Z</time>
<extensions>
<gpxtpx:TrackPointExtension>
<gpxtpx:hr>162</gpxtpx:hr>
</gpxtpx:TrackPointExtension>
</extensions>
</trkpt>
<trkpt lat="36.9747667" lon="127.8806236">
<ele>74.742</ele>
<time>2026-05-12T10:25:20Z</time>
<extensions>
<gpxtpx:TrackPointExtension>
<gpxtpx:hr>162</gpxtpx:hr>
</gpxtpx:TrackPointExtension>
</extensions>
</trkpt>
<trkpt lat="36.9747678" lon="127.8806581">
<ele>74.749</ele>
<time>2026-05-12T10:25:21Z</time>
<extensions>
<gpxtpx:TrackPointExtension>
<gpxtpx:hr>162</gpxtpx:hr>
</gpxtpx:TrackPointExtension>
</extensions>
</trkpt>
<trkpt lat="36.9747672" lon="127.8806917">
<ele>74.808</ele>
<time>2026-05-12T10:25:22Z</time>
<extensions>
<gpxtpx:TrackPointExtension>
<gpxtpx:hr>162</gpxtpx:hr>
</gpxtpx:TrackPointExtension>
</extensions>
</trkpt>
<trkpt lat="36.9747664" lon="127.8807254">
<ele>74.819</ele>
<time>2026-05-12T10:25:23Z</time>
<extensions>
<gpxtpx:TrackPointExtension>
<gpxtpx:hr>162</gpxtpx:hr>
<gpxtpx:cad>173</gpxtpx:cad>
</gpxtpx:TrackPointExtension>
</extensions>
</trkpt>
<trkpt lat="36.9747653" lon="127.8807591">
<ele>74.853</ele>
<time>2026-05-12T10:25:24Z</time>
<extensions>
<gpxtpx:TrackPointExtension>
<gpxtpx:hr>163</gpxtpx:hr>
</gpxtpx:TrackPointExtension>
</extensions>
</trkpt>
<trkpt lat="36.9747635" lon="127.8807925">
<ele>74.854</ele>
<time>2026-05-12T10:25:25Z</time>
<extensions>
<gpxtpx:TrackPointExtension>
<gpxtpx:hr>163</gpxtpx:hr>
</gpxtpx:TrackPointExtension>
</extensions>
</trkpt>
<trkpt lat="36.9747616" lon="127.880826">
<ele>74.824</ele>
<time>2026-05-12T10:25:26Z</time>
<extensions>
<gpxtpx:TrackPointExtension>
<gpxtpx:hr>163</gpxtpx:hr>
</gpxtpx:TrackPointExtension>
</extensions>
</trkpt>
<trkpt lat="36.9747594" lon="127.8808595">
<ele>74.799</ele>
<time>2026-05-12T10:25:27Z</time>
<extensions>
<gpxtpx:TrackPointExtension>
<gpxtpx:hr>163</gpxtpx:hr>
</gpxtpx:TrackPointExtension>
</extensions>
</trkpt>
<trkpt lat="36.9747559" lon="127.8808929">
<ele>74.764</ele>
<time>2026-05-12T10:25:28Z</time>
<extensions>
<gpxtpx:TrackPointExtension>
<gpxtpx:hr>163</gpxtpx:hr>
<gpxtpx:cad>176</gpxtpx:cad>
</gpxtpx:TrackPointExtension>
</extensions>
</trkpt>
<trkpt lat="36.9747549" lon="127.880927">
<ele>74.726</ele>
<time>2026-05-12T10:25:29Z</time>
<extensions>
<gpxtpx:TrackPointExtension>
<gpxtpx:hr>163</gpxtpx:hr>
</gpxtpx:TrackPointExtension>
</extensions>
</trkpt>
<trkpt lat="36.9747511" lon="127.8809609">
<ele>74.763</ele>
<time>2026-05-12T10:25:30Z</time>
<extensions>
<gpxtpx:TrackPointExtension>
<gpxtpx:hr>164</gpxtpx:hr>
</gpxtpx:TrackPointExtension>
</extensions>
</trkpt>
<trkpt lat="36.97475" lon="127.8809946">
<ele>74.771</ele>
<time>2026-05-12T10:25:31Z</time>
<extensions>
<gpxtpx:TrackPointExtension>
<gpxtpx:hr>164</gpxtpx:hr>
</gpxtpx:TrackPointExtension>
</extensions>
</trkpt>
<trkpt lat="36.9747462" lon="127.8810288">
<ele>74.714</ele>
<time>2026-05-12T10:25:32Z</time>
<extensions>
<gpxtpx:TrackPointExtension>
<gpxtpx:hr>164</gpxtpx:hr>
</gpxtpx:TrackPointExtension>
</extensions>
</trkpt>
<trkpt lat="36.974744" lon="127.8810621">
<ele>74.687</ele>
<time>2026-05-12T10:25:33Z</time>
<extensions>
<gpxtpx:TrackPointExtension>
<gpxtpx:cad>181</gpxtpx:cad>
</gpxtpx:TrackPointExtension>
</extensions>
</trkpt>
<trkpt lat="36.9747409" lon="127.8810961">
<ele>74.666</ele>
<time>2026-05-12T10:25:34Z</time>
<extensions>
<gpxtpx:TrackPointExtension>
<gpxtpx:hr>165</gpxtpx:hr>
</gpxtpx:TrackPointExtension>
</extensions>
</trkpt>
<trkpt lat="36.9747376" lon="127.8811303">
<ele>74.677</ele>
<time>2026-05-12T10:25:35Z</time>
<extensions>
<gpxtpx:TrackPointExtension>
<gpxtpx:hr>165</gpxtpx:hr>
</gpxtpx:TrackPointExtension>
</extensions>
</trkpt>
<trkpt lat="36.9747343" lon="127.8811648">
<ele>74.605</ele>
<time>2026-05-12T10:25:36Z</time>
<extensions>
<gpxtpx:TrackPointExtension>
<gpxtpx:hr>165</gpxtpx:hr>
</gpxtpx:TrackPointExtension>
</extensions>
</trkpt>
<trkpt lat="36.9747312" lon="127.8811993">
<ele>74.63</ele>
<time>2026-05-12T10:25:37Z</time>
<extensions>
<gpxtpx:TrackPointExtension>
<gpxtpx:hr>165</gpxtpx:hr>
</gpxtpx:TrackPointExtension>
</extensions>
</trkpt>
<trkpt lat="36.9747283" lon="127.881234">
<ele>74.588</ele>
<time>2026-05-12T10:25:38Z</time>
<extensions>
<gpxtpx:TrackPointExtension>
<gpxtpx:hr>165</gpxtpx:hr>
<gpxtpx:cad>182</gpxtpx:cad>
</gpxtpx:TrackPointExtension>
</extensions>
</trkpt>
<trkpt lat="36.9747257" lon="127.8812687">
<ele>74.582</ele>
<time>2026-05-12T10:25:39Z</time>
<extensions>
<gpxtpx:TrackPointExtension>
<gpxtpx:hr>165</gpxtpx:hr>
</gpxtpx:TrackPointExtension>
</extensions>
</trkpt>
<trkpt lat="36.9747235" lon="127.8813034">
<ele>74.544</ele>
<time>2026-05-12T10:25:40Z</time>
<extensions>
<gpxtpx:TrackPointExtension>
<gpxtpx:hr>165</gpxtpx:hr>
</gpxtpx:TrackPointExtension>
</extensions>
</trkpt>
<trkpt lat="36.9747216" lon="127.8813382">
<ele>74.521</ele>
<time>2026-05-12T10:25:41Z</time>
<extensions>
<gpxtpx:TrackPointExtension>
<gpxtpx:hr>165</gpxtpx:hr>
</gpxtpx:TrackPointExtension>
</extensions>
</trkpt>
<trkpt lat="36.9747185" lon="127.881373">
<ele>74.555</ele>
<time>2026-05-12T10:25:42Z</time>
<extensions>
<gpxtpx:TrackPointExtension>
<gpxtpx:hr>165</gpxtpx:hr>
</gpxtpx:TrackPointExtension>
</extensions>
</trkpt>
<trkpt lat="36.9747179" lon="127.8814078">
<ele>74.557</ele>
<time>2026-05-12T10:25:43Z</time>
<extensions>
<gpxtpx:TrackPointExtension>
<gpxtpx:hr>165</gpxtpx:hr>
<gpxtpx:cad>182</gpxtpx:cad>
</gpxtpx:TrackPointExtension>
</extensions>
</trkpt>
<trkpt lat="36.974715" lon="127.8814433">
<ele>74.486</ele>
<time>2026-05-12T10:25:44Z</time>
<extensions>
<gpxtpx:TrackPointExtension>
<gpxtpx:hr>166</gpxtpx:hr>
</gpxtpx:TrackPointExtension>
</extensions>
</trkpt>
<trkpt lat="36.9747147" lon="127.8814778">
<ele>74.489</ele>
<time>2026-05-12T10:25:45Z</time>
<extensions>
<gpxtpx:TrackPointExtension>
<gpxtpx:hr>166</gpxtpx:hr>
</gpxtpx:TrackPointExtension>
</extensions>
</trkpt>
<trkpt lat="36.9747135" lon="127.881513">
<ele>74.504</ele>
<time>2026-05-12T10:25:46Z</time>
<extensions>
<gpxtpx:TrackPointExtension>
<gpxtpx:hr>166</gpxtpx:hr>
</gpxtpx:TrackPointExtension>
</extensions>
</trkpt>
<trkpt lat="36.9747127" lon="127.8815483">
<ele>74.474</ele>
<time>2026-05-12T10:25:47Z</time>
<extensions>
<gpxtpx:TrackPointExtension>
<gpxtpx:hr>166</gpxtpx:hr>
</gpxtpx:TrackPointExtension>
</extensions>
</trkpt>
<trkpt lat="36.9747123" lon="127.8815831">
<ele>74.46</ele>
<time>2026-05-12T10:25:48Z</time>
<extensions>
<gpxtpx:TrackPointExtension>
<gpxtpx:hr>166</gpxtpx:hr>
<gpxtpx:cad>181</gpxtpx:cad>
</gpxtpx:TrackPointExtension>
</extensions>
</trkpt>
<trkpt lat="36.974712" lon="127.8816178">
<ele>74.481</ele>
<time>2026-05-12T10:25:49Z</time>
<extensions>
<gpxtpx:TrackPointExtension>
<gpxtpx:hr>166</gpxtpx:hr>
<gpxtpx:cad>181</gpxtpx:cad>
</gpxtpx:TrackPointExtension>
</extensions>
</trkpt>
<trkpt lat="36.9747111" lon="127.8816515">
<ele>74.504</ele>
<time>2026-05-12T10:25:50Z</time>
<extensions>
<gpxtpx:TrackPointExtension>
<gpxtpx:hr>166</gpxtpx:hr>
</gpxtpx:TrackPointExtension>
</extensions>
</trkpt>
<trkpt lat="36.9747102" lon="127.8816858">
<ele>74.482</ele>
<time>2026-05-12T10:25:51Z</time>
<extensions>
<gpxtpx:TrackPointExtension>
<gpxtpx:hr>166</gpxtpx:hr>
</gpxtpx:TrackPointExtension>
</extensions>
</trkpt>
<trkpt lat="36.9747093" lon="127.8817199">
<ele>74.45</ele>
<time>2026-05-12T10:25:52Z</time>
<extensions>
<gpxtpx:TrackPointExtension>
<gpxtpx:hr>166</gpxtpx:hr>
</gpxtpx:TrackPointExtension>
</extensions>
</trkpt>
<trkpt lat="36.9747083" lon="127.8817537">
<ele>74.411</ele>
<time>2026-05-12T10:25:53Z</time>
<extensions>
<gpxtpx:TrackPointExtension>
<gpxtpx:hr>166</gpxtpx:hr>
<gpxtpx:cad>181</gpxtpx:cad>
</gpxtpx:TrackPointExtension>
</extensions>
</trkpt>
<trkpt lat="36.9747081" lon="127.8817879">
<ele>74.411</ele>
<time>2026-05-12T10:25:54Z</time>
<extensions>
<gpxtpx:TrackPointExtension>
<gpxtpx:hr>166</gpxtpx:hr>
</gpxtpx:TrackPointExtension>
</extensions>
</trkpt>
<trkpt lat="36.9747053" lon="127.8818207">
<ele>74.432</ele>
<time>2026-05-12T10:25:55Z</time>
<extensions>
<gpxtpx:TrackPointExtension>
<gpxtpx:hr>166</gpxtpx:hr>
</gpxtpx:TrackPointExtension>
</extensions>
</trkpt>
<trkpt lat="36.9747046" lon="127.8818544">
<ele>74.467</ele>
<time>2026-05-12T10:25:56Z</time>
<extensions>
<gpxtpx:TrackPointExtension>
<gpxtpx:hr>166</gpxtpx:hr>
</gpxtpx:TrackPointExtension>
</extensions>
</trkpt>
<trkpt lat="36.9747024" lon="127.8818872">
<ele>74.463</ele>
<time>2026-05-12T10:25:57Z</time>
<extensions>
<gpxtpx:TrackPointExtension>
<gpxtpx:hr>166</gpxtpx:hr>
</gpxtpx:TrackPointExtension>
</extensions>
</trkpt>
<trkpt lat="36.9746991" lon="127.8819196">
<ele>74.437</ele>
<time>2026-05-12T10:25:58Z</time>
<extensions>
<gpxtpx:TrackPointExtension>
<gpxtpx:hr>166</gpxtpx:hr>
<gpxtpx:cad>180</gpxtpx:cad>
</gpxtpx:TrackPointExtension>
</extensions>
</trkpt>
<trkpt lat="36.9746971" lon="127.8819525">
<ele>74.401</ele>
<time>2026-05-12T10:25:59Z</time>
<extensions>
<gpxtpx:TrackPointExtension>
<gpxtpx:hr>166</gpxtpx:hr>
</gpxtpx:TrackPointExtension>
</extensions>
</trkpt>
<trkpt lat="36.9746936" lon="127.8819848">
<ele>74.445</ele>
<time>2026-05-12T10:26:00Z</time>
<extensions>
<gpxtpx:TrackPointExtension>
<gpxtpx:hr>166</gpxtpx:hr>
</gpxtpx:TrackPointExtension>
</extensions>
</trkpt>
<trkpt lat="36.9746909" lon="127.8820174">
<ele>74.467</ele>
<time>2026-05-12T10:26:01Z</time>
<extensions>
<gpxtpx:TrackPointExtension>
<gpxtpx:hr>166</gpxtpx:hr>
</gpxtpx:TrackPointExtension>
</extensions>
</trkpt>
<trkpt lat="36.9746879" lon="127.8820506">
<ele>74.429</ele>
<time>2026-05-12T10:26:02Z</time>
<extensions>
<gpxtpx:TrackPointExtension>
<gpxtpx:hr>166</gpxtpx:hr>
</gpxtpx:TrackPointExtension>
</extensions>
</trkpt>
<trkpt lat="36.974685" lon="127.8820834">
<ele>74.382</ele>
<time>2026-05-12T10:26:03Z</time>
<extensions>
<gpxtpx:TrackPointExtension>
<gpxtpx:hr>166</gpxtpx:hr>
<gpxtpx:cad>181</gpxtpx:cad>
</gpxtpx:TrackPointExtension>
</extensions>
</trkpt>
<trkpt lat="36.9746825" lon="127.8821174">
<ele>74.411</ele>
<time>2026-05-12T10:26:04Z</time>
<extensions>
<gpxtpx:TrackPointExtension>
<gpxtpx:hr>166</gpxtpx:hr>
</gpxtpx:TrackPointExtension>
</extensions>
</trkpt>
<trkpt lat="36.9746798" lon="127.8821512">
<ele>74.414</ele>
<time>2026-05-12T10:26:05Z</time>
<extensions>
<gpxtpx:TrackPointExtension>
<gpxtpx:hr>166</gpxtpx:hr>
</gpxtpx:TrackPointExtension>
</extensions>
</trkpt>
<trkpt lat="36.9746772" lon="127.8821851">
<ele>74.458</ele>
<time>2026-05-12T10:26:06Z</time>
<extensions>
<gpxtpx:TrackPointExtension>
<gpxtpx:hr>166</gpxtpx:hr>
</gpxtpx:TrackPointExtension>
</extensions>
</trkpt>
<trkpt lat="36.9746746" lon="127.8822191">
<ele>74.47</ele>
<time>2026-05-12T10:26:07Z</time>
<extensions>
<gpxtpx:TrackPointExtension>
<gpxtpx:hr>166</gpxtpx:hr>
</gpxtpx:TrackPointExtension>
</extensions>
</trkpt>
<trkpt lat="36.9746709" lon="127.8822521">
<ele>74.474</ele>
<time>2026-05-12T10:26:08Z</time>
<extensions>
<gpxtpx:TrackPointExtension>
<gpxtpx:hr>166</gpxtpx:hr>
<gpxtpx:cad>181</gpxtpx:cad>
</gpxtpx:TrackPointExtension>
</extensions>
</trkpt>
<trkpt lat="36.9746682" lon="127.882286">
<ele>74.436</ele>
<time>2026-05-12T10:26:09Z</time>
<extensions>
<gpxtpx:TrackPointExtension>
<gpxtpx:hr>166</gpxtpx:hr>
</gpxtpx:TrackPointExtension>
</extensions>
</trkpt>
<trkpt lat="36.9746658" lon="127.8823199">
<ele>74.374</ele>
<time>2026-05-12T10:26:10Z</time>
<extensions>
<gpxtpx:TrackPointExtension>
<gpxtpx:hr>165</gpxtpx:hr>
</gpxtpx:TrackPointExtension>
</extensions>
</trkpt>
<trkpt lat="36.974663" lon="127.8823529">
<ele>74.464</ele>
<time>2026-05-12T10:26:11Z</time>
<extensions>
<gpxtpx:TrackPointExtension>
<gpxtpx:hr>165</gpxtpx:hr>
</gpxtpx:TrackPointExtension>
</extensions>
</trkpt>
<trkpt lat="36.974662" lon="127.8823879">
<ele>74.411</ele>
<time>2026-05-12T10:26:12Z</time>
<extensions>
<gpxtpx:TrackPointExtension>
<gpxtpx:hr>165</gpxtpx:hr>
</gpxtpx:TrackPointExtension>
</extensions>
</trkpt>
<trkpt lat="36.97466" lon="127.8824218">
<ele>74.426</ele>
<time>2026-05-12T10:26:13Z</time>
<extensions>
<gpxtpx:TrackPointExtension>
<gpxtpx:hr>165</gpxtpx:hr>
<gpxtpx:cad>180</gpxtpx:cad>
</gpxtpx:TrackPointExtension>
</extensions>
</trkpt>
<trkpt lat="36.9746594" lon="127.882457">
<ele>74.427</ele>
<time>2026-05-12T10:26:14Z</time>
<extensions>
<gpxtpx:TrackPointExtension>
<gpxtpx:hr>165</gpxtpx:hr>
</gpxtpx:TrackPointExtension>
</extensions>
</trkpt>
<trkpt lat="36.9746581" lon="127.8824921">
<ele>74.412</ele>
<time>2026-05-12T10:26:15Z</time>
<extensions>
<gpxtpx:TrackPointExtension>
<gpxtpx:hr>165</gpxtpx:hr>
</gpxtpx:TrackPointExtension>
</extensions>
</trkpt>
<trkpt lat="36.9746583" lon="127.8825269">
<ele>74.416</ele>
<time>2026-05-12T10:26:16Z</time>
<extensions>
<gpxtpx:TrackPointExtension>
<gpxtpx:hr>165</gpxtpx:hr>
</gpxtpx:TrackPointExtension>
</extensions>
</trkpt>
<trkpt lat="36.9746574" lon="127.8825625">
<ele>74.417</ele>
<time>2026-05-12T10:26:17Z</time>
<extensions>
<gpxtpx:TrackPointExtension>
<gpxtpx:hr>165</gpxtpx:hr>
</gpxtpx:TrackPointExtension>
</extensions>
</trkpt>
<trkpt lat="36.9746583" lon="127.8825966">
<ele>74.462</ele>
<time>2026-05-12T10:26:18Z</time>
<extensions>
<gpxtpx:TrackPointExtension>
<gpxtpx:hr>165</gpxtpx:hr>
<gpxtpx:cad>176</gpxtpx:cad>
</gpxtpx:TrackPointExtension>
</extensions>
</trkpt>
<trkpt lat="36.9746587" lon="127.8826313">
<ele>74.462</ele>
<time>2026-05-12T10:26:19Z</time>
<extensions>
<gpxtpx:TrackPointExtension>
<gpxtpx:hr>165</gpxtpx:hr>
</gpxtpx:TrackPointExtension>
</extensions>
</trkpt>
<trkpt lat="36.9746594" lon="127.8826658">
<ele>74.413</ele>
<time>2026-05-12T10:26:20Z</time>
<extensions>
<gpxtpx:TrackPointExtension>
<gpxtpx:hr>165</gpxtpx:hr>
</gpxtpx:TrackPointExtension>
</extensions>
</trkpt>
<trkpt lat="36.9746604" lon="127.8827002">
<ele>74.457</ele>
<time>2026-05-12T10:26:21Z</time>
<extensions>
<gpxtpx:TrackPointExtension>
<gpxtpx:hr>165</gpxtpx:hr>
</gpxtpx:TrackPointExtension>
</extensions>
</trkpt>
<trkpt lat="36.974663" lon="127.882734">
<ele>74.508</ele>
<time>2026-05-12T10:26:22Z</time>
<extensions>
<gpxtpx:TrackPointExtension>
<gpxtpx:cad>175</gpxtpx:cad>
</gpxtpx:TrackPointExtension>
</extensions>
</trkpt>
<trkpt lat="36.9746639" lon="127.8827685">
<ele>74.525</ele>
<time>2026-05-12T10:26:23Z</time>
<extensions>
<gpxtpx:TrackPointExtension>
<gpxtpx:cad>176</gpxtpx:cad>
</gpxtpx:TrackPointExtension>
</extensions>
</trkpt>
<trkpt lat="36.9746671" lon="127.8828024">
<ele>74.505</ele>
<time>2026-05-12T10:26:24Z</time>
<extensions>
<gpxtpx:TrackPointExtension>
<gpxtpx:hr>165</gpxtpx:hr>
</gpxtpx:TrackPointExtension>
</extensions>
</trkpt>
<trkpt lat="36.9746694" lon="127.8828364">
<ele>74.621</ele>
<time>2026-05-12T10:26:25Z</time>
<extensions>
<gpxtpx:TrackPointExtension>
<gpxtpx:hr>165</gpxtpx:hr>
</gpxtpx:TrackPointExtension>
</extensions>
</trkpt>
<trkpt lat="36.974672" lon="127.8828702">
<ele>74.595</ele>
<time>2026-05-12T10:26:26Z</time>
<extensions>
<gpxtpx:TrackPointExtension>
<gpxtpx:hr>165</gpxtpx:hr>
</gpxtpx:TrackPointExtension>
</extensions>
</trkpt>
<trkpt lat="36.9746748" lon="127.8829039">
<ele>74.456</ele>
<time>2026-05-12T10:26:27Z</time>
<extensions>
<gpxtpx:TrackPointExtension>
<gpxtpx:hr>165</gpxtpx:hr>
</gpxtpx:TrackPointExtension>
</extensions>
</trkpt>
<trkpt lat="36.9746768" lon="127.882937">
<ele>74.425</ele>
<time>2026-05-12T10:26:28Z</time>
<extensions>
<gpxtpx:TrackPointExtension>
<gpxtpx:hr>165</gpxtpx:hr>
<gpxtpx:cad>177</gpxtpx:cad>
</gpxtpx:TrackPointExtension>
</extensions>
</trkpt>
<trkpt lat="36.9746799" lon="127.8829701">
<ele>74.52</ele>
<time>2026-05-12T10:26:29Z</time>
<extensions>
<gpxtpx:TrackPointExtension>
<gpxtpx:hr>165</gpxtpx:hr>
</gpxtpx:TrackPointExtension>
</extensions>
</trkpt>
<trkpt lat="36.9746837" lon="127.8830038">
<ele>74.71</ele>
<time>2026-05-12T10:26:30Z</time>
<extensions>
<gpxtpx:TrackPointExtension>
<gpxtpx:hr>164</gpxtpx:hr>
</gpxtpx:TrackPointExtension>
</extensions>
</trkpt>
<trkpt lat="36.9746876" lon="127.8830378">
<ele>74.55</ele>
<time>2026-05-12T10:26:31Z</time>
<extensions>
<gpxtpx:TrackPointExtension>
<gpxtpx:hr>164</gpxtpx:hr>
</gpxtpx:TrackPointExtension>
</extensions>
</trkpt>
<trkpt lat="36.9746916" lon="127.8830719">
<ele>74.498</ele>
<time>2026-05-12T10:26:32Z</time>
<extensions>
<gpxtpx:TrackPointExtension>
<gpxtpx:hr>163</gpxtpx:hr>
</gpxtpx:TrackPointExtension>
</extensions>
</trkpt>
<trkpt lat="36.9746942" lon="127.8831047">
<ele>74.496</ele>
<time>2026-05-12T10:26:33Z</time>
<extensions>
<gpxtpx:TrackPointExtension>
<gpxtpx:hr>163</gpxtpx:hr>
<gpxtpx:cad>171</gpxtpx:cad>
</gpxtpx:TrackPointExtension>
</extensions>
</trkpt>
<trkpt lat="36.9746972" lon="127.8831375">
<ele>74.493</ele>
<time>2026-05-12T10:26:34Z</time>
<extensions>
<gpxtpx:TrackPointExtension>
<gpxtpx:hr>163</gpxtpx:hr>
</gpxtpx:TrackPointExtension>
</extensions>
</trkpt>
<trkpt lat="36.9746998" lon="127.8831695">
<ele>74.511</ele>
<time>2026-05-12T10:26:35Z</time>
<extensions>
<gpxtpx:TrackPointExtension>
<gpxtpx:hr>163</gpxtpx:hr>
</gpxtpx:TrackPointExtension>
</extensions>
</trkpt>
<trkpt lat="36.9747025" lon="127.8832013">
<ele>74.439</ele>
<time>2026-05-12T10:26:36Z</time>
<extensions>
<gpxtpx:TrackPointExtension>
<gpxtpx:hr>163</gpxtpx:hr>
</gpxtpx:TrackPointExtension>
</extensions>
</trkpt>
<trkpt lat="36.9747058" lon="127.8832343">
<ele>74.399</ele>
<time>2026-05-12T10:26:37Z</time>
<extensions>
<gpxtpx:TrackPointExtension>
<gpxtpx:hr>163</gpxtpx:hr>
</gpxtpx:TrackPointExtension>
</extensions>
</trkpt>
<trkpt lat="36.9747085" lon="127.8832661">
<ele>74.363</ele>
<time>2026-05-12T10:26:38Z</time>
<extensions>
<gpxtpx:TrackPointExtension>
<gpxtpx:hr>163</gpxtpx:hr>
<gpxtpx:cad>172</gpxtpx:cad>
</gpxtpx:TrackPointExtension>
</extensions>
</trkpt>
<trkpt lat="36.974712" lon="127.8832994">
<ele>74.414</ele>
<time>2026-05-12T10:26:39Z</time>
<extensions>
<gpxtpx:TrackPointExtension>
<gpxtpx:hr>163</gpxtpx:hr>
</gpxtpx:TrackPointExtension>
</extensions>
</trkpt>
<trkpt lat="36.9747143" lon="127.8833316">
<ele>74.46</ele>
<time>2026-05-12T10:26:40Z</time>
<extensions>
<gpxtpx:TrackPointExtension>
<gpxtpx:hr>163</gpxtpx:hr>
</gpxtpx:TrackPointExtension>
</extensions>
</trkpt>
<trkpt lat="36.9747168" lon="127.8833644">
<ele>74.409</ele>
<time>2026-05-12T10:26:41Z</time>
<extensions>
<gpxtpx:TrackPointExtension>
<gpxtpx:hr>163</gpxtpx:hr>
</gpxtpx:TrackPointExtension>
</extensions>
</trkpt>
<trkpt lat="36.9747191" lon="127.883397">
<ele>74.408</ele>
<time>2026-05-12T10:26:42Z</time>
<extensions>
<gpxtpx:TrackPointExtension>
<gpxtpx:hr>163</gpxtpx:hr>
</gpxtpx:TrackPointExtension>
</extensions>
</trkpt>
<trkpt lat="36.9747216" lon="127.8834294">
<ele>74.41</ele>
<time>2026-05-12T10:26:43Z</time>
<extensions>
<gpxtpx:TrackPointExtension>
<gpxtpx:hr>163</gpxtpx:hr>
<gpxtpx:cad>178</gpxtpx:cad>
</gpxtpx:TrackPointExtension>
</extensions>
</trkpt>
<trkpt lat="36.9747226" lon="127.8834623">
<ele>74.408</ele>
<time>2026-05-12T10:26:44Z</time>
<extensions>
<gpxtpx:TrackPointExtension>
<gpxtpx:hr>163</gpxtpx:hr>
</gpxtpx:TrackPointExtension>
</extensions>
</trkpt>
<trkpt lat="36.9747243" lon="127.8834942">
<ele>74.371</ele>
<time>2026-05-12T10:26:45Z</time>
<extensions>
<gpxtpx:TrackPointExtension>
<gpxtpx:hr>162</gpxtpx:hr>
</gpxtpx:TrackPointExtension>
</extensions>
</trkpt>
<trkpt lat="36.9747257" lon="127.8835273">
<ele>74.34</ele>
<time>2026-05-12T10:26:46Z</time>
<extensions>
<gpxtpx:TrackPointExtension>
<gpxtpx:hr>163</gpxtpx:hr>
</gpxtpx:TrackPointExtension>
</extensions>
</trkpt>
<trkpt lat="36.9747277" lon="127.8835589">
<ele>74.338</ele>
<time>2026-05-12T10:26:47Z</time>
<extensions>
<gpxtpx:TrackPointExtension>
<gpxtpx:hr>163</gpxtpx:hr>
</gpxtpx:TrackPointExtension>
</extensions>
</trkpt>
<trkpt lat="36.9747294" lon="127.8835922">
<ele>74.355</ele>
<time>2026-05-12T10:26:48Z</time>
<extensions>
<gpxtpx:TrackPointExtension>
<gpxtpx:hr>163</gpxtpx:hr>
<gpxtpx:cad>180</gpxtpx:cad>
</gpxtpx:TrackPointExtension>
</extensions>
</trkpt>
<trkpt lat="36.9747314" lon="127.8836243">
<ele>74.306</ele>
<time>2026-05-12T10:26:49Z</time>
<extensions>
<gpxtpx:TrackPointExtension>
<gpxtpx:hr>163</gpxtpx:hr>
</gpxtpx:TrackPointExtension>
</extensions>
</trkpt>
<trkpt lat="36.9747333" lon="127.8836577">
<ele>74.205</ele>
<time>2026-05-12T10:26:50Z</time>
<extensions>
<gpxtpx:TrackPointExtension>
<gpxtpx:hr>163</gpxtpx:hr>
</gpxtpx:TrackPointExtension>
</extensions>
</trkpt>
<trkpt lat="36.9747353" lon="127.8836902">
<ele>74.17</ele>
<time>2026-05-12T10:26:51Z</time>
<extensions>
<gpxtpx:TrackPointExtension>
<gpxtpx:hr>163</gpxtpx:hr>
</gpxtpx:TrackPointExtension>
</extensions>
</trkpt>
<trkpt lat="36.9747374" lon="127.8837232">
<ele>74.277</ele>
<time>2026-05-12T10:26:52Z</time>
<extensions>
<gpxtpx:TrackPointExtension>
<gpxtpx:hr>163</gpxtpx:hr>
</gpxtpx:TrackPointExtension>
</extensions>
</trkpt>
<trkpt lat="36.9747396" lon="127.8837563">
<ele>74.347</ele>
<time>2026-05-12T10:26:53Z</time>
<extensions>
<gpxtpx:TrackPointExtension>
<gpxtpx:hr>163</gpxtpx:hr>
<gpxtpx:cad>177</gpxtpx:cad>
</gpxtpx:TrackPointExtension>
</extensions>
</trkpt>
<trkpt lat="36.9747418" lon="127.8837895">
<ele>74.417</ele>
<time>2026-05-12T10:26:54Z</time>
<extensions>
<gpxtpx:TrackPointExtension>
<gpxtpx:hr>162</gpxtpx:hr>
</gpxtpx:TrackPointExtension>
</extensions>
</trkpt>
<trkpt lat="36.974744" lon="127.8838228">
<ele>74.452</ele>
<time>2026-05-12T10:26:55Z</time>
<extensions>
<gpxtpx:TrackPointExtension>
<gpxtpx:hr>162</gpxtpx:hr>
</gpxtpx:TrackPointExtension>
</extensions>
</trkpt>
<trkpt lat="36.9747463" lon="127.8838562">
<ele>74.467</ele>
<time>2026-05-12T10:26:56Z</time>
<extensions>
<gpxtpx:TrackPointExtension>
<gpxtpx:hr>161</gpxtpx:hr>
<gpxtpx:cad>176</gpxtpx:cad>
</gpxtpx:TrackPointExtension>
</extensions>
</trkpt>
<trkpt lat="36.9747486" lon="127.8838898">
<ele>74.524</ele>
<time>2026-05-12T10:26:57Z</time>
<extensions>
<gpxtpx:TrackPointExtension>
<gpxtpx:hr>161</gpxtpx:hr>
</gpxtpx:TrackPointExtension>
</extensions>
</trkpt>
<trkpt lat="36.9747497" lon="127.8839237">
<ele>74.526</ele>
<time>2026-05-12T10:26:58Z</time>
<extensions>
<gpxtpx:TrackPointExtension>
<gpxtpx:hr>161</gpxtpx:hr>
<gpxtpx:cad>176</gpxtpx:cad>
</gpxtpx:TrackPointExtension>
</extensions>
</trkpt>
<trkpt lat="36.9747519" lon="127.8839573">
<ele>74.551</ele>
<time>2026-05-12T10:26:59Z</time>
<extensions>
<gpxtpx:TrackPointExtension>
<gpxtpx:hr>160</gpxtpx:hr>
</gpxtpx:TrackPointExtension>
</extensions>
</trkpt>
<trkpt lat="36.974755" lon="127.8839908">
<ele>74.57</ele>
<time>2026-05-12T10:27:00Z</time>
<extensions>
<gpxtpx:TrackPointExtension>
<gpxtpx:hr>160</gpxtpx:hr>
</gpxtpx:TrackPointExtension>
</extensions>
</trkpt>
<trkpt lat="36.9747593" lon="127.8840239">
<ele>74.587</ele>
<time>2026-05-12T10:27:01Z</time>
<extensions>
<gpxtpx:TrackPointExtension>
<gpxtpx:hr>159</gpxtpx:hr>
</gpxtpx:TrackPointExtension>
</extensions>
</trkpt>
<trkpt lat="36.974764" lon="127.884057">
<ele>74.602</ele>
<time>2026-05-12T10:27:02Z</time>
<extensions>
<gpxtpx:TrackPointExtension>
<gpxtpx:hr>159</gpxtpx:hr>
</gpxtpx:TrackPointExtension>
</extensions>
</trkpt>
<trkpt lat="36.974769" lon="127.88409">
<ele>74.637</ele>
<time>2026-05-12T10:27:03Z</time>
<extensions>
<gpxtpx:TrackPointExtension>
<gpxtpx:hr>159</gpxtpx:hr>
<gpxtpx:cad>179</gpxtpx:cad>
</gpxtpx:TrackPointExtension>
</extensions>
</trkpt>
<trkpt lat="36.974773" lon="127.8841231">
<ele>74.619</ele>
<time>2026-05-12T10:27:04Z</time>
<extensions>
<gpxtpx:TrackPointExtension>
<gpxtpx:hr>158</gpxtpx:hr>
</gpxtpx:TrackPointExtension>
</extensions>
</trkpt>
<trkpt lat="36.9747758" lon="127.8841562">
<ele>74.619</ele>
<time>2026-05-12T10:27:05Z</time>
<extensions>
<gpxtpx:TrackPointExtension>
<gpxtpx:hr>158</gpxtpx:hr>
</gpxtpx:TrackPointExtension>
</extensions>
</trkpt>
<trkpt lat="36.9747802" lon="127.8841892">
<ele>74.65</ele>
<time>2026-05-12T10:27:06Z</time>
<extensions>
<gpxtpx:TrackPointExtension>
<gpxtpx:hr>158</gpxtpx:hr>
</gpxtpx:TrackPointExtension>
</extensions>
</trkpt>
<trkpt lat="36.9747817" lon="127.8842222">
<ele>74.625</ele>
<time>2026-05-12T10:27:07Z</time>
<extensions>
<gpxtpx:TrackPointExtension>
<gpxtpx:hr>158</gpxtpx:hr>
</gpxtpx:TrackPointExtension>
</extensions>
</trkpt>
<trkpt lat="36.9747839" lon="127.8842552">
<ele>74.672</ele>
<time>2026-05-12T10:27:08Z</time>
<extensions>
<gpxtpx:TrackPointExtension>
<gpxtpx:hr>158</gpxtpx:hr>
<gpxtpx:cad>181</gpxtpx:cad>
</gpxtpx:TrackPointExtension>
</extensions>
</trkpt>
<trkpt lat="36.9747858" lon="127.884288">
<ele>74.677</ele>
<time>2026-05-12T10:27:09Z</time>
<extensions>
<gpxtpx:TrackPointExtension>
<gpxtpx:hr>158</gpxtpx:hr>
</gpxtpx:TrackPointExtension>
</extensions>
</trkpt>
<trkpt lat="36.9747872" lon="127.8843208">
<ele>74.747</ele>
<time>2026-05-12T10:27:10Z</time>
<extensions>
<gpxtpx:TrackPointExtension>
<gpxtpx:hr>158</gpxtpx:hr>
</gpxtpx:TrackPointExtension>
</extensions>
</trkpt>
<trkpt lat="36.9747882" lon="127.8843536">
<ele>74.748</ele>
<time>2026-05-12T10:27:11Z</time>
<extensions>
<gpxtpx:TrackPointExtension>
<gpxtpx:hr>159</gpxtpx:hr>
</gpxtpx:TrackPointExtension>
</extensions>
</trkpt>
<trkpt lat="36.9747886" lon="127.8843864">
<ele>74.755</ele>
<time>2026-05-12T10:27:12Z</time>
<extensions>
<gpxtpx:TrackPointExtension>
<gpxtpx:hr>159</gpxtpx:hr>
</gpxtpx:TrackPointExtension>
</extensions>
</trkpt>
<trkpt lat="36.9747886" lon="127.8844193">
<ele>74.805</ele>
<time>2026-05-12T10:27:13Z</time>
<extensions>
<gpxtpx:TrackPointExtension>
<gpxtpx:hr>159</gpxtpx:hr>
<gpxtpx:cad>181</gpxtpx:cad>
</gpxtpx:TrackPointExtension>
</extensions>
</trkpt>
<trkpt lat="36.9747874" lon="127.8844525">
<ele>74.828</ele>
<time>2026-05-12T10:27:14Z</time>
<extensions>
<gpxtpx:TrackPointExtension>
<gpxtpx:hr>159</gpxtpx:hr>
</gpxtpx:TrackPointExtension>
</extensions>
</trkpt>
<trkpt lat="36.9747877" lon="127.8844854">
<ele>74.909</ele>
<time>2026-05-12T10:27:15Z</time>
<extensions>
<gpxtpx:TrackPointExtension>
<gpxtpx:hr>160</gpxtpx:hr>
</gpxtpx:TrackPointExtension>
</extensions>
</trkpt>
<trkpt lat="36.9747869" lon="127.884519">
<ele>74.931</ele>
<time>2026-05-12T10:27:16Z</time>
<extensions>
<gpxtpx:TrackPointExtension>
<gpxtpx:hr>160</gpxtpx:hr>
</gpxtpx:TrackPointExtension>
</extensions>
</trkpt>
<trkpt lat="36.9747862" lon="127.884552">
<ele>75.004</ele>
<time>2026-05-12T10:27:17Z</time>
<extensions>
<gpxtpx:TrackPointExtension>
<gpxtpx:hr>160</gpxtpx:hr>
</gpxtpx:TrackPointExtension>
</extensions>
</trkpt>
<trkpt lat="36.9747862" lon="127.8845862">
<ele>75.002</ele>
<time>2026-05-12T10:27:18Z</time>
<extensions>
<gpxtpx:TrackPointExtension>
<gpxtpx:hr>161</gpxtpx:hr>
<gpxtpx:cad>181</gpxtpx:cad>
</gpxtpx:TrackPointExtension>
</extensions>
</trkpt>
<trkpt lat="36.9747854" lon="127.8846196">
<ele>75.073</ele>
<time>2026-05-12T10:27:19Z</time>
<extensions>
<gpxtpx:TrackPointExtension>
<gpxtpx:hr>161</gpxtpx:hr>
</gpxtpx:TrackPointExtension>
</extensions>
</trkpt>
<trkpt lat="36.974787" lon="127.8846548">
<ele>75.108</ele>
<time>2026-05-12T10:27:20Z</time>
<extensions>
<gpxtpx:TrackPointExtension>
<gpxtpx:hr>162</gpxtpx:hr>
</gpxtpx:TrackPointExtension>
</extensions>
</trkpt>
<trkpt lat="36.9747863" lon="127.8846886">
<ele>75.147</ele>
<time>2026-05-12T10:27:21Z</time>
<extensions>
<gpxtpx:TrackPointExtension>
<gpxtpx:hr>162</gpxtpx:hr>
</gpxtpx:TrackPointExtension>
</extensions>
</trkpt>
<trkpt lat="36.974787" lon="127.8847234">
<ele>75.176</ele>
<time>2026-05-12T10:27:22Z</time>
<extensions>
<gpxtpx:TrackPointExtension>
<gpxtpx:hr>162</gpxtpx:hr>
</gpxtpx:TrackPointExtension>
</extensions>
</trkpt>
<trkpt lat="36.9747877" lon="127.8847581">
<ele>75.146</ele>
<time>2026-05-12T10:27:23Z</time>
<extensions>
<gpxtpx:TrackPointExtension>
<gpxtpx:hr>163</gpxtpx:hr>
<gpxtpx:cad>181</gpxtpx:cad>
</gpxtpx:TrackPointExtension>
</extensions>
</trkpt>
<trkpt lat="36.9747872" lon="127.8847918">
<ele>75.195</ele>
<time>2026-05-12T10:27:24Z</time>
<extensions>
<gpxtpx:TrackPointExtension>
<gpxtpx:hr>163</gpxtpx:hr>
</gpxtpx:TrackPointExtension>
</extensions>
</trkpt>
<trkpt lat="36.9747897" lon="127.8848268">
<ele>75.213</ele>
<time>2026-05-12T10:27:25Z</time>
<extensions>
<gpxtpx:TrackPointExtension>
<gpxtpx:hr>163</gpxtpx:hr>
</gpxtpx:TrackPointExtension>
</extensions>
</trkpt>
<trkpt lat="36.9747901" lon="127.8848613">
<ele>75.216</ele>
<time>2026-05-12T10:27:26Z</time>
<extensions>
<gpxtpx:TrackPointExtension>
<gpxtpx:hr>163</gpxtpx:hr>
</gpxtpx:TrackPointExtension>
</extensions>
</trkpt>
<trkpt lat="36.9747933" lon="127.884896">
<ele>75.283</ele>
<time>2026-05-12T10:27:27Z</time>
<extensions>
<gpxtpx:TrackPointExtension>
<gpxtpx:hr>164</gpxtpx:hr>
</gpxtpx:TrackPointExtension>
</extensions>
</trkpt>
<trkpt lat="36.9747953" lon="127.8849313">
<ele>75.285</ele>
<time>2026-05-12T10:27:28Z</time>
<extensions>
<gpxtpx:TrackPointExtension>
<gpxtpx:hr>164</gpxtpx:hr>
<gpxtpx:cad>180</gpxtpx:cad>
</gpxtpx:TrackPointExtension>
</extensions>
</trkpt>
<trkpt lat="36.9747996" lon="127.8849654">
<ele>75.275</ele>
<time>2026-05-12T10:27:29Z</time>
<extensions>
<gpxtpx:TrackPointExtension>
<gpxtpx:hr>164</gpxtpx:hr>
<gpxtpx:cad>180</gpxtpx:cad>
</gpxtpx:TrackPointExtension>
</extensions>
</trkpt>
<trkpt lat="36.9748025" lon="127.8850008">
<ele>75.26</ele>
<time>2026-05-12T10:27:30Z</time>
<extensions>
<gpxtpx:TrackPointExtension>
<gpxtpx:hr>164</gpxtpx:hr>
</gpxtpx:TrackPointExtension>
</extensions>
</trkpt>
<trkpt lat="36.9748074" lon="127.8850345">
<ele>75.274</ele>
<time>2026-05-12T10:27:31Z</time>
<extensions>
<gpxtpx:TrackPointExtension>
<gpxtpx:hr>163</gpxtpx:hr>
</gpxtpx:TrackPointExtension>
</extensions>
</trkpt>
<trkpt lat="36.9748104" lon="127.8850722">
<ele>75.286</ele>
<time>2026-05-12T10:27:32Z</time>
<extensions>
<gpxtpx:TrackPointExtension>
<gpxtpx:hr>163</gpxtpx:hr>
</gpxtpx:TrackPointExtension>
</extensions>
</trkpt>
<trkpt lat="36.9748143" lon="127.8851069">
<ele>75.214</ele>
<time>2026-05-12T10:27:33Z</time>
<extensions>
<gpxtpx:TrackPointExtension>
<gpxtpx:hr>163</gpxtpx:hr>
<gpxtpx:cad>177</gpxtpx:cad>
</gpxtpx:TrackPointExtension>
</extensions>
</trkpt>
<trkpt lat="36.9748182" lon="127.8851408">
<ele>75.187</ele>
<time>2026-05-12T10:27:34Z</time>
<extensions>
<gpxtpx:TrackPointExtension>
<gpxtpx:hr>163</gpxtpx:hr>
</gpxtpx:TrackPointExtension>
</extensions>
</trkpt>
<trkpt lat="36.9748227" lon="127.8851729">
<ele>75.163</ele>
<time>2026-05-12T10:27:35Z</time>
<extensions>
<gpxtpx:TrackPointExtension>
<gpxtpx:hr>163</gpxtpx:hr>
</gpxtpx:TrackPointExtension>
</extensions>
</trkpt>
<trkpt lat="36.9748282" lon="127.8852036">
<ele>75.125</ele>
<time>2026-05-12T10:27:36Z</time>
<extensions>
<gpxtpx:TrackPointExtension>
<gpxtpx:hr>163</gpxtpx:hr>
</gpxtpx:TrackPointExtension>
</extensions>
</trkpt>
<trkpt lat="36.9748345" lon="127.8852339">
<ele>75.134</ele>
<time>2026-05-12T10:27:37Z</time>
<extensions>
<gpxtpx:TrackPointExtension>
<gpxtpx:hr>163</gpxtpx:hr>
</gpxtpx:TrackPointExtension>
</extensions>
</trkpt>
<trkpt lat="36.9748419" lon="127.8852648">
<ele>75.12</ele>
<time>2026-05-12T10:27:38Z</time>
<extensions>
<gpxtpx:TrackPointExtension>
<gpxtpx:hr>163</gpxtpx:hr>
<gpxtpx:cad>176</gpxtpx:cad>
</gpxtpx:TrackPointExtension>
</extensions>
</trkpt>
<trkpt lat="36.9748504" lon="127.8852961">
<ele>75.072</ele>
<time>2026-05-12T10:27:39Z</time>
<extensions>
<gpxtpx:TrackPointExtension>
<gpxtpx:hr>163</gpxtpx:hr>
</gpxtpx:TrackPointExtension>
</extensions>
</trkpt>
<trkpt lat="36.97486" lon="127.8853272">
<ele>74.981</ele>
<time>2026-05-12T10:27:40Z</time>
<extensions>
<gpxtpx:TrackPointExtension>
<gpxtpx:hr>163</gpxtpx:hr>
</gpxtpx:TrackPointExtension>
</extensions>
</trkpt>
<trkpt lat="36.9748713" lon="127.8853574">
<ele>74.951</ele>
<time>2026-05-12T10:27:41Z</time>
<extensions>
<gpxtpx:TrackPointExtension>
<gpxtpx:hr>163</gpxtpx:hr>
</gpxtpx:TrackPointExtension>
</extensions>
</trkpt>
<trkpt lat="36.9748831" lon="127.8853873">
<ele>74.916</ele>
<time>2026-05-12T10:27:42Z</time>
<extensions>
<gpxtpx:TrackPointExtension>
<gpxtpx:hr>163</gpxtpx:hr>
</gpxtpx:TrackPointExtension>
</extensions>
</trkpt>
<trkpt lat="36.9748977" lon="127.8854156">
<ele>74.917</ele>
<time>2026-05-12T10:27:43Z</time>
<extensions>
<gpxtpx:TrackPointExtension>
<gpxtpx:hr>163</gpxtpx:hr>
<gpxtpx:cad>179</gpxtpx:cad>
</gpxtpx:TrackPointExtension>
</extensions>
</trkpt>
<trkpt lat="36.974913" lon="127.8854434">
<ele>74.846</ele>
<time>2026-05-12T10:27:44Z</time>
<extensions>
<gpxtpx:TrackPointExtension>
<gpxtpx:hr>163</gpxtpx:hr>
</gpxtpx:TrackPointExtension>
</extensions>
</trkpt>
<trkpt lat="36.9749309" lon="127.8854694">
<ele>74.765</ele>
<time>2026-05-12T10:27:45Z</time>
<extensions>
<gpxtpx:TrackPointExtension>
<gpxtpx:hr>163</gpxtpx:hr>
</gpxtpx:TrackPointExtension>
</extensions>
</trkpt>
<trkpt lat="36.9749495" lon="127.8854949">
<ele>74.655</ele>
<time>2026-05-12T10:27:46Z</time>
<extensions>
<gpxtpx:TrackPointExtension>
<gpxtpx:hr>163</gpxtpx:hr>
</gpxtpx:TrackPointExtension>
</extensions>
</trkpt>
<trkpt lat="36.9749696" lon="127.8855184">
<ele>74.493</ele>
<time>2026-05-12T10:27:47Z</time>
<extensions>
<gpxtpx:TrackPointExtension>
<gpxtpx:hr>164</gpxtpx:hr>
</gpxtpx:TrackPointExtension>
</extensions>
</trkpt>
<trkpt lat="36.9749903" lon="127.8855395">
<ele>74.32</ele>
<time>2026-05-12T10:27:48Z</time>
<extensions>
<gpxtpx:TrackPointExtension>
<gpxtpx:hr>164</gpxtpx:hr>
<gpxtpx:cad>181</gpxtpx:cad>
</gpxtpx:TrackPointExtension>
</extensions>
</trkpt>
<trkpt lat="36.9750112" lon="127.8855598">
<ele>74.304</ele>
<time>2026-05-12T10:27:49Z</time>
<extensions>
<gpxtpx:TrackPointExtension>
<gpxtpx:hr>164</gpxtpx:hr>
</gpxtpx:TrackPointExtension>
</extensions>
</trkpt>
<trkpt lat="36.9750324" lon="127.8855767">
<ele>74.288</ele>
<time>2026-05-12T10:27:50Z</time>
<extensions>
<gpxtpx:TrackPointExtension>
<gpxtpx:hr>164</gpxtpx:hr>
</gpxtpx:TrackPointExtension>
</extensions>
</trkpt>
<trkpt lat="36.9750538" lon="127.8855922">
<ele>74.242</ele>
<time>2026-05-12T10:27:51Z</time>
<extensions>
<gpxtpx:TrackPointExtension>
<gpxtpx:hr>163</gpxtpx:hr>
</gpxtpx:TrackPointExtension>
</extensions>
</trkpt>
<trkpt lat="36.9750751" lon="127.8856067">
<ele>74.175</ele>
<time>2026-05-12T10:27:52Z</time>
<extensions>
<gpxtpx:TrackPointExtension>
<gpxtpx:hr>163</gpxtpx:hr>
</gpxtpx:TrackPointExtension>
</extensions>
</trkpt>
<trkpt lat="36.9750963" lon="127.8856207">
<ele>74.122</ele>
<time>2026-05-12T10:27:53Z</time>
<extensions>
<gpxtpx:TrackPointExtension>
<gpxtpx:hr>163</gpxtpx:hr>
<gpxtpx:cad>178</gpxtpx:cad>
</gpxtpx:TrackPointExtension>
</extensions>
</trkpt>
<trkpt lat="36.9751174" lon="127.8856345">
<ele>74.058</ele>
<time>2026-05-12T10:27:54Z</time>
<extensions>
<gpxtpx:TrackPointExtension>
<gpxtpx:hr>163</gpxtpx:hr>
</gpxtpx:TrackPointExtension>
</extensions>
</trkpt>
<trkpt lat="36.9751383" lon="127.8856482">
<ele>74.008</ele>
<time>2026-05-12T10:27:55Z</time>
<extensions>
<gpxtpx:TrackPointExtension>
<gpxtpx:hr>162</gpxtpx:hr>
</gpxtpx:TrackPointExtension>
</extensions>
</trkpt>
<trkpt lat="36.9751592" lon="127.885662">
<ele>74.0</ele>
<time>2026-05-12T10:27:56Z</time>
<extensions>
<gpxtpx:TrackPointExtension>
<gpxtpx:hr>162</gpxtpx:hr>
</gpxtpx:TrackPointExtension>
</extensions>
</trkpt>
<trkpt lat="36.9751799" lon="127.8856758">
<ele>73.882</ele>
<time>2026-05-12T10:27:57Z</time>
<extensions>
<gpxtpx:TrackPointExtension>
<gpxtpx:hr>162</gpxtpx:hr>
</gpxtpx:TrackPointExtension>
</extensions>
</trkpt>
<trkpt lat="36.9752006" lon="127.8856896">
<ele>73.805</ele>
<time>2026-05-12T10:27:58Z</time>
<extensions>
<gpxtpx:TrackPointExtension>
<gpxtpx:hr>161</gpxtpx:hr>
<gpxtpx:cad>175</gpxtpx:cad>
</gpxtpx:TrackPointExtension>
</extensions>
</trkpt>
<trkpt lat="36.975221" lon="127.8857033">
<ele>73.789</ele>
<time>2026-05-12T10:27:59Z</time>
<extensions>
<gpxtpx:TrackPointExtension>
<gpxtpx:hr>161</gpxtpx:hr>
</gpxtpx:TrackPointExtension>
</extensions>
</trkpt>
<trkpt lat="36.9752415" lon="127.8857169">
<ele>73.736</ele>
<time>2026-05-12T10:28:00Z</time>
<extensions>
<gpxtpx:TrackPointExtension>
<gpxtpx:hr>161</gpxtpx:hr>
</gpxtpx:TrackPointExtension>
</extensions>
</trkpt>
<trkpt lat="36.9752619" lon="127.8857303">
<ele>73.664</ele>
<time>2026-05-12T10:28:01Z</time>
<extensions>
<gpxtpx:TrackPointExtension>
<gpxtpx:hr>161</gpxtpx:hr>
</gpxtpx:TrackPointExtension>
</extensions>
</trkpt>
<trkpt lat="36.9752825" lon="127.8857432">
<ele>73.683</ele>
<time>2026-05-12T10:28:02Z</time>
<extensions>
<gpxtpx:TrackPointExtension>
<gpxtpx:hr>161</gpxtpx:hr>
</gpxtpx:TrackPointExtension>
</extensions>
</trkpt>
<trkpt lat="36.9753035" lon="127.8857551">
<ele>73.721</ele>
<time>2026-05-12T10:28:03Z</time>
<extensions>
<gpxtpx:TrackPointExtension>
<gpxtpx:hr>161</gpxtpx:hr>
<gpxtpx:cad>177</gpxtpx:cad>
</gpxtpx:TrackPointExtension>
</extensions>
</trkpt>
<trkpt lat="36.9753245" lon="127.8857667">
<ele>73.728</ele>
<time>2026-05-12T10:28:04Z</time>
<extensions>
<gpxtpx:TrackPointExtension>
<gpxtpx:hr>161</gpxtpx:hr>
<gpxtpx:cad>178</gpxtpx:cad>
</gpxtpx:TrackPointExtension>
</extensions>
</trkpt>
<trkpt lat="36.975346" lon="127.8857772">
<ele>73.766</ele>
<time>2026-05-12T10:28:05Z</time>
<extensions>
<gpxtpx:TrackPointExtension>
<gpxtpx:hr>161</gpxtpx:hr>
</gpxtpx:TrackPointExtension>
</extensions>
</trkpt>
<trkpt lat="36.9753678" lon="127.8857864">
<ele>73.789</ele>
<time>2026-05-12T10:28:06Z</time>
<extensions>
<gpxtpx:TrackPointExtension>
<gpxtpx:hr>162</gpxtpx:hr>
</gpxtpx:TrackPointExtension>
</extensions>
</trkpt>
<trkpt lat="36.9753901" lon="127.8857941">
<ele>73.798</ele>
<time>2026-05-12T10:28:07Z</time>
<extensions>
<gpxtpx:TrackPointExtension>
<gpxtpx:hr>162</gpxtpx:hr>
</gpxtpx:TrackPointExtension>
</extensions>
</trkpt>
<trkpt lat="36.9754132" lon="127.8857986">
<ele>73.755</ele>
<time>2026-05-12T10:28:08Z</time>
<extensions>
<gpxtpx:TrackPointExtension>
<gpxtpx:hr>161</gpxtpx:hr>
<gpxtpx:cad>177</gpxtpx:cad>
</gpxtpx:TrackPointExtension>
</extensions>
</trkpt>
<trkpt lat="36.9754359" lon="127.8858043">
<ele>73.754</ele>
<time>2026-05-12T10:28:09Z</time>
<extensions>
<gpxtpx:TrackPointExtension>
<gpxtpx:hr>161</gpxtpx:hr>
</gpxtpx:TrackPointExtension>
</extensions>
</trkpt>
<trkpt lat="36.9754594" lon="127.8858068">
<ele>73.764</ele>
<time>2026-05-12T10:28:10Z</time>
<extensions>
<gpxtpx:TrackPointExtension>
<gpxtpx:hr>161</gpxtpx:hr>
</gpxtpx:TrackPointExtension>
</extensions>
</trkpt>
<trkpt lat="36.9754833" lon="127.8858078">
<ele>73.755</ele>
<time>2026-05-12T10:28:11Z</time>
<extensions>
<gpxtpx:TrackPointExtension>
<gpxtpx:hr>160</gpxtpx:hr>
</gpxtpx:TrackPointExtension>
</extensions>
</trkpt>
<trkpt lat="36.9755074" lon="127.8858083">
<ele>73.716</ele>
<time>2026-05-12T10:28:12Z</time>
<extensions>
<gpxtpx:TrackPointExtension>
<gpxtpx:hr>160</gpxtpx:hr>
</gpxtpx:TrackPointExtension>
</extensions>
</trkpt>
<trkpt lat="36.9755322" lon="127.8858058">
<ele>73.769</ele>
<time>2026-05-12T10:28:13Z</time>
<extensions>
<gpxtpx:TrackPointExtension>
<gpxtpx:hr>160</gpxtpx:hr>
<gpxtpx:cad>176</gpxtpx:cad>
</gpxtpx:TrackPointExtension>
</extensions>
</trkpt>
<trkpt lat="36.975557" lon="127.8858037">
<ele>73.843</ele>
<time>2026-05-12T10:28:14Z</time>
<extensions>
<gpxtpx:TrackPointExtension>
<gpxtpx:hr>160</gpxtpx:hr>
</gpxtpx:TrackPointExtension>
</extensions>
</trkpt>
<trkpt lat="36.9755822" lon="127.8857998">
<ele>73.853</ele>
<time>2026-05-12T10:28:15Z</time>
<extensions>
<gpxtpx:TrackPointExtension>
<gpxtpx:hr>160</gpxtpx:hr>
</gpxtpx:TrackPointExtension>
</extensions>
</trkpt>
<trkpt lat="36.9756074" lon="127.8857961">
<ele>73.769</ele>
<time>2026-05-12T10:28:16Z</time>
<extensions>
<gpxtpx:TrackPointExtension>
<gpxtpx:hr>160</gpxtpx:hr>
</gpxtpx:TrackPointExtension>
</extensions>
</trkpt>
<trkpt lat="36.975633" lon="127.8857919">
<ele>73.737</ele>
<time>2026-05-12T10:28:17Z</time>
<extensions>
<gpxtpx:TrackPointExtension>
<gpxtpx:hr>160</gpxtpx:hr>
</gpxtpx:TrackPointExtension>
</extensions>
</trkpt>
<trkpt lat="36.9756587" lon="127.8857881">
<ele>73.682</ele>
<time>2026-05-12T10:28:18Z</time>
<extensions>
<gpxtpx:TrackPointExtension>
<gpxtpx:hr>160</gpxtpx:hr>
<gpxtpx:cad>179</gpxtpx:cad>
</gpxtpx:TrackPointExtension>
</extensions>
</trkpt>
<trkpt lat="36.9756854" lon="127.8857855">
<ele>73.635</ele>
<time>2026-05-12T10:28:19Z</time>
<extensions>
<gpxtpx:TrackPointExtension>
<gpxtpx:hr>161</gpxtpx:hr>
</gpxtpx:TrackPointExtension>
</extensions>
</trkpt>
<trkpt lat="36.9757118" lon="127.8857828">
<ele>73.64</ele>
<time>2026-05-12T10:28:20Z</time>
<extensions>
<gpxtpx:TrackPointExtension>
<gpxtpx:hr>161</gpxtpx:hr>
</gpxtpx:TrackPointExtension>
</extensions>
</trkpt>
<trkpt lat="36.9757389" lon="127.8857806">
<ele>73.679</ele>
<time>2026-05-12T10:28:21Z</time>
<extensions>
<gpxtpx:TrackPointExtension>
<gpxtpx:hr>161</gpxtpx:hr>
</gpxtpx:TrackPointExtension>
</extensions>
</trkpt>
<trkpt lat="36.9757661" lon="127.8857782">
<ele>73.675</ele>
<time>2026-05-12T10:28:22Z</time>
<extensions>
<gpxtpx:TrackPointExtension>
<gpxtpx:hr>161</gpxtpx:hr>
</gpxtpx:TrackPointExtension>
</extensions>
</trkpt>
<trkpt lat="36.9757929" lon="127.8857752">
<ele>73.73</ele>
<time>2026-05-12T10:28:23Z</time>
<extensions>
<gpxtpx:TrackPointExtension>
<gpxtpx:hr>161</gpxtpx:hr>
<gpxtpx:cad>182</gpxtpx:cad>
</gpxtpx:TrackPointExtension>
</extensions>
</trkpt>
<trkpt lat="36.9758194" lon="127.8857722">
<ele>73.704</ele>
<time>2026-05-12T10:28:24Z</time>
<extensions>
<gpxtpx:TrackPointExtension>
<gpxtpx:hr>162</gpxtpx:hr>
</gpxtpx:TrackPointExtension>
</extensions>
</trkpt>
<trkpt lat="36.975847" lon="127.8857693">
<ele>73.675</ele>
<time>2026-05-12T10:28:25Z</time>
<extensions>
<gpxtpx:TrackPointExtension>
<gpxtpx:hr>163</gpxtpx:hr>
</gpxtpx:TrackPointExtension>
</extensions>
</trkpt>
<trkpt lat="36.9758739" lon="127.8857665">
<ele>73.688</ele>
<time>2026-05-12T10:28:26Z</time>
<extensions>
<gpxtpx:TrackPointExtension>
<gpxtpx:hr>164</gpxtpx:hr>
</gpxtpx:TrackPointExtension>
</extensions>
</trkpt>
<trkpt lat="36.9759016" lon="127.8857634">
<ele>73.701</ele>
<time>2026-05-12T10:28:27Z</time>
<extensions>
<gpxtpx:TrackPointExtension>
<gpxtpx:hr>163</gpxtpx:hr>
</gpxtpx:TrackPointExtension>
</extensions>
</trkpt>
<trkpt lat="36.9759289" lon="127.8857609">
<ele>73.665</ele>
<time>2026-05-12T10:28:28Z</time>
<extensions>
<gpxtpx:TrackPointExtension>
<gpxtpx:hr>163</gpxtpx:hr>
<gpxtpx:cad>184</gpxtpx:cad>
</gpxtpx:TrackPointExtension>
</extensions>
</trkpt>
<trkpt lat="36.9759566" lon="127.8857576">
<ele>73.675</ele>
<time>2026-05-12T10:28:29Z</time>
<extensions>
<gpxtpx:TrackPointExtension>
<gpxtpx:hr>162</gpxtpx:hr>
</gpxtpx:TrackPointExtension>
</extensions>
</trkpt>
<trkpt lat="36.9759842" lon="127.8857548">
<ele>73.685</ele>
<time>2026-05-12T10:28:30Z</time>
<extensions>
<gpxtpx:TrackPointExtension>
<gpxtpx:hr>161</gpxtpx:hr>
</gpxtpx:TrackPointExtension>
</extensions>
</trkpt>
<trkpt lat="36.9760118" lon="127.8857519">
<ele>73.808</ele>
<time>2026-05-12T10:28:31Z</time>
<extensions>
<gpxtpx:TrackPointExtension>
<gpxtpx:hr>160</gpxtpx:hr>
</gpxtpx:TrackPointExtension>
</extensions>
</trkpt>
<trkpt lat="36.9760393" lon="127.8857489">
<ele>73.907</ele>
<time>2026-05-12T10:28:32Z</time>
<extensions>
<gpxtpx:TrackPointExtension>
<gpxtpx:hr>161</gpxtpx:hr>
</gpxtpx:TrackPointExtension>
</extensions>
</trkpt>
<trkpt lat="36.9760669" lon="127.8857459">
<ele>73.962</ele>
<time>2026-05-12T10:28:33Z</time>
<extensions>
<gpxtpx:TrackPointExtension>
<gpxtpx:hr>162</gpxtpx:hr>
<gpxtpx:cad>182</gpxtpx:cad>
</gpxtpx:TrackPointExtension>
</extensions>
</trkpt>
<trkpt lat="36.9760945" lon="127.8857429">
<ele>73.947</ele>
<time>2026-05-12T10:28:34Z</time>
<extensions>
<gpxtpx:TrackPointExtension>
<gpxtpx:hr>163</gpxtpx:hr>
</gpxtpx:TrackPointExtension>
</extensions>
</trkpt>
<trkpt lat="36.9761221" lon="127.8857399">
<ele>73.897</ele>
<time>2026-05-12T10:28:35Z</time>
<extensions>
<gpxtpx:TrackPointExtension>
<gpxtpx:hr>163</gpxtpx:hr>
</gpxtpx:TrackPointExtension>
</extensions>
</trkpt>
<trkpt lat="36.9761496" lon="127.8857371">
<ele>73.916</ele>
<time>2026-05-12T10:28:36Z</time>
<extensions>
<gpxtpx:TrackPointExtension>
<gpxtpx:hr>164</gpxtpx:hr>
</gpxtpx:TrackPointExtension>
</extensions>
</trkpt>
<trkpt lat="36.9761771" lon="127.8857344">
<ele>73.881</ele>
<time>2026-05-12T10:28:37Z</time>
<extensions>
<gpxtpx:TrackPointExtension>
<gpxtpx:hr>165</gpxtpx:hr>
</gpxtpx:TrackPointExtension>
</extensions>
</trkpt>
<trkpt lat="36.9762046" lon="127.885732">
<ele>73.821</ele>
<time>2026-05-12T10:28:38Z</time>
<extensions>
<gpxtpx:TrackPointExtension>
<gpxtpx:hr>165</gpxtpx:hr>
<gpxtpx:cad>179</gpxtpx:cad>
</gpxtpx:TrackPointExtension>
</extensions>
</trkpt>
<trkpt lat="36.976232" lon="127.8857298">
<ele>73.866</ele>
<time>2026-05-12T10:28:39Z</time>
<extensions>
<gpxtpx:TrackPointExtension>
<gpxtpx:hr>164</gpxtpx:hr>
<gpxtpx:cad>179</gpxtpx:cad>
</gpxtpx:TrackPointExtension>
</extensions>
</trkpt>
<trkpt lat="36.9762865" lon="127.8857262">
<ele>73.862</ele>
<time>2026-05-12T10:28:41Z</time>
<extensions>
<gpxtpx:TrackPointExtension>
<gpxtpx:hr>165</gpxtpx:hr>
</gpxtpx:TrackPointExtension>
</extensions>
</trkpt>
<trkpt lat="36.9763136" lon="127.8857248">
<ele>73.856</ele>
<time>2026-05-12T10:28:43Z</time>
<extensions>
<gpxtpx:TrackPointExtension>
<gpxtpx:hr>165</gpxtpx:hr>
</gpxtpx:TrackPointExtension>
</extensions>
</trkpt>
<trkpt lat="36.9763409" lon="127.8857229">
<ele>74.07</ele>
<time>2026-05-12T10:28:44Z</time>
<extensions>
<gpxtpx:TrackPointExtension>
<gpxtpx:cad>180</gpxtpx:cad>
</gpxtpx:TrackPointExtension>
</extensions>
</trkpt>
<trkpt lat="36.9763676" lon="127.8857223">
<ele>73.927</ele>
<time>2026-05-12T10:28:45Z</time>
<extensions>
<gpxtpx:TrackPointExtension>
<gpxtpx:hr>165</gpxtpx:hr>
</gpxtpx:TrackPointExtension>
</extensions>
</trkpt>
<trkpt lat="36.9763944" lon="127.8857213">
<ele>73.824</ele>
<time>2026-05-12T10:28:46Z</time>
<extensions>
<gpxtpx:TrackPointExtension>
<gpxtpx:hr>165</gpxtpx:hr>
</gpxtpx:TrackPointExtension>
</extensions>
</trkpt>
<trkpt lat="36.9764212" lon="127.8857203">
<ele>73.779</ele>
<time>2026-05-12T10:28:47Z</time>
<extensions>
<gpxtpx:TrackPointExtension>
<gpxtpx:hr>164</gpxtpx:hr>
</gpxtpx:TrackPointExtension>
</extensions>
</trkpt>
<trkpt lat="36.9764477" lon="127.8857194">
<ele>73.772</ele>
<time>2026-05-12T10:28:48Z</time>
<extensions>
<gpxtpx:TrackPointExtension>
<gpxtpx:hr>165</gpxtpx:hr>
</gpxtpx:TrackPointExtension>
</extensions>
</trkpt>
<trkpt lat="36.9764745" lon="127.8857185">
<ele>73.789</ele>
<time>2026-05-12T10:28:49Z</time>
<extensions>
<gpxtpx:TrackPointExtension>
<gpxtpx:hr>165</gpxtpx:hr>
<gpxtpx:cad>182</gpxtpx:cad>
</gpxtpx:TrackPointExtension>
</extensions>
</trkpt>
<trkpt lat="36.976501" lon="127.8857177">
<ele>73.738</ele>
<time>2026-05-12T10:28:50Z</time>
<extensions>
<gpxtpx:TrackPointExtension>
<gpxtpx:hr>166</gpxtpx:hr>
</gpxtpx:TrackPointExtension>
</extensions>
</trkpt>
<trkpt lat="36.9765276" lon="127.8857169">
<ele>73.687</ele>
<time>2026-05-12T10:28:51Z</time>
<extensions>
<gpxtpx:TrackPointExtension>
<gpxtpx:hr>167</gpxtpx:hr>
</gpxtpx:TrackPointExtension>
</extensions>
</trkpt>
<trkpt lat="36.9765543" lon="127.8857162">
<ele>73.635</ele>
<time>2026-05-12T10:28:52Z</time>
<extensions>
<gpxtpx:TrackPointExtension>
<gpxtpx:hr>167</gpxtpx:hr>
</gpxtpx:TrackPointExtension>
</extensions>
</trkpt>
<trkpt lat="36.9765807" lon="127.8857155">
<ele>73.731</ele>
<time>2026-05-12T10:28:53Z</time>
<extensions>
<gpxtpx:TrackPointExtension>
<gpxtpx:hr>166</gpxtpx:hr>
</gpxtpx:TrackPointExtension>
</extensions>
</trkpt>
<trkpt lat="36.9766073" lon="127.8857149">
<ele>73.711</ele>
<time>2026-05-12T10:28:54Z</time>
<extensions>
<gpxtpx:TrackPointExtension>
<gpxtpx:hr>166</gpxtpx:hr>
<gpxtpx:cad>182</gpxtpx:cad>
</gpxtpx:TrackPointExtension>
</extensions>
</trkpt>
<trkpt lat="36.9766337" lon="127.8857143">
<ele>73.72</ele>
<time>2026-05-12T10:28:55Z</time>
<extensions>
<gpxtpx:TrackPointExtension>
<gpxtpx:hr>166</gpxtpx:hr>
</gpxtpx:TrackPointExtension>
</extensions>
</trkpt>
<trkpt lat="36.9766601" lon="127.8857136">
<ele>73.74</ele>
<time>2026-05-12T10:28:56Z</time>
<extensions>
<gpxtpx:TrackPointExtension>
<gpxtpx:hr>165</gpxtpx:hr>
</gpxtpx:TrackPointExtension>
</extensions>
</trkpt>
<trkpt lat="36.9766863" lon="127.8857128">
<ele>73.746</ele>
<time>2026-05-12T10:28:57Z</time>
<extensions>
<gpxtpx:TrackPointExtension>
<gpxtpx:hr>165</gpxtpx:hr>
</gpxtpx:TrackPointExtension>
</extensions>
</trkpt>
<trkpt lat="36.9767125" lon="127.8857117">
<ele>73.782</ele>
<time>2026-05-12T10:28:58Z</time>
<extensions>
<gpxtpx:TrackPointExtension>
<gpxtpx:hr>165</gpxtpx:hr>
</gpxtpx:TrackPointExtension>
</extensions>
</trkpt>
<trkpt lat="36.9767389" lon="127.8857104">
<ele>73.776</ele>
<time>2026-05-12T10:28:59Z</time>
<extensions>
<gpxtpx:TrackPointExtension>
<gpxtpx:hr>165</gpxtpx:hr>
<gpxtpx:cad>181</gpxtpx:cad>
</gpxtpx:TrackPointExtension>
</extensions>
</trkpt>
<trkpt lat="36.9767653" lon="127.8857093">
<ele>73.943</ele>
<time>2026-05-12T10:29:00Z</time>
<extensions>
<gpxtpx:TrackPointExtension>
<gpxtpx:hr>165</gpxtpx:hr>
</gpxtpx:TrackPointExtension>
</extensions>
</trkpt>
<trkpt lat="36.9767919" lon="127.8857086">
<ele>73.913</ele>
<time>2026-05-12T10:29:01Z</time>
<extensions>
<gpxtpx:TrackPointExtension>
<gpxtpx:hr>164</gpxtpx:hr>
</gpxtpx:TrackPointExtension>
</extensions>
</trkpt>
<trkpt lat="36.9768182" lon="127.8857085">
<ele>73.872</ele>
<time>2026-05-12T10:29:02Z</time>
<extensions>
<gpxtpx:TrackPointExtension>
<gpxtpx:hr>165</gpxtpx:hr>
</gpxtpx:TrackPointExtension>
</extensions>
</trkpt>
<trkpt lat="36.9768445" lon="127.8857085">
<ele>73.772</ele>
<time>2026-05-12T10:29:03Z</time>
<extensions>
<gpxtpx:TrackPointExtension>
<gpxtpx:hr>165</gpxtpx:hr>
</gpxtpx:TrackPointExtension>
</extensions>
</trkpt>
<trkpt lat="36.9768702" lon="127.8857085">
<ele>73.982</ele>
<time>2026-05-12T10:29:04Z</time>
<extensions>
<gpxtpx:TrackPointExtension>
<gpxtpx:hr>165</gpxtpx:hr>
<gpxtpx:cad>179</gpxtpx:cad>
</gpxtpx:TrackPointExtension>
</extensions>
</trkpt>
<trkpt lat="36.9768959" lon="127.8857085">
<ele>74.076</ele>
<time>2026-05-12T10:29:05Z</time>
<extensions>
<gpxtpx:TrackPointExtension>
<gpxtpx:hr>165</gpxtpx:hr>
</gpxtpx:TrackPointExtension>
</extensions>
</trkpt>
<trkpt lat="36.9769215" lon="127.8857086">
<ele>73.894</ele>
<time>2026-05-12T10:29:06Z</time>
<extensions>
<gpxtpx:TrackPointExtension>
<gpxtpx:hr>164</gpxtpx:hr>
</gpxtpx:TrackPointExtension>
</extensions>
</trkpt>
<trkpt lat="36.976947" lon="127.8857086">
<ele>73.856</ele>
<time>2026-05-12T10:29:07Z</time>
<extensions>
<gpxtpx:TrackPointExtension>
<gpxtpx:hr>164</gpxtpx:hr>
</gpxtpx:TrackPointExtension>
</extensions>
</trkpt>
<trkpt lat="36.976973" lon="127.8857098">
<ele>73.827</ele>
<time>2026-05-12T10:29:08Z</time>
<extensions>
<gpxtpx:TrackPointExtension>
<gpxtpx:hr>164</gpxtpx:hr>
</gpxtpx:TrackPointExtension>
</extensions>
</trkpt>
<trkpt lat="36.9769988" lon="127.8857106">
<ele>73.834</ele>
<time>2026-05-12T10:29:09Z</time>
<extensions>
<gpxtpx:TrackPointExtension>
<gpxtpx:hr>163</gpxtpx:hr>
<gpxtpx:cad>177</gpxtpx:cad>
</gpxtpx:TrackPointExtension>
</extensions>
</trkpt>
<trkpt lat="36.9770255" lon="127.8857128">
<ele>73.814</ele>
<time>2026-05-12T10:29:10Z</time>
<extensions>
<gpxtpx:TrackPointExtension>
<gpxtpx:hr>164</gpxtpx:hr>
</gpxtpx:TrackPointExtension>
</extensions>
</trkpt>
<trkpt lat="36.9770524" lon="127.8857152">
<ele>73.752</ele>
<time>2026-05-12T10:29:11Z</time>
<extensions>
<gpxtpx:TrackPointExtension>
<gpxtpx:hr>164</gpxtpx:hr>
</gpxtpx:TrackPointExtension>
</extensions>
</trkpt>
<trkpt lat="36.9770805" lon="127.885719">
<ele>73.673</ele>
<time>2026-05-12T10:29:12Z</time>
<extensions>
<gpxtpx:TrackPointExtension>
<gpxtpx:hr>164</gpxtpx:hr>
</gpxtpx:TrackPointExtension>
</extensions>
</trkpt>
<trkpt lat="36.9771092" lon="127.8857231">
<ele>73.698</ele>
<time>2026-05-12T10:29:13Z</time>
<extensions>
<gpxtpx:TrackPointExtension>
<gpxtpx:hr>164</gpxtpx:hr>
<gpxtpx:cad>177</gpxtpx:cad>
</gpxtpx:TrackPointExtension>
</extensions>
</trkpt>
<trkpt lat="36.9771385" lon="127.8857269">
<ele>73.725</ele>
<time>2026-05-12T10:29:14Z</time>
<extensions>
<gpxtpx:TrackPointExtension>
<gpxtpx:hr>164</gpxtpx:hr>
<gpxtpx:cad>178</gpxtpx:cad>
</gpxtpx:TrackPointExtension>
</extensions>
</trkpt>
<trkpt lat="36.9771676" lon="127.8857308">
<ele>73.725</ele>
<time>2026-05-12T10:29:15Z</time>
<extensions>
<gpxtpx:TrackPointExtension>
<gpxtpx:hr>164</gpxtpx:hr>
</gpxtpx:TrackPointExtension>
</extensions>
</trkpt>
<trkpt lat="36.977197" lon="127.8857336">
<ele>73.667</ele>
<time>2026-05-12T10:29:16Z</time>
<extensions>
<gpxtpx:TrackPointExtension>
<gpxtpx:hr>164</gpxtpx:hr>
</gpxtpx:TrackPointExtension>
</extensions>
</trkpt>
<trkpt lat="36.9772262" lon="127.8857363">
<ele>73.627</ele>
<time>2026-05-12T10:29:17Z</time>
<extensions>
<gpxtpx:TrackPointExtension>
<gpxtpx:hr>164</gpxtpx:hr>
</gpxtpx:TrackPointExtension>
</extensions>
</trkpt>
<trkpt lat="36.9772549" lon="127.8857383">
<ele>73.699</ele>
<time>2026-05-12T10:29:18Z</time>
<extensions>
<gpxtpx:TrackPointExtension>
<gpxtpx:hr>163</gpxtpx:hr>
</gpxtpx:TrackPointExtension>
</extensions>
</trkpt>
<trkpt lat="36.9772832" lon="127.8857403">
<ele>73.72</ele>
<time>2026-05-12T10:29:19Z</time>
<extensions>
<gpxtpx:TrackPointExtension>
<gpxtpx:hr>163</gpxtpx:hr>
<gpxtpx:cad>180</gpxtpx:cad>
</gpxtpx:TrackPointExtension>
</extensions>
</trkpt>
<trkpt lat="36.9773112" lon="127.8857424">
<ele>73.691</ele>
<time>2026-05-12T10:29:20Z</time>
<extensions>
<gpxtpx:TrackPointExtension>
<gpxtpx:hr>163</gpxtpx:hr>
</gpxtpx:TrackPointExtension>
</extensions>
</trkpt>
<trkpt lat="36.9773391" lon="127.8857446">
<ele>73.688</ele>
<time>2026-05-12T10:29:21Z</time>
<extensions>
<gpxtpx:TrackPointExtension>
<gpxtpx:hr>163</gpxtpx:hr>
</gpxtpx:TrackPointExtension>
</extensions>
</trkpt>
<trkpt lat="36.9773671" lon="127.8857468">
<ele>73.685</ele>
<time>2026-05-12T10:29:22Z</time>
<extensions>
<gpxtpx:TrackPointExtension>
<gpxtpx:hr>163</gpxtpx:hr>
</gpxtpx:TrackPointExtension>
</extensions>
</trkpt>
<trkpt lat="36.9773955" lon="127.885749">
<ele>73.648</ele>
<time>2026-05-12T10:29:23Z</time>
<extensions>
<gpxtpx:TrackPointExtension>
<gpxtpx:hr>163</gpxtpx:hr>
</gpxtpx:TrackPointExtension>
</extensions>
</trkpt>
<trkpt lat="36.9774238" lon="127.8857509">
<ele>73.66</ele>
<time>2026-05-12T10:29:24Z</time>
<extensions>
<gpxtpx:TrackPointExtension>
<gpxtpx:hr>163</gpxtpx:hr>
<gpxtpx:cad>180</gpxtpx:cad>
</gpxtpx:TrackPointExtension>
</extensions>
</trkpt>
<trkpt lat="36.9774521" lon="127.8857526">
<ele>73.663</ele>
<time>2026-05-12T10:29:25Z</time>
<extensions>
<gpxtpx:TrackPointExtension>
<gpxtpx:hr>163</gpxtpx:hr>
</gpxtpx:TrackPointExtension>
</extensions>
</trkpt>
<trkpt lat="36.9774803" lon="127.8857546">
<ele>73.657</ele>
<time>2026-05-12T10:29:26Z</time>
<extensions>
<gpxtpx:TrackPointExtension>
<gpxtpx:hr>163</gpxtpx:hr>
</gpxtpx:TrackPointExtension>
</extensions>
</trkpt>
<trkpt lat="36.9775087" lon="127.8857559">
<ele>73.624</ele>
<time>2026-05-12T10:29:27Z</time>
<extensions>
<gpxtpx:TrackPointExtension>
<gpxtpx:hr>163</gpxtpx:hr>
</gpxtpx:TrackPointExtension>
</extensions>
</trkpt>
<trkpt lat="36.9775367" lon="127.8857578">
<ele>73.628</ele>
<time>2026-05-12T10:29:28Z</time>
<extensions>
<gpxtpx:TrackPointExtension>
<gpxtpx:hr>163</gpxtpx:hr>
</gpxtpx:TrackPointExtension>
</extensions>
</trkpt>
<trkpt lat="36.9775654" lon="127.8857595">
<ele>73.605</ele>
<time>2026-05-12T10:29:29Z</time>
<extensions>
<gpxtpx:TrackPointExtension>
<gpxtpx:hr>163</gpxtpx:hr>
<gpxtpx:cad>181</gpxtpx:cad>
</gpxtpx:TrackPointExtension>
</extensions>
</trkpt>
<trkpt lat="36.9775934" lon="127.8857613">
<ele>73.618</ele>
<time>2026-05-12T10:29:30Z</time>
<extensions>
<gpxtpx:TrackPointExtension>
<gpxtpx:hr>163</gpxtpx:hr>
</gpxtpx:TrackPointExtension>
</extensions>
</trkpt>
<trkpt lat="36.9776222" lon="127.8857636">
<ele>73.648</ele>
<time>2026-05-12T10:29:31Z</time>
<extensions>
<gpxtpx:TrackPointExtension>
<gpxtpx:hr>163</gpxtpx:hr>
</gpxtpx:TrackPointExtension>
</extensions>
</trkpt>
<trkpt lat="36.9776505" lon="127.8857654">
<ele>73.614</ele>
<time>2026-05-12T10:29:32Z</time>
<extensions>
<gpxtpx:TrackPointExtension>
<gpxtpx:hr>163</gpxtpx:hr>
</gpxtpx:TrackPointExtension>
</extensions>
</trkpt>
<trkpt lat="36.9776793" lon="127.8857683">
<ele>73.681</ele>
<time>2026-05-12T10:29:33Z</time>
<extensions>
<gpxtpx:TrackPointExtension>
<gpxtpx:hr>163</gpxtpx:hr>
</gpxtpx:TrackPointExtension>
</extensions>
</trkpt>
<trkpt lat="36.9777078" lon="127.8857701">
<ele>73.673</ele>
<time>2026-05-12T10:29:34Z</time>
<extensions>
<gpxtpx:TrackPointExtension>
<gpxtpx:hr>162</gpxtpx:hr>
<gpxtpx:cad>181</gpxtpx:cad>
</gpxtpx:TrackPointExtension>
</extensions>
</trkpt>
<trkpt lat="36.9777365" lon="127.8857734">
<ele>73.66</ele>
<time>2026-05-12T10:29:35Z</time>
<extensions>
<gpxtpx:TrackPointExtension>
<gpxtpx:hr>162</gpxtpx:hr>
</gpxtpx:TrackPointExtension>
</extensions>
</trkpt>
<trkpt lat="36.9777652" lon="127.8857755">
<ele>73.709</ele>
<time>2026-05-12T10:29:36Z</time>
<extensions>
<gpxtpx:TrackPointExtension>
<gpxtpx:hr>162</gpxtpx:hr>
</gpxtpx:TrackPointExtension>
</extensions>
</trkpt>
<trkpt lat="36.9777938" lon="127.8857782">
<ele>73.774</ele>
<time>2026-05-12T10:29:37Z</time>
<extensions>
<gpxtpx:TrackPointExtension>
<gpxtpx:hr>162</gpxtpx:hr>
</gpxtpx:TrackPointExtension>
</extensions>
</trkpt>
<trkpt lat="36.9778229" lon="127.8857801">
<ele>73.774</ele>
<time>2026-05-12T10:29:38Z</time>
<extensions>
<gpxtpx:TrackPointExtension>
<gpxtpx:hr>163</gpxtpx:hr>
</gpxtpx:TrackPointExtension>
</extensions>
</trkpt>
<trkpt lat="36.9778516" lon="127.8857841">
<ele>73.722</ele>
<time>2026-05-12T10:29:39Z</time>
<extensions>
<gpxtpx:TrackPointExtension>
<gpxtpx:hr>163</gpxtpx:hr>
<gpxtpx:cad>181</gpxtpx:cad>
</gpxtpx:TrackPointExtension>
</extensions>
</trkpt>
<trkpt lat="36.9778804" lon="127.8857885">
<ele>73.699</ele>
<time>2026-05-12T10:29:40Z</time>
<extensions>
<gpxtpx:TrackPointExtension>
<gpxtpx:hr>163</gpxtpx:hr>
</gpxtpx:TrackPointExtension>
</extensions>
</trkpt>
<trkpt lat="36.9779089" lon="127.8857933">
<ele>73.694</ele>
<time>2026-05-12T10:29:41Z</time>
<extensions>
<gpxtpx:TrackPointExtension>
<gpxtpx:hr>163</gpxtpx:hr>
</gpxtpx:TrackPointExtension>
</extensions>
</trkpt>
<trkpt lat="36.9779371" lon="127.8857979">
<ele>73.647</ele>
<time>2026-05-12T10:29:42Z</time>
<extensions>
<gpxtpx:TrackPointExtension>
<gpxtpx:hr>163</gpxtpx:hr>
</gpxtpx:TrackPointExtension>
</extensions>
</trkpt>
<trkpt lat="36.977965" lon="127.8858024">
<ele>73.703</ele>
<time>2026-05-12T10:29:43Z</time>
<extensions>
<gpxtpx:TrackPointExtension>
<gpxtpx:hr>163</gpxtpx:hr>
</gpxtpx:TrackPointExtension>
</extensions>
</trkpt>
<trkpt lat="36.9779927" lon="127.8858069">
<ele>73.711</ele>
<time>2026-05-12T10:29:44Z</time>
<extensions>
<gpxtpx:TrackPointExtension>
<gpxtpx:hr>163</gpxtpx:hr>
<gpxtpx:cad>181</gpxtpx:cad>
</gpxtpx:TrackPointExtension>
</extensions>
</trkpt>
<trkpt lat="36.9780202" lon="127.8858116">
<ele>73.659</ele>
<time>2026-05-12T10:29:45Z</time>
<extensions>
<gpxtpx:TrackPointExtension>
<gpxtpx:hr>163</gpxtpx:hr>
<gpxtpx:cad>181</gpxtpx:cad>
</gpxtpx:TrackPointExtension>
</extensions>
</trkpt>
<trkpt lat="36.9780477" lon="127.885817">
<ele>73.696</ele>
<time>2026-05-12T10:29:46Z</time>
<extensions>
<gpxtpx:TrackPointExtension>
<gpxtpx:hr>163</gpxtpx:hr>
</gpxtpx:TrackPointExtension>
</extensions>
</trkpt>
<trkpt lat="36.9780752" lon="127.885823">
<ele>73.758</ele>
<time>2026-05-12T10:29:47Z</time>
<extensions>
<gpxtpx:TrackPointExtension>
<gpxtpx:hr>163</gpxtpx:hr>
</gpxtpx:TrackPointExtension>
</extensions>
</trkpt>
<trkpt lat="36.9781028" lon="127.8858298">
<ele>73.762</ele>
<time>2026-05-12T10:29:48Z</time>
<extensions>
<gpxtpx:TrackPointExtension>
<gpxtpx:hr>163</gpxtpx:hr>
</gpxtpx:TrackPointExtension>
</extensions>
</trkpt>
<trkpt lat="36.9781304" lon="127.885837">
<ele>73.81</ele>
<time>2026-05-12T10:29:49Z</time>
<extensions>
<gpxtpx:TrackPointExtension>
<gpxtpx:hr>164</gpxtpx:hr>
<gpxtpx:cad>181</gpxtpx:cad>
</gpxtpx:TrackPointExtension>
</extensions>
</trkpt>
<trkpt lat="36.9781587" lon="127.885846">
<ele>73.825</ele>
<time>2026-05-12T10:29:50Z</time>
<extensions>
<gpxtpx:TrackPointExtension>
<gpxtpx:hr>163</gpxtpx:hr>
</gpxtpx:TrackPointExtension>
</extensions>
</trkpt>
<trkpt lat="36.9781868" lon="127.8858548">
<ele>73.834</ele>
<time>2026-05-12T10:29:51Z</time>
<extensions>
<gpxtpx:TrackPointExtension>
<gpxtpx:hr>163</gpxtpx:hr>
</gpxtpx:TrackPointExtension>
</extensions>
</trkpt>
<trkpt lat="36.9782156" lon="127.8858644">
<ele>73.776</ele>
<time>2026-05-12T10:29:52Z</time>
<extensions>
<gpxtpx:TrackPointExtension>
<gpxtpx:hr>163</gpxtpx:hr>
</gpxtpx:TrackPointExtension>
</extensions>
</trkpt>
<trkpt lat="36.9782445" lon="127.8858743">
<ele>73.794</ele>
<time>2026-05-12T10:29:53Z</time>
<extensions>
<gpxtpx:TrackPointExtension>
<gpxtpx:hr>163</gpxtpx:hr>
</gpxtpx:TrackPointExtension>
</extensions>
</trkpt>
<trkpt lat="36.9782737" lon="127.8858842">
<ele>73.774</ele>
<time>2026-05-12T10:29:54Z</time>
<extensions>
<gpxtpx:TrackPointExtension>
<gpxtpx:hr>163</gpxtpx:hr>
<gpxtpx:cad>180</gpxtpx:cad>
</gpxtpx:TrackPointExtension>
</extensions>
</trkpt>
<trkpt lat="36.9783027" lon="127.885894">
<ele>73.78</ele>
<time>2026-05-12T10:29:55Z</time>
<extensions>
<gpxtpx:TrackPointExtension>
<gpxtpx:hr>163</gpxtpx:hr>
</gpxtpx:TrackPointExtension>
</extensions>
</trkpt>
<trkpt lat="36.9783316" lon="127.8859037">
<ele>73.738</ele>
<time>2026-05-12T10:29:56Z</time>
<extensions>
<gpxtpx:TrackPointExtension>
<gpxtpx:hr>164</gpxtpx:hr>
</gpxtpx:TrackPointExtension>
</extensions>
</trkpt>
<trkpt lat="36.9783598" lon="127.885913">
<ele>73.732</ele>
<time>2026-05-12T10:29:57Z</time>
<extensions>
<gpxtpx:TrackPointExtension>
<gpxtpx:hr>164</gpxtpx:hr>
</gpxtpx:TrackPointExtension>
</extensions>
</trkpt>
<trkpt lat="36.9783874" lon="127.8859222">
<ele>73.73</ele>
<time>2026-05-12T10:29:58Z</time>
<extensions>
<gpxtpx:TrackPointExtension>
<gpxtpx:hr>164</gpxtpx:hr>
</gpxtpx:TrackPointExtension>
</extensions>
</trkpt>
<trkpt lat="36.9784153" lon="127.8859317">
<ele>73.702</ele>
<time>2026-05-12T10:29:59Z</time>
<extensions>
<gpxtpx:TrackPointExtension>
<gpxtpx:hr>164</gpxtpx:hr>
<gpxtpx:cad>181</gpxtpx:cad>
</gpxtpx:TrackPointExtension>
</extensions>
</trkpt>
<trkpt lat="36.9784422" lon="127.8859418">
<ele>73.636</ele>
<time>2026-05-12T10:30:00Z</time>
<extensions>
<gpxtpx:TrackPointExtension>
<gpxtpx:hr>164</gpxtpx:hr>
</gpxtpx:TrackPointExtension>
</extensions>
</trkpt>
<trkpt lat="36.9784698" lon="127.8859519">
<ele>73.632</ele>
<time>2026-05-12T10:30:01Z</time>
<extensions>
<gpxtpx:TrackPointExtension>
<gpxtpx:hr>164</gpxtpx:hr>
</gpxtpx:TrackPointExtension>
</extensions>
</trkpt>
<trkpt lat="36.9784967" lon="127.8859624">
<ele>73.607</ele>
<time>2026-05-12T10:30:02Z</time>
<extensions>
<gpxtpx:TrackPointExtension>
<gpxtpx:hr>164</gpxtpx:hr>
</gpxtpx:TrackPointExtension>
</extensions>
</trkpt>
<trkpt lat="36.9785245" lon="127.8859722">
<ele>73.597</ele>
<time>2026-05-12T10:30:03Z</time>
<extensions>
<gpxtpx:TrackPointExtension>
<gpxtpx:hr>164</gpxtpx:hr>
</gpxtpx:TrackPointExtension>
</extensions>
</trkpt>
<trkpt lat="36.9785512" lon="127.8859833">
<ele>73.671</ele>
<time>2026-05-12T10:30:04Z</time>
<extensions>
<gpxtpx:TrackPointExtension>
<gpxtpx:hr>164</gpxtpx:hr>
<gpxtpx:cad>179</gpxtpx:cad>
</gpxtpx:TrackPointExtension>
</extensions>
</trkpt>
<trkpt lat="36.9785785" lon="127.8859934">
<ele>73.694</ele>
<time>2026-05-12T10:30:05Z</time>
<extensions>
<gpxtpx:TrackPointExtension>
<gpxtpx:hr>163</gpxtpx:hr>
</gpxtpx:TrackPointExtension>
</extensions>
</trkpt>
<trkpt lat="36.978605" lon="127.8860051">
<ele>73.64</ele>
<time>2026-05-12T10:30:06Z</time>
<extensions>
<gpxtpx:TrackPointExtension>
<gpxtpx:hr>163</gpxtpx:hr>
</gpxtpx:TrackPointExtension>
</extensions>
</trkpt>
<trkpt lat="36.9786316" lon="127.8860164">
<ele>73.645</ele>
<time>2026-05-12T10:30:07Z</time>
<extensions>
<gpxtpx:TrackPointExtension>
<gpxtpx:hr>163</gpxtpx:hr>
</gpxtpx:TrackPointExtension>
</extensions>
</trkpt>
<trkpt lat="36.9786581" lon="127.8860279">
<ele>73.643</ele>
<time>2026-05-12T10:30:08Z</time>
<extensions>
<gpxtpx:TrackPointExtension>
<gpxtpx:hr>163</gpxtpx:hr>
</gpxtpx:TrackPointExtension>
</extensions>
</trkpt>
<trkpt lat="36.9786844" lon="127.8860396">
<ele>73.611</ele>
<time>2026-05-12T10:30:09Z</time>
<extensions>
<gpxtpx:TrackPointExtension>
<gpxtpx:cad>175</gpxtpx:cad>
</gpxtpx:TrackPointExtension>
</extensions>
</trkpt>
<trkpt lat="36.9787105" lon="127.8860513">
<ele>73.625</ele>
<time>2026-05-12T10:30:10Z</time>
<extensions>
<gpxtpx:TrackPointExtension>
<gpxtpx:hr>163</gpxtpx:hr>
</gpxtpx:TrackPointExtension>
</extensions>
</trkpt>
<trkpt lat="36.9787369" lon="127.8860628">
<ele>73.608</ele>
<time>2026-05-12T10:30:11Z</time>
<extensions>
<gpxtpx:TrackPointExtension>
<gpxtpx:hr>163</gpxtpx:hr>
</gpxtpx:TrackPointExtension>
</extensions>
</trkpt>
<trkpt lat="36.9787632" lon="127.8860747">
<ele>73.588</ele>
<time>2026-05-12T10:30:12Z</time>
<extensions>
<gpxtpx:TrackPointExtension>
<gpxtpx:hr>163</gpxtpx:hr>
</gpxtpx:TrackPointExtension>
</extensions>
</trkpt>
<trkpt lat="36.9787894" lon="127.8860871">
<ele>73.602</ele>
<time>2026-05-12T10:30:13Z</time>
<extensions>
<gpxtpx:TrackPointExtension>
<gpxtpx:hr>163</gpxtpx:hr>
</gpxtpx:TrackPointExtension>
</extensions>
</trkpt>
<trkpt lat="36.9788155" lon="127.8861">
<ele>73.676</ele>
<time>2026-05-12T10:30:14Z</time>
<extensions>
<gpxtpx:TrackPointExtension>
<gpxtpx:hr>164</gpxtpx:hr>
<gpxtpx:cad>177</gpxtpx:cad>
</gpxtpx:TrackPointExtension>
</extensions>
</trkpt>
<trkpt lat="36.9788414" lon="127.8861133">
<ele>73.742</ele>
<time>2026-05-12T10:30:15Z</time>
<extensions>
<gpxtpx:TrackPointExtension>
<gpxtpx:hr>164</gpxtpx:hr>
</gpxtpx:TrackPointExtension>
</extensions>
</trkpt>
<trkpt lat="36.9788664" lon="127.886126">
<ele>73.68</ele>
<time>2026-05-12T10:30:16Z</time>
<extensions>
<gpxtpx:TrackPointExtension>
<gpxtpx:hr>164</gpxtpx:hr>
<gpxtpx:cad>179</gpxtpx:cad>
</gpxtpx:TrackPointExtension>
</extensions>
</trkpt>
<trkpt lat="36.9788915" lon="127.8861389">
<ele>73.661</ele>
<time>2026-05-12T10:30:17Z</time>
<extensions>
<gpxtpx:TrackPointExtension>
<gpxtpx:hr>164</gpxtpx:hr>
</gpxtpx:TrackPointExtension>
</extensions>
</trkpt>
<trkpt lat="36.9789161" lon="127.8861506">
<ele>73.641</ele>
<time>2026-05-12T10:30:18Z</time>
<extensions>
<gpxtpx:TrackPointExtension>
<gpxtpx:hr>164</gpxtpx:hr>
</gpxtpx:TrackPointExtension>
</extensions>
</trkpt>
<trkpt lat="36.9789407" lon="127.8861625">
<ele>73.609</ele>
<time>2026-05-12T10:30:19Z</time>
<extensions>
<gpxtpx:TrackPointExtension>
<gpxtpx:hr>164</gpxtpx:hr>
<gpxtpx:cad>180</gpxtpx:cad>
</gpxtpx:TrackPointExtension>
</extensions>
</trkpt>
<trkpt lat="36.9789653" lon="127.8861739">
<ele>73.552</ele>
<time>2026-05-12T10:30:20Z</time>
<extensions>
<gpxtpx:TrackPointExtension>
<gpxtpx:hr>164</gpxtpx:hr>
</gpxtpx:TrackPointExtension>
</extensions>
</trkpt>
<trkpt lat="36.97899" lon="127.8861853">
<ele>73.553</ele>
<time>2026-05-12T10:30:21Z</time>
<extensions>
<gpxtpx:TrackPointExtension>
<gpxtpx:hr>164</gpxtpx:hr>
</gpxtpx:TrackPointExtension>
</extensions>
</trkpt>
<trkpt lat="36.9790147" lon="127.8861967">
<ele>73.521</ele>
<time>2026-05-12T10:30:22Z</time>
<extensions>
<gpxtpx:TrackPointExtension>
<gpxtpx:hr>164</gpxtpx:hr>
</gpxtpx:TrackPointExtension>
</extensions>
</trkpt>
<trkpt lat="36.9790397" lon="127.8862094">
<ele>73.543</ele>
<time>2026-05-12T10:30:23Z</time>
<extensions>
<gpxtpx:TrackPointExtension>
<gpxtpx:hr>164</gpxtpx:hr>
</gpxtpx:TrackPointExtension>
</extensions>
</trkpt>
<trkpt lat="36.9790646" lon="127.8862218">
<ele>73.532</ele>
<time>2026-05-12T10:30:24Z</time>
<extensions>
<gpxtpx:TrackPointExtension>
<gpxtpx:hr>164</gpxtpx:hr>
<gpxtpx:cad>181</gpxtpx:cad>
</gpxtpx:TrackPointExtension>
</extensions>
</trkpt>
<trkpt lat="36.9790897" lon="127.8862357">
<ele>73.563</ele>
<time>2026-05-12T10:30:25Z</time>
<extensions>
<gpxtpx:TrackPointExtension>
<gpxtpx:hr>164</gpxtpx:hr>
</gpxtpx:TrackPointExtension>
</extensions>
</trkpt>
<trkpt lat="36.9791147" lon="127.8862493">
<ele>73.504</ele>
<time>2026-05-12T10:30:26Z</time>
<extensions>
<gpxtpx:TrackPointExtension>
<gpxtpx:hr>164</gpxtpx:hr>
</gpxtpx:TrackPointExtension>
</extensions>
</trkpt>
<trkpt lat="36.9791398" lon="127.886264">
<ele>73.522</ele>
<time>2026-05-12T10:30:27Z</time>
<extensions>
<gpxtpx:TrackPointExtension>
<gpxtpx:hr>164</gpxtpx:hr>
</gpxtpx:TrackPointExtension>
</extensions>
</trkpt>
<trkpt lat="36.9791648" lon="127.8862788">
<ele>73.573</ele>
<time>2026-05-12T10:30:28Z</time>
<extensions>
<gpxtpx:TrackPointExtension>
<gpxtpx:hr>165</gpxtpx:hr>
</gpxtpx:TrackPointExtension>
</extensions>
</trkpt>
<trkpt lat="36.9791898" lon="127.8862938">
<ele>73.586</ele>
<time>2026-05-12T10:30:29Z</time>
<extensions>
<gpxtpx:TrackPointExtension>
<gpxtpx:hr>165</gpxtpx:hr>
<gpxtpx:cad>181</gpxtpx:cad>
</gpxtpx:TrackPointExtension>
</extensions>
</trkpt>
<trkpt lat="36.9792146" lon="127.886309">
<ele>73.551</ele>
<time>2026-05-12T10:30:30Z</time>
<extensions>
<gpxtpx:TrackPointExtension>
<gpxtpx:hr>165</gpxtpx:hr>
</gpxtpx:TrackPointExtension>
</extensions>
</trkpt>
<trkpt lat="36.9792389" lon="127.8863247">
<ele>73.555</ele>
<time>2026-05-12T10:30:31Z</time>
<extensions>
<gpxtpx:TrackPointExtension>
<gpxtpx:hr>164</gpxtpx:hr>
</gpxtpx:TrackPointExtension>
</extensions>
</trkpt>
<trkpt lat="36.9792628" lon="127.8863404">
<ele>73.592</ele>
<time>2026-05-12T10:30:32Z</time>
<extensions>
<gpxtpx:TrackPointExtension>
<gpxtpx:hr>164</gpxtpx:hr>
</gpxtpx:TrackPointExtension>
</extensions>
</trkpt>
<trkpt lat="36.9792866" lon="127.8863562">
<ele>73.597</ele>
<time>2026-05-12T10:30:33Z</time>
<extensions>
<gpxtpx:TrackPointExtension>
<gpxtpx:hr>164</gpxtpx:hr>
</gpxtpx:TrackPointExtension>
</extensions>
</trkpt>
<trkpt lat="36.9793104" lon="127.8863718">
<ele>73.526</ele>
<time>2026-05-12T10:30:34Z</time>
<extensions>
<gpxtpx:TrackPointExtension>
<gpxtpx:hr>164</gpxtpx:hr>
<gpxtpx:cad>181</gpxtpx:cad>
</gpxtpx:TrackPointExtension>
</extensions>
</trkpt>
<trkpt lat="36.9793344" lon="127.8863872">
<ele>73.468</ele>
<time>2026-05-12T10:30:35Z</time>
<extensions>
<gpxtpx:TrackPointExtension>
<gpxtpx:hr>164</gpxtpx:hr>
</gpxtpx:TrackPointExtension>
</extensions>
</trkpt>
<trkpt lat="36.9793587" lon="127.8864027">
<ele>73.463</ele>
<time>2026-05-12T10:30:36Z</time>
<extensions>
<gpxtpx:TrackPointExtension>
<gpxtpx:hr>164</gpxtpx:hr>
</gpxtpx:TrackPointExtension>
</extensions>
</trkpt>
<trkpt lat="36.9793828" lon="127.8864182">
<ele>73.415</ele>
<time>2026-05-12T10:30:37Z</time>
<extensions>
<gpxtpx:TrackPointExtension>
<gpxtpx:hr>164</gpxtpx:hr>
</gpxtpx:TrackPointExtension>
</extensions>
</trkpt>
<trkpt lat="36.9794069" lon="127.8864337">
<ele>73.474</ele>
<time>2026-05-12T10:30:38Z</time>
<extensions>
<gpxtpx:TrackPointExtension>
<gpxtpx:hr>164</gpxtpx:hr>
</gpxtpx:TrackPointExtension>
</extensions>
</trkpt>
<trkpt lat="36.9794309" lon="127.8864491">
<ele>73.483</ele>
<time>2026-05-12T10:30:39Z</time>
<extensions>
<gpxtpx:TrackPointExtension>
<gpxtpx:hr>163</gpxtpx:hr>
<gpxtpx:cad>181</gpxtpx:cad>
</gpxtpx:TrackPointExtension>
</extensions>
</trkpt>
<trkpt lat="36.9794547" lon="127.8864645">
<ele>73.454</ele>
<time>2026-05-12T10:30:40Z</time>
<extensions>
<gpxtpx:TrackPointExtension>
<gpxtpx:hr>163</gpxtpx:hr>
</gpxtpx:TrackPointExtension>
</extensions>
</trkpt>
<trkpt lat="36.9794786" lon="127.8864798">
<ele>73.456</ele>
<time>2026-05-12T10:30:41Z</time>
<extensions>
<gpxtpx:TrackPointExtension>
<gpxtpx:hr>163</gpxtpx:hr>
</gpxtpx:TrackPointExtension>
</extensions>
</trkpt>
<trkpt lat="36.9795023" lon="127.886495">
<ele>73.502</ele>
<time>2026-05-12T10:30:42Z</time>
<extensions>
<gpxtpx:TrackPointExtension>
<gpxtpx:hr>163</gpxtpx:hr>
</gpxtpx:TrackPointExtension>
</extensions>
</trkpt>
<trkpt lat="36.9795261" lon="127.8865101">
<ele>73.522</ele>
<time>2026-05-12T10:30:43Z</time>
<extensions>
<gpxtpx:TrackPointExtension>
<gpxtpx:hr>163</gpxtpx:hr>
</gpxtpx:TrackPointExtension>
</extensions>
</trkpt>
<trkpt lat="36.9795499" lon="127.8865251">
<ele>73.525</ele>
<time>2026-05-12T10:30:44Z</time>
<extensions>
<gpxtpx:TrackPointExtension>
<gpxtpx:hr>163</gpxtpx:hr>
<gpxtpx:cad>181</gpxtpx:cad>
</gpxtpx:TrackPointExtension>
</extensions>
</trkpt>
<trkpt lat="36.9795737" lon="127.88654">
<ele>73.557</ele>
<time>2026-05-12T10:30:45Z</time>
<extensions>
<gpxtpx:TrackPointExtension>
<gpxtpx:hr>163</gpxtpx:hr>
</gpxtpx:TrackPointExtension>
</extensions>
</trkpt>
<trkpt lat="36.9795975" lon="127.8865545">
<ele>73.625</ele>
<time>2026-05-12T10:30:46Z</time>
<extensions>
<gpxtpx:TrackPointExtension>
<gpxtpx:hr>163</gpxtpx:hr>
</gpxtpx:TrackPointExtension>
</extensions>
</trkpt>
<trkpt lat="36.9796214" lon="127.8865694">
<ele>73.644</ele>
<time>2026-05-12T10:30:47Z</time>
<extensions>
<gpxtpx:TrackPointExtension>
<gpxtpx:hr>163</gpxtpx:hr>
</gpxtpx:TrackPointExtension>
</extensions>
</trkpt>
<trkpt lat="36.9796454" lon="127.8865838">
<ele>73.667</ele>
<time>2026-05-12T10:30:48Z</time>
<extensions>
<gpxtpx:TrackPointExtension>
<gpxtpx:hr>163</gpxtpx:hr>
</gpxtpx:TrackPointExtension>
</extensions>
</trkpt>
<trkpt lat="36.9796693" lon="127.8865985">
<ele>73.681</ele>
<time>2026-05-12T10:30:49Z</time>
<extensions>
<gpxtpx:TrackPointExtension>
<gpxtpx:hr>163</gpxtpx:hr>
<gpxtpx:cad>181</gpxtpx:cad>
</gpxtpx:TrackPointExtension>
</extensions>
</trkpt>
<trkpt lat="36.9796938" lon="127.886613">
<ele>73.697</ele>
<time>2026-05-12T10:30:50Z</time>
<extensions>
<gpxtpx:TrackPointExtension>
<gpxtpx:hr>164</gpxtpx:hr>
<gpxtpx:cad>180</gpxtpx:cad>
</gpxtpx:TrackPointExtension>
</extensions>
</trkpt>
<trkpt lat="36.9797177" lon="127.8866276">
<ele>73.683</ele>
<time>2026-05-12T10:30:51Z</time>
<extensions>
<gpxtpx:TrackPointExtension>
<gpxtpx:hr>164</gpxtpx:hr>
</gpxtpx:TrackPointExtension>
</extensions>
</trkpt>
<trkpt lat="36.9797425" lon="127.8866421">
<ele>73.63</ele>
<time>2026-05-12T10:30:52Z</time>
<extensions>
<gpxtpx:TrackPointExtension>
<gpxtpx:hr>164</gpxtpx:hr>
</gpxtpx:TrackPointExtension>
</extensions>
</trkpt>
<trkpt lat="36.9797657" lon="127.8866565">
<ele>73.611</ele>
<time>2026-05-12T10:30:53Z</time>
<extensions>
<gpxtpx:TrackPointExtension>
<gpxtpx:hr>165</gpxtpx:hr>
</gpxtpx:TrackPointExtension>
</extensions>
</trkpt>
<trkpt lat="36.9797894" lon="127.8866706">
<ele>73.655</ele>
<time>2026-05-12T10:30:54Z</time>
<extensions>
<gpxtpx:TrackPointExtension>
<gpxtpx:hr>165</gpxtpx:hr>
<gpxtpx:cad>177</gpxtpx:cad>
</gpxtpx:TrackPointExtension>
</extensions>
</trkpt>
<trkpt lat="36.9798135" lon="127.8866846">
<ele>73.616</ele>
<time>2026-05-12T10:30:55Z</time>
<extensions>
<gpxtpx:TrackPointExtension>
<gpxtpx:hr>165</gpxtpx:hr>
</gpxtpx:TrackPointExtension>
</extensions>
</trkpt>
<trkpt lat="36.979838" lon="127.8866985">
<ele>73.672</ele>
<time>2026-05-12T10:30:56Z</time>
<extensions>
<gpxtpx:TrackPointExtension>
<gpxtpx:hr>166</gpxtpx:hr>
</gpxtpx:TrackPointExtension>
</extensions>
</trkpt>
<trkpt lat="36.9798636" lon="127.886713">
<ele>73.712</ele>
<time>2026-05-12T10:30:57Z</time>
<extensions>
<gpxtpx:TrackPointExtension>
<gpxtpx:hr>166</gpxtpx:hr>
</gpxtpx:TrackPointExtension>
</extensions>
</trkpt>
<trkpt lat="36.9798893" lon="127.8867276">
<ele>73.869</ele>
<time>2026-05-12T10:30:58Z</time>
<extensions>
<gpxtpx:TrackPointExtension>
<gpxtpx:hr>166</gpxtpx:hr>
</gpxtpx:TrackPointExtension>
</extensions>
</trkpt>
<trkpt lat="36.9799152" lon="127.8867425">
<ele>73.758</ele>
<time>2026-05-12T10:30:59Z</time>
<extensions>
<gpxtpx:TrackPointExtension>
<gpxtpx:hr>166</gpxtpx:hr>
<gpxtpx:cad>176</gpxtpx:cad>
</gpxtpx:TrackPointExtension>
</extensions>
</trkpt>
<trkpt lat="36.9799411" lon="127.8867575">
<ele>73.642</ele>
<time>2026-05-12T10:31:00Z</time>
</trkpt>
<trkpt lat="36.9799663" lon="127.8867718">
<ele>73.567</ele>
<time>2026-05-12T10:31:01Z</time>
<extensions>
<gpxtpx:TrackPointExtension>
<gpxtpx:hr>165</gpxtpx:hr>
</gpxtpx:TrackPointExtension>
</extensions>
</trkpt>
<trkpt lat="36.9799917" lon="127.8867864">
<ele>73.65</ele>
<time>2026-05-12T10:31:02Z</time>
<extensions>
<gpxtpx:TrackPointExtension>
<gpxtpx:hr>165</gpxtpx:hr>
</gpxtpx:TrackPointExtension>
</extensions>
</trkpt>
<trkpt lat="36.9800162" lon="127.8867994">
<ele>73.808</ele>
<time>2026-05-12T10:31:03Z</time>
<extensions>
<gpxtpx:TrackPointExtension>
<gpxtpx:hr>164</gpxtpx:hr>
</gpxtpx:TrackPointExtension>
</extensions>
</trkpt>
<trkpt lat="36.9800408" lon="127.8868122">
<ele>73.781</ele>
<time>2026-05-12T10:31:04Z</time>
<extensions>
<gpxtpx:TrackPointExtension>
<gpxtpx:hr>164</gpxtpx:hr>
<gpxtpx:cad>176</gpxtpx:cad>
</gpxtpx:TrackPointExtension>
</extensions>
</trkpt>
<trkpt lat="36.9800654" lon="127.8868243">
<ele>74.026</ele>
<time>2026-05-12T10:31:05Z</time>
<extensions>
<gpxtpx:TrackPointExtension>
<gpxtpx:hr>163</gpxtpx:hr>
</gpxtpx:TrackPointExtension>
</extensions>
</trkpt>
<trkpt lat="36.9800902" lon="127.8868356">
<ele>73.852</ele>
<time>2026-05-12T10:31:06Z</time>
<extensions>
<gpxtpx:TrackPointExtension>
<gpxtpx:hr>163</gpxtpx:hr>
</gpxtpx:TrackPointExtension>
</extensions>
</trkpt>
<trkpt lat="36.9801153" lon="127.8868462">
<ele>73.685</ele>
<time>2026-05-12T10:31:07Z</time>
<extensions>
<gpxtpx:TrackPointExtension>
<gpxtpx:hr>163</gpxtpx:hr>
</gpxtpx:TrackPointExtension>
</extensions>
</trkpt>
<trkpt lat="36.9801408" lon="127.8868563">
<ele>73.597</ele>
<time>2026-05-12T10:31:08Z</time>
<extensions>
<gpxtpx:TrackPointExtension>
<gpxtpx:hr>162</gpxtpx:hr>
</gpxtpx:TrackPointExtension>
</extensions>
</trkpt>
<trkpt lat="36.9801664" lon="127.8868662">
<ele>73.591</ele>
<time>2026-05-12T10:31:09Z</time>
<extensions>
<gpxtpx:TrackPointExtension>
<gpxtpx:hr>162</gpxtpx:hr>
<gpxtpx:cad>170</gpxtpx:cad>
</gpxtpx:TrackPointExtension>
</extensions>
</trkpt>
<trkpt lat="36.9801926" lon="127.8868757">
<ele>73.632</ele>
<time>2026-05-12T10:31:10Z</time>
<extensions>
<gpxtpx:TrackPointExtension>
<gpxtpx:hr>162</gpxtpx:hr>
</gpxtpx:TrackPointExtension>
</extensions>
</trkpt>
<trkpt lat="36.980219" lon="127.8868852">
<ele>73.654</ele>
<time>2026-05-12T10:31:11Z</time>
<extensions>
<gpxtpx:TrackPointExtension>
<gpxtpx:hr>161</gpxtpx:hr>
</gpxtpx:TrackPointExtension>
</extensions>
</trkpt>
<trkpt lat="36.9802454" lon="127.8868948">
<ele>73.638</ele>
<time>2026-05-12T10:31:12Z</time>
<extensions>
<gpxtpx:TrackPointExtension>
<gpxtpx:hr>161</gpxtpx:hr>
</gpxtpx:TrackPointExtension>
</extensions>
</trkpt>
<trkpt lat="36.9802718" lon="127.8869051">
<ele>73.634</ele>
<time>2026-05-12T10:31:13Z</time>
<extensions>
<gpxtpx:TrackPointExtension>
<gpxtpx:hr>161</gpxtpx:hr>
</gpxtpx:TrackPointExtension>
</extensions>
</trkpt>
<trkpt lat="36.9802983" lon="127.8869162">
<ele>73.804</ele>
<time>2026-05-12T10:31:14Z</time>
<extensions>
<gpxtpx:TrackPointExtension>
<gpxtpx:hr>161</gpxtpx:hr>
<gpxtpx:cad>172</gpxtpx:cad>
</gpxtpx:TrackPointExtension>
</extensions>
</trkpt>
<trkpt lat="36.9803248" lon="127.8869279">
<ele>73.908</ele>
<time>2026-05-12T10:31:15Z</time>
<extensions>
<gpxtpx:TrackPointExtension>
<gpxtpx:hr>162</gpxtpx:hr>
</gpxtpx:TrackPointExtension>
</extensions>
</trkpt>
<trkpt lat="36.9803516" lon="127.8869398">
<ele>73.875</ele>
<time>2026-05-12T10:31:16Z</time>
<extensions>
<gpxtpx:TrackPointExtension>
<gpxtpx:hr>162</gpxtpx:hr>
</gpxtpx:TrackPointExtension>
</extensions>
</trkpt>
<trkpt lat="36.9803785" lon="127.8869516">
<ele>73.911</ele>
<time>2026-05-12T10:31:17Z</time>
<extensions>
<gpxtpx:TrackPointExtension>
<gpxtpx:hr>162</gpxtpx:hr>
</gpxtpx:TrackPointExtension>
</extensions>
</trkpt>
<trkpt lat="36.9804053" lon="127.8869633">
<ele>74.024</ele>
<time>2026-05-12T10:31:18Z</time>
<extensions>
<gpxtpx:TrackPointExtension>
<gpxtpx:hr>162</gpxtpx:hr>
</gpxtpx:TrackPointExtension>
</extensions>
</trkpt>
<trkpt lat="36.9804323" lon="127.8869747">
<ele>73.883</ele>
<time>2026-05-12T10:31:19Z</time>
<extensions>
<gpxtpx:TrackPointExtension>
<gpxtpx:hr>163</gpxtpx:hr>
<gpxtpx:cad>177</gpxtpx:cad>
</gpxtpx:TrackPointExtension>
</extensions>
</trkpt>
<trkpt lat="36.9804592" lon="127.8869858">
<ele>73.673</ele>
<time>2026-05-12T10:31:20Z</time>
<extensions>
<gpxtpx:TrackPointExtension>
<gpxtpx:hr>163</gpxtpx:hr>
</gpxtpx:TrackPointExtension>
</extensions>
</trkpt>
<trkpt lat="36.9804861" lon="127.8869964">
<ele>73.607</ele>
<time>2026-05-12T10:31:21Z</time>
<extensions>
<gpxtpx:TrackPointExtension>
<gpxtpx:hr>163</gpxtpx:hr>
</gpxtpx:TrackPointExtension>
</extensions>
</trkpt>
<trkpt lat="36.980513" lon="127.8870066">
<ele>73.522</ele>
<time>2026-05-12T10:31:22Z</time>
<extensions>
<gpxtpx:TrackPointExtension>
<gpxtpx:hr>164</gpxtpx:hr>
</gpxtpx:TrackPointExtension>
</extensions>
</trkpt>
<trkpt lat="36.9805397" lon="127.8870162">
<ele>73.422</ele>
<time>2026-05-12T10:31:23Z</time>
<extensions>
<gpxtpx:TrackPointExtension>
<gpxtpx:hr>164</gpxtpx:hr>
<gpxtpx:cad>176</gpxtpx:cad>
</gpxtpx:TrackPointExtension>
</extensions>
</trkpt>
<trkpt lat="36.9805663" lon="127.8870255">
<ele>73.429</ele>
<time>2026-05-12T10:31:24Z</time>
<extensions>
<gpxtpx:TrackPointExtension>
<gpxtpx:hr>163</gpxtpx:hr>
<gpxtpx:cad>176</gpxtpx:cad>
</gpxtpx:TrackPointExtension>
</extensions>
</trkpt>
<trkpt lat="36.9805927" lon="127.8870344">
<ele>73.428</ele>
<time>2026-05-12T10:31:25Z</time>
<extensions>
<gpxtpx:TrackPointExtension>
<gpxtpx:hr>163</gpxtpx:hr>
</gpxtpx:TrackPointExtension>
</extensions>
</trkpt>
<trkpt lat="36.980619" lon="127.8870432">
<ele>73.407</ele>
<time>2026-05-12T10:31:26Z</time>
<extensions>
<gpxtpx:TrackPointExtension>
<gpxtpx:hr>163</gpxtpx:hr>
</gpxtpx:TrackPointExtension>
</extensions>
</trkpt>
<trkpt lat="36.980645" lon="127.887052">
<ele>73.364</ele>
<time>2026-05-12T10:31:27Z</time>
<extensions>
<gpxtpx:TrackPointExtension>
<gpxtpx:hr>163</gpxtpx:hr>
</gpxtpx:TrackPointExtension>
</extensions>
</trkpt>
<trkpt lat="36.9806708" lon="127.8870608">
<ele>73.659</ele>
<time>2026-05-12T10:31:28Z</time>
<extensions>
<gpxtpx:TrackPointExtension>
<gpxtpx:hr>162</gpxtpx:hr>
</gpxtpx:TrackPointExtension>
</extensions>
</trkpt>
<trkpt lat="36.9806962" lon="127.8870696">
<ele>73.698</ele>
<time>2026-05-12T10:31:29Z</time>
<extensions>
<gpxtpx:TrackPointExtension>
<gpxtpx:hr>162</gpxtpx:hr>
<gpxtpx:cad>175</gpxtpx:cad>
</gpxtpx:TrackPointExtension>
</extensions>
</trkpt>
<trkpt lat="36.980721" lon="127.8870784">
<ele>73.631</ele>
<time>2026-05-12T10:31:30Z</time>
<extensions>
<gpxtpx:TrackPointExtension>
<gpxtpx:hr>161</gpxtpx:hr>
</gpxtpx:TrackPointExtension>
</extensions>
</trkpt>
<trkpt lat="36.9807454" lon="127.8870871">
<ele>73.508</ele>
<time>2026-05-12T10:31:31Z</time>
<extensions>
<gpxtpx:TrackPointExtension>
<gpxtpx:hr>161</gpxtpx:hr>
</gpxtpx:TrackPointExtension>
</extensions>
</trkpt>
<trkpt lat="36.9807695" lon="127.8870957">
<ele>73.464</ele>
<time>2026-05-12T10:31:32Z</time>
<extensions>
<gpxtpx:TrackPointExtension>
<gpxtpx:hr>160</gpxtpx:hr>
</gpxtpx:TrackPointExtension>
</extensions>
</trkpt>
<trkpt lat="36.9807933" lon="127.8871041">
<ele>73.479</ele>
<time>2026-05-12T10:31:33Z</time>
<extensions>
<gpxtpx:TrackPointExtension>
<gpxtpx:hr>160</gpxtpx:hr>
</gpxtpx:TrackPointExtension>
</extensions>
</trkpt>
<trkpt lat="36.9808173" lon="127.8871123">
<ele>73.508</ele>
<time>2026-05-12T10:31:34Z</time>
<extensions>
<gpxtpx:TrackPointExtension>
<gpxtpx:hr>160</gpxtpx:hr>
<gpxtpx:cad>175</gpxtpx:cad>
</gpxtpx:TrackPointExtension>
</extensions>
</trkpt>
<trkpt lat="36.9808417" lon="127.8871205">
<ele>73.489</ele>
<time>2026-05-12T10:31:35Z</time>
</trkpt>
<trkpt lat="36.9808661" lon="127.8871282">
<ele>73.501</ele>
<time>2026-05-12T10:31:36Z</time>
<extensions>
<gpxtpx:TrackPointExtension>
<gpxtpx:hr>161</gpxtpx:hr>
</gpxtpx:TrackPointExtension>
</extensions>
</trkpt>
<trkpt lat="36.9808904" lon="127.8871366">
<ele>73.535</ele>
<time>2026-05-12T10:31:37Z</time>
<extensions>
<gpxtpx:TrackPointExtension>
<gpxtpx:hr>162</gpxtpx:hr>
</gpxtpx:TrackPointExtension>
</extensions>
</trkpt>
<trkpt lat="36.9809148" lon="127.8871445">
<ele>73.468</ele>
<time>2026-05-12T10:31:38Z</time>
<extensions>
<gpxtpx:TrackPointExtension>
<gpxtpx:hr>162</gpxtpx:hr>
<gpxtpx:cad>177</gpxtpx:cad>
</gpxtpx:TrackPointExtension>
</extensions>
</trkpt>
<trkpt lat="36.9809391" lon="127.8871522">
<ele>73.455</ele>
<time>2026-05-12T10:31:39Z</time>
<extensions>
<gpxtpx:TrackPointExtension>
<gpxtpx:hr>162</gpxtpx:hr>
</gpxtpx:TrackPointExtension>
</extensions>
</trkpt>
<trkpt lat="36.9809636" lon="127.88716">
<ele>73.418</ele>
<time>2026-05-12T10:31:40Z</time>
<extensions>
<gpxtpx:TrackPointExtension>
<gpxtpx:hr>162</gpxtpx:hr>
</gpxtpx:TrackPointExtension>
</extensions>
</trkpt>
<trkpt lat="36.9809885" lon="127.8871675">
<ele>73.423</ele>
<time>2026-05-12T10:31:41Z</time>
<extensions>
<gpxtpx:TrackPointExtension>
<gpxtpx:hr>162</gpxtpx:hr>
</gpxtpx:TrackPointExtension>
</extensions>
</trkpt>
<trkpt lat="36.9810128" lon="127.8871752">
<ele>73.457</ele>
<time>2026-05-12T10:31:42Z</time>
<extensions>
<gpxtpx:TrackPointExtension>
<gpxtpx:hr>162</gpxtpx:hr>
</gpxtpx:TrackPointExtension>
</extensions>
</trkpt>
<trkpt lat="36.9810376" lon="127.8871828">
<ele>73.429</ele>
<time>2026-05-12T10:31:43Z</time>
<extensions>
<gpxtpx:TrackPointExtension>
<gpxtpx:hr>162</gpxtpx:hr>
<gpxtpx:cad>179</gpxtpx:cad>
</gpxtpx:TrackPointExtension>
</extensions>
</trkpt>
<trkpt lat="36.9810627" lon="127.8871903">
<ele>73.456</ele>
<time>2026-05-12T10:31:44Z</time>
<extensions>
<gpxtpx:TrackPointExtension>
<gpxtpx:hr>162</gpxtpx:hr>
</gpxtpx:TrackPointExtension>
</extensions>
</trkpt>
<trkpt lat="36.9810879" lon="127.8871978">
<ele>73.596</ele>
<time>2026-05-12T10:31:45Z</time>
<extensions>
<gpxtpx:TrackPointExtension>
<gpxtpx:hr>162</gpxtpx:hr>
</gpxtpx:TrackPointExtension>
</extensions>
</trkpt>
<trkpt lat="36.9811133" lon="127.8872053">
<ele>73.582</ele>
<time>2026-05-12T10:31:46Z</time>
<extensions>
<gpxtpx:TrackPointExtension>
<gpxtpx:hr>162</gpxtpx:hr>
</gpxtpx:TrackPointExtension>
</extensions>
</trkpt>
<trkpt lat="36.9811388" lon="127.8872128">
<ele>73.457</ele>
<time>2026-05-12T10:31:47Z</time>
<extensions>
<gpxtpx:TrackPointExtension>
<gpxtpx:hr>162</gpxtpx:hr>
</gpxtpx:TrackPointExtension>
</extensions>
</trkpt>
<trkpt lat="36.9811646" lon="127.8872204">
<ele>73.41</ele>
<time>2026-05-12T10:31:48Z</time>
<extensions>
<gpxtpx:TrackPointExtension>
<gpxtpx:hr>162</gpxtpx:hr>
<gpxtpx:cad>181</gpxtpx:cad>
</gpxtpx:TrackPointExtension>
</extensions>
</trkpt>
<trkpt lat="36.9811905" lon="127.8872281">
<ele>73.41</ele>
<time>2026-05-12T10:31:49Z</time>
<extensions>
<gpxtpx:TrackPointExtension>
<gpxtpx:hr>163</gpxtpx:hr>
</gpxtpx:TrackPointExtension>
</extensions>
</trkpt>
<trkpt lat="36.9812166" lon="127.8872358">
<ele>73.493</ele>
<time>2026-05-12T10:31:50Z</time>
<extensions>
<gpxtpx:TrackPointExtension>
<gpxtpx:hr>163</gpxtpx:hr>
</gpxtpx:TrackPointExtension>
</extensions>
</trkpt>
<trkpt lat="36.9812428" lon="127.8872436">
<ele>73.46</ele>
<time>2026-05-12T10:31:51Z</time>
<extensions>
<gpxtpx:TrackPointExtension>
<gpxtpx:hr>163</gpxtpx:hr>
</gpxtpx:TrackPointExtension>
</extensions>
</trkpt>
<trkpt lat="36.9812692" lon="127.8872515">
<ele>73.426</ele>
<time>2026-05-12T10:31:52Z</time>
<extensions>
<gpxtpx:TrackPointExtension>
<gpxtpx:hr>164</gpxtpx:hr>
</gpxtpx:TrackPointExtension>
</extensions>
</trkpt>
<trkpt lat="36.9812956" lon="127.8872596">
<ele>73.408</ele>
<time>2026-05-12T10:31:53Z</time>
<extensions>
<gpxtpx:TrackPointExtension>
<gpxtpx:hr>164</gpxtpx:hr>
<gpxtpx:cad>180</gpxtpx:cad>
</gpxtpx:TrackPointExtension>
</extensions>
</trkpt>
<trkpt lat="36.9813221" lon="127.8872677">
<ele>73.453</ele>
<time>2026-05-12T10:31:54Z</time>
<extensions>
<gpxtpx:TrackPointExtension>
<gpxtpx:hr>164</gpxtpx:hr>
</gpxtpx:TrackPointExtension>
</extensions>
</trkpt>
<trkpt lat="36.9813486" lon="127.8872758">
<ele>73.518</ele>
<time>2026-05-12T10:31:55Z</time>
<extensions>
<gpxtpx:TrackPointExtension>
<gpxtpx:hr>164</gpxtpx:hr>
</gpxtpx:TrackPointExtension>
</extensions>
</trkpt>
<trkpt lat="36.9813751" lon="127.8872841">
<ele>73.486</ele>
<time>2026-05-12T10:31:56Z</time>
<extensions>
<gpxtpx:TrackPointExtension>
<gpxtpx:hr>163</gpxtpx:hr>
</gpxtpx:TrackPointExtension>
</extensions>
</trkpt>
<trkpt lat="36.9814015" lon="127.8872924">
<ele>73.433</ele>
<time>2026-05-12T10:31:57Z</time>
<extensions>
<gpxtpx:TrackPointExtension>
<gpxtpx:hr>163</gpxtpx:hr>
<gpxtpx:cad>178</gpxtpx:cad>
</gpxtpx:TrackPointExtension>
</extensions>
</trkpt>
<trkpt lat="36.9814278" lon="127.8873007">
<ele>73.451</ele>
<time>2026-05-12T10:31:58Z</time>
<extensions>
<gpxtpx:TrackPointExtension>
<gpxtpx:hr>163</gpxtpx:hr>
<gpxtpx:cad>177</gpxtpx:cad>
</gpxtpx:TrackPointExtension>
</extensions>
</trkpt>
<trkpt lat="36.981454" lon="127.887309">
<ele>73.441</ele>
<time>2026-05-12T10:31:59Z</time>
<extensions>
<gpxtpx:TrackPointExtension>
<gpxtpx:hr>163</gpxtpx:hr>
</gpxtpx:TrackPointExtension>
</extensions>
</trkpt>
<trkpt lat="36.98148" lon="127.8873173">
<ele>73.432</ele>
<time>2026-05-12T10:32:00Z</time>
<extensions>
<gpxtpx:TrackPointExtension>
<gpxtpx:hr>163</gpxtpx:hr>
</gpxtpx:TrackPointExtension>
</extensions>
</trkpt>
<trkpt lat="36.9815059" lon="127.8873255">
<ele>73.352</ele>
<time>2026-05-12T10:32:01Z</time>
<extensions>
<gpxtpx:TrackPointExtension>
<gpxtpx:hr>162</gpxtpx:hr>
</gpxtpx:TrackPointExtension>
</extensions>
</trkpt>
<trkpt lat="36.9815316" lon="127.8873336">
<ele>73.36</ele>
<time>2026-05-12T10:32:02Z</time>
<extensions>
<gpxtpx:TrackPointExtension>
<gpxtpx:hr>162</gpxtpx:hr>
</gpxtpx:TrackPointExtension>
</extensions>
</trkpt>
<trkpt lat="36.9815572" lon="127.8873416">
<ele>73.411</ele>
<time>2026-05-12T10:32:03Z</time>
<extensions>
<gpxtpx:TrackPointExtension>
<gpxtpx:hr>163</gpxtpx:hr>
<gpxtpx:cad>177</gpxtpx:cad>
</gpxtpx:TrackPointExtension>
</extensions>
</trkpt>
<trkpt lat="36.9815826" lon="127.8873496">
<ele>73.475</ele>
<time>2026-05-12T10:32:04Z</time>
<extensions>
<gpxtpx:TrackPointExtension>
<gpxtpx:hr>163</gpxtpx:hr>
</gpxtpx:TrackPointExtension>
</extensions>
</trkpt>
<trkpt lat="36.9816076" lon="127.8873573">
<ele>73.47</ele>
<time>2026-05-12T10:32:05Z</time>
<extensions>
<gpxtpx:TrackPointExtension>
<gpxtpx:hr>163</gpxtpx:hr>
</gpxtpx:TrackPointExtension>
</extensions>
</trkpt>
<trkpt lat="36.9816332" lon="127.8873654">
<ele>73.454</ele>
<time>2026-05-12T10:32:06Z</time>
<extensions>
<gpxtpx:TrackPointExtension>
<gpxtpx:hr>163</gpxtpx:hr>
</gpxtpx:TrackPointExtension>
</extensions>
</trkpt>
<trkpt lat="36.9816584" lon="127.8873728">
<ele>73.414</ele>
<time>2026-05-12T10:32:07Z</time>
<extensions>
<gpxtpx:TrackPointExtension>
<gpxtpx:hr>163</gpxtpx:hr>
</gpxtpx:TrackPointExtension>
</extensions>
</trkpt>
<trkpt lat="36.9816838" lon="127.8873806">
<ele>73.346</ele>
<time>2026-05-12T10:32:08Z</time>
<extensions>
<gpxtpx:TrackPointExtension>
<gpxtpx:hr>163</gpxtpx:hr>
<gpxtpx:cad>175</gpxtpx:cad>
</gpxtpx:TrackPointExtension>
</extensions>
</trkpt>
<trkpt lat="36.9817091" lon="127.8873883">
<ele>73.368</ele>
<time>2026-05-12T10:32:09Z</time>
<extensions>
<gpxtpx:TrackPointExtension>
<gpxtpx:hr>163</gpxtpx:hr>
</gpxtpx:TrackPointExtension>
</extensions>
</trkpt>
<trkpt lat="36.9817342" lon="127.8873961">
<ele>73.449</ele>
<time>2026-05-12T10:32:10Z</time>
<extensions>
<gpxtpx:TrackPointExtension>
<gpxtpx:hr>163</gpxtpx:hr>
</gpxtpx:TrackPointExtension>
</extensions>
</trkpt>
<trkpt lat="36.9817597" lon="127.8874036">
<ele>73.471</ele>
<time>2026-05-12T10:32:11Z</time>
<extensions>
<gpxtpx:TrackPointExtension>
<gpxtpx:hr>163</gpxtpx:hr>
</gpxtpx:TrackPointExtension>
</extensions>
</trkpt>
<trkpt lat="36.9817847" lon="127.8874111">
<ele>73.441</ele>
<time>2026-05-12T10:32:12Z</time>
<extensions>
<gpxtpx:TrackPointExtension>
<gpxtpx:hr>163</gpxtpx:hr>
</gpxtpx:TrackPointExtension>
</extensions>
</trkpt>
<trkpt lat="36.9818104" lon="127.8874185">
<ele>73.429</ele>
<time>2026-05-12T10:32:13Z</time>
<extensions>
<gpxtpx:TrackPointExtension>
<gpxtpx:hr>163</gpxtpx:hr>
<gpxtpx:cad>175</gpxtpx:cad>
</gpxtpx:TrackPointExtension>
</extensions>
</trkpt>
<trkpt lat="36.9818355" lon="127.887426">
<ele>73.389</ele>
<time>2026-05-12T10:32:14Z</time>
<extensions>
<gpxtpx:TrackPointExtension>
<gpxtpx:hr>163</gpxtpx:hr>
</gpxtpx:TrackPointExtension>
</extensions>
</trkpt>
<trkpt lat="36.981861" lon="127.8874333">
<ele>73.364</ele>
<time>2026-05-12T10:32:15Z</time>
<extensions>
<gpxtpx:TrackPointExtension>
<gpxtpx:hr>163</gpxtpx:hr>
</gpxtpx:TrackPointExtension>
</extensions>
</trkpt>
<trkpt lat="36.9818867" lon="127.8874406">
<ele>73.368</ele>
<time>2026-05-12T10:32:16Z</time>
<extensions>
<gpxtpx:TrackPointExtension>
<gpxtpx:hr>163</gpxtpx:hr>
</gpxtpx:TrackPointExtension>
</extensions>
</trkpt>
<trkpt lat="36.9819128" lon="127.8874475">
<ele>73.331</ele>
<time>2026-05-12T10:32:17Z</time>
<extensions>
<gpxtpx:TrackPointExtension>
<gpxtpx:hr>164</gpxtpx:hr>
</gpxtpx:TrackPointExtension>
</extensions>
</trkpt>
<trkpt lat="36.9819384" lon="127.8874548">
<ele>73.325</ele>
<time>2026-05-12T10:32:18Z</time>
<extensions>
<gpxtpx:TrackPointExtension>
<gpxtpx:hr>164</gpxtpx:hr>
<gpxtpx:cad>179</gpxtpx:cad>
</gpxtpx:TrackPointExtension>
</extensions>
</trkpt>
<trkpt lat="36.9819647" lon="127.8874615">
<ele>73.272</ele>
<time>2026-05-12T10:32:19Z</time>
<extensions>
<gpxtpx:TrackPointExtension>
<gpxtpx:hr>164</gpxtpx:hr>
</gpxtpx:TrackPointExtension>
</extensions>
</trkpt>
<trkpt lat="36.9819908" lon="127.8874684">
<ele>73.255</ele>
<time>2026-05-12T10:32:20Z</time>
<extensions>
<gpxtpx:TrackPointExtension>
<gpxtpx:hr>164</gpxtpx:hr>
</gpxtpx:TrackPointExtension>
</extensions>
</trkpt>
<trkpt lat="36.982017" lon="127.8874753">
<ele>73.257</ele>
<time>2026-05-12T10:32:21Z</time>
<extensions>
<gpxtpx:TrackPointExtension>
<gpxtpx:hr>163</gpxtpx:hr>
</gpxtpx:TrackPointExtension>
</extensions>
</trkpt>
<trkpt lat="36.9820433" lon="127.8874823">
<ele>73.263</ele>
<time>2026-05-12T10:32:22Z</time>
<extensions>
<gpxtpx:TrackPointExtension>
<gpxtpx:hr>163</gpxtpx:hr>
</gpxtpx:TrackPointExtension>
</extensions>
</trkpt>
<trkpt lat="36.9820695" lon="127.8874889">
<ele>73.209</ele>
<time>2026-05-12T10:32:23Z</time>
<extensions>
<gpxtpx:TrackPointExtension>
<gpxtpx:hr>163</gpxtpx:hr>
<gpxtpx:cad>181</gpxtpx:cad>
</gpxtpx:TrackPointExtension>
</extensions>
</trkpt>
<trkpt lat="36.9820959" lon="127.8874958">
<ele>73.233</ele>
<time>2026-05-12T10:32:24Z</time>
<extensions>
<gpxtpx:TrackPointExtension>
<gpxtpx:hr>163</gpxtpx:hr>
</gpxtpx:TrackPointExtension>
</extensions>
</trkpt>
<trkpt lat="36.982122" lon="127.8875024">
<ele>73.259</ele>
<time>2026-05-12T10:32:25Z</time>
<extensions>
<gpxtpx:TrackPointExtension>
<gpxtpx:hr>162</gpxtpx:hr>
</gpxtpx:TrackPointExtension>
</extensions>
</trkpt>
<trkpt lat="36.9821483" lon="127.8875092">
<ele>73.262</ele>
<time>2026-05-12T10:32:26Z</time>
<extensions>
<gpxtpx:TrackPointExtension>
<gpxtpx:hr>162</gpxtpx:hr>
</gpxtpx:TrackPointExtension>
</extensions>
</trkpt>
<trkpt lat="36.9821744" lon="127.8875158">
<ele>73.233</ele>
<time>2026-05-12T10:32:27Z</time>
<extensions>
<gpxtpx:TrackPointExtension>
<gpxtpx:hr>161</gpxtpx:hr>
</gpxtpx:TrackPointExtension>
</extensions>
</trkpt>
<trkpt lat="36.9822005" lon="127.8875225">
<ele>73.246</ele>
<time>2026-05-12T10:32:28Z</time>
<extensions>
<gpxtpx:TrackPointExtension>
<gpxtpx:hr>161</gpxtpx:hr>
<gpxtpx:cad>181</gpxtpx:cad>
</gpxtpx:TrackPointExtension>
</extensions>
</trkpt>
<trkpt lat="36.9822267" lon="127.8875292">
<ele>73.312</ele>
<time>2026-05-12T10:32:29Z</time>
<extensions>
<gpxtpx:TrackPointExtension>
<gpxtpx:hr>161</gpxtpx:hr>
</gpxtpx:TrackPointExtension>
</extensions>
</trkpt>
<trkpt lat="36.9822529" lon="127.8875358">
<ele>73.32</ele>
<time>2026-05-12T10:32:30Z</time>
<extensions>
<gpxtpx:TrackPointExtension>
<gpxtpx:hr>161</gpxtpx:hr>
</gpxtpx:TrackPointExtension>
</extensions>
</trkpt>
<trkpt lat="36.9822792" lon="127.8875426">
<ele>73.32</ele>
<time>2026-05-12T10:32:31Z</time>
<extensions>
<gpxtpx:TrackPointExtension>
<gpxtpx:hr>161</gpxtpx:hr>
<gpxtpx:cad>181</gpxtpx:cad>
</gpxtpx:TrackPointExtension>
</extensions>
</trkpt>
<trkpt lat="36.9823055" lon="127.8875501">
<ele>73.287</ele>
<time>2026-05-12T10:32:32Z</time>
<extensions>
<gpxtpx:TrackPointExtension>
<gpxtpx:hr>161</gpxtpx:hr>
</gpxtpx:TrackPointExtension>
</extensions>
</trkpt>
<trkpt lat="36.9823318" lon="127.8875566">
<ele>73.349</ele>
<time>2026-05-12T10:32:33Z</time>
<extensions>
<gpxtpx:TrackPointExtension>
<gpxtpx:hr>161</gpxtpx:hr>
<gpxtpx:cad>180</gpxtpx:cad>
</gpxtpx:TrackPointExtension>
</extensions>
</trkpt>
<trkpt lat="36.9823582" lon="127.8875646">
<ele>73.375</ele>
<time>2026-05-12T10:32:34Z</time>
<extensions>
<gpxtpx:TrackPointExtension>
<gpxtpx:hr>161</gpxtpx:hr>
</gpxtpx:TrackPointExtension>
</extensions>
</trkpt>
<trkpt lat="36.9823844" lon="127.8875714">
<ele>73.352</ele>
<time>2026-05-12T10:32:35Z</time>
<extensions>
<gpxtpx:TrackPointExtension>
<gpxtpx:hr>160</gpxtpx:hr>
</gpxtpx:TrackPointExtension>
</extensions>
</trkpt>
<trkpt lat="36.9824107" lon="127.8875792">
<ele>73.362</ele>
<time>2026-05-12T10:32:36Z</time>
<extensions>
<gpxtpx:TrackPointExtension>
<gpxtpx:hr>160</gpxtpx:hr>
</gpxtpx:TrackPointExtension>
</extensions>
</trkpt>
<trkpt lat="36.982437" lon="127.8875866">
<ele>73.393</ele>
<time>2026-05-12T10:32:37Z</time>
<extensions>
<gpxtpx:TrackPointExtension>
<gpxtpx:hr>160</gpxtpx:hr>
</gpxtpx:TrackPointExtension>
</extensions>
</trkpt>
<trkpt lat="36.9824632" lon="127.8875952">
<ele>73.383</ele>
<time>2026-05-12T10:32:38Z</time>
<extensions>
<gpxtpx:TrackPointExtension>
<gpxtpx:hr>160</gpxtpx:hr>
<gpxtpx:cad>177</gpxtpx:cad>
</gpxtpx:TrackPointExtension>
</extensions>
</trkpt>
<trkpt lat="36.9824894" lon="127.8876031">
<ele>73.343</ele>
<time>2026-05-12T10:32:39Z</time>
<extensions>
<gpxtpx:TrackPointExtension>
<gpxtpx:hr>160</gpxtpx:hr>
</gpxtpx:TrackPointExtension>
</extensions>
</trkpt>
<trkpt lat="36.9825156" lon="127.8876117">
<ele>73.293</ele>
<time>2026-05-12T10:32:40Z</time>
<extensions>
<gpxtpx:TrackPointExtension>
<gpxtpx:hr>161</gpxtpx:hr>
</gpxtpx:TrackPointExtension>
</extensions>
</trkpt>
<trkpt lat="36.9825419" lon="127.88762">
<ele>73.254</ele>
<time>2026-05-12T10:32:41Z</time>
<extensions>
<gpxtpx:TrackPointExtension>
<gpxtpx:hr>161</gpxtpx:hr>
</gpxtpx:TrackPointExtension>
</extensions>
</trkpt>
<trkpt lat="36.9825681" lon="127.8876283">
<ele>73.307</ele>
<time>2026-05-12T10:32:42Z</time>
<extensions>
<gpxtpx:TrackPointExtension>
<gpxtpx:hr>161</gpxtpx:hr>
</gpxtpx:TrackPointExtension>
</extensions>
</trkpt>
<trkpt lat="36.9825944" lon="127.8876368">
<ele>73.256</ele>
<time>2026-05-12T10:32:43Z</time>
<extensions>
<gpxtpx:TrackPointExtension>
<gpxtpx:hr>160</gpxtpx:hr>
<gpxtpx:cad>178</gpxtpx:cad>
</gpxtpx:TrackPointExtension>
</extensions>
</trkpt>
<trkpt lat="36.982621" lon="127.8876447">
<ele>73.274</ele>
<time>2026-05-12T10:32:44Z</time>
<extensions>
<gpxtpx:TrackPointExtension>
<gpxtpx:hr>160</gpxtpx:hr>
</gpxtpx:TrackPointExtension>
</extensions>
</trkpt>
<trkpt lat="36.9826479" lon="127.8876525">
<ele>73.33</ele>
<time>2026-05-12T10:32:45Z</time>
<extensions>
<gpxtpx:TrackPointExtension>
<gpxtpx:hr>161</gpxtpx:hr>
</gpxtpx:TrackPointExtension>
</extensions>
</trkpt>
<trkpt lat="36.9826744" lon="127.8876609">
<ele>73.368</ele>
<time>2026-05-12T10:32:46Z</time>
<extensions>
<gpxtpx:TrackPointExtension>
<gpxtpx:hr>161</gpxtpx:hr>
</gpxtpx:TrackPointExtension>
</extensions>
</trkpt>
<trkpt lat="36.9827016" lon="127.887668">
<ele>73.364</ele>
<time>2026-05-12T10:32:47Z</time>
<extensions>
<gpxtpx:TrackPointExtension>
<gpxtpx:hr>161</gpxtpx:hr>
</gpxtpx:TrackPointExtension>
</extensions>
</trkpt>
<trkpt lat="36.9827281" lon="127.8876763">
<ele>73.352</ele>
<time>2026-05-12T10:32:48Z</time>
<extensions>
<gpxtpx:TrackPointExtension>
<gpxtpx:hr>162</gpxtpx:hr>
<gpxtpx:cad>177</gpxtpx:cad>
</gpxtpx:TrackPointExtension>
</extensions>
</trkpt>
<trkpt lat="36.9827544" lon="127.8876846">
<ele>73.287</ele>
<time>2026-05-12T10:32:49Z</time>
<extensions>
<gpxtpx:TrackPointExtension>
<gpxtpx:hr>162</gpxtpx:hr>
</gpxtpx:TrackPointExtension>
</extensions>
</trkpt>
<trkpt lat="36.9827803" lon="127.8876929">
<ele>73.291</ele>
<time>2026-05-12T10:32:50Z</time>
<extensions>
<gpxtpx:TrackPointExtension>
<gpxtpx:hr>162</gpxtpx:hr>
</gpxtpx:TrackPointExtension>
</extensions>
</trkpt>
<trkpt lat="36.9828074" lon="127.8876995">
<ele>73.257</ele>
<time>2026-05-12T10:32:51Z</time>
<extensions>
<gpxtpx:TrackPointExtension>
<gpxtpx:hr>161</gpxtpx:hr>
</gpxtpx:TrackPointExtension>
</extensions>
</trkpt>
<trkpt lat="36.9828346" lon="127.8877064">
<ele>73.268</ele>
<time>2026-05-12T10:32:52Z</time>
<extensions>
<gpxtpx:TrackPointExtension>
<gpxtpx:hr>161</gpxtpx:hr>
</gpxtpx:TrackPointExtension>
</extensions>
</trkpt>
<trkpt lat="36.9828627" lon="127.8877128">
<ele>73.273</ele>
<time>2026-05-12T10:32:53Z</time>
<extensions>
<gpxtpx:TrackPointExtension>
<gpxtpx:hr>161</gpxtpx:hr>
<gpxtpx:cad>178</gpxtpx:cad>
</gpxtpx:TrackPointExtension>
</extensions>
</trkpt>
<trkpt lat="36.9828911" lon="127.8877187">
<ele>73.223</ele>
<time>2026-05-12T10:32:54Z</time>
<extensions>
<gpxtpx:TrackPointExtension>
<gpxtpx:hr>161</gpxtpx:hr>
</gpxtpx:TrackPointExtension>
</extensions>
</trkpt>
<trkpt lat="36.9829193" lon="127.8877242">
<ele>73.194</ele>
<time>2026-05-12T10:32:55Z</time>
<extensions>
<gpxtpx:TrackPointExtension>
<gpxtpx:hr>161</gpxtpx:hr>
</gpxtpx:TrackPointExtension>
</extensions>
</trkpt>
<trkpt lat="36.9829468" lon="127.887728">
<ele>73.236</ele>
<time>2026-05-12T10:32:56Z</time>
<extensions>
<gpxtpx:TrackPointExtension>
<gpxtpx:hr>161</gpxtpx:hr>
</gpxtpx:TrackPointExtension>
</extensions>
</trkpt>
<trkpt lat="36.9829745" lon="127.8877322">
<ele>73.194</ele>
<time>2026-05-12T10:32:57Z</time>
<extensions>
<gpxtpx:TrackPointExtension>
<gpxtpx:hr>161</gpxtpx:hr>
</gpxtpx:TrackPointExtension>
</extensions>
</trkpt>
<trkpt lat="36.9830014" lon="127.8877335">
<ele>73.179</ele>
<time>2026-05-12T10:32:58Z</time>
<extensions>
<gpxtpx:TrackPointExtension>
<gpxtpx:hr>162</gpxtpx:hr>
<gpxtpx:cad>180</gpxtpx:cad>
</gpxtpx:TrackPointExtension>
</extensions>
</trkpt>
<trkpt lat="36.9830282" lon="127.8877344">
<ele>73.17</ele>
<time>2026-05-12T10:32:59Z</time>
<extensions>
<gpxtpx:TrackPointExtension>
<gpxtpx:hr>162</gpxtpx:hr>
</gpxtpx:TrackPointExtension>
</extensions>
</trkpt>
<trkpt lat="36.9830549" lon="127.8877341">
<ele>73.169</ele>
<time>2026-05-12T10:33:00Z</time>
<extensions>
<gpxtpx:TrackPointExtension>
<gpxtpx:hr>162</gpxtpx:hr>
</gpxtpx:TrackPointExtension>
</extensions>
</trkpt>
<trkpt lat="36.9830816" lon="127.8877327">
<ele>73.176</ele>
<time>2026-05-12T10:33:01Z</time>
<extensions>
<gpxtpx:TrackPointExtension>
<gpxtpx:hr>162</gpxtpx:hr>
</gpxtpx:TrackPointExtension>
</extensions>
</trkpt>
<trkpt lat="36.9831084" lon="127.8877306">
<ele>73.16</ele>
<time>2026-05-12T10:33:02Z</time>
<extensions>
<gpxtpx:TrackPointExtension>
<gpxtpx:hr>162</gpxtpx:hr>
</gpxtpx:TrackPointExtension>
</extensions>
</trkpt>
<trkpt lat="36.9831353" lon="127.8877281">
<ele>73.154</ele>
<time>2026-05-12T10:33:03Z</time>
<extensions>
<gpxtpx:TrackPointExtension>
<gpxtpx:hr>162</gpxtpx:hr>
<gpxtpx:cad>180</gpxtpx:cad>
</gpxtpx:TrackPointExtension>
</extensions>
</trkpt>
<trkpt lat="36.9831624" lon="127.8877255">
<ele>73.263</ele>
<time>2026-05-12T10:33:04Z</time>
<extensions>
<gpxtpx:TrackPointExtension>
<gpxtpx:hr>162</gpxtpx:hr>
<gpxtpx:cad>180</gpxtpx:cad>
</gpxtpx:TrackPointExtension>
</extensions>
</trkpt>
<trkpt lat="36.9831895" lon="127.887723">
<ele>73.35</ele>
<time>2026-05-12T10:33:05Z</time>
<extensions>
<gpxtpx:TrackPointExtension>
<gpxtpx:hr>163</gpxtpx:hr>
</gpxtpx:TrackPointExtension>
</extensions>
</trkpt>
<trkpt lat="36.9832166" lon="127.8877209">
<ele>73.474</ele>
<time>2026-05-12T10:33:06Z</time>
<extensions>
<gpxtpx:TrackPointExtension>
<gpxtpx:hr>163</gpxtpx:hr>
</gpxtpx:TrackPointExtension>
</extensions>
</trkpt>
<trkpt lat="36.9832435" lon="127.8877192">
<ele>73.491</ele>
<time>2026-05-12T10:33:07Z</time>
<extensions>
<gpxtpx:TrackPointExtension>
<gpxtpx:hr>163</gpxtpx:hr>
</gpxtpx:TrackPointExtension>
</extensions>
</trkpt>
<trkpt lat="36.9832699" lon="127.8877182">
<ele>73.449</ele>
<time>2026-05-12T10:33:08Z</time>
<extensions>
<gpxtpx:TrackPointExtension>
<gpxtpx:hr>163</gpxtpx:hr>
<gpxtpx:cad>181</gpxtpx:cad>
</gpxtpx:TrackPointExtension>
</extensions>
</trkpt>
<trkpt lat="36.9832961" lon="127.8877171">
<ele>73.441</ele>
<time>2026-05-12T10:33:09Z</time>
<extensions>
<gpxtpx:TrackPointExtension>
<gpxtpx:hr>163</gpxtpx:hr>
</gpxtpx:TrackPointExtension>
</extensions>
</trkpt>
<trkpt lat="36.983322" lon="127.8877162">
<ele>73.463</ele>
<time>2026-05-12T10:33:10Z</time>
<extensions>
<gpxtpx:TrackPointExtension>
<gpxtpx:hr>163</gpxtpx:hr>
</gpxtpx:TrackPointExtension>
</extensions>
</trkpt>
<trkpt lat="36.983348" lon="127.8877153">
<ele>73.226</ele>
<time>2026-05-12T10:33:11Z</time>
<extensions>
<gpxtpx:TrackPointExtension>
<gpxtpx:hr>162</gpxtpx:hr>
</gpxtpx:TrackPointExtension>
</extensions>
</trkpt>
<trkpt lat="36.9833737" lon="127.8877142">
<ele>73.156</ele>
<time>2026-05-12T10:33:12Z</time>
<extensions>
<gpxtpx:TrackPointExtension>
<gpxtpx:hr>162</gpxtpx:hr>
</gpxtpx:TrackPointExtension>
</extensions>
</trkpt>
<trkpt lat="36.9833995" lon="127.887713">
<ele>73.162</ele>
<time>2026-05-12T10:33:13Z</time>
<extensions>
<gpxtpx:TrackPointExtension>
<gpxtpx:hr>162</gpxtpx:hr>
<gpxtpx:cad>180</gpxtpx:cad>
</gpxtpx:TrackPointExtension>
</extensions>
</trkpt>
<trkpt lat="36.9834248" lon="127.8877122">
<ele>73.112</ele>
<time>2026-05-12T10:33:14Z</time>
<extensions>
<gpxtpx:TrackPointExtension>
<gpxtpx:hr>162</gpxtpx:hr>
</gpxtpx:TrackPointExtension>
</extensions>
</trkpt>
<trkpt lat="36.983451" lon="127.8877105">
<ele>73.085</ele>
<time>2026-05-12T10:33:15Z</time>
<extensions>
<gpxtpx:TrackPointExtension>
<gpxtpx:hr>161</gpxtpx:hr>
</gpxtpx:TrackPointExtension>
</extensions>
</trkpt>
<trkpt lat="36.983477" lon="127.8877089">
<ele>73.06</ele>
<time>2026-05-12T10:33:16Z</time>
<extensions>
<gpxtpx:TrackPointExtension>
<gpxtpx:hr>161</gpxtpx:hr>
</gpxtpx:TrackPointExtension>
</extensions>
</trkpt>
<trkpt lat="36.9835034" lon="127.887707">
<ele>73.029</ele>
<time>2026-05-12T10:33:17Z</time>
<extensions>
<gpxtpx:TrackPointExtension>
<gpxtpx:hr>161</gpxtpx:hr>
</gpxtpx:TrackPointExtension>
</extensions>
</trkpt>
<trkpt lat="36.983531" lon="127.8877035">
<ele>73.086</ele>
<time>2026-05-12T10:33:18Z</time>
<extensions>
<gpxtpx:TrackPointExtension>
<gpxtpx:hr>160</gpxtpx:hr>
<gpxtpx:cad>177</gpxtpx:cad>
</gpxtpx:TrackPointExtension>
</extensions>
</trkpt>
<trkpt lat="36.9835584" lon="127.8877004">
<ele>73.099</ele>
<time>2026-05-12T10:33:19Z</time>
<extensions>
<gpxtpx:TrackPointExtension>
<gpxtpx:hr>161</gpxtpx:hr>
</gpxtpx:TrackPointExtension>
</extensions>
</trkpt>
<trkpt lat="36.9835863" lon="127.887695">
<ele>73.097</ele>
<time>2026-05-12T10:33:20Z</time>
<extensions>
<gpxtpx:TrackPointExtension>
<gpxtpx:hr>161</gpxtpx:hr>
</gpxtpx:TrackPointExtension>
</extensions>
</trkpt>
<trkpt lat="36.9836142" lon="127.88769">
<ele>73.116</ele>
<time>2026-05-12T10:33:21Z</time>
<extensions>
<gpxtpx:TrackPointExtension>
<gpxtpx:hr>161</gpxtpx:hr>
</gpxtpx:TrackPointExtension>
</extensions>
</trkpt>
<trkpt lat="36.9836419" lon="127.8876825">
<ele>73.124</ele>
<time>2026-05-12T10:33:22Z</time>
<extensions>
<gpxtpx:TrackPointExtension>
<gpxtpx:hr>161</gpxtpx:hr>
</gpxtpx:TrackPointExtension>
</extensions>
</trkpt>
<trkpt lat="36.9836694" lon="127.8876749">
<ele>73.085</ele>
<time>2026-05-12T10:33:23Z</time>
<extensions>
<gpxtpx:TrackPointExtension>
<gpxtpx:hr>162</gpxtpx:hr>
<gpxtpx:cad>178</gpxtpx:cad>
</gpxtpx:TrackPointExtension>
</extensions>
</trkpt>
<trkpt lat="36.9836967" lon="127.8876665">
<ele>73.108</ele>
<time>2026-05-12T10:33:24Z</time>
<extensions>
<gpxtpx:TrackPointExtension>
<gpxtpx:hr>161</gpxtpx:hr>
</gpxtpx:TrackPointExtension>
</extensions>
</trkpt>
<trkpt lat="36.9837238" lon="127.8876576">
<ele>73.1</ele>
<time>2026-05-12T10:33:25Z</time>
<extensions>
<gpxtpx:TrackPointExtension>
<gpxtpx:hr>161</gpxtpx:hr>
</gpxtpx:TrackPointExtension>
</extensions>
</trkpt>
<trkpt lat="36.9837506" lon="127.8876483">
<ele>73.119</ele>
<time>2026-05-12T10:33:26Z</time>
<extensions>
<gpxtpx:TrackPointExtension>
<gpxtpx:hr>161</gpxtpx:hr>
</gpxtpx:TrackPointExtension>
</extensions>
</trkpt>
<trkpt lat="36.983777" lon="127.8876389">
<ele>73.036</ele>
<time>2026-05-12T10:33:27Z</time>
<extensions>
<gpxtpx:TrackPointExtension>
<gpxtpx:hr>161</gpxtpx:hr>
</gpxtpx:TrackPointExtension>
</extensions>
</trkpt>
<trkpt lat="36.9838032" lon="127.8876294">
<ele>73.077</ele>
<time>2026-05-12T10:33:28Z</time>
<extensions>
<gpxtpx:TrackPointExtension>
<gpxtpx:hr>161</gpxtpx:hr>
<gpxtpx:cad>180</gpxtpx:cad>
</gpxtpx:TrackPointExtension>
</extensions>
</trkpt>
<trkpt lat="36.9838291" lon="127.88762">
<ele>72.961</ele>
<time>2026-05-12T10:33:29Z</time>
<extensions>
<gpxtpx:TrackPointExtension>
<gpxtpx:hr>161</gpxtpx:hr>
</gpxtpx:TrackPointExtension>
</extensions>
</trkpt>
<trkpt lat="36.9838545" lon="127.8876102">
<ele>72.889</ele>
<time>2026-05-12T10:33:30Z</time>
<extensions>
<gpxtpx:TrackPointExtension>
<gpxtpx:hr>162</gpxtpx:hr>
</gpxtpx:TrackPointExtension>
</extensions>
</trkpt>
<trkpt lat="36.9838798" lon="127.8875999">
<ele>72.983</ele>
<time>2026-05-12T10:33:31Z</time>
<extensions>
<gpxtpx:TrackPointExtension>
<gpxtpx:hr>162</gpxtpx:hr>
</gpxtpx:TrackPointExtension>
</extensions>
</trkpt>
<trkpt lat="36.9839052" lon="127.8875897">
<ele>72.834</ele>
<time>2026-05-12T10:33:32Z</time>
<extensions>
<gpxtpx:TrackPointExtension>
<gpxtpx:hr>162</gpxtpx:hr>
</gpxtpx:TrackPointExtension>
</extensions>
</trkpt>
<trkpt lat="36.9839304" lon="127.8875794">
<ele>72.864</ele>
<time>2026-05-12T10:33:33Z</time>
<extensions>
<gpxtpx:TrackPointExtension>
<gpxtpx:hr>163</gpxtpx:hr>
<gpxtpx:cad>180</gpxtpx:cad>
</gpxtpx:TrackPointExtension>
</extensions>
</trkpt>
<trkpt lat="36.9839555" lon="127.8875689">
<ele>72.911</ele>
<time>2026-05-12T10:33:34Z</time>
</trkpt>
<trkpt lat="36.9839807" lon="127.8875583">
<ele>72.906</ele>
<time>2026-05-12T10:33:35Z</time>
</trkpt>
<trkpt lat="36.9840058" lon="127.8875473">
<ele>72.947</ele>
<time>2026-05-12T10:33:36Z</time>
<extensions>
<gpxtpx:TrackPointExtension>
<gpxtpx:hr>163</gpxtpx:hr>
</gpxtpx:TrackPointExtension>
</extensions>
</trkpt>
<trkpt lat="36.9840304" lon="127.8875365">
<ele>72.937</ele>
<time>2026-05-12T10:33:37Z</time>
<extensions>
<gpxtpx:TrackPointExtension>
<gpxtpx:hr>164</gpxtpx:hr>
<gpxtpx:cad>173</gpxtpx:cad>
</gpxtpx:TrackPointExtension>
</extensions>
</trkpt>
<trkpt lat="36.9840543" lon="127.8875263">
<ele>72.807</ele>
<time>2026-05-12T10:33:38Z</time>
<extensions>
<gpxtpx:TrackPointExtension>
<gpxtpx:hr>164</gpxtpx:hr>
<gpxtpx:cad>172</gpxtpx:cad>
</gpxtpx:TrackPointExtension>
</extensions>
</trkpt>
<trkpt lat="36.9840782" lon="127.887516">
<ele>72.822</ele>
<time>2026-05-12T10:33:39Z</time>
<extensions>
<gpxtpx:TrackPointExtension>
<gpxtpx:hr>164</gpxtpx:hr>
</gpxtpx:TrackPointExtension>
</extensions>
</trkpt>
<trkpt lat="36.9841017" lon="127.8875058">
<ele>72.846</ele>
<time>2026-05-12T10:33:40Z</time>
<extensions>
<gpxtpx:TrackPointExtension>
<gpxtpx:hr>163</gpxtpx:hr>
</gpxtpx:TrackPointExtension>
</extensions>
</trkpt>
<trkpt lat="36.9841252" lon="127.8874957">
<ele>72.852</ele>
<time>2026-05-12T10:33:41Z</time>
<extensions>
<gpxtpx:TrackPointExtension>
<gpxtpx:hr>163</gpxtpx:hr>
</gpxtpx:TrackPointExtension>
</extensions>
</trkpt>
<trkpt lat="36.9841487" lon="127.8874852">
<ele>72.791</ele>
<time>2026-05-12T10:33:42Z</time>
<extensions>
<gpxtpx:TrackPointExtension>
<gpxtpx:hr>163</gpxtpx:hr>
</gpxtpx:TrackPointExtension>
</extensions>
</trkpt>
<trkpt lat="36.9841721" lon="127.8874748">
<ele>72.913</ele>
<time>2026-05-12T10:33:43Z</time>
<extensions>
<gpxtpx:TrackPointExtension>
<gpxtpx:hr>163</gpxtpx:hr>
<gpxtpx:cad>171</gpxtpx:cad>
</gpxtpx:TrackPointExtension>
</extensions>
</trkpt>
<trkpt lat="36.9841959" lon="127.8874629">
<ele>72.773</ele>
<time>2026-05-12T10:33:44Z</time>
<extensions>
<gpxtpx:TrackPointExtension>
<gpxtpx:hr>164</gpxtpx:hr>
</gpxtpx:TrackPointExtension>
</extensions>
</trkpt>
<trkpt lat="36.98422" lon="127.8874501">
<ele>72.791</ele>
<time>2026-05-12T10:33:45Z</time>
<extensions>
<gpxtpx:TrackPointExtension>
<gpxtpx:hr>164</gpxtpx:hr>
</gpxtpx:TrackPointExtension>
</extensions>
</trkpt>
<trkpt lat="36.9842442" lon="127.8874368">
<ele>72.797</ele>
<time>2026-05-12T10:33:46Z</time>
<extensions>
<gpxtpx:TrackPointExtension>
<gpxtpx:hr>164</gpxtpx:hr>
</gpxtpx:TrackPointExtension>
</extensions>
</trkpt>
<trkpt lat="36.9842688" lon="127.8874217">
<ele>72.761</ele>
<time>2026-05-12T10:33:47Z</time>
<extensions>
<gpxtpx:TrackPointExtension>
<gpxtpx:hr>164</gpxtpx:hr>
</gpxtpx:TrackPointExtension>
</extensions>
</trkpt>
<trkpt lat="36.9842934" lon="127.8874068">
<ele>72.758</ele>
<time>2026-05-12T10:33:48Z</time>
<extensions>
<gpxtpx:TrackPointExtension>
<gpxtpx:hr>164</gpxtpx:hr>
<gpxtpx:cad>179</gpxtpx:cad>
</gpxtpx:TrackPointExtension>
</extensions>
</trkpt>
<trkpt lat="36.9843185" lon="127.8873914">
<ele>72.778</ele>
<time>2026-05-12T10:33:49Z</time>
<extensions>
<gpxtpx:TrackPointExtension>
<gpxtpx:hr>164</gpxtpx:hr>
</gpxtpx:TrackPointExtension>
</extensions>
</trkpt>
<trkpt lat="36.9843435" lon="127.887376">
<ele>72.705</ele>
<time>2026-05-12T10:33:50Z</time>
<extensions>
<gpxtpx:TrackPointExtension>
<gpxtpx:hr>164</gpxtpx:hr>
</gpxtpx:TrackPointExtension>
</extensions>
</trkpt>
<trkpt lat="36.9843687" lon="127.8873606">
<ele>72.762</ele>
<time>2026-05-12T10:33:51Z</time>
<extensions>
<gpxtpx:TrackPointExtension>
<gpxtpx:hr>164</gpxtpx:hr>
</gpxtpx:TrackPointExtension>
</extensions>
</trkpt>
<trkpt lat="36.984394" lon="127.8873453">
<ele>72.747</ele>
<time>2026-05-12T10:33:52Z</time>
<extensions>
<gpxtpx:TrackPointExtension>
<gpxtpx:hr>163</gpxtpx:hr>
</gpxtpx:TrackPointExtension>
</extensions>
</trkpt>
<trkpt lat="36.9844186" lon="127.8873305">
<ele>72.762</ele>
<time>2026-05-12T10:33:53Z</time>
<extensions>
<gpxtpx:TrackPointExtension>
<gpxtpx:hr>163</gpxtpx:hr>
<gpxtpx:cad>180</gpxtpx:cad>
</gpxtpx:TrackPointExtension>
</extensions>
</trkpt>
<trkpt lat="36.9844428" lon="127.8873162">
<ele>72.727</ele>
<time>2026-05-12T10:33:54Z</time>
<extensions>
<gpxtpx:TrackPointExtension>
<gpxtpx:hr>163</gpxtpx:hr>
</gpxtpx:TrackPointExtension>
</extensions>
</trkpt>
<trkpt lat="36.9844672" lon="127.8873017">
<ele>72.704</ele>
<time>2026-05-12T10:33:55Z</time>
<extensions>
<gpxtpx:TrackPointExtension>
<gpxtpx:hr>163</gpxtpx:hr>
</gpxtpx:TrackPointExtension>
</extensions>
</trkpt>
<trkpt lat="36.9844908" lon="127.8872881">
<ele>72.73</ele>
<time>2026-05-12T10:33:56Z</time>
<extensions>
<gpxtpx:TrackPointExtension>
<gpxtpx:hr>163</gpxtpx:hr>
</gpxtpx:TrackPointExtension>
</extensions>
</trkpt>
<trkpt lat="36.9845149" lon="127.8872739">
<ele>72.77</ele>
<time>2026-05-12T10:33:57Z</time>
<extensions>
<gpxtpx:TrackPointExtension>
<gpxtpx:hr>164</gpxtpx:hr>
</gpxtpx:TrackPointExtension>
</extensions>
</trkpt>
<trkpt lat="36.9845388" lon="127.8872602">
<ele>72.868</ele>
<time>2026-05-12T10:33:58Z</time>
<extensions>
<gpxtpx:TrackPointExtension>
<gpxtpx:hr>164</gpxtpx:hr>
<gpxtpx:cad>181</gpxtpx:cad>
</gpxtpx:TrackPointExtension>
</extensions>
</trkpt>
<trkpt lat="36.9845632" lon="127.8872458">
<ele>72.856</ele>
<time>2026-05-12T10:33:59Z</time>
<extensions>
<gpxtpx:TrackPointExtension>
<gpxtpx:hr>164</gpxtpx:hr>
</gpxtpx:TrackPointExtension>
</extensions>
</trkpt>
<trkpt lat="36.9845871" lon="127.8872325">
<ele>72.826</ele>
<time>2026-05-12T10:34:00Z</time>
<extensions>
<gpxtpx:TrackPointExtension>
<gpxtpx:hr>164</gpxtpx:hr>
</gpxtpx:TrackPointExtension>
</extensions>
</trkpt>
<trkpt lat="36.9846113" lon="127.8872184">
<ele>72.861</ele>
<time>2026-05-12T10:34:01Z</time>
<extensions>
<gpxtpx:TrackPointExtension>
<gpxtpx:hr>164</gpxtpx:hr>
</gpxtpx:TrackPointExtension>
</extensions>
</trkpt>
<trkpt lat="36.9846353" lon="127.8872055">
<ele>72.828</ele>
<time>2026-05-12T10:34:02Z</time>
<extensions>
<gpxtpx:TrackPointExtension>
<gpxtpx:hr>164</gpxtpx:hr>
</gpxtpx:TrackPointExtension>
</extensions>
</trkpt>
<trkpt lat="36.9846592" lon="127.8871918">
<ele>72.816</ele>
<time>2026-05-12T10:34:03Z</time>
<extensions>
<gpxtpx:TrackPointExtension>
<gpxtpx:hr>165</gpxtpx:hr>
<gpxtpx:cad>181</gpxtpx:cad>
</gpxtpx:TrackPointExtension>
</extensions>
</trkpt>
<trkpt lat="36.9846834" lon="127.8871791">
<ele>72.802</ele>
<time>2026-05-12T10:34:04Z</time>
<extensions>
<gpxtpx:TrackPointExtension>
<gpxtpx:hr>165</gpxtpx:hr>
</gpxtpx:TrackPointExtension>
</extensions>
</trkpt>
<trkpt lat="36.9847072" lon="127.8871657">
<ele>72.842</ele>
<time>2026-05-12T10:34:05Z</time>
<extensions>
<gpxtpx:TrackPointExtension>
<gpxtpx:hr>165</gpxtpx:hr>
</gpxtpx:TrackPointExtension>
</extensions>
</trkpt>
<trkpt lat="36.9847313" lon="127.887153">
<ele>72.824</ele>
<time>2026-05-12T10:34:06Z</time>
<extensions>
<gpxtpx:TrackPointExtension>
<gpxtpx:hr>165</gpxtpx:hr>
</gpxtpx:TrackPointExtension>
</extensions>
</trkpt>
<trkpt lat="36.9847555" lon="127.8871403">
<ele>72.886</ele>
<time>2026-05-12T10:34:07Z</time>
<extensions>
<gpxtpx:TrackPointExtension>
<gpxtpx:hr>164</gpxtpx:hr>
</gpxtpx:TrackPointExtension>
</extensions>
</trkpt>
<trkpt lat="36.9847798" lon="127.8871279">
<ele>72.879</ele>
<time>2026-05-12T10:34:08Z</time>
<extensions>
<gpxtpx:TrackPointExtension>
<gpxtpx:hr>164</gpxtpx:hr>
<gpxtpx:cad>181</gpxtpx:cad>
</gpxtpx:TrackPointExtension>
</extensions>
</trkpt>
<trkpt lat="36.9848042" lon="127.8871155">
<ele>72.899</ele>
<time>2026-05-12T10:34:09Z</time>
<extensions>
<gpxtpx:TrackPointExtension>
<gpxtpx:hr>164</gpxtpx:hr>
</gpxtpx:TrackPointExtension>
</extensions>
</trkpt>
<trkpt lat="36.9848287" lon="127.8871033">
<ele>72.928</ele>
<time>2026-05-12T10:34:10Z</time>
<extensions>
<gpxtpx:TrackPointExtension>
<gpxtpx:hr>163</gpxtpx:hr>
</gpxtpx:TrackPointExtension>
</extensions>
</trkpt>
<trkpt lat="36.9848534" lon="127.8870912">
<ele>73.002</ele>
<time>2026-05-12T10:34:11Z</time>
<extensions>
<gpxtpx:TrackPointExtension>
<gpxtpx:hr>162</gpxtpx:hr>
<gpxtpx:cad>181</gpxtpx:cad>
</gpxtpx:TrackPointExtension>
</extensions>
</trkpt>
<trkpt lat="36.9848782" lon="127.8870792">
<ele>73.06</ele>
<time>2026-05-12T10:34:12Z</time>
<extensions>
<gpxtpx:TrackPointExtension>
<gpxtpx:hr>162</gpxtpx:hr>
</gpxtpx:TrackPointExtension>
</extensions>
</trkpt>
<trkpt lat="36.9849031" lon="127.8870673">
<ele>73.06</ele>
<time>2026-05-12T10:34:13Z</time>
<extensions>
<gpxtpx:TrackPointExtension>
<gpxtpx:hr>161</gpxtpx:hr>
<gpxtpx:cad>180</gpxtpx:cad>
</gpxtpx:TrackPointExtension>
</extensions>
</trkpt>
<trkpt lat="36.9849282" lon="127.8870554">
<ele>73.053</ele>
<time>2026-05-12T10:34:14Z</time>
<extensions>
<gpxtpx:TrackPointExtension>
<gpxtpx:hr>161</gpxtpx:hr>
</gpxtpx:TrackPointExtension>
</extensions>
</trkpt>
<trkpt lat="36.9849533" lon="127.8870436">
<ele>73.009</ele>
<time>2026-05-12T10:34:15Z</time>
<extensions>
<gpxtpx:TrackPointExtension>
<gpxtpx:hr>160</gpxtpx:hr>
</gpxtpx:TrackPointExtension>
</extensions>
</trkpt>
<trkpt lat="36.9849785" lon="127.8870318">
<ele>72.997</ele>
<time>2026-05-12T10:34:16Z</time>
<extensions>
<gpxtpx:TrackPointExtension>
<gpxtpx:hr>160</gpxtpx:hr>
</gpxtpx:TrackPointExtension>
</extensions>
</trkpt>
<trkpt lat="36.9850038" lon="127.8870199">
<ele>72.97</ele>
<time>2026-05-12T10:34:17Z</time>
<extensions>
<gpxtpx:TrackPointExtension>
<gpxtpx:hr>160</gpxtpx:hr>
</gpxtpx:TrackPointExtension>
</extensions>
</trkpt>
<trkpt lat="36.9850291" lon="127.8870083">
<ele>73.032</ele>
<time>2026-05-12T10:34:18Z</time>
<extensions>
<gpxtpx:TrackPointExtension>
<gpxtpx:hr>160</gpxtpx:hr>
<gpxtpx:cad>177</gpxtpx:cad>
</gpxtpx:TrackPointExtension>
</extensions>
</trkpt>
<trkpt lat="36.9850542" lon="127.8869957">
<ele>73.013</ele>
<time>2026-05-12T10:34:19Z</time>
<extensions>
<gpxtpx:TrackPointExtension>
<gpxtpx:hr>160</gpxtpx:hr>
</gpxtpx:TrackPointExtension>
</extensions>
</trkpt>
<trkpt lat="36.9850793" lon="127.8869833">
<ele>73.058</ele>
<time>2026-05-12T10:34:20Z</time>
<extensions>
<gpxtpx:TrackPointExtension>
<gpxtpx:hr>161</gpxtpx:hr>
</gpxtpx:TrackPointExtension>
</extensions>
</trkpt>
<trkpt lat="36.9851043" lon="127.8869706">
<ele>73.054</ele>
<time>2026-05-12T10:34:21Z</time>
<extensions>
<gpxtpx:TrackPointExtension>
<gpxtpx:hr>162</gpxtpx:hr>
</gpxtpx:TrackPointExtension>
</extensions>
</trkpt>
<trkpt lat="36.9851292" lon="127.8869577">
<ele>73.082</ele>
<time>2026-05-12T10:34:22Z</time>
<extensions>
<gpxtpx:TrackPointExtension>
<gpxtpx:hr>162</gpxtpx:hr>
</gpxtpx:TrackPointExtension>
</extensions>
</trkpt>
<trkpt lat="36.9851539" lon="127.8869447">
<ele>73.083</ele>
<time>2026-05-12T10:34:23Z</time>
<extensions>
<gpxtpx:TrackPointExtension>
<gpxtpx:hr>162</gpxtpx:hr>
<gpxtpx:cad>174</gpxtpx:cad>
</gpxtpx:TrackPointExtension>
</extensions>
</trkpt>
<trkpt lat="36.9851786" lon="127.8869314">
<ele>73.085</ele>
<time>2026-05-12T10:34:24Z</time>
<extensions>
<gpxtpx:TrackPointExtension>
<gpxtpx:hr>162</gpxtpx:hr>
</gpxtpx:TrackPointExtension>
</extensions>
</trkpt>
<trkpt lat="36.9852032" lon="127.886918">
<ele>73.177</ele>
<time>2026-05-12T10:34:25Z</time>
<extensions>
<gpxtpx:TrackPointExtension>
<gpxtpx:hr>162</gpxtpx:hr>
</gpxtpx:TrackPointExtension>
</extensions>
</trkpt>
<trkpt lat="36.9852278" lon="127.8869045">
<ele>73.34</ele>
<time>2026-05-12T10:34:26Z</time>
<extensions>
<gpxtpx:TrackPointExtension>
<gpxtpx:hr>162</gpxtpx:hr>
</gpxtpx:TrackPointExtension>
</extensions>
</trkpt>
<trkpt lat="36.9852525" lon="127.8868912">
<ele>73.258</ele>
<time>2026-05-12T10:34:27Z</time>
<extensions>
<gpxtpx:TrackPointExtension>
<gpxtpx:hr>162</gpxtpx:hr>
</gpxtpx:TrackPointExtension>
</extensions>
</trkpt>
<trkpt lat="36.9852769" lon="127.886877">
<ele>73.133</ele>
<time>2026-05-12T10:34:28Z</time>
<extensions>
<gpxtpx:TrackPointExtension>
<gpxtpx:hr>163</gpxtpx:hr>
<gpxtpx:cad>172</gpxtpx:cad>
</gpxtpx:TrackPointExtension>
</extensions>
</trkpt>
<trkpt lat="36.9853014" lon="127.886863">
<ele>73.099</ele>
<time>2026-05-12T10:34:29Z</time>
<extensions>
<gpxtpx:TrackPointExtension>
<gpxtpx:hr>164</gpxtpx:hr>
</gpxtpx:TrackPointExtension>
</extensions>
</trkpt>
<trkpt lat="36.985326" lon="127.8868488">
<ele>73.102</ele>
<time>2026-05-12T10:34:30Z</time>
<extensions>
<gpxtpx:TrackPointExtension>
<gpxtpx:hr>164</gpxtpx:hr>
</gpxtpx:TrackPointExtension>
</extensions>
</trkpt>
<trkpt lat="36.9853506" lon="127.8868344">
<ele>73.032</ele>
<time>2026-05-12T10:34:31Z</time>
<extensions>
<gpxtpx:TrackPointExtension>
<gpxtpx:hr>163</gpxtpx:hr>
</gpxtpx:TrackPointExtension>
</extensions>
</trkpt>
<trkpt lat="36.9853753" lon="127.88682">
<ele>72.976</ele>
<time>2026-05-12T10:34:32Z</time>
<extensions>
<gpxtpx:TrackPointExtension>
<gpxtpx:hr>163</gpxtpx:hr>
</gpxtpx:TrackPointExtension>
</extensions>
</trkpt>
<trkpt lat="36.9853996" lon="127.8868055">
<ele>72.872</ele>
<time>2026-05-12T10:34:33Z</time>
<extensions>
<gpxtpx:TrackPointExtension>
<gpxtpx:hr>163</gpxtpx:hr>
<gpxtpx:cad>171</gpxtpx:cad>
</gpxtpx:TrackPointExtension>
</extensions>
</trkpt>
<trkpt lat="36.9854252" lon="127.8867912">
<ele>72.8</ele>
<time>2026-05-12T10:34:34Z</time>
<extensions>
<gpxtpx:TrackPointExtension>
<gpxtpx:hr>164</gpxtpx:hr>
</gpxtpx:TrackPointExtension>
</extensions>
</trkpt>
<trkpt lat="36.9854497" lon="127.8867765">
<ele>72.971</ele>
<time>2026-05-12T10:34:35Z</time>
<extensions>
<gpxtpx:TrackPointExtension>
<gpxtpx:hr>164</gpxtpx:hr>
</gpxtpx:TrackPointExtension>
</extensions>
</trkpt>
<trkpt lat="36.9854757" lon="127.8867628">
<ele>73.055</ele>
<time>2026-05-12T10:34:36Z</time>
<extensions>
<gpxtpx:TrackPointExtension>
<gpxtpx:hr>164</gpxtpx:hr>
</gpxtpx:TrackPointExtension>
</extensions>
</trkpt>
<trkpt lat="36.9855006" lon="127.8867484">
<ele>73.063</ele>
<time>2026-05-12T10:34:37Z</time>
<extensions>
<gpxtpx:TrackPointExtension>
<gpxtpx:hr>165</gpxtpx:hr>
</gpxtpx:TrackPointExtension>
</extensions>
</trkpt>
<trkpt lat="36.9855268" lon="127.8867355">
<ele>73.091</ele>
<time>2026-05-12T10:34:38Z</time>
<extensions>
<gpxtpx:TrackPointExtension>
<gpxtpx:hr>165</gpxtpx:hr>
<gpxtpx:cad>171</gpxtpx:cad>
</gpxtpx:TrackPointExtension>
</extensions>
</trkpt>
<trkpt lat="36.9855523" lon="127.8867215">
<ele>73.069</ele>
<time>2026-05-12T10:34:39Z</time>
<extensions>
<gpxtpx:TrackPointExtension>
<gpxtpx:hr>165</gpxtpx:hr>
</gpxtpx:TrackPointExtension>
</extensions>
</trkpt>
<trkpt lat="36.9855785" lon="127.8867093">
<ele>73.077</ele>
<time>2026-05-12T10:34:40Z</time>
<extensions>
<gpxtpx:TrackPointExtension>
<gpxtpx:hr>166</gpxtpx:hr>
</gpxtpx:TrackPointExtension>
</extensions>
</trkpt>
<trkpt lat="36.9856045" lon="127.8866958">
<ele>73.072</ele>
<time>2026-05-12T10:34:41Z</time>
<extensions>
<gpxtpx:TrackPointExtension>
<gpxtpx:hr>166</gpxtpx:hr>
</gpxtpx:TrackPointExtension>
</extensions>
</trkpt>
<trkpt lat="36.9856309" lon="127.886684">
<ele>73.056</ele>
<time>2026-05-12T10:34:42Z</time>
<extensions>
<gpxtpx:TrackPointExtension>
<gpxtpx:hr>165</gpxtpx:hr>
</gpxtpx:TrackPointExtension>
</extensions>
</trkpt>
<trkpt lat="36.9856572" lon="127.8866709">
<ele>73.053</ele>
<time>2026-05-12T10:34:43Z</time>
<extensions>
<gpxtpx:TrackPointExtension>
<gpxtpx:hr>165</gpxtpx:hr>
<gpxtpx:cad>175</gpxtpx:cad>
</gpxtpx:TrackPointExtension>
</extensions>
</trkpt>
<trkpt lat="36.9856836" lon="127.8866592">
<ele>73.06</ele>
<time>2026-05-12T10:34:44Z</time>
<extensions>
<gpxtpx:TrackPointExtension>
<gpxtpx:hr>165</gpxtpx:hr>
<gpxtpx:cad>176</gpxtpx:cad>
</gpxtpx:TrackPointExtension>
</extensions>
</trkpt>
<trkpt lat="36.9857099" lon="127.8866469">
<ele>73.135</ele>
<time>2026-05-12T10:34:45Z</time>
<extensions>
<gpxtpx:TrackPointExtension>
<gpxtpx:hr>165</gpxtpx:hr>
</gpxtpx:TrackPointExtension>
</extensions>
</trkpt>
<trkpt lat="36.9857363" lon="127.8866347">
<ele>73.121</ele>
<time>2026-05-12T10:34:46Z</time>
<extensions>
<gpxtpx:TrackPointExtension>
<gpxtpx:hr>165</gpxtpx:hr>
</gpxtpx:TrackPointExtension>
</extensions>
</trkpt>
<trkpt lat="36.9857627" lon="127.8866224">
<ele>73.109</ele>
<time>2026-05-12T10:34:47Z</time>
<extensions>
<gpxtpx:TrackPointExtension>
<gpxtpx:hr>164</gpxtpx:hr>
</gpxtpx:TrackPointExtension>
</extensions>
</trkpt>
<trkpt lat="36.9857891" lon="127.8866103">
<ele>73.084</ele>
<time>2026-05-12T10:34:48Z</time>
<extensions>
<gpxtpx:TrackPointExtension>
<gpxtpx:hr>165</gpxtpx:hr>
<gpxtpx:cad>181</gpxtpx:cad>
</gpxtpx:TrackPointExtension>
</extensions>
</trkpt>
<trkpt lat="36.9858156" lon="127.8865979">
<ele>73.049</ele>
<time>2026-05-12T10:34:49Z</time>
<extensions>
<gpxtpx:TrackPointExtension>
<gpxtpx:hr>165</gpxtpx:hr>
</gpxtpx:TrackPointExtension>
</extensions>
</trkpt>
<trkpt lat="36.9858419" lon="127.8865862">
<ele>73.014</ele>
<time>2026-05-12T10:34:50Z</time>
<extensions>
<gpxtpx:TrackPointExtension>
<gpxtpx:hr>165</gpxtpx:hr>
</gpxtpx:TrackPointExtension>
</extensions>
</trkpt>
<trkpt lat="36.9858684" lon="127.886574">
<ele>73.016</ele>
<time>2026-05-12T10:34:51Z</time>
<extensions>
<gpxtpx:TrackPointExtension>
<gpxtpx:hr>165</gpxtpx:hr>
</gpxtpx:TrackPointExtension>
</extensions>
</trkpt>
<trkpt lat="36.9858948" lon="127.8865618">
<ele>73.022</ele>
<time>2026-05-12T10:34:52Z</time>
<extensions>
<gpxtpx:TrackPointExtension>
<gpxtpx:hr>165</gpxtpx:hr>
</gpxtpx:TrackPointExtension>
</extensions>
</trkpt>
<trkpt lat="36.9859213" lon="127.8865493">
<ele>73.047</ele>
<time>2026-05-12T10:34:53Z</time>
<extensions>
<gpxtpx:TrackPointExtension>
<gpxtpx:hr>165</gpxtpx:hr>
<gpxtpx:cad>180</gpxtpx:cad>
</gpxtpx:TrackPointExtension>
</extensions>
</trkpt>
<trkpt lat="36.9859477" lon="127.8865365">
<ele>72.998</ele>
<time>2026-05-12T10:34:54Z</time>
<extensions>
<gpxtpx:TrackPointExtension>
<gpxtpx:hr>165</gpxtpx:hr>
</gpxtpx:TrackPointExtension>
</extensions>
</trkpt>
<trkpt lat="36.985974" lon="127.8865234">
<ele>72.954</ele>
<time>2026-05-12T10:34:55Z</time>
<extensions>
<gpxtpx:TrackPointExtension>
<gpxtpx:hr>164</gpxtpx:hr>
</gpxtpx:TrackPointExtension>
</extensions>
</trkpt>
<trkpt lat="36.9860004" lon="127.8865101">
<ele>72.846</ele>
<time>2026-05-12T10:34:56Z</time>
<extensions>
<gpxtpx:TrackPointExtension>
<gpxtpx:hr>164</gpxtpx:hr>
</gpxtpx:TrackPointExtension>
</extensions>
</trkpt>
<trkpt lat="36.9860266" lon="127.8864965">
<ele>72.844</ele>
<time>2026-05-12T10:34:57Z</time>
<extensions>
<gpxtpx:TrackPointExtension>
<gpxtpx:hr>164</gpxtpx:hr>
</gpxtpx:TrackPointExtension>
</extensions>
</trkpt>
<trkpt lat="36.9860529" lon="127.8864828">
<ele>72.802</ele>
<time>2026-05-12T10:34:58Z</time>
<extensions>
<gpxtpx:TrackPointExtension>
<gpxtpx:hr>164</gpxtpx:hr>
<gpxtpx:cad>181</gpxtpx:cad>
</gpxtpx:TrackPointExtension>
</extensions>
</trkpt>
<trkpt lat="36.986079" lon="127.8864687">
<ele>72.79</ele>
<time>2026-05-12T10:34:59Z</time>
<extensions>
<gpxtpx:TrackPointExtension>
<gpxtpx:hr>164</gpxtpx:hr>
</gpxtpx:TrackPointExtension>
</extensions>
</trkpt>
<trkpt lat="36.9861054" lon="127.8864548">
<ele>72.737</ele>
<time>2026-05-12T10:35:00Z</time>
<extensions>
<gpxtpx:TrackPointExtension>
<gpxtpx:hr>164</gpxtpx:hr>
</gpxtpx:TrackPointExtension>
</extensions>
</trkpt>
<trkpt lat="36.9861316" lon="127.8864405">
<ele>73.027</ele>
<time>2026-05-12T10:35:01Z</time>
<extensions>
<gpxtpx:TrackPointExtension>
<gpxtpx:hr>164</gpxtpx:hr>
</gpxtpx:TrackPointExtension>
</extensions>
</trkpt>
<trkpt lat="36.9861579" lon="127.8864265">
<ele>72.971</ele>
<time>2026-05-12T10:35:02Z</time>
<extensions>
<gpxtpx:TrackPointExtension>
<gpxtpx:hr>164</gpxtpx:hr>
</gpxtpx:TrackPointExtension>
</extensions>
</trkpt>
<trkpt lat="36.986184" lon="127.886412">
<ele>72.876</ele>
<time>2026-05-12T10:35:03Z</time>
<extensions>
<gpxtpx:TrackPointExtension>
<gpxtpx:hr>164</gpxtpx:hr>
<gpxtpx:cad>181</gpxtpx:cad>
</gpxtpx:TrackPointExtension>
</extensions>
</trkpt>
<trkpt lat="36.9862102" lon="127.8863979">
<ele>72.866</ele>
<time>2026-05-12T10:35:04Z</time>
<extensions>
<gpxtpx:TrackPointExtension>
<gpxtpx:hr>164</gpxtpx:hr>
</gpxtpx:TrackPointExtension>
</extensions>
</trkpt>
<trkpt lat="36.9862363" lon="127.8863837">
<ele>72.826</ele>
<time>2026-05-12T10:35:05Z</time>
<extensions>
<gpxtpx:TrackPointExtension>
<gpxtpx:hr>164</gpxtpx:hr>
</gpxtpx:TrackPointExtension>
</extensions>
</trkpt>
<trkpt lat="36.9862625" lon="127.8863695">
<ele>72.731</ele>
<time>2026-05-12T10:35:06Z</time>
<extensions>
<gpxtpx:TrackPointExtension>
<gpxtpx:hr>164</gpxtpx:hr>
</gpxtpx:TrackPointExtension>
</extensions>
</trkpt>
<trkpt lat="36.9862886" lon="127.8863555">
<ele>72.746</ele>
<time>2026-05-12T10:35:07Z</time>
<extensions>
<gpxtpx:TrackPointExtension>
<gpxtpx:hr>165</gpxtpx:hr>
</gpxtpx:TrackPointExtension>
</extensions>
</trkpt>
<trkpt lat="36.9863147" lon="127.8863415">
<ele>72.725</ele>
<time>2026-05-12T10:35:08Z</time>
<extensions>
<gpxtpx:TrackPointExtension>
<gpxtpx:hr>164</gpxtpx:hr>
<gpxtpx:cad>177</gpxtpx:cad>
</gpxtpx:TrackPointExtension>
</extensions>
</trkpt>
<trkpt lat="36.9863408" lon="127.8863278">
<ele>72.687</ele>
<time>2026-05-12T10:35:09Z</time>
<extensions>
<gpxtpx:TrackPointExtension>
<gpxtpx:hr>164</gpxtpx:hr>
</gpxtpx:TrackPointExtension>
</extensions>
</trkpt>
<trkpt lat="36.9863669" lon="127.8863141">
<ele>72.672</ele>
<time>2026-05-12T10:35:10Z</time>
<extensions>
<gpxtpx:TrackPointExtension>
<gpxtpx:hr>165</gpxtpx:hr>
</gpxtpx:TrackPointExtension>
</extensions>
</trkpt>
<trkpt lat="36.986393" lon="127.8863005">
<ele>72.67</ele>
<time>2026-05-12T10:35:11Z</time>
<extensions>
<gpxtpx:TrackPointExtension>
<gpxtpx:hr>165</gpxtpx:hr>
</gpxtpx:TrackPointExtension>
</extensions>
</trkpt>
<trkpt lat="36.986419" lon="127.8862878">
<ele>72.734</ele>
<time>2026-05-12T10:35:12Z</time>
<extensions>
<gpxtpx:TrackPointExtension>
<gpxtpx:hr>165</gpxtpx:hr>
</gpxtpx:TrackPointExtension>
</extensions>
</trkpt>
<trkpt lat="36.9864451" lon="127.886274">
<ele>72.766</ele>
<time>2026-05-12T10:35:13Z</time>
<extensions>
<gpxtpx:TrackPointExtension>
<gpxtpx:hr>166</gpxtpx:hr>
<gpxtpx:cad>176</gpxtpx:cad>
</gpxtpx:TrackPointExtension>
</extensions>
</trkpt>
<trkpt lat="36.9864711" lon="127.8862614">
<ele>72.762</ele>
<time>2026-05-12T10:35:14Z</time>
<extensions>
<gpxtpx:TrackPointExtension>
<gpxtpx:hr>165</gpxtpx:hr>
</gpxtpx:TrackPointExtension>
</extensions>
</trkpt>
<trkpt lat="36.9864972" lon="127.8862481">
<ele>72.825</ele>
<time>2026-05-12T10:35:15Z</time>
<extensions>
<gpxtpx:TrackPointExtension>
<gpxtpx:hr>165</gpxtpx:hr>
</gpxtpx:TrackPointExtension>
</extensions>
</trkpt>
<trkpt lat="36.9865231" lon="127.8862355">
<ele>72.835</ele>
<time>2026-05-12T10:35:16Z</time>
<extensions>
<gpxtpx:TrackPointExtension>
<gpxtpx:hr>165</gpxtpx:hr>
<gpxtpx:cad>177</gpxtpx:cad>
</gpxtpx:TrackPointExtension>
</extensions>
</trkpt>
<trkpt lat="36.9865492" lon="127.8862225">
<ele>72.847</ele>
<time>2026-05-12T10:35:17Z</time>
<extensions>
<gpxtpx:TrackPointExtension>
<gpxtpx:hr>165</gpxtpx:hr>
</gpxtpx:TrackPointExtension>
</extensions>
</trkpt>
<trkpt lat="36.986575" lon="127.8862095">
<ele>72.919</ele>
<time>2026-05-12T10:35:18Z</time>
<extensions>
<gpxtpx:TrackPointExtension>
<gpxtpx:hr>165</gpxtpx:hr>
<gpxtpx:cad>179</gpxtpx:cad>
</gpxtpx:TrackPointExtension>
</extensions>
</trkpt>
<trkpt lat="36.9866009" lon="127.8861969">
<ele>72.881</ele>
<time>2026-05-12T10:35:19Z</time>
<extensions>
<gpxtpx:TrackPointExtension>
<gpxtpx:hr>165</gpxtpx:hr>
</gpxtpx:TrackPointExtension>
</extensions>
</trkpt>
<trkpt lat="36.9866264" lon="127.8861835">
<ele>72.904</ele>
<time>2026-05-12T10:35:20Z</time>
<extensions>
<gpxtpx:TrackPointExtension>
<gpxtpx:hr>165</gpxtpx:hr>
</gpxtpx:TrackPointExtension>
</extensions>
</trkpt>
<trkpt lat="36.9866522" lon="127.886171">
<ele>72.86</ele>
<time>2026-05-12T10:35:21Z</time>
<extensions>
<gpxtpx:TrackPointExtension>
<gpxtpx:hr>165</gpxtpx:hr>
</gpxtpx:TrackPointExtension>
</extensions>
</trkpt>
<trkpt lat="36.9866777" lon="127.8861577">
<ele>72.646</ele>
<time>2026-05-12T10:35:22Z</time>
<extensions>
<gpxtpx:TrackPointExtension>
<gpxtpx:hr>166</gpxtpx:hr>
</gpxtpx:TrackPointExtension>
</extensions>
</trkpt>
<trkpt lat="36.986703" lon="127.8861434">
<ele>72.691</ele>
<time>2026-05-12T10:35:23Z</time>
<extensions>
<gpxtpx:TrackPointExtension>
<gpxtpx:hr>165</gpxtpx:hr>
<gpxtpx:cad>180</gpxtpx:cad>
</gpxtpx:TrackPointExtension>
</extensions>
</trkpt>
<trkpt lat="36.9867286" lon="127.8861304">
<ele>72.699</ele>
<time>2026-05-12T10:35:24Z</time>
<extensions>
<gpxtpx:TrackPointExtension>
<gpxtpx:hr>165</gpxtpx:hr>
</gpxtpx:TrackPointExtension>
</extensions>
</trkpt>
<trkpt lat="36.9867539" lon="127.8861151">
<ele>72.736</ele>
<time>2026-05-12T10:35:25Z</time>
<extensions>
<gpxtpx:TrackPointExtension>
<gpxtpx:hr>166</gpxtpx:hr>
</gpxtpx:TrackPointExtension>
</extensions>
</trkpt>
<trkpt lat="36.9867794" lon="127.8861014">
<ele>72.76</ele>
<time>2026-05-12T10:35:26Z</time>
<extensions>
<gpxtpx:TrackPointExtension>
<gpxtpx:hr>166</gpxtpx:hr>
</gpxtpx:TrackPointExtension>
</extensions>
</trkpt>
<trkpt lat="36.986805" lon="127.8860855">
<ele>72.784</ele>
<time>2026-05-12T10:35:27Z</time>
<extensions>
<gpxtpx:TrackPointExtension>
<gpxtpx:hr>167</gpxtpx:hr>
</gpxtpx:TrackPointExtension>
</extensions>
</trkpt>
<trkpt lat="36.9868308" lon="127.8860704">
<ele>72.817</ele>
<time>2026-05-12T10:35:28Z</time>
<extensions>
<gpxtpx:TrackPointExtension>
<gpxtpx:hr>167</gpxtpx:hr>
<gpxtpx:cad>181</gpxtpx:cad>
</gpxtpx:TrackPointExtension>
</extensions>
</trkpt>
<trkpt lat="36.9868566" lon="127.8860551">
<ele>72.795</ele>
<time>2026-05-12T10:35:29Z</time>
<extensions>
<gpxtpx:TrackPointExtension>
<gpxtpx:hr>167</gpxtpx:hr>
</gpxtpx:TrackPointExtension>
</extensions>
</trkpt>
<trkpt lat="36.9868821" lon="127.88604">
<ele>72.89</ele>
<time>2026-05-12T10:35:30Z</time>
<extensions>
<gpxtpx:TrackPointExtension>
<gpxtpx:hr>167</gpxtpx:hr>
</gpxtpx:TrackPointExtension>
</extensions>
</trkpt>
<trkpt lat="36.9869084" lon="127.8860243">
<ele>72.843</ele>
<time>2026-05-12T10:35:31Z</time>
<extensions>
<gpxtpx:TrackPointExtension>
<gpxtpx:hr>167</gpxtpx:hr>
</gpxtpx:TrackPointExtension>
</extensions>
</trkpt>
<trkpt lat="36.986934" lon="127.8860088">
<ele>72.847</ele>
<time>2026-05-12T10:35:32Z</time>
<extensions>
<gpxtpx:TrackPointExtension>
<gpxtpx:hr>167</gpxtpx:hr>
</gpxtpx:TrackPointExtension>
</extensions>
</trkpt>
<trkpt lat="36.9869596" lon="127.8859929">
<ele>72.861</ele>
<time>2026-05-12T10:35:33Z</time>
<extensions>
<gpxtpx:TrackPointExtension>
<gpxtpx:hr>166</gpxtpx:hr>
<gpxtpx:cad>181</gpxtpx:cad>
</gpxtpx:TrackPointExtension>
</extensions>
</trkpt>
<trkpt lat="36.9869863" lon="127.8859778">
<ele>72.732</ele>
<time>2026-05-12T10:35:34Z</time>
<extensions>
<gpxtpx:TrackPointExtension>
<gpxtpx:hr>166</gpxtpx:hr>
</gpxtpx:TrackPointExtension>
</extensions>
</trkpt>
<trkpt lat="36.9870123" lon="127.8859618">
<ele>72.676</ele>
<time>2026-05-12T10:35:35Z</time>
<extensions>
<gpxtpx:TrackPointExtension>
<gpxtpx:hr>166</gpxtpx:hr>
</gpxtpx:TrackPointExtension>
</extensions>
</trkpt>
<trkpt lat="36.987039" lon="127.8859476">
<ele>72.733</ele>
<time>2026-05-12T10:35:36Z</time>
<extensions>
<gpxtpx:TrackPointExtension>
<gpxtpx:hr>166</gpxtpx:hr>
</gpxtpx:TrackPointExtension>
</extensions>
</trkpt>
<trkpt lat="36.9870654" lon="127.8859319">
<ele>72.723</ele>
<time>2026-05-12T10:35:37Z</time>
<extensions>
<gpxtpx:TrackPointExtension>
<gpxtpx:hr>167</gpxtpx:hr>
</gpxtpx:TrackPointExtension>
</extensions>
</trkpt>
<trkpt lat="36.987092" lon="127.8859183">
<ele>72.761</ele>
<time>2026-05-12T10:35:38Z</time>
<extensions>
<gpxtpx:TrackPointExtension>
<gpxtpx:hr>166</gpxtpx:hr>
<gpxtpx:cad>179</gpxtpx:cad>
</gpxtpx:TrackPointExtension>
</extensions>
</trkpt>
<trkpt lat="36.9871185" lon="127.8859039">
<ele>72.726</ele>
<time>2026-05-12T10:35:39Z</time>
<extensions>
<gpxtpx:TrackPointExtension>
<gpxtpx:hr>166</gpxtpx:hr>
</gpxtpx:TrackPointExtension>
</extensions>
</trkpt>
<trkpt lat="36.9871446" lon="127.8858909">
<ele>72.728</ele>
<time>2026-05-12T10:35:40Z</time>
<extensions>
<gpxtpx:TrackPointExtension>
<gpxtpx:hr>165</gpxtpx:hr>
</gpxtpx:TrackPointExtension>
</extensions>
</trkpt>
<trkpt lat="36.9871713" lon="127.8858763">
<ele>72.718</ele>
<time>2026-05-12T10:35:41Z</time>
<extensions>
<gpxtpx:TrackPointExtension>
<gpxtpx:hr>165</gpxtpx:hr>
</gpxtpx:TrackPointExtension>
</extensions>
</trkpt>
<trkpt lat="36.9871978" lon="127.8858632">
<ele>72.628</ele>
<time>2026-05-12T10:35:42Z</time>
<extensions>
<gpxtpx:TrackPointExtension>
<gpxtpx:hr>164</gpxtpx:hr>
</gpxtpx:TrackPointExtension>
</extensions>
</trkpt>
<trkpt lat="36.9872247" lon="127.8858497">
<ele>72.6</ele>
<time>2026-05-12T10:35:43Z</time>
<extensions>
<gpxtpx:TrackPointExtension>
<gpxtpx:hr>165</gpxtpx:hr>
<gpxtpx:cad>176</gpxtpx:cad>
</gpxtpx:TrackPointExtension>
</extensions>
</trkpt>
<trkpt lat="36.9872507" lon="127.8858373">
<ele>72.575</ele>
<time>2026-05-12T10:35:44Z</time>
<extensions>
<gpxtpx:TrackPointExtension>
<gpxtpx:hr>165</gpxtpx:hr>
</gpxtpx:TrackPointExtension>
</extensions>
</trkpt>
<trkpt lat="36.9872767" lon="127.8858247">
<ele>72.538</ele>
<time>2026-05-12T10:35:45Z</time>
<extensions>
<gpxtpx:TrackPointExtension>
<gpxtpx:hr>166</gpxtpx:hr>
</gpxtpx:TrackPointExtension>
</extensions>
</trkpt>
<trkpt lat="36.9873023" lon="127.8858121">
<ele>72.577</ele>
<time>2026-05-12T10:35:46Z</time>
<extensions>
<gpxtpx:TrackPointExtension>
<gpxtpx:hr>166</gpxtpx:hr>
</gpxtpx:TrackPointExtension>
</extensions>
</trkpt>
<trkpt lat="36.9873277" lon="127.8857995">
<ele>72.6</ele>
<time>2026-05-12T10:35:47Z</time>
<extensions>
<gpxtpx:TrackPointExtension>
<gpxtpx:hr>166</gpxtpx:hr>
</gpxtpx:TrackPointExtension>
</extensions>
</trkpt>
<trkpt lat="36.9873528" lon="127.8857878">
<ele>72.661</ele>
<time>2026-05-12T10:35:48Z</time>
<extensions>
<gpxtpx:TrackPointExtension>
<gpxtpx:hr>165</gpxtpx:hr>
<gpxtpx:cad>177</gpxtpx:cad>
</gpxtpx:TrackPointExtension>
</extensions>
</trkpt>
<trkpt lat="36.9873779" lon="127.8857763">
<ele>72.68</ele>
<time>2026-05-12T10:35:49Z</time>
<extensions>
<gpxtpx:TrackPointExtension>
<gpxtpx:hr>165</gpxtpx:hr>
<gpxtpx:cad>178</gpxtpx:cad>
</gpxtpx:TrackPointExtension>
</extensions>
</trkpt>
<trkpt lat="36.9874029" lon="127.8857658">
<ele>72.635</ele>
<time>2026-05-12T10:35:50Z</time>
<extensions>
<gpxtpx:TrackPointExtension>
<gpxtpx:hr>164</gpxtpx:hr>
</gpxtpx:TrackPointExtension>
</extensions>
</trkpt>
<trkpt lat="36.9874281" lon="127.8857563">
<ele>72.607</ele>
<time>2026-05-12T10:35:51Z</time>
<extensions>
<gpxtpx:TrackPointExtension>
<gpxtpx:hr>164</gpxtpx:hr>
</gpxtpx:TrackPointExtension>
</extensions>
</trkpt>
<trkpt lat="36.9874536" lon="127.8857478">
<ele>72.601</ele>
<time>2026-05-12T10:35:52Z</time>
<extensions>
<gpxtpx:TrackPointExtension>
<gpxtpx:hr>164</gpxtpx:hr>
</gpxtpx:TrackPointExtension>
</extensions>
</trkpt>
<trkpt lat="36.9874797" lon="127.8857406">
<ele>72.621</ele>
<time>2026-05-12T10:35:53Z</time>
<extensions>
<gpxtpx:TrackPointExtension>
<gpxtpx:hr>163</gpxtpx:hr>
<gpxtpx:cad>176</gpxtpx:cad>
</gpxtpx:TrackPointExtension>
</extensions>
</trkpt>
<trkpt lat="36.9875064" lon="127.8857348">
<ele>72.543</ele>
<time>2026-05-12T10:35:54Z</time>
<extensions>
<gpxtpx:TrackPointExtension>
<gpxtpx:hr>163</gpxtpx:hr>
</gpxtpx:TrackPointExtension>
</extensions>
</trkpt>
<trkpt lat="36.9875335" lon="127.8857303">
<ele>72.582</ele>
<time>2026-05-12T10:35:55Z</time>
<extensions>
<gpxtpx:TrackPointExtension>
<gpxtpx:hr>164</gpxtpx:hr>
</gpxtpx:TrackPointExtension>
</extensions>
</trkpt>
<trkpt lat="36.9875614" lon="127.8857297">
<ele>72.634</ele>
<time>2026-05-12T10:35:56Z</time>
<extensions>
<gpxtpx:TrackPointExtension>
<gpxtpx:hr>164</gpxtpx:hr>
</gpxtpx:TrackPointExtension>
</extensions>
</trkpt>
<trkpt lat="36.9875894" lon="127.8857301">
<ele>72.731</ele>
<time>2026-05-12T10:35:57Z</time>
<extensions>
<gpxtpx:TrackPointExtension>
<gpxtpx:hr>164</gpxtpx:hr>
</gpxtpx:TrackPointExtension>
</extensions>
</trkpt>
<trkpt lat="36.9876178" lon="127.8857341">
<ele>72.722</ele>
<time>2026-05-12T10:35:58Z</time>
<extensions>
<gpxtpx:TrackPointExtension>
<gpxtpx:hr>164</gpxtpx:hr>
<gpxtpx:cad>172</gpxtpx:cad>
</gpxtpx:TrackPointExtension>
</extensions>
</trkpt>
<trkpt lat="36.9876462" lon="127.8857406">
<ele>72.696</ele>
<time>2026-05-12T10:35:59Z</time>
<extensions>
<gpxtpx:TrackPointExtension>
<gpxtpx:hr>164</gpxtpx:hr>
</gpxtpx:TrackPointExtension>
</extensions>
</trkpt>
<trkpt lat="36.9876747" lon="127.8857493">
<ele>72.686</ele>
<time>2026-05-12T10:36:00Z</time>
<extensions>
<gpxtpx:TrackPointExtension>
<gpxtpx:hr>164</gpxtpx:hr>
</gpxtpx:TrackPointExtension>
</extensions>
</trkpt>
<trkpt lat="36.9877028" lon="127.8857594">
<ele>72.7</ele>
<time>2026-05-12T10:36:01Z</time>
</trkpt>
<trkpt lat="36.9877305" lon="127.8857702">
<ele>72.687</ele>
<time>2026-05-12T10:36:02Z</time>
<extensions>
<gpxtpx:TrackPointExtension>
<gpxtpx:hr>164</gpxtpx:hr>
</gpxtpx:TrackPointExtension>
</extensions>
</trkpt>
<trkpt lat="36.9877574" lon="127.8857818">
<ele>72.74</ele>
<time>2026-05-12T10:36:03Z</time>
<extensions>
<gpxtpx:TrackPointExtension>
<gpxtpx:hr>165</gpxtpx:hr>
<gpxtpx:cad>174</gpxtpx:cad>
</gpxtpx:TrackPointExtension>
</extensions>
</trkpt>
<trkpt lat="36.9877843" lon="127.8857932">
<ele>72.7</ele>
<time>2026-05-12T10:36:04Z</time>
<extensions>
<gpxtpx:TrackPointExtension>
<gpxtpx:hr>164</gpxtpx:hr>
</gpxtpx:TrackPointExtension>
</extensions>
</trkpt>
<trkpt lat="36.9878105" lon="127.8858049">
<ele>72.702</ele>
<time>2026-05-12T10:36:05Z</time>
<extensions>
<gpxtpx:TrackPointExtension>
<gpxtpx:hr>164</gpxtpx:hr>
</gpxtpx:TrackPointExtension>
</extensions>
</trkpt>
<trkpt lat="36.9878368" lon="127.8858165">
<ele>72.688</ele>
<time>2026-05-12T10:36:06Z</time>
<extensions>
<gpxtpx:TrackPointExtension>
<gpxtpx:hr>164</gpxtpx:hr>
</gpxtpx:TrackPointExtension>
</extensions>
</trkpt>
<trkpt lat="36.9878624" lon="127.8858282">
<ele>72.729</ele>
<time>2026-05-12T10:36:07Z</time>
<extensions>
<gpxtpx:TrackPointExtension>
<gpxtpx:hr>165</gpxtpx:hr>
</gpxtpx:TrackPointExtension>
</extensions>
</trkpt>
<trkpt lat="36.987888" lon="127.8858398">
<ele>72.753</ele>
<time>2026-05-12T10:36:08Z</time>
<extensions>
<gpxtpx:TrackPointExtension>
<gpxtpx:hr>165</gpxtpx:hr>
<gpxtpx:cad>180</gpxtpx:cad>
</gpxtpx:TrackPointExtension>
</extensions>
</trkpt>
<trkpt lat="36.9879138" lon="127.885851">
<ele>72.745</ele>
<time>2026-05-12T10:36:09Z</time>
<extensions>
<gpxtpx:TrackPointExtension>
<gpxtpx:hr>165</gpxtpx:hr>
</gpxtpx:TrackPointExtension>
</extensions>
</trkpt>
<trkpt lat="36.9879397" lon="127.8858621">
<ele>72.731</ele>
<time>2026-05-12T10:36:10Z</time>
<extensions>
<gpxtpx:TrackPointExtension>
<gpxtpx:hr>165</gpxtpx:hr>
</gpxtpx:TrackPointExtension>
</extensions>
</trkpt>
<trkpt lat="36.9879658" lon="127.8858717">
<ele>72.799</ele>
<time>2026-05-12T10:36:11Z</time>
<extensions>
<gpxtpx:TrackPointExtension>
<gpxtpx:hr>165</gpxtpx:hr>
</gpxtpx:TrackPointExtension>
</extensions>
</trkpt>
<trkpt lat="36.9879919" lon="127.8858819">
<ele>72.759</ele>
<time>2026-05-12T10:36:12Z</time>
<extensions>
<gpxtpx:TrackPointExtension>
<gpxtpx:hr>165</gpxtpx:hr>
</gpxtpx:TrackPointExtension>
</extensions>
</trkpt>
<trkpt lat="36.9880182" lon="127.885891">
<ele>72.722</ele>
<time>2026-05-12T10:36:13Z</time>
<extensions>
<gpxtpx:TrackPointExtension>
<gpxtpx:hr>165</gpxtpx:hr>
<gpxtpx:cad>180</gpxtpx:cad>
</gpxtpx:TrackPointExtension>
</extensions>
</trkpt>
<trkpt lat="36.9880445" lon="127.8859007">
<ele>72.725</ele>
<time>2026-05-12T10:36:14Z</time>
<extensions>
<gpxtpx:TrackPointExtension>
<gpxtpx:hr>165</gpxtpx:hr>
</gpxtpx:TrackPointExtension>
</extensions>
</trkpt>
<trkpt lat="36.988071" lon="127.88591">
<ele>72.751</ele>
<time>2026-05-12T10:36:15Z</time>
<extensions>
<gpxtpx:TrackPointExtension>
<gpxtpx:hr>165</gpxtpx:hr>
</gpxtpx:TrackPointExtension>
</extensions>
</trkpt>
<trkpt lat="36.9880975" lon="127.8859189">
<ele>72.734</ele>
<time>2026-05-12T10:36:16Z</time>
<extensions>
<gpxtpx:TrackPointExtension>
<gpxtpx:hr>165</gpxtpx:hr>
</gpxtpx:TrackPointExtension>
</extensions>
</trkpt>
<trkpt lat="36.9881243" lon="127.8859275">
<ele>72.802</ele>
<time>2026-05-12T10:36:17Z</time>
<extensions>
<gpxtpx:TrackPointExtension>
<gpxtpx:hr>165</gpxtpx:hr>
</gpxtpx:TrackPointExtension>
</extensions>
</trkpt>
<trkpt lat="36.9881505" lon="127.8859368">
<ele>72.762</ele>
<time>2026-05-12T10:36:18Z</time>
<extensions>
<gpxtpx:TrackPointExtension>
<gpxtpx:hr>165</gpxtpx:hr>
<gpxtpx:cad>178</gpxtpx:cad>
</gpxtpx:TrackPointExtension>
</extensions>
</trkpt>
<trkpt lat="36.9881768" lon="127.8859454">
<ele>72.718</ele>
<time>2026-05-12T10:36:19Z</time>
<extensions>
<gpxtpx:TrackPointExtension>
<gpxtpx:hr>164</gpxtpx:hr>
</gpxtpx:TrackPointExtension>
</extensions>
</trkpt>
<trkpt lat="36.9882033" lon="127.8859534">
<ele>72.637</ele>
<time>2026-05-12T10:36:20Z</time>
<extensions>
<gpxtpx:TrackPointExtension>
<gpxtpx:hr>164</gpxtpx:hr>
</gpxtpx:TrackPointExtension>
</extensions>
</trkpt>
<trkpt lat="36.9882302" lon="127.885961">
<ele>72.521</ele>
<time>2026-05-12T10:36:21Z</time>
<extensions>
<gpxtpx:TrackPointExtension>
<gpxtpx:hr>164</gpxtpx:hr>
<gpxtpx:cad>178</gpxtpx:cad>
</gpxtpx:TrackPointExtension>
</extensions>
</trkpt>
<trkpt lat="36.9882578" lon="127.8859678">
<ele>72.514</ele>
<time>2026-05-12T10:36:22Z</time>
<extensions>
<gpxtpx:TrackPointExtension>
<gpxtpx:hr>165</gpxtpx:hr>
</gpxtpx:TrackPointExtension>
</extensions>
</trkpt>
<trkpt lat="36.9882856" lon="127.8859746">
<ele>72.45</ele>
<time>2026-05-12T10:36:23Z</time>
<extensions>
<gpxtpx:TrackPointExtension>
<gpxtpx:hr>165</gpxtpx:hr>
<gpxtpx:cad>179</gpxtpx:cad>
</gpxtpx:TrackPointExtension>
</extensions>
</trkpt>
<trkpt lat="36.9883119" lon="127.8859803">
<ele>72.34</ele>
<time>2026-05-12T10:36:24Z</time>
<extensions>
<gpxtpx:TrackPointExtension>
<gpxtpx:hr>165</gpxtpx:hr>
</gpxtpx:TrackPointExtension>
</extensions>
</trkpt>
<trkpt lat="36.9883368" lon="127.8859857">
<ele>72.407</ele>
<time>2026-05-12T10:36:25Z</time>
<extensions>
<gpxtpx:TrackPointExtension>
<gpxtpx:hr>165</gpxtpx:hr>
</gpxtpx:TrackPointExtension>
</extensions>
</trkpt>
<trkpt lat="36.9883552" lon="127.8859896">
<ele>72.453</ele>
<time>2026-05-12T10:36:26Z</time>
<extensions>
<gpxtpx:TrackPointExtension>
<gpxtpx:hr>165</gpxtpx:hr>
</gpxtpx:TrackPointExtension>
</extensions>
</trkpt>
<trkpt lat="36.9883669" lon="127.8859922">
<ele>72.552</ele>
<time>2026-05-12T10:36:27Z</time>
<extensions>
<gpxtpx:TrackPointExtension>
<gpxtpx:hr>166</gpxtpx:hr>
</gpxtpx:TrackPointExtension>
</extensions>
</trkpt>
<trkpt lat="36.9883716" lon="127.8859936">
<ele>72.77</ele>
<time>2026-05-12T10:36:28Z</time>
<extensions>
<gpxtpx:TrackPointExtension>
<gpxtpx:hr>165</gpxtpx:hr>
<gpxtpx:cad>177</gpxtpx:cad>
</gpxtpx:TrackPointExtension>
</extensions>
</trkpt>
<trkpt lat="36.9883698" lon="127.8859938">
<ele>72.924</ele>
<time>2026-05-12T10:36:29Z</time>
<extensions>
<gpxtpx:TrackPointExtension>
<gpxtpx:hr>165</gpxtpx:hr>
</gpxtpx:TrackPointExtension>
</extensions>
</trkpt>
<trkpt lat="36.9883626" lon="127.885993">
<ele>73.007</ele>
<time>2026-05-12T10:36:30Z</time>
<extensions>
<gpxtpx:TrackPointExtension>
<gpxtpx:hr>165</gpxtpx:hr>
</gpxtpx:TrackPointExtension>
</extensions>
</trkpt>
<trkpt lat="36.9883611" lon="127.8859933">
<ele>72.823</ele>
<time>2026-05-12T10:36:31Z</time>
<extensions>
<gpxtpx:TrackPointExtension>
<gpxtpx:hr>163</gpxtpx:hr>
</gpxtpx:TrackPointExtension>
</extensions>
</trkpt>
<trkpt lat="36.9883536" lon="127.8859924">
<ele>72.708</ele>
<time>2026-05-12T10:36:32Z</time>
<extensions>
<gpxtpx:TrackPointExtension>
<gpxtpx:hr>163</gpxtpx:hr>
</gpxtpx:TrackPointExtension>
</extensions>
</trkpt>
<trkpt lat="36.9883399" lon="127.8859904">
<ele>72.658</ele>
<time>2026-05-12T10:36:33Z</time>
<extensions>
<gpxtpx:TrackPointExtension>
<gpxtpx:hr>164</gpxtpx:hr>
<gpxtpx:cad>168</gpxtpx:cad>
</gpxtpx:TrackPointExtension>
</extensions>
</trkpt>
<trkpt lat="36.9883208" lon="127.8859875">
<ele>72.682</ele>
<time>2026-05-12T10:36:34Z</time>
<extensions>
<gpxtpx:TrackPointExtension>
<gpxtpx:hr>165</gpxtpx:hr>
</gpxtpx:TrackPointExtension>
</extensions>
</trkpt>
<trkpt lat="36.9882979" lon="127.8859838">
<ele>72.77</ele>
<time>2026-05-12T10:36:35Z</time>
<extensions>
<gpxtpx:TrackPointExtension>
<gpxtpx:hr>165</gpxtpx:hr>
</gpxtpx:TrackPointExtension>
</extensions>
</trkpt>
<trkpt lat="36.9882726" lon="127.8859794">
<ele>72.808</ele>
<time>2026-05-12T10:36:36Z</time>
<extensions>
<gpxtpx:TrackPointExtension>
<gpxtpx:hr>166</gpxtpx:hr>
</gpxtpx:TrackPointExtension>
</extensions>
</trkpt>
<trkpt lat="36.988247" lon="127.8859744">
<ele>72.808</ele>
<time>2026-05-12T10:36:37Z</time>
<extensions>
<gpxtpx:TrackPointExtension>
<gpxtpx:hr>165</gpxtpx:hr>
</gpxtpx:TrackPointExtension>
</extensions>
</trkpt>
<trkpt lat="36.9882215" lon="127.8859682">
<ele>72.799</ele>
<time>2026-05-12T10:36:38Z</time>
<extensions>
<gpxtpx:TrackPointExtension>
<gpxtpx:hr>165</gpxtpx:hr>
<gpxtpx:cad>170</gpxtpx:cad>
</gpxtpx:TrackPointExtension>
</extensions>
</trkpt>
<trkpt lat="36.988196" lon="127.8859606">
<ele>72.737</ele>
<time>2026-05-12T10:36:39Z</time>
<extensions>
<gpxtpx:TrackPointExtension>
<gpxtpx:hr>165</gpxtpx:hr>
</gpxtpx:TrackPointExtension>
</extensions>
</trkpt>
<trkpt lat="36.9881707" lon="127.8859538">
<ele>72.778</ele>
<time>2026-05-12T10:36:40Z</time>
<extensions>
<gpxtpx:TrackPointExtension>
<gpxtpx:hr>165</gpxtpx:hr>
</gpxtpx:TrackPointExtension>
</extensions>
</trkpt>
<trkpt lat="36.9881449" lon="127.8859454">
<ele>72.838</ele>
<time>2026-05-12T10:36:41Z</time>
<extensions>
<gpxtpx:TrackPointExtension>
<gpxtpx:hr>165</gpxtpx:hr>
</gpxtpx:TrackPointExtension>
</extensions>
</trkpt>
<trkpt lat="36.9881192" lon="127.8859383">
<ele>72.885</ele>
<time>2026-05-12T10:36:42Z</time>
<extensions>
<gpxtpx:TrackPointExtension>
<gpxtpx:hr>165</gpxtpx:hr>
</gpxtpx:TrackPointExtension>
</extensions>
</trkpt>
<trkpt lat="36.9880934" lon="127.885931">
<ele>72.875</ele>
<time>2026-05-12T10:36:43Z</time>
<extensions>
<gpxtpx:TrackPointExtension>
<gpxtpx:hr>165</gpxtpx:hr>
<gpxtpx:cad>176</gpxtpx:cad>
</gpxtpx:TrackPointExtension>
</extensions>
</trkpt>
<trkpt lat="36.9880676" lon="127.8859235">
<ele>72.806</ele>
<time>2026-05-12T10:36:44Z</time>
<extensions>
<gpxtpx:TrackPointExtension>
<gpxtpx:hr>165</gpxtpx:hr>
</gpxtpx:TrackPointExtension>
</extensions>
</trkpt>
<trkpt lat="36.988042" lon="127.8859158">
<ele>72.707</ele>
<time>2026-05-12T10:36:45Z</time>
<extensions>
<gpxtpx:TrackPointExtension>
<gpxtpx:hr>165</gpxtpx:hr>
</gpxtpx:TrackPointExtension>
</extensions>
</trkpt>
<trkpt lat="36.9880163" lon="127.8859077">
<ele>72.713</ele>
<time>2026-05-12T10:36:46Z</time>
<extensions>
<gpxtpx:TrackPointExtension>
<gpxtpx:hr>165</gpxtpx:hr>
</gpxtpx:TrackPointExtension>
</extensions>
</trkpt>
<trkpt lat="36.9879907" lon="127.8858992">
<ele>72.695</ele>
<time>2026-05-12T10:36:47Z</time>
<extensions>
<gpxtpx:TrackPointExtension>
<gpxtpx:hr>166</gpxtpx:hr>
</gpxtpx:TrackPointExtension>
</extensions>
</trkpt>
<trkpt lat="36.9879651" lon="127.8858905">
<ele>72.699</ele>
<time>2026-05-12T10:36:48Z</time>
<extensions>
<gpxtpx:TrackPointExtension>
<gpxtpx:hr>166</gpxtpx:hr>
<gpxtpx:cad>176</gpxtpx:cad>
</gpxtpx:TrackPointExtension>
</extensions>
</trkpt>
<trkpt lat="36.9879396" lon="127.8858815">
<ele>72.682</ele>
<time>2026-05-12T10:36:49Z</time>
<extensions>
<gpxtpx:TrackPointExtension>
<gpxtpx:hr>166</gpxtpx:hr>
</gpxtpx:TrackPointExtension>
</extensions>
</trkpt>
<trkpt lat="36.9879141" lon="127.8858723">
<ele>72.672</ele>
<time>2026-05-12T10:36:50Z</time>
<extensions>
<gpxtpx:TrackPointExtension>
<gpxtpx:hr>166</gpxtpx:hr>
</gpxtpx:TrackPointExtension>
</extensions>
</trkpt>
<trkpt lat="36.9878884" lon="127.8858633">
<ele>72.661</ele>
<time>2026-05-12T10:36:51Z</time>
<extensions>
<gpxtpx:TrackPointExtension>
<gpxtpx:hr>166</gpxtpx:hr>
</gpxtpx:TrackPointExtension>
</extensions>
</trkpt>
<trkpt lat="36.9878624" lon="127.885855">
<ele>72.625</ele>
<time>2026-05-12T10:36:52Z</time>
<extensions>
<gpxtpx:TrackPointExtension>
<gpxtpx:hr>166</gpxtpx:hr>
</gpxtpx:TrackPointExtension>
</extensions>
</trkpt>
<trkpt lat="36.987837" lon="127.8858455">
<ele>72.505</ele>
<time>2026-05-12T10:36:53Z</time>
<extensions>
<gpxtpx:TrackPointExtension>
<gpxtpx:hr>166</gpxtpx:hr>
<gpxtpx:cad>179</gpxtpx:cad>
</gpxtpx:TrackPointExtension>
</extensions>
</trkpt>
<trkpt lat="36.9878117" lon="127.885836">
<ele>72.499</ele>
<time>2026-05-12T10:36:54Z</time>
<extensions>
<gpxtpx:TrackPointExtension>
<gpxtpx:hr>165</gpxtpx:hr>
</gpxtpx:TrackPointExtension>
</extensions>
</trkpt>
<trkpt lat="36.9877866" lon="127.8858257">
<ele>72.683</ele>
<time>2026-05-12T10:36:55Z</time>
<extensions>
<gpxtpx:TrackPointExtension>
<gpxtpx:hr>165</gpxtpx:hr>
</gpxtpx:TrackPointExtension>
</extensions>
</trkpt>
<trkpt lat="36.9877615" lon="127.8858151">
<ele>72.655</ele>
<time>2026-05-12T10:36:56Z</time>
<extensions>
<gpxtpx:TrackPointExtension>
<gpxtpx:hr>165</gpxtpx:hr>
<gpxtpx:cad>180</gpxtpx:cad>
</gpxtpx:TrackPointExtension>
</extensions>
</trkpt>
<trkpt lat="36.9877363" lon="127.8858045">
<ele>72.791</ele>
<time>2026-05-12T10:36:57Z</time>
<extensions>
<gpxtpx:TrackPointExtension>
<gpxtpx:hr>165</gpxtpx:hr>
</gpxtpx:TrackPointExtension>
</extensions>
</trkpt>
<trkpt lat="36.9877111" lon="127.8857937">
<ele>72.75</ele>
<time>2026-05-12T10:36:58Z</time>
<extensions>
<gpxtpx:TrackPointExtension>
<gpxtpx:hr>165</gpxtpx:hr>
<gpxtpx:cad>179</gpxtpx:cad>
</gpxtpx:TrackPointExtension>
</extensions>
</trkpt>
<trkpt lat="36.9876858" lon="127.8857831">
<ele>72.723</ele>
<time>2026-05-12T10:36:59Z</time>
<extensions>
<gpxtpx:TrackPointExtension>
<gpxtpx:hr>165</gpxtpx:hr>
</gpxtpx:TrackPointExtension>
</extensions>
</trkpt>
<trkpt lat="36.9876603" lon="127.8857732">
<ele>72.668</ele>
<time>2026-05-12T10:37:00Z</time>
<extensions>
<gpxtpx:TrackPointExtension>
<gpxtpx:hr>165</gpxtpx:hr>
</gpxtpx:TrackPointExtension>
</extensions>
</trkpt>
<trkpt lat="36.9876346" lon="127.8857643">
<ele>72.516</ele>
<time>2026-05-12T10:37:01Z</time>
<extensions>
<gpxtpx:TrackPointExtension>
<gpxtpx:hr>165</gpxtpx:hr>
</gpxtpx:TrackPointExtension>
</extensions>
</trkpt>
<trkpt lat="36.9876086" lon="127.8857571">
<ele>72.546</ele>
<time>2026-05-12T10:37:02Z</time>
</trkpt>
<trkpt lat="36.9875828" lon="127.885753">
<ele>72.643</ele>
<time>2026-05-12T10:37:03Z</time>
<extensions>
<gpxtpx:TrackPointExtension>
<gpxtpx:hr>165</gpxtpx:hr>
<gpxtpx:cad>176</gpxtpx:cad>
</gpxtpx:TrackPointExtension>
</extensions>
</trkpt>
<trkpt lat="36.9875571" lon="127.8857495">
<ele>72.646</ele>
<time>2026-05-12T10:37:04Z</time>
<extensions>
<gpxtpx:TrackPointExtension>
<gpxtpx:hr>165</gpxtpx:hr>
</gpxtpx:TrackPointExtension>
</extensions>
</trkpt>
<trkpt lat="36.9875318" lon="127.8857491">
<ele>72.631</ele>
<time>2026-05-12T10:37:05Z</time>
<extensions>
<gpxtpx:TrackPointExtension>
<gpxtpx:hr>164</gpxtpx:hr>
</gpxtpx:TrackPointExtension>
</extensions>
</trkpt>
<trkpt lat="36.9875066" lon="127.8857493">
<ele>72.684</ele>
<time>2026-05-12T10:37:06Z</time>
<extensions>
<gpxtpx:TrackPointExtension>
<gpxtpx:hr>164</gpxtpx:hr>
</gpxtpx:TrackPointExtension>
</extensions>
</trkpt>
<trkpt lat="36.9874816" lon="127.8857523">
<ele>72.791</ele>
<time>2026-05-12T10:37:07Z</time>
<extensions>
<gpxtpx:TrackPointExtension>
<gpxtpx:hr>163</gpxtpx:hr>
</gpxtpx:TrackPointExtension>
</extensions>
</trkpt>
<trkpt lat="36.9874565" lon="127.8857559">
<ele>72.75</ele>
<time>2026-05-12T10:37:08Z</time>
<extensions>
<gpxtpx:TrackPointExtension>
<gpxtpx:hr>163</gpxtpx:hr>
<gpxtpx:cad>174</gpxtpx:cad>
</gpxtpx:TrackPointExtension>
</extensions>
</trkpt>
<trkpt lat="36.9874316" lon="127.8857624">
<ele>72.749</ele>
<time>2026-05-12T10:37:09Z</time>
<extensions>
<gpxtpx:TrackPointExtension>
<gpxtpx:hr>164</gpxtpx:hr>
</gpxtpx:TrackPointExtension>
</extensions>
</trkpt>
<trkpt lat="36.9874069" lon="127.8857709">
<ele>72.71</ele>
<time>2026-05-12T10:37:10Z</time>
<extensions>
<gpxtpx:TrackPointExtension>
<gpxtpx:hr>164</gpxtpx:hr>
</gpxtpx:TrackPointExtension>
</extensions>
</trkpt>
<trkpt lat="36.9873828" lon="127.8857811">
<ele>72.735</ele>
<time>2026-05-12T10:37:11Z</time>
<extensions>
<gpxtpx:TrackPointExtension>
<gpxtpx:hr>164</gpxtpx:hr>
</gpxtpx:TrackPointExtension>
</extensions>
</trkpt>
<trkpt lat="36.987359" lon="127.8857923">
<ele>72.777</ele>
<time>2026-05-12T10:37:12Z</time>
<extensions>
<gpxtpx:TrackPointExtension>
<gpxtpx:hr>164</gpxtpx:hr>
</gpxtpx:TrackPointExtension>
</extensions>
</trkpt>
<trkpt lat="36.9873352" lon="127.8858038">
<ele>72.756</ele>
<time>2026-05-12T10:37:13Z</time>
<extensions>
<gpxtpx:TrackPointExtension>
<gpxtpx:hr>163</gpxtpx:hr>
<gpxtpx:cad>174</gpxtpx:cad>
</gpxtpx:TrackPointExtension>
</extensions>
</trkpt>
<trkpt lat="36.9873111" lon="127.8858152">
<ele>72.806</ele>
<time>2026-05-12T10:37:14Z</time>
<extensions>
<gpxtpx:TrackPointExtension>
<gpxtpx:hr>163</gpxtpx:hr>
</gpxtpx:TrackPointExtension>
</extensions>
</trkpt>
<trkpt lat="36.9872865" lon="127.8858266">
<ele>72.793</ele>
<time>2026-05-12T10:37:15Z</time>
<extensions>
<gpxtpx:TrackPointExtension>
<gpxtpx:hr>163</gpxtpx:hr>
</gpxtpx:TrackPointExtension>
</extensions>
</trkpt>
<trkpt lat="36.9872615" lon="127.885838">
<ele>72.814</ele>
<time>2026-05-12T10:37:16Z</time>
<extensions>
<gpxtpx:TrackPointExtension>
<gpxtpx:hr>163</gpxtpx:hr>
</gpxtpx:TrackPointExtension>
</extensions>
</trkpt>
<trkpt lat="36.9872365" lon="127.8858494">
<ele>72.917</ele>
<time>2026-05-12T10:37:17Z</time>
<extensions>
<gpxtpx:TrackPointExtension>
<gpxtpx:hr>163</gpxtpx:hr>
</gpxtpx:TrackPointExtension>
</extensions>
</trkpt>
<trkpt lat="36.9872112" lon="127.8858609">
<ele>72.935</ele>
<time>2026-05-12T10:37:18Z</time>
<extensions>
<gpxtpx:TrackPointExtension>
<gpxtpx:hr>163</gpxtpx:hr>
<gpxtpx:cad>177</gpxtpx:cad>
</gpxtpx:TrackPointExtension>
</extensions>
</trkpt>
<trkpt lat="36.9871859" lon="127.8858732">
<ele>72.877</ele>
<time>2026-05-12T10:37:19Z</time>
<extensions>
<gpxtpx:TrackPointExtension>
<gpxtpx:hr>162</gpxtpx:hr>
</gpxtpx:TrackPointExtension>
</extensions>
</trkpt>
<trkpt lat="36.987161" lon="127.8858857">
<ele>72.888</ele>
<time>2026-05-12T10:37:20Z</time>
<extensions>
<gpxtpx:TrackPointExtension>
<gpxtpx:hr>162</gpxtpx:hr>
</gpxtpx:TrackPointExtension>
</extensions>
</trkpt>
<trkpt lat="36.9871365" lon="127.8858983">
<ele>72.846</ele>
<time>2026-05-12T10:37:21Z</time>
<extensions>
<gpxtpx:TrackPointExtension>
<gpxtpx:hr>162</gpxtpx:hr>
</gpxtpx:TrackPointExtension>
</extensions>
</trkpt>
<trkpt lat="36.9871123" lon="127.8859108">
<ele>72.787</ele>
<time>2026-05-12T10:37:22Z</time>
<extensions>
<gpxtpx:TrackPointExtension>
<gpxtpx:hr>162</gpxtpx:hr>
</gpxtpx:TrackPointExtension>
</extensions>
</trkpt>
<trkpt lat="36.9870879" lon="127.8859229">
<ele>72.859</ele>
<time>2026-05-12T10:37:23Z</time>
<extensions>
<gpxtpx:TrackPointExtension>
<gpxtpx:hr>162</gpxtpx:hr>
<gpxtpx:cad>180</gpxtpx:cad>
</gpxtpx:TrackPointExtension>
</extensions>
</trkpt>
<trkpt lat="36.9870635" lon="127.885935">
<ele>72.862</ele>
<time>2026-05-12T10:37:24Z</time>
<extensions>
<gpxtpx:TrackPointExtension>
<gpxtpx:hr>162</gpxtpx:hr>
</gpxtpx:TrackPointExtension>
</extensions>
</trkpt>
<trkpt lat="36.9870396" lon="127.8859471">
<ele>72.796</ele>
<time>2026-05-12T10:37:25Z</time>
<extensions>
<gpxtpx:TrackPointExtension>
<gpxtpx:hr>163</gpxtpx:hr>
</gpxtpx:TrackPointExtension>
</extensions>
</trkpt>
<trkpt lat="36.987015" lon="127.8859592">
<ele>72.818</ele>
<time>2026-05-12T10:37:26Z</time>
<extensions>
<gpxtpx:TrackPointExtension>
<gpxtpx:hr>163</gpxtpx:hr>
</gpxtpx:TrackPointExtension>
</extensions>
</trkpt>
<trkpt lat="36.9869909" lon="127.885971">
<ele>72.865</ele>
<time>2026-05-12T10:37:27Z</time>
<extensions>
<gpxtpx:TrackPointExtension>
<gpxtpx:hr>163</gpxtpx:hr>
</gpxtpx:TrackPointExtension>
</extensions>
</trkpt>
<trkpt lat="36.9869665" lon="127.8859832">
<ele>72.916</ele>
<time>2026-05-12T10:37:28Z</time>
<extensions>
<gpxtpx:TrackPointExtension>
<gpxtpx:hr>163</gpxtpx:hr>
<gpxtpx:cad>181</gpxtpx:cad>
</gpxtpx:TrackPointExtension>
</extensions>
</trkpt>
<trkpt lat="36.9869423" lon="127.8859947">
<ele>72.829</ele>
<time>2026-05-12T10:37:29Z</time>
<extensions>
<gpxtpx:TrackPointExtension>
<gpxtpx:hr>163</gpxtpx:hr>
</gpxtpx:TrackPointExtension>
</extensions>
</trkpt>
<trkpt lat="36.986918" lon="127.8860065">
<ele>72.805</ele>
<time>2026-05-12T10:37:30Z</time>
<extensions>
<gpxtpx:TrackPointExtension>
<gpxtpx:hr>163</gpxtpx:hr>
<gpxtpx:cad>181</gpxtpx:cad>
</gpxtpx:TrackPointExtension>
</extensions>
</trkpt>
<trkpt lat="36.9868936" lon="127.8860178">
<ele>72.915</ele>
<time>2026-05-12T10:37:31Z</time>
<extensions>
<gpxtpx:TrackPointExtension>
<gpxtpx:hr>163</gpxtpx:hr>
</gpxtpx:TrackPointExtension>
</extensions>
</trkpt>
<trkpt lat="36.9868695" lon="127.8860298">
<ele>72.951</ele>
<time>2026-05-12T10:37:32Z</time>
<extensions>
<gpxtpx:TrackPointExtension>
<gpxtpx:hr>163</gpxtpx:hr>
</gpxtpx:TrackPointExtension>
</extensions>
</trkpt>
<trkpt lat="36.9868452" lon="127.8860415">
<ele>72.931</ele>
<time>2026-05-12T10:37:33Z</time>
<extensions>
<gpxtpx:TrackPointExtension>
<gpxtpx:hr>164</gpxtpx:hr>
<gpxtpx:cad>181</gpxtpx:cad>
</gpxtpx:TrackPointExtension>
</extensions>
</trkpt>
<trkpt lat="36.9868212" lon="127.8860531">
<ele>72.876</ele>
<time>2026-05-12T10:37:34Z</time>
<extensions>
<gpxtpx:TrackPointExtension>
<gpxtpx:hr>163</gpxtpx:hr>
</gpxtpx:TrackPointExtension>
</extensions>
</trkpt>
<trkpt lat="36.9867965" lon="127.8860646">
<ele>72.871</ele>
<time>2026-05-12T10:37:35Z</time>
<extensions>
<gpxtpx:TrackPointExtension>
<gpxtpx:hr>163</gpxtpx:hr>
</gpxtpx:TrackPointExtension>
</extensions>
</trkpt>
<trkpt lat="36.9867723" lon="127.886076">
<ele>72.91</ele>
<time>2026-05-12T10:37:36Z</time>
<extensions>
<gpxtpx:TrackPointExtension>
<gpxtpx:hr>163</gpxtpx:hr>
</gpxtpx:TrackPointExtension>
</extensions>
</trkpt>
<trkpt lat="36.9867476" lon="127.8860874">
<ele>72.909</ele>
<time>2026-05-12T10:37:37Z</time>
<extensions>
<gpxtpx:TrackPointExtension>
<gpxtpx:hr>163</gpxtpx:hr>
</gpxtpx:TrackPointExtension>
</extensions>
</trkpt>
<trkpt lat="36.9867229" lon="127.8860989">
<ele>72.851</ele>
<time>2026-05-12T10:37:38Z</time>
<extensions>
<gpxtpx:TrackPointExtension>
<gpxtpx:hr>163</gpxtpx:hr>
<gpxtpx:cad>181</gpxtpx:cad>
</gpxtpx:TrackPointExtension>
</extensions>
</trkpt>
<trkpt lat="36.9866979" lon="127.8861104">
<ele>72.823</ele>
<time>2026-05-12T10:37:39Z</time>
<extensions>
<gpxtpx:TrackPointExtension>
<gpxtpx:hr>163</gpxtpx:hr>
</gpxtpx:TrackPointExtension>
</extensions>
</trkpt>
<trkpt lat="36.9866728" lon="127.886122">
<ele>72.812</ele>
<time>2026-05-12T10:37:40Z</time>
<extensions>
<gpxtpx:TrackPointExtension>
<gpxtpx:hr>163</gpxtpx:hr>
</gpxtpx:TrackPointExtension>
</extensions>
</trkpt>
<trkpt lat="36.9866472" lon="127.8861341">
<ele>72.832</ele>
<time>2026-05-12T10:37:41Z</time>
<extensions>
<gpxtpx:TrackPointExtension>
<gpxtpx:hr>164</gpxtpx:hr>
</gpxtpx:TrackPointExtension>
</extensions>
</trkpt>
<trkpt lat="36.9866221" lon="127.8861456">
<ele>72.729</ele>
<time>2026-05-12T10:37:42Z</time>
<extensions>
<gpxtpx:TrackPointExtension>
<gpxtpx:hr>164</gpxtpx:hr>
</gpxtpx:TrackPointExtension>
</extensions>
</trkpt>
<trkpt lat="36.9865966" lon="127.8861576">
<ele>72.699</ele>
<time>2026-05-12T10:37:43Z</time>
<extensions>
<gpxtpx:TrackPointExtension>
<gpxtpx:hr>164</gpxtpx:hr>
<gpxtpx:cad>181</gpxtpx:cad>
</gpxtpx:TrackPointExtension>
</extensions>
</trkpt>
<trkpt lat="36.9865711" lon="127.8861697">
<ele>72.665</ele>
<time>2026-05-12T10:37:44Z</time>
<extensions>
<gpxtpx:TrackPointExtension>
<gpxtpx:hr>164</gpxtpx:hr>
</gpxtpx:TrackPointExtension>
</extensions>
</trkpt>
<trkpt lat="36.9865455" lon="127.8861818">
<ele>72.694</ele>
<time>2026-05-12T10:37:45Z</time>
<extensions>
<gpxtpx:TrackPointExtension>
<gpxtpx:hr>164</gpxtpx:hr>
</gpxtpx:TrackPointExtension>
</extensions>
</trkpt>
<trkpt lat="36.98652" lon="127.8861939">
<ele>72.729</ele>
<time>2026-05-12T10:37:46Z</time>
<extensions>
<gpxtpx:TrackPointExtension>
<gpxtpx:hr>164</gpxtpx:hr>
</gpxtpx:TrackPointExtension>
</extensions>
</trkpt>
<trkpt lat="36.9864946" lon="127.8862061">
<ele>72.703</ele>
<time>2026-05-12T10:37:47Z</time>
<extensions>
<gpxtpx:TrackPointExtension>
<gpxtpx:hr>164</gpxtpx:hr>
</gpxtpx:TrackPointExtension>
</extensions>
</trkpt>
<trkpt lat="36.9864694" lon="127.8862184">
<ele>72.674</ele>
<time>2026-05-12T10:37:48Z</time>
<extensions>
<gpxtpx:TrackPointExtension>
<gpxtpx:hr>163</gpxtpx:hr>
<gpxtpx:cad>181</gpxtpx:cad>
</gpxtpx:TrackPointExtension>
</extensions>
</trkpt>
<trkpt lat="36.9864439" lon="127.8862308">
<ele>72.703</ele>
<time>2026-05-12T10:37:49Z</time>
<extensions>
<gpxtpx:TrackPointExtension>
<gpxtpx:hr>164</gpxtpx:hr>
</gpxtpx:TrackPointExtension>
</extensions>
</trkpt>
<trkpt lat="36.9864194" lon="127.8862429">
<ele>72.759</ele>
<time>2026-05-12T10:37:50Z</time>
<extensions>
<gpxtpx:TrackPointExtension>
<gpxtpx:hr>163</gpxtpx:hr>
</gpxtpx:TrackPointExtension>
</extensions>
</trkpt>
<trkpt lat="36.9863946" lon="127.8862552">
<ele>72.779</ele>
<time>2026-05-12T10:37:51Z</time>
<extensions>
<gpxtpx:TrackPointExtension>
<gpxtpx:hr>164</gpxtpx:hr>
</gpxtpx:TrackPointExtension>
</extensions>
</trkpt>
<trkpt lat="36.9863701" lon="127.8862675">
<ele>72.744</ele>
<time>2026-05-12T10:37:52Z</time>
<extensions>
<gpxtpx:TrackPointExtension>
<gpxtpx:hr>164</gpxtpx:hr>
</gpxtpx:TrackPointExtension>
</extensions>
</trkpt>
<trkpt lat="36.9863463" lon="127.8862796">
<ele>72.733</ele>
<time>2026-05-12T10:37:53Z</time>
<extensions>
<gpxtpx:TrackPointExtension>
<gpxtpx:hr>164</gpxtpx:hr>
<gpxtpx:cad>180</gpxtpx:cad>
</gpxtpx:TrackPointExtension>
</extensions>
</trkpt>
<trkpt lat="36.9863213" lon="127.886292">
<ele>72.816</ele>
<time>2026-05-12T10:37:54Z</time>
<extensions>
<gpxtpx:TrackPointExtension>
<gpxtpx:hr>163</gpxtpx:hr>
</gpxtpx:TrackPointExtension>
</extensions>
</trkpt>
<trkpt lat="36.9862976" lon="127.8863042">
<ele>72.824</ele>
<time>2026-05-12T10:37:55Z</time>
<extensions>
<gpxtpx:TrackPointExtension>
<gpxtpx:hr>163</gpxtpx:hr>
</gpxtpx:TrackPointExtension>
</extensions>
</trkpt>
<trkpt lat="36.9862734" lon="127.8863165">
<ele>72.721</ele>
<time>2026-05-12T10:37:56Z</time>
<extensions>
<gpxtpx:TrackPointExtension>
<gpxtpx:hr>163</gpxtpx:hr>
</gpxtpx:TrackPointExtension>
</extensions>
</trkpt>
<trkpt lat="36.9862492" lon="127.8863287">
<ele>72.65</ele>
<time>2026-05-12T10:37:57Z</time>
<extensions>
<gpxtpx:TrackPointExtension>
<gpxtpx:hr>163</gpxtpx:hr>
</gpxtpx:TrackPointExtension>
</extensions>
</trkpt>
<trkpt lat="36.986225" lon="127.8863409">
<ele>72.666</ele>
<time>2026-05-12T10:37:58Z</time>
<extensions>
<gpxtpx:TrackPointExtension>
<gpxtpx:hr>163</gpxtpx:hr>
<gpxtpx:cad>181</gpxtpx:cad>
</gpxtpx:TrackPointExtension>
</extensions>
</trkpt>
<trkpt lat="36.9862007" lon="127.8863531">
<ele>72.848</ele>
<time>2026-05-12T10:37:59Z</time>
<extensions>
<gpxtpx:TrackPointExtension>
<gpxtpx:hr>163</gpxtpx:hr>
</gpxtpx:TrackPointExtension>
</extensions>
</trkpt>
<trkpt lat="36.9861765" lon="127.8863653">
<ele>72.881</ele>
<time>2026-05-12T10:38:00Z</time>
<extensions>
<gpxtpx:TrackPointExtension>
<gpxtpx:hr>164</gpxtpx:hr>
</gpxtpx:TrackPointExtension>
</extensions>
</trkpt>
<trkpt lat="36.9861521" lon="127.8863776">
<ele>72.96</ele>
<time>2026-05-12T10:38:01Z</time>
<extensions>
<gpxtpx:TrackPointExtension>
<gpxtpx:hr>164</gpxtpx:hr>
</gpxtpx:TrackPointExtension>
</extensions>
</trkpt>
<trkpt lat="36.9861286" lon="127.8863897">
<ele>72.926</ele>
<time>2026-05-12T10:38:02Z</time>
<extensions>
<gpxtpx:TrackPointExtension>
<gpxtpx:hr>165</gpxtpx:hr>
</gpxtpx:TrackPointExtension>
</extensions>
</trkpt>
<trkpt lat="36.9861033" lon="127.8864022">
<ele>73.072</ele>
<time>2026-05-12T10:38:03Z</time>
<extensions>
<gpxtpx:TrackPointExtension>
<gpxtpx:hr>165</gpxtpx:hr>
<gpxtpx:cad>181</gpxtpx:cad>
</gpxtpx:TrackPointExtension>
</extensions>
</trkpt>
<trkpt lat="36.9860795" lon="127.8864144">
<ele>73.153</ele>
<time>2026-05-12T10:38:04Z</time>
<extensions>
<gpxtpx:TrackPointExtension>
<gpxtpx:hr>166</gpxtpx:hr>
</gpxtpx:TrackPointExtension>
</extensions>
</trkpt>
<trkpt lat="36.9860547" lon="127.8864268">
<ele>73.193</ele>
<time>2026-05-12T10:38:05Z</time>
<extensions>
<gpxtpx:TrackPointExtension>
<gpxtpx:hr>166</gpxtpx:hr>
<gpxtpx:cad>181</gpxtpx:cad>
</gpxtpx:TrackPointExtension>
</extensions>
</trkpt>
<trkpt lat="36.9860297" lon="127.8864394">
<ele>73.178</ele>
<time>2026-05-12T10:38:06Z</time>
<extensions>
<gpxtpx:TrackPointExtension>
<gpxtpx:hr>166</gpxtpx:hr>
</gpxtpx:TrackPointExtension>
</extensions>
</trkpt>
<trkpt lat="36.9860044" lon="127.8864521">
<ele>73.15</ele>
<time>2026-05-12T10:38:07Z</time>
<extensions>
<gpxtpx:TrackPointExtension>
<gpxtpx:hr>166</gpxtpx:hr>
</gpxtpx:TrackPointExtension>
</extensions>
</trkpt>
<trkpt lat="36.985979" lon="127.8864649">
<ele>73.164</ele>
<time>2026-05-12T10:38:08Z</time>
<extensions>
<gpxtpx:TrackPointExtension>
<gpxtpx:hr>166</gpxtpx:hr>
<gpxtpx:cad>181</gpxtpx:cad>
</gpxtpx:TrackPointExtension>
</extensions>
</trkpt>
<trkpt lat="36.9859533" lon="127.8864777">
<ele>73.161</ele>
<time>2026-05-12T10:38:09Z</time>
<extensions>
<gpxtpx:TrackPointExtension>
<gpxtpx:hr>166</gpxtpx:hr>
</gpxtpx:TrackPointExtension>
</extensions>
</trkpt>
<trkpt lat="36.9859274" lon="127.8864906">
<ele>73.104</ele>
<time>2026-05-12T10:38:10Z</time>
<extensions>
<gpxtpx:TrackPointExtension>
<gpxtpx:hr>165</gpxtpx:hr>
</gpxtpx:TrackPointExtension>
</extensions>
</trkpt>
<trkpt lat="36.9859013" lon="127.8865036">
<ele>73.147</ele>
<time>2026-05-12T10:38:11Z</time>
<extensions>
<gpxtpx:TrackPointExtension>
<gpxtpx:hr>165</gpxtpx:hr>
</gpxtpx:TrackPointExtension>
</extensions>
</trkpt>
<trkpt lat="36.9858749" lon="127.8865167">
<ele>73.202</ele>
<time>2026-05-12T10:38:12Z</time>
<extensions>
<gpxtpx:TrackPointExtension>
<gpxtpx:hr>164</gpxtpx:hr>
</gpxtpx:TrackPointExtension>
</extensions>
</trkpt>
<trkpt lat="36.9858484" lon="127.88653">
<ele>73.135</ele>
<time>2026-05-12T10:38:13Z</time>
<extensions>
<gpxtpx:TrackPointExtension>
<gpxtpx:hr>164</gpxtpx:hr>
<gpxtpx:cad>181</gpxtpx:cad>
</gpxtpx:TrackPointExtension>
</extensions>
</trkpt>
<trkpt lat="36.9858221" lon="127.886543">
<ele>73.189</ele>
<time>2026-05-12T10:38:14Z</time>
<extensions>
<gpxtpx:TrackPointExtension>
<gpxtpx:hr>164</gpxtpx:hr>
</gpxtpx:TrackPointExtension>
</extensions>
</trkpt>
<trkpt lat="36.9857952" lon="127.8865567">
<ele>73.145</ele>
<time>2026-05-12T10:38:15Z</time>
<extensions>
<gpxtpx:TrackPointExtension>
<gpxtpx:hr>164</gpxtpx:hr>
</gpxtpx:TrackPointExtension>
</extensions>
</trkpt>
<trkpt lat="36.9857688" lon="127.88657">
<ele>73.165</ele>
<time>2026-05-12T10:38:16Z</time>
<extensions>
<gpxtpx:TrackPointExtension>
<gpxtpx:hr>164</gpxtpx:hr>
</gpxtpx:TrackPointExtension>
</extensions>
</trkpt>
<trkpt lat="36.9857421" lon="127.8865835">
<ele>73.104</ele>
<time>2026-05-12T10:38:17Z</time>
<extensions>
<gpxtpx:TrackPointExtension>
<gpxtpx:hr>164</gpxtpx:hr>
</gpxtpx:TrackPointExtension>
</extensions>
</trkpt>
<trkpt lat="36.9857156" lon="127.8865971">
<ele>73.127</ele>
<time>2026-05-12T10:38:18Z</time>
<extensions>
<gpxtpx:TrackPointExtension>
<gpxtpx:hr>164</gpxtpx:hr>
<gpxtpx:cad>181</gpxtpx:cad>
</gpxtpx:TrackPointExtension>
</extensions>
</trkpt>
<trkpt lat="36.9856892" lon="127.8866106">
<ele>73.002</ele>
<time>2026-05-12T10:38:19Z</time>
<extensions>
<gpxtpx:TrackPointExtension>
<gpxtpx:hr>164</gpxtpx:hr>
</gpxtpx:TrackPointExtension>
</extensions>
</trkpt>
<trkpt lat="36.9856629" lon="127.8866241">
<ele>73.064</ele>
<time>2026-05-12T10:38:20Z</time>
<extensions>
<gpxtpx:TrackPointExtension>
<gpxtpx:hr>164</gpxtpx:hr>
</gpxtpx:TrackPointExtension>
</extensions>
</trkpt>
<trkpt lat="36.9856368" lon="127.8866375">
<ele>73.094</ele>
<time>2026-05-12T10:38:21Z</time>
<extensions>
<gpxtpx:TrackPointExtension>
<gpxtpx:hr>165</gpxtpx:hr>
</gpxtpx:TrackPointExtension>
</extensions>
</trkpt>
<trkpt lat="36.9856109" lon="127.8866508">
<ele>73.071</ele>
<time>2026-05-12T10:38:22Z</time>
<extensions>
<gpxtpx:TrackPointExtension>
<gpxtpx:hr>165</gpxtpx:hr>
</gpxtpx:TrackPointExtension>
</extensions>
</trkpt>
<trkpt lat="36.9855852" lon="127.886664">
<ele>73.026</ele>
<time>2026-05-12T10:38:23Z</time>
<extensions>
<gpxtpx:TrackPointExtension>
<gpxtpx:hr>165</gpxtpx:hr>
<gpxtpx:cad>181</gpxtpx:cad>
</gpxtpx:TrackPointExtension>
</extensions>
</trkpt>
<trkpt lat="36.9855604" lon="127.886677">
<ele>72.948</ele>
<time>2026-05-12T10:38:24Z</time>
<extensions>
<gpxtpx:TrackPointExtension>
<gpxtpx:hr>165</gpxtpx:hr>
</gpxtpx:TrackPointExtension>
</extensions>
</trkpt>
<trkpt lat="36.9855351" lon="127.8866902">
<ele>73.012</ele>
<time>2026-05-12T10:38:25Z</time>
<extensions>
<gpxtpx:TrackPointExtension>
<gpxtpx:hr>165</gpxtpx:hr>
</gpxtpx:TrackPointExtension>
</extensions>
</trkpt>
<trkpt lat="36.9855107" lon="127.8867035">
<ele>73.057</ele>
<time>2026-05-12T10:38:26Z</time>
<extensions>
<gpxtpx:TrackPointExtension>
<gpxtpx:hr>165</gpxtpx:hr>
</gpxtpx:TrackPointExtension>
</extensions>
</trkpt>
<trkpt lat="36.9854857" lon="127.8867169">
<ele>73.022</ele>
<time>2026-05-12T10:38:27Z</time>
<extensions>
<gpxtpx:TrackPointExtension>
<gpxtpx:hr>165</gpxtpx:hr>
</gpxtpx:TrackPointExtension>
</extensions>
</trkpt>
<trkpt lat="36.985461" lon="127.8867304">
<ele>72.974</ele>
<time>2026-05-12T10:38:28Z</time>
<extensions>
<gpxtpx:TrackPointExtension>
<gpxtpx:hr>165</gpxtpx:hr>
<gpxtpx:cad>179</gpxtpx:cad>
</gpxtpx:TrackPointExtension>
</extensions>
</trkpt>
<trkpt lat="36.9854364" lon="127.8867439">
<ele>73.171</ele>
<time>2026-05-12T10:38:29Z</time>
<extensions>
<gpxtpx:TrackPointExtension>
<gpxtpx:hr>166</gpxtpx:hr>
</gpxtpx:TrackPointExtension>
</extensions>
</trkpt>
<trkpt lat="36.9854115" lon="127.8867572">
<ele>73.477</ele>
<time>2026-05-12T10:38:30Z</time>
<extensions>
<gpxtpx:TrackPointExtension>
<gpxtpx:hr>166</gpxtpx:hr>
</gpxtpx:TrackPointExtension>
</extensions>
</trkpt>
<trkpt lat="36.9853875" lon="127.8867709">
<ele>73.601</ele>
<time>2026-05-12T10:38:31Z</time>
<extensions>
<gpxtpx:TrackPointExtension>
<gpxtpx:hr>166</gpxtpx:hr>
</gpxtpx:TrackPointExtension>
</extensions>
</trkpt>
<trkpt lat="36.9853636" lon="127.8867849">
<ele>73.457</ele>
<time>2026-05-12T10:38:32Z</time>
<extensions>
<gpxtpx:TrackPointExtension>
<gpxtpx:hr>166</gpxtpx:hr>
</gpxtpx:TrackPointExtension>
</extensions>
</trkpt>
<trkpt lat="36.9853399" lon="127.8867989">
<ele>73.379</ele>
<time>2026-05-12T10:38:33Z</time>
<extensions>
<gpxtpx:TrackPointExtension>
<gpxtpx:hr>166</gpxtpx:hr>
<gpxtpx:cad>174</gpxtpx:cad>
</gpxtpx:TrackPointExtension>
</extensions>
</trkpt>
<trkpt lat="36.9853162" lon="127.886813">
<ele>73.219</ele>
<time>2026-05-12T10:38:34Z</time>
<extensions>
<gpxtpx:TrackPointExtension>
<gpxtpx:hr>166</gpxtpx:hr>
</gpxtpx:TrackPointExtension>
</extensions>
</trkpt>
<trkpt lat="36.9852925" lon="127.8868271">
<ele>73.046</ele>
<time>2026-05-12T10:38:35Z</time>
<extensions>
<gpxtpx:TrackPointExtension>
<gpxtpx:hr>166</gpxtpx:hr>
</gpxtpx:TrackPointExtension>
</extensions>
</trkpt>
<trkpt lat="36.9852687" lon="127.8868414">
<ele>73.028</ele>
<time>2026-05-12T10:38:36Z</time>
<extensions>
<gpxtpx:TrackPointExtension>
<gpxtpx:hr>165</gpxtpx:hr>
</gpxtpx:TrackPointExtension>
</extensions>
</trkpt>
<trkpt lat="36.9852448" lon="127.8868558">
<ele>73.026</ele>
<time>2026-05-12T10:38:37Z</time>
<extensions>
<gpxtpx:TrackPointExtension>
<gpxtpx:hr>165</gpxtpx:hr>
<gpxtpx:cad>171</gpxtpx:cad>
</gpxtpx:TrackPointExtension>
</extensions>
</trkpt>
<trkpt lat="36.9852206" lon="127.8868702">
<ele>73.005</ele>
<time>2026-05-12T10:38:38Z</time>
<extensions>
<gpxtpx:TrackPointExtension>
<gpxtpx:hr>164</gpxtpx:hr>
<gpxtpx:cad>172</gpxtpx:cad>
</gpxtpx:TrackPointExtension>
</extensions>
</trkpt>
<trkpt lat="36.9851963" lon="127.8868847">
<ele>72.856</ele>
<time>2026-05-12T10:38:39Z</time>
<extensions>
<gpxtpx:TrackPointExtension>
<gpxtpx:hr>165</gpxtpx:hr>
</gpxtpx:TrackPointExtension>
</extensions>
</trkpt>
<trkpt lat="36.9851718" lon="127.8868992">
<ele>72.632</ele>
<time>2026-05-12T10:38:40Z</time>
<extensions>
<gpxtpx:TrackPointExtension>
<gpxtpx:hr>165</gpxtpx:hr>
</gpxtpx:TrackPointExtension>
</extensions>
</trkpt>
<trkpt lat="36.9851471" lon="127.8869135">
<ele>72.72</ele>
<time>2026-05-12T10:38:41Z</time>
<extensions>
<gpxtpx:TrackPointExtension>
<gpxtpx:hr>165</gpxtpx:hr>
</gpxtpx:TrackPointExtension>
</extensions>
</trkpt>
<trkpt lat="36.9851223" lon="127.8869278">
<ele>72.86</ele>
<time>2026-05-12T10:38:42Z</time>
<extensions>
<gpxtpx:TrackPointExtension>
<gpxtpx:hr>165</gpxtpx:hr>
</gpxtpx:TrackPointExtension>
</extensions>
</trkpt>
<trkpt lat="36.985098" lon="127.8869425">
<ele>72.923</ele>
<time>2026-05-12T10:38:43Z</time>
<extensions>
<gpxtpx:TrackPointExtension>
<gpxtpx:hr>165</gpxtpx:hr>
<gpxtpx:cad>175</gpxtpx:cad>
</gpxtpx:TrackPointExtension>
</extensions>
</trkpt>
<trkpt lat="36.9850729" lon="127.8869564">
<ele>72.938</ele>
<time>2026-05-12T10:38:44Z</time>
<extensions>
<gpxtpx:TrackPointExtension>
<gpxtpx:hr>165</gpxtpx:hr>
</gpxtpx:TrackPointExtension>
</extensions>
</trkpt>
<trkpt lat="36.9850477" lon="127.88697">
<ele>72.715</ele>
<time>2026-05-12T10:38:45Z</time>
<extensions>
<gpxtpx:TrackPointExtension>
<gpxtpx:hr>164</gpxtpx:hr>
</gpxtpx:TrackPointExtension>
</extensions>
</trkpt>
<trkpt lat="36.9850225" lon="127.8869835">
<ele>72.555</ele>
<time>2026-05-12T10:38:46Z</time>
<extensions>
<gpxtpx:TrackPointExtension>
<gpxtpx:hr>164</gpxtpx:hr>
</gpxtpx:TrackPointExtension>
</extensions>
</trkpt>
<trkpt lat="36.9849971" lon="127.8869968">
<ele>72.64</ele>
<time>2026-05-12T10:38:47Z</time>
<extensions>
<gpxtpx:TrackPointExtension>
<gpxtpx:hr>164</gpxtpx:hr>
</gpxtpx:TrackPointExtension>
</extensions>
</trkpt>
<trkpt lat="36.9849716" lon="127.8870098">
<ele>72.841</ele>
<time>2026-05-12T10:38:48Z</time>
<extensions>
<gpxtpx:TrackPointExtension>
<gpxtpx:hr>164</gpxtpx:hr>
<gpxtpx:cad>174</gpxtpx:cad>
</gpxtpx:TrackPointExtension>
</extensions>
</trkpt>
<trkpt lat="36.9849461" lon="127.8870227">
<ele>72.889</ele>
<time>2026-05-12T10:38:49Z</time>
<extensions>
<gpxtpx:TrackPointExtension>
<gpxtpx:hr>163</gpxtpx:hr>
</gpxtpx:TrackPointExtension>
</extensions>
</trkpt>
<trkpt lat="36.9849207" lon="127.8870351">
<ele>72.847</ele>
<time>2026-05-12T10:38:50Z</time>
<extensions>
<gpxtpx:TrackPointExtension>
<gpxtpx:hr>162</gpxtpx:hr>
</gpxtpx:TrackPointExtension>
</extensions>
</trkpt>
<trkpt lat="36.9848949" lon="127.8870479">
<ele>72.862</ele>
<time>2026-05-12T10:38:51Z</time>
<extensions>
<gpxtpx:TrackPointExtension>
<gpxtpx:hr>162</gpxtpx:hr>
</gpxtpx:TrackPointExtension>
</extensions>
</trkpt>
<trkpt lat="36.9848697" lon="127.8870601">
<ele>72.888</ele>
<time>2026-05-12T10:38:52Z</time>
<extensions>
<gpxtpx:TrackPointExtension>
<gpxtpx:hr>162</gpxtpx:hr>
</gpxtpx:TrackPointExtension>
</extensions>
</trkpt>
<trkpt lat="36.9848439" lon="127.8870725">
<ele>72.938</ele>
<time>2026-05-12T10:38:53Z</time>
<extensions>
<gpxtpx:TrackPointExtension>
<gpxtpx:hr>162</gpxtpx:hr>
<gpxtpx:cad>174</gpxtpx:cad>
</gpxtpx:TrackPointExtension>
</extensions>
</trkpt>
<trkpt lat="36.9848188" lon="127.8870844">
<ele>73.011</ele>
<time>2026-05-12T10:38:54Z</time>
<extensions>
<gpxtpx:TrackPointExtension>
<gpxtpx:hr>163</gpxtpx:hr>
</gpxtpx:TrackPointExtension>
</extensions>
</trkpt>
<trkpt lat="36.9847934" lon="127.8870968">
<ele>72.954</ele>
<time>2026-05-12T10:38:55Z</time>
<extensions>
<gpxtpx:TrackPointExtension>
<gpxtpx:hr>163</gpxtpx:hr>
</gpxtpx:TrackPointExtension>
</extensions>
</trkpt>
<trkpt lat="36.9847683" lon="127.8871085">
<ele>72.883</ele>
<time>2026-05-12T10:38:56Z</time>
<extensions>
<gpxtpx:TrackPointExtension>
<gpxtpx:hr>163</gpxtpx:hr>
</gpxtpx:TrackPointExtension>
</extensions>
</trkpt>
<trkpt lat="36.9847431" lon="127.8871207">
<ele>72.88</ele>
<time>2026-05-12T10:38:57Z</time>
<extensions>
<gpxtpx:TrackPointExtension>
<gpxtpx:hr>163</gpxtpx:hr>
</gpxtpx:TrackPointExtension>
</extensions>
</trkpt>
<trkpt lat="36.9847181" lon="127.8871321">
<ele>72.881</ele>
<time>2026-05-12T10:38:58Z</time>
<extensions>
<gpxtpx:TrackPointExtension>
<gpxtpx:hr>163</gpxtpx:hr>
<gpxtpx:cad>179</gpxtpx:cad>
</gpxtpx:TrackPointExtension>
</extensions>
</trkpt>
<trkpt lat="36.9846931" lon="127.8871441">
<ele>72.877</ele>
<time>2026-05-12T10:38:59Z</time>
<extensions>
<gpxtpx:TrackPointExtension>
<gpxtpx:hr>163</gpxtpx:hr>
</gpxtpx:TrackPointExtension>
</extensions>
</trkpt>
<trkpt lat="36.9846682" lon="127.8871556">
<ele>72.73</ele>
<time>2026-05-12T10:39:00Z</time>
<extensions>
<gpxtpx:TrackPointExtension>
<gpxtpx:hr>163</gpxtpx:hr>
</gpxtpx:TrackPointExtension>
</extensions>
</trkpt>
<trkpt lat="36.9846432" lon="127.8871674">
<ele>72.639</ele>
<time>2026-05-12T10:39:01Z</time>
<extensions>
<gpxtpx:TrackPointExtension>
<gpxtpx:hr>163</gpxtpx:hr>
</gpxtpx:TrackPointExtension>
</extensions>
</trkpt>
<trkpt lat="36.9846182" lon="127.8871795">
<ele>72.915</ele>
<time>2026-05-12T10:39:02Z</time>
<extensions>
<gpxtpx:TrackPointExtension>
<gpxtpx:hr>163</gpxtpx:hr>
</gpxtpx:TrackPointExtension>
</extensions>
</trkpt>
<trkpt lat="36.9845932" lon="127.8871912">
<ele>72.908</ele>
<time>2026-05-12T10:39:03Z</time>
<extensions>
<gpxtpx:TrackPointExtension>
<gpxtpx:hr>163</gpxtpx:hr>
<gpxtpx:cad>181</gpxtpx:cad>
</gpxtpx:TrackPointExtension>
</extensions>
</trkpt>
<trkpt lat="36.9845681" lon="127.8872041">
<ele>72.764</ele>
<time>2026-05-12T10:39:04Z</time>
<extensions>
<gpxtpx:TrackPointExtension>
<gpxtpx:hr>163</gpxtpx:hr>
</gpxtpx:TrackPointExtension>
</extensions>
</trkpt>
<trkpt lat="36.9845431" lon="127.8872159">
<ele>72.832</ele>
<time>2026-05-12T10:39:05Z</time>
<extensions>
<gpxtpx:TrackPointExtension>
<gpxtpx:hr>163</gpxtpx:hr>
</gpxtpx:TrackPointExtension>
</extensions>
</trkpt>
<trkpt lat="36.984518" lon="127.8872295">
<ele>72.824</ele>
<time>2026-05-12T10:39:06Z</time>
<extensions>
<gpxtpx:TrackPointExtension>
<gpxtpx:hr>163</gpxtpx:hr>
</gpxtpx:TrackPointExtension>
</extensions>
</trkpt>
<trkpt lat="36.9844931" lon="127.8872425">
<ele>72.836</ele>
<time>2026-05-12T10:39:07Z</time>
<extensions>
<gpxtpx:TrackPointExtension>
<gpxtpx:hr>163</gpxtpx:hr>
</gpxtpx:TrackPointExtension>
</extensions>
</trkpt>
<trkpt lat="36.9844681" lon="127.8872556">
<ele>72.905</ele>
<time>2026-05-12T10:39:08Z</time>
<extensions>
<gpxtpx:TrackPointExtension>
<gpxtpx:hr>164</gpxtpx:hr>
<gpxtpx:cad>182</gpxtpx:cad>
</gpxtpx:TrackPointExtension>
</extensions>
</trkpt>
<trkpt lat="36.9844431" lon="127.8872682">
<ele>72.885</ele>
<time>2026-05-12T10:39:09Z</time>
<extensions>
<gpxtpx:TrackPointExtension>
<gpxtpx:hr>164</gpxtpx:hr>
</gpxtpx:TrackPointExtension>
</extensions>
</trkpt>
<trkpt lat="36.9844181" lon="127.8872819">
<ele>72.832</ele>
<time>2026-05-12T10:39:10Z</time>
<extensions>
<gpxtpx:TrackPointExtension>
<gpxtpx:hr>164</gpxtpx:hr>
</gpxtpx:TrackPointExtension>
</extensions>
</trkpt>
<trkpt lat="36.9843931" lon="127.8872953">
<ele>72.826</ele>
<time>2026-05-12T10:39:11Z</time>
<extensions>
<gpxtpx:TrackPointExtension>
<gpxtpx:hr>163</gpxtpx:hr>
<gpxtpx:cad>182</gpxtpx:cad>
</gpxtpx:TrackPointExtension>
</extensions>
</trkpt>
<trkpt lat="36.9843682" lon="127.8873096">
<ele>72.832</ele>
<time>2026-05-12T10:39:12Z</time>
<extensions>
<gpxtpx:TrackPointExtension>
<gpxtpx:hr>163</gpxtpx:hr>
</gpxtpx:TrackPointExtension>
</extensions>
</trkpt>
<trkpt lat="36.9843433" lon="127.8873236">
<ele>72.783</ele>
<time>2026-05-12T10:39:13Z</time>
<extensions>
<gpxtpx:TrackPointExtension>
<gpxtpx:hr>163</gpxtpx:hr>
<gpxtpx:cad>182</gpxtpx:cad>
</gpxtpx:TrackPointExtension>
</extensions>
</trkpt>
<trkpt lat="36.9843184" lon="127.8873376">
<ele>72.743</ele>
<time>2026-05-12T10:39:14Z</time>
<extensions>
<gpxtpx:TrackPointExtension>
<gpxtpx:hr>163</gpxtpx:hr>
</gpxtpx:TrackPointExtension>
</extensions>
</trkpt>
<trkpt lat="36.9842934" lon="127.8873519">
<ele>72.782</ele>
<time>2026-05-12T10:39:15Z</time>
<extensions>
<gpxtpx:TrackPointExtension>
<gpxtpx:hr>164</gpxtpx:hr>
</gpxtpx:TrackPointExtension>
</extensions>
</trkpt>
<trkpt lat="36.9842684" lon="127.8873659">
<ele>72.796</ele>
<time>2026-05-12T10:39:16Z</time>
<extensions>
<gpxtpx:TrackPointExtension>
<gpxtpx:hr>163</gpxtpx:hr>
</gpxtpx:TrackPointExtension>
</extensions>
</trkpt>
<trkpt lat="36.9842434" lon="127.8873801">
<ele>72.789</ele>
<time>2026-05-12T10:39:17Z</time>
<extensions>
<gpxtpx:TrackPointExtension>
<gpxtpx:hr>163</gpxtpx:hr>
</gpxtpx:TrackPointExtension>
</extensions>
</trkpt>
<trkpt lat="36.9842184" lon="127.8873944">
<ele>72.834</ele>
<time>2026-05-12T10:39:18Z</time>
<extensions>
<gpxtpx:TrackPointExtension>
<gpxtpx:hr>163</gpxtpx:hr>
<gpxtpx:cad>181</gpxtpx:cad>
</gpxtpx:TrackPointExtension>
</extensions>
</trkpt>
<trkpt lat="36.9841934" lon="127.8874088">
<ele>72.779</ele>
<time>2026-05-12T10:39:19Z</time>
<extensions>
<gpxtpx:TrackPointExtension>
<gpxtpx:hr>163</gpxtpx:hr>
</gpxtpx:TrackPointExtension>
</extensions>
</trkpt>
<trkpt lat="36.9841685" lon="127.8874227">
<ele>72.518</ele>
<time>2026-05-12T10:39:20Z</time>
<extensions>
<gpxtpx:TrackPointExtension>
<gpxtpx:hr>164</gpxtpx:hr>
</gpxtpx:TrackPointExtension>
</extensions>
</trkpt>
<trkpt lat="36.9841437" lon="127.8874361">
<ele>72.446</ele>
<time>2026-05-12T10:39:21Z</time>
<extensions>
<gpxtpx:TrackPointExtension>
<gpxtpx:hr>164</gpxtpx:hr>
</gpxtpx:TrackPointExtension>
</extensions>
</trkpt>
<trkpt lat="36.9841185" lon="127.8874496">
<ele>72.62</ele>
<time>2026-05-12T10:39:22Z</time>
<extensions>
<gpxtpx:TrackPointExtension>
<gpxtpx:hr>164</gpxtpx:hr>
</gpxtpx:TrackPointExtension>
</extensions>
</trkpt>
<trkpt lat="36.9840931" lon="127.887463">
<ele>72.686</ele>
<time>2026-05-12T10:39:23Z</time>
<extensions>
<gpxtpx:TrackPointExtension>
<gpxtpx:hr>164</gpxtpx:hr>
<gpxtpx:cad>181</gpxtpx:cad>
</gpxtpx:TrackPointExtension>
</extensions>
</trkpt>
<trkpt lat="36.9840675" lon="127.8874771">
<ele>72.75</ele>
<time>2026-05-12T10:39:24Z</time>
<extensions>
<gpxtpx:TrackPointExtension>
<gpxtpx:hr>164</gpxtpx:hr>
</gpxtpx:TrackPointExtension>
</extensions>
</trkpt>
<trkpt lat="36.9840425" lon="127.8874916">
<ele>72.81</ele>
<time>2026-05-12T10:39:25Z</time>
<extensions>
<gpxtpx:TrackPointExtension>
<gpxtpx:hr>165</gpxtpx:hr>
</gpxtpx:TrackPointExtension>
</extensions>
</trkpt>
<trkpt lat="36.9840174" lon="127.8875061">
<ele>72.76</ele>
<time>2026-05-12T10:39:26Z</time>
<extensions>
<gpxtpx:TrackPointExtension>
<gpxtpx:hr>166</gpxtpx:hr>
</gpxtpx:TrackPointExtension>
</extensions>
</trkpt>
<trkpt lat="36.9839929" lon="127.8875199">
<ele>72.767</ele>
<time>2026-05-12T10:39:27Z</time>
<extensions>
<gpxtpx:TrackPointExtension>
<gpxtpx:hr>167</gpxtpx:hr>
</gpxtpx:TrackPointExtension>
</extensions>
</trkpt>
<trkpt lat="36.9839684" lon="127.8875339">
<ele>72.821</ele>
<time>2026-05-12T10:39:28Z</time>
<extensions>
<gpxtpx:TrackPointExtension>
<gpxtpx:hr>167</gpxtpx:hr>
<gpxtpx:cad>181</gpxtpx:cad>
</gpxtpx:TrackPointExtension>
</extensions>
</trkpt>
<trkpt lat="36.9839444" lon="127.8875463">
<ele>72.913</ele>
<time>2026-05-12T10:39:29Z</time>
<extensions>
<gpxtpx:TrackPointExtension>
<gpxtpx:hr>167</gpxtpx:hr>
</gpxtpx:TrackPointExtension>
</extensions>
</trkpt>
<trkpt lat="36.9839202" lon="127.8875589">
<ele>72.979</ele>
<time>2026-05-12T10:39:30Z</time>
<extensions>
<gpxtpx:TrackPointExtension>
<gpxtpx:hr>168</gpxtpx:hr>
</gpxtpx:TrackPointExtension>
</extensions>
</trkpt>
<trkpt lat="36.983896" lon="127.8875701">
<ele>72.954</ele>
<time>2026-05-12T10:39:31Z</time>
<extensions>
<gpxtpx:TrackPointExtension>
<gpxtpx:hr>167</gpxtpx:hr>
</gpxtpx:TrackPointExtension>
</extensions>
</trkpt>
<trkpt lat="36.9838718" lon="127.8875814">
<ele>72.96</ele>
<time>2026-05-12T10:39:32Z</time>
<extensions>
<gpxtpx:TrackPointExtension>
<gpxtpx:hr>167</gpxtpx:hr>
</gpxtpx:TrackPointExtension>
</extensions>
</trkpt>
<trkpt lat="36.9838471" lon="127.8875919">
<ele>72.961</ele>
<time>2026-05-12T10:39:33Z</time>
<extensions>
<gpxtpx:TrackPointExtension>
<gpxtpx:hr>167</gpxtpx:hr>
<gpxtpx:cad>181</gpxtpx:cad>
</gpxtpx:TrackPointExtension>
</extensions>
</trkpt>
<trkpt lat="36.9838224" lon="127.8876023">
<ele>73.027</ele>
<time>2026-05-12T10:39:34Z</time>
<extensions>
<gpxtpx:TrackPointExtension>
<gpxtpx:hr>166</gpxtpx:hr>
</gpxtpx:TrackPointExtension>
</extensions>
</trkpt>
<trkpt lat="36.9837968" lon="127.8876123">
<ele>73.072</ele>
<time>2026-05-12T10:39:35Z</time>
<extensions>
<gpxtpx:TrackPointExtension>
<gpxtpx:hr>166</gpxtpx:hr>
</gpxtpx:TrackPointExtension>
</extensions>
</trkpt>
<trkpt lat="36.9837707" lon="127.8876218">
<ele>73.078</ele>
<time>2026-05-12T10:39:36Z</time>
<extensions>
<gpxtpx:TrackPointExtension>
<gpxtpx:hr>166</gpxtpx:hr>
</gpxtpx:TrackPointExtension>
</extensions>
</trkpt>
<trkpt lat="36.9837444" lon="127.8876312">
<ele>73.013</ele>
<time>2026-05-12T10:39:37Z</time>
<extensions>
<gpxtpx:TrackPointExtension>
<gpxtpx:hr>166</gpxtpx:hr>
</gpxtpx:TrackPointExtension>
</extensions>
</trkpt>
<trkpt lat="36.9837182" lon="127.88764">
<ele>72.973</ele>
<time>2026-05-12T10:39:38Z</time>
<extensions>
<gpxtpx:TrackPointExtension>
<gpxtpx:hr>166</gpxtpx:hr>
<gpxtpx:cad>180</gpxtpx:cad>
</gpxtpx:TrackPointExtension>
</extensions>
</trkpt>
<trkpt lat="36.9836919" lon="127.8876486">
<ele>72.993</ele>
<time>2026-05-12T10:39:39Z</time>
<extensions>
<gpxtpx:TrackPointExtension>
<gpxtpx:hr>166</gpxtpx:hr>
</gpxtpx:TrackPointExtension>
</extensions>
</trkpt>
<trkpt lat="36.9836654" lon="127.8876567">
<ele>72.951</ele>
<time>2026-05-12T10:39:40Z</time>
<extensions>
<gpxtpx:TrackPointExtension>
<gpxtpx:hr>166</gpxtpx:hr>
</gpxtpx:TrackPointExtension>
</extensions>
</trkpt>
<trkpt lat="36.9836389" lon="127.8876646">
<ele>72.938</ele>
<time>2026-05-12T10:39:41Z</time>
<extensions>
<gpxtpx:TrackPointExtension>
<gpxtpx:hr>167</gpxtpx:hr>
</gpxtpx:TrackPointExtension>
</extensions>
</trkpt>
<trkpt lat="36.9836122" lon="127.8876709">
<ele>73.034</ele>
<time>2026-05-12T10:39:42Z</time>
<extensions>
<gpxtpx:TrackPointExtension>
<gpxtpx:hr>166</gpxtpx:hr>
</gpxtpx:TrackPointExtension>
</extensions>
</trkpt>
<trkpt lat="36.9835856" lon="127.8876772">
<ele>73.015</ele>
<time>2026-05-12T10:39:43Z</time>
<extensions>
<gpxtpx:TrackPointExtension>
<gpxtpx:hr>167</gpxtpx:hr>
<gpxtpx:cad>180</gpxtpx:cad>
</gpxtpx:TrackPointExtension>
</extensions>
</trkpt>
<trkpt lat="36.9835591" lon="127.8876822">
<ele>72.94</ele>
<time>2026-05-12T10:39:44Z</time>
<extensions>
<gpxtpx:TrackPointExtension>
<gpxtpx:hr>166</gpxtpx:hr>
<gpxtpx:cad>181</gpxtpx:cad>
</gpxtpx:TrackPointExtension>
</extensions>
</trkpt>
<trkpt lat="36.9835325" lon="127.8876875">
<ele>72.919</ele>
<time>2026-05-12T10:39:45Z</time>
<extensions>
<gpxtpx:TrackPointExtension>
<gpxtpx:hr>166</gpxtpx:hr>
</gpxtpx:TrackPointExtension>
</extensions>
</trkpt>
<trkpt lat="36.9835058" lon="127.8876915">
<ele>73.069</ele>
<time>2026-05-12T10:39:46Z</time>
<extensions>
<gpxtpx:TrackPointExtension>
<gpxtpx:hr>165</gpxtpx:hr>
</gpxtpx:TrackPointExtension>
</extensions>
</trkpt>
<trkpt lat="36.9834792" lon="127.8876957">
<ele>72.996</ele>
<time>2026-05-12T10:39:47Z</time>
<extensions>
<gpxtpx:TrackPointExtension>
<gpxtpx:hr>165</gpxtpx:hr>
</gpxtpx:TrackPointExtension>
</extensions>
</trkpt>
<trkpt lat="36.9834523" lon="127.8876994">
<ele>73.091</ele>
<time>2026-05-12T10:39:48Z</time>
<extensions>
<gpxtpx:TrackPointExtension>
<gpxtpx:hr>166</gpxtpx:hr>
<gpxtpx:cad>181</gpxtpx:cad>
</gpxtpx:TrackPointExtension>
</extensions>
</trkpt>
<trkpt lat="36.9834255" lon="127.8877031">
<ele>73.194</ele>
<time>2026-05-12T10:39:49Z</time>
<extensions>
<gpxtpx:TrackPointExtension>
<gpxtpx:hr>166</gpxtpx:hr>
</gpxtpx:TrackPointExtension>
</extensions>
</trkpt>
<trkpt lat="36.9833981" lon="127.8877063">
<ele>73.16</ele>
<time>2026-05-12T10:39:50Z</time>
<extensions>
<gpxtpx:TrackPointExtension>
<gpxtpx:hr>166</gpxtpx:hr>
</gpxtpx:TrackPointExtension>
</extensions>
</trkpt>
<trkpt lat="36.9833706" lon="127.8877094">
<ele>73.143</ele>
<time>2026-05-12T10:39:51Z</time>
<extensions>
<gpxtpx:TrackPointExtension>
<gpxtpx:hr>166</gpxtpx:hr>
</gpxtpx:TrackPointExtension>
</extensions>
</trkpt>
<trkpt lat="36.9833426" lon="127.8877122">
<ele>73.121</ele>
<time>2026-05-12T10:39:52Z</time>
<extensions>
<gpxtpx:TrackPointExtension>
<gpxtpx:hr>166</gpxtpx:hr>
</gpxtpx:TrackPointExtension>
</extensions>
</trkpt>
<trkpt lat="36.9833141" lon="127.8877146">
<ele>73.049</ele>
<time>2026-05-12T10:39:53Z</time>
<extensions>
<gpxtpx:TrackPointExtension>
<gpxtpx:hr>167</gpxtpx:hr>
<gpxtpx:cad>181</gpxtpx:cad>
</gpxtpx:TrackPointExtension>
</extensions>
</trkpt>
<trkpt lat="36.9832856" lon="127.8877166">
<ele>72.982</ele>
<time>2026-05-12T10:39:54Z</time>
<extensions>
<gpxtpx:TrackPointExtension>
<gpxtpx:hr>168</gpxtpx:hr>
</gpxtpx:TrackPointExtension>
</extensions>
</trkpt>
<trkpt lat="36.9832571" lon="127.887718">
<ele>72.949</ele>
<time>2026-05-12T10:39:55Z</time>
<extensions>
<gpxtpx:TrackPointExtension>
<gpxtpx:hr>169</gpxtpx:hr>
</gpxtpx:TrackPointExtension>
</extensions>
</trkpt>
<trkpt lat="36.9832287" lon="127.8877192">
<ele>72.932</ele>
<time>2026-05-12T10:39:56Z</time>
<extensions>
<gpxtpx:TrackPointExtension>
<gpxtpx:hr>169</gpxtpx:hr>
</gpxtpx:TrackPointExtension>
</extensions>
</trkpt>
<trkpt lat="36.9832004" lon="127.8877199">
<ele>72.889</ele>
<time>2026-05-12T10:39:57Z</time>
<extensions>
<gpxtpx:TrackPointExtension>
<gpxtpx:hr>169</gpxtpx:hr>
</gpxtpx:TrackPointExtension>
</extensions>
</trkpt>
<trkpt lat="36.9831723" lon="127.88772">
<ele>72.945</ele>
<time>2026-05-12T10:39:58Z</time>
<extensions>
<gpxtpx:TrackPointExtension>
<gpxtpx:hr>169</gpxtpx:hr>
<gpxtpx:cad>181</gpxtpx:cad>
</gpxtpx:TrackPointExtension>
</extensions>
</trkpt>
<trkpt lat="36.9831444" lon="127.8877195">
<ele>72.905</ele>
<time>2026-05-12T10:39:59Z</time>
<extensions>
<gpxtpx:TrackPointExtension>
<gpxtpx:hr>168</gpxtpx:hr>
</gpxtpx:TrackPointExtension>
</extensions>
</trkpt>
<trkpt lat="36.9831165" lon="127.8877183">
<ele>72.973</ele>
<time>2026-05-12T10:40:00Z</time>
<extensions>
<gpxtpx:TrackPointExtension>
<gpxtpx:hr>168</gpxtpx:hr>
</gpxtpx:TrackPointExtension>
</extensions>
</trkpt>
<trkpt lat="36.9830887" lon="127.8877167">
<ele>73.116</ele>
<time>2026-05-12T10:40:01Z</time>
<extensions>
<gpxtpx:TrackPointExtension>
<gpxtpx:hr>168</gpxtpx:hr>
</gpxtpx:TrackPointExtension>
</extensions>
</trkpt>
<trkpt lat="36.9830609" lon="127.8877145">
<ele>73.173</ele>
<time>2026-05-12T10:40:02Z</time>
<extensions>
<gpxtpx:TrackPointExtension>
<gpxtpx:hr>167</gpxtpx:hr>
</gpxtpx:TrackPointExtension>
</extensions>
</trkpt>
<trkpt lat="36.9830331" lon="127.8877119">
<ele>73.105</ele>
<time>2026-05-12T10:40:03Z</time>
<extensions>
<gpxtpx:TrackPointExtension>
<gpxtpx:hr>167</gpxtpx:hr>
<gpxtpx:cad>180</gpxtpx:cad>
</gpxtpx:TrackPointExtension>
</extensions>
</trkpt>
<trkpt lat="36.9830053" lon="127.8877089">
<ele>73.071</ele>
<time>2026-05-12T10:40:04Z</time>
<extensions>
<gpxtpx:TrackPointExtension>
<gpxtpx:hr>166</gpxtpx:hr>
</gpxtpx:TrackPointExtension>
</extensions>
</trkpt>
<trkpt lat="36.9829775" lon="127.8877054">
<ele>73.002</ele>
<time>2026-05-12T10:40:05Z</time>
<extensions>
<gpxtpx:TrackPointExtension>
<gpxtpx:hr>166</gpxtpx:hr>
</gpxtpx:TrackPointExtension>
</extensions>
</trkpt>
<trkpt lat="36.9829497" lon="127.8877009">
<ele>73.038</ele>
<time>2026-05-12T10:40:06Z</time>
<extensions>
<gpxtpx:TrackPointExtension>
<gpxtpx:hr>165</gpxtpx:hr>
</gpxtpx:TrackPointExtension>
</extensions>
</trkpt>
<trkpt lat="36.9829219" lon="127.8876959">
<ele>73.093</ele>
<time>2026-05-12T10:40:07Z</time>
<extensions>
<gpxtpx:TrackPointExtension>
<gpxtpx:hr>166</gpxtpx:hr>
</gpxtpx:TrackPointExtension>
</extensions>
</trkpt>
<trkpt lat="36.9828943" lon="127.8876904">
<ele>73.098</ele>
<time>2026-05-12T10:40:08Z</time>
<extensions>
<gpxtpx:TrackPointExtension>
<gpxtpx:hr>165</gpxtpx:hr>
<gpxtpx:cad>177</gpxtpx:cad>
</gpxtpx:TrackPointExtension>
</extensions>
</trkpt>
<trkpt lat="36.9828666" lon="127.8876845">
<ele>73.016</ele>
<time>2026-05-12T10:40:09Z</time>
<extensions>
<gpxtpx:TrackPointExtension>
<gpxtpx:hr>166</gpxtpx:hr>
</gpxtpx:TrackPointExtension>
</extensions>
</trkpt>
<trkpt lat="36.9828389" lon="127.8876796">
<ele>73.035</ele>
<time>2026-05-12T10:40:10Z</time>
<extensions>
<gpxtpx:TrackPointExtension>
<gpxtpx:hr>166</gpxtpx:hr>
</gpxtpx:TrackPointExtension>
</extensions>
</trkpt>
<trkpt lat="36.9828115" lon="127.8876741">
<ele>72.979</ele>
<time>2026-05-12T10:40:11Z</time>
<extensions>
<gpxtpx:TrackPointExtension>
<gpxtpx:hr>166</gpxtpx:hr>
</gpxtpx:TrackPointExtension>
</extensions>
</trkpt>
<trkpt lat="36.9827838" lon="127.8876692">
<ele>72.965</ele>
<time>2026-05-12T10:40:12Z</time>
<extensions>
<gpxtpx:TrackPointExtension>
<gpxtpx:hr>166</gpxtpx:hr>
</gpxtpx:TrackPointExtension>
</extensions>
</trkpt>
<trkpt lat="36.9827567" lon="127.8876632">
<ele>72.905</ele>
<time>2026-05-12T10:40:13Z</time>
<extensions>
<gpxtpx:TrackPointExtension>
<gpxtpx:hr>166</gpxtpx:hr>
<gpxtpx:cad>176</gpxtpx:cad>
</gpxtpx:TrackPointExtension>
</extensions>
</trkpt>
<trkpt lat="36.9827292" lon="127.8876578">
<ele>72.871</ele>
<time>2026-05-12T10:40:14Z</time>
<extensions>
<gpxtpx:TrackPointExtension>
<gpxtpx:hr>167</gpxtpx:hr>
</gpxtpx:TrackPointExtension>
</extensions>
</trkpt>
<trkpt lat="36.9827025" lon="127.8876511">
<ele>72.713</ele>
<time>2026-05-12T10:40:15Z</time>
<extensions>
<gpxtpx:TrackPointExtension>
<gpxtpx:hr>167</gpxtpx:hr>
</gpxtpx:TrackPointExtension>
</extensions>
</trkpt>
<trkpt lat="36.9826751" lon="127.8876454">
<ele>72.776</ele>
<time>2026-05-12T10:40:16Z</time>
<extensions>
<gpxtpx:TrackPointExtension>
<gpxtpx:hr>167</gpxtpx:hr>
<gpxtpx:cad>178</gpxtpx:cad>
</gpxtpx:TrackPointExtension>
</extensions>
</trkpt>
<trkpt lat="36.9826489" lon="127.8876379">
<ele>72.786</ele>
<time>2026-05-12T10:40:17Z</time>
<extensions>
<gpxtpx:TrackPointExtension>
<gpxtpx:hr>167</gpxtpx:hr>
</gpxtpx:TrackPointExtension>
</extensions>
</trkpt>
<trkpt lat="36.9826224" lon="127.887631">
<ele>72.783</ele>
<time>2026-05-12T10:40:18Z</time>
<extensions>
<gpxtpx:TrackPointExtension>
<gpxtpx:hr>167</gpxtpx:hr>
<gpxtpx:cad>179</gpxtpx:cad>
</gpxtpx:TrackPointExtension>
</extensions>
</trkpt>
<trkpt lat="36.9825961" lon="127.8876239">
<ele>72.745</ele>
<time>2026-05-12T10:40:19Z</time>
<extensions>
<gpxtpx:TrackPointExtension>
<gpxtpx:hr>167</gpxtpx:hr>
</gpxtpx:TrackPointExtension>
</extensions>
</trkpt>
<trkpt lat="36.98257" lon="127.8876166">
<ele>72.784</ele>
<time>2026-05-12T10:40:20Z</time>
<extensions>
<gpxtpx:TrackPointExtension>
<gpxtpx:hr>168</gpxtpx:hr>
</gpxtpx:TrackPointExtension>
</extensions>
</trkpt>
<trkpt lat="36.982544" lon="127.8876093">
<ele>72.75</ele>
<time>2026-05-12T10:40:21Z</time>
<extensions>
<gpxtpx:TrackPointExtension>
<gpxtpx:hr>168</gpxtpx:hr>
</gpxtpx:TrackPointExtension>
</extensions>
</trkpt>
<trkpt lat="36.9825187" lon="127.8876018">
<ele>72.759</ele>
<time>2026-05-12T10:40:22Z</time>
<extensions>
<gpxtpx:TrackPointExtension>
<gpxtpx:hr>168</gpxtpx:hr>
</gpxtpx:TrackPointExtension>
</extensions>
</trkpt>
<trkpt lat="36.9824925" lon="127.8875946">
<ele>72.704</ele>
<time>2026-05-12T10:40:23Z</time>
<extensions>
<gpxtpx:TrackPointExtension>
<gpxtpx:hr>168</gpxtpx:hr>
<gpxtpx:cad>180</gpxtpx:cad>
</gpxtpx:TrackPointExtension>
</extensions>
</trkpt>
<trkpt lat="36.9824672" lon="127.8875875">
<ele>72.64</ele>
<time>2026-05-12T10:40:24Z</time>
<extensions>
<gpxtpx:TrackPointExtension>
<gpxtpx:hr>167</gpxtpx:hr>
</gpxtpx:TrackPointExtension>
</extensions>
</trkpt>
<trkpt lat="36.9824414" lon="127.8875801">
<ele>72.53</ele>
<time>2026-05-12T10:40:25Z</time>
<extensions>
<gpxtpx:TrackPointExtension>
<gpxtpx:hr>167</gpxtpx:hr>
</gpxtpx:TrackPointExtension>
</extensions>
</trkpt>
<trkpt lat="36.9824158" lon="127.8875732">
<ele>72.481</ele>
<time>2026-05-12T10:40:26Z</time>
<extensions>
<gpxtpx:TrackPointExtension>
<gpxtpx:hr>167</gpxtpx:hr>
</gpxtpx:TrackPointExtension>
</extensions>
</trkpt>
<trkpt lat="36.9823904" lon="127.8875655">
<ele>72.604</ele>
<time>2026-05-12T10:40:27Z</time>
<extensions>
<gpxtpx:TrackPointExtension>
<gpxtpx:hr>166</gpxtpx:hr>
</gpxtpx:TrackPointExtension>
</extensions>
</trkpt>
<trkpt lat="36.9823645" lon="127.887559">
<ele>72.682</ele>
<time>2026-05-12T10:40:28Z</time>
<extensions>
<gpxtpx:TrackPointExtension>
<gpxtpx:hr>166</gpxtpx:hr>
<gpxtpx:cad>182</gpxtpx:cad>
</gpxtpx:TrackPointExtension>
</extensions>
</trkpt>
<trkpt lat="36.9823388" lon="127.8875519">
<ele>72.67</ele>
<time>2026-05-12T10:40:29Z</time>
<extensions>
<gpxtpx:TrackPointExtension>
<gpxtpx:hr>166</gpxtpx:hr>
</gpxtpx:TrackPointExtension>
</extensions>
</trkpt>
<trkpt lat="36.9823131" lon="127.8875449">
<ele>72.707</ele>
<time>2026-05-12T10:40:30Z</time>
<extensions>
<gpxtpx:TrackPointExtension>
<gpxtpx:hr>166</gpxtpx:hr>
</gpxtpx:TrackPointExtension>
</extensions>
</trkpt>
<trkpt lat="36.9822872" lon="127.8875381">
<ele>72.719</ele>
<time>2026-05-12T10:40:31Z</time>
<extensions>
<gpxtpx:TrackPointExtension>
<gpxtpx:hr>167</gpxtpx:hr>
</gpxtpx:TrackPointExtension>
</extensions>
</trkpt>
<trkpt lat="36.9822618" lon="127.8875309">
<ele>72.843</ele>
<time>2026-05-12T10:40:32Z</time>
<extensions>
<gpxtpx:TrackPointExtension>
<gpxtpx:hr>167</gpxtpx:hr>
</gpxtpx:TrackPointExtension>
</extensions>
</trkpt>
<trkpt lat="36.9822352" lon="127.8875248">
<ele>72.701</ele>
<time>2026-05-12T10:40:33Z</time>
<extensions>
<gpxtpx:TrackPointExtension>
<gpxtpx:hr>168</gpxtpx:hr>
<gpxtpx:cad>183</gpxtpx:cad>
</gpxtpx:TrackPointExtension>
</extensions>
</trkpt>
<trkpt lat="36.9822095" lon="127.8875181">
<ele>72.529</ele>
<time>2026-05-12T10:40:34Z</time>
<extensions>
<gpxtpx:TrackPointExtension>
<gpxtpx:hr>168</gpxtpx:hr>
</gpxtpx:TrackPointExtension>
</extensions>
</trkpt>
<trkpt lat="36.9821831" lon="127.8875119">
<ele>72.709</ele>
<time>2026-05-12T10:40:35Z</time>
<extensions>
<gpxtpx:TrackPointExtension>
<gpxtpx:hr>169</gpxtpx:hr>
</gpxtpx:TrackPointExtension>
</extensions>
</trkpt>
<trkpt lat="36.9821565" lon="127.8875058">
<ele>72.893</ele>
<time>2026-05-12T10:40:36Z</time>
<extensions>
<gpxtpx:TrackPointExtension>
<gpxtpx:hr>169</gpxtpx:hr>
</gpxtpx:TrackPointExtension>
</extensions>
</trkpt>
<trkpt lat="36.9821298" lon="127.8874997">
<ele>72.936</ele>
<time>2026-05-12T10:40:37Z</time>
<extensions>
<gpxtpx:TrackPointExtension>
<gpxtpx:hr>169</gpxtpx:hr>
</gpxtpx:TrackPointExtension>
</extensions>
</trkpt>
<trkpt lat="36.982103" lon="127.8874936">
<ele>72.885</ele>
<time>2026-05-12T10:40:38Z</time>
<extensions>
<gpxtpx:TrackPointExtension>
<gpxtpx:hr>168</gpxtpx:hr>
<gpxtpx:cad>177</gpxtpx:cad>
</gpxtpx:TrackPointExtension>
</extensions>
</trkpt>
<trkpt lat="36.982076" lon="127.8874875">
<ele>72.799</ele>
<time>2026-05-12T10:40:39Z</time>
<extensions>
<gpxtpx:TrackPointExtension>
<gpxtpx:hr>168</gpxtpx:hr>
</gpxtpx:TrackPointExtension>
</extensions>
</trkpt>
<trkpt lat="36.9820489" lon="127.8874813">
<ele>72.861</ele>
<time>2026-05-12T10:40:40Z</time>
<extensions>
<gpxtpx:TrackPointExtension>
<gpxtpx:hr>167</gpxtpx:hr>
</gpxtpx:TrackPointExtension>
</extensions>
</trkpt>
<trkpt lat="36.9820217" lon="127.8874751">
<ele>72.865</ele>
<time>2026-05-12T10:40:41Z</time>
<extensions>
<gpxtpx:TrackPointExtension>
<gpxtpx:hr>167</gpxtpx:hr>
</gpxtpx:TrackPointExtension>
</extensions>
</trkpt>
<trkpt lat="36.9819946" lon="127.8874688">
<ele>72.866</ele>
<time>2026-05-12T10:40:42Z</time>
<extensions>
<gpxtpx:TrackPointExtension>
<gpxtpx:hr>166</gpxtpx:hr>
</gpxtpx:TrackPointExtension>
</extensions>
</trkpt>
<trkpt lat="36.9819674" lon="127.8874624">
<ele>72.726</ele>
<time>2026-05-12T10:40:43Z</time>
<extensions>
<gpxtpx:TrackPointExtension>
<gpxtpx:hr>165</gpxtpx:hr>
<gpxtpx:cad>176</gpxtpx:cad>
</gpxtpx:TrackPointExtension>
</extensions>
</trkpt>
<trkpt lat="36.9819402" lon="127.8874558">
<ele>72.712</ele>
<time>2026-05-12T10:40:44Z</time>
<extensions>
<gpxtpx:TrackPointExtension>
<gpxtpx:hr>165</gpxtpx:hr>
</gpxtpx:TrackPointExtension>
</extensions>
</trkpt>
<trkpt lat="36.9819132" lon="127.8874494">
<ele>72.693</ele>
<time>2026-05-12T10:40:45Z</time>
<extensions>
<gpxtpx:TrackPointExtension>
<gpxtpx:hr>165</gpxtpx:hr>
</gpxtpx:TrackPointExtension>
</extensions>
</trkpt>
<trkpt lat="36.981886" lon="127.8874429">
<ele>72.822</ele>
<time>2026-05-12T10:40:46Z</time>
<extensions>
<gpxtpx:TrackPointExtension>
<gpxtpx:hr>164</gpxtpx:hr>
</gpxtpx:TrackPointExtension>
</extensions>
</trkpt>
<trkpt lat="36.981859" lon="127.8874365">
<ele>72.927</ele>
<time>2026-05-12T10:40:47Z</time>
<extensions>
<gpxtpx:TrackPointExtension>
<gpxtpx:hr>165</gpxtpx:hr>
</gpxtpx:TrackPointExtension>
</extensions>
</trkpt>
<trkpt lat="36.9818314" lon="127.8874299">
<ele>73.014</ele>
<time>2026-05-12T10:40:48Z</time>
<extensions>
<gpxtpx:TrackPointExtension>
<gpxtpx:hr>165</gpxtpx:hr>
<gpxtpx:cad>180</gpxtpx:cad>
</gpxtpx:TrackPointExtension>
</extensions>
</trkpt>
<trkpt lat="36.9818043" lon="127.8874236">
<ele>72.654</ele>
<time>2026-05-12T10:40:49Z</time>
<extensions>
<gpxtpx:TrackPointExtension>
<gpxtpx:hr>165</gpxtpx:hr>
<gpxtpx:cad>180</gpxtpx:cad>
</gpxtpx:TrackPointExtension>
</extensions>
</trkpt>
<trkpt lat="36.9817772" lon="127.8874172">
<ele>72.506</ele>
<time>2026-05-12T10:40:50Z</time>
<extensions>
<gpxtpx:TrackPointExtension>
<gpxtpx:hr>165</gpxtpx:hr>
</gpxtpx:TrackPointExtension>
</extensions>
</trkpt>
<trkpt lat="36.9817503" lon="127.887411">
<ele>72.622</ele>
<time>2026-05-12T10:40:51Z</time>
<extensions>
<gpxtpx:TrackPointExtension>
<gpxtpx:hr>165</gpxtpx:hr>
</gpxtpx:TrackPointExtension>
</extensions>
</trkpt>
<trkpt lat="36.9817239" lon="127.8874048">
<ele>72.721</ele>
<time>2026-05-12T10:40:52Z</time>
<extensions>
<gpxtpx:TrackPointExtension>
<gpxtpx:hr>166</gpxtpx:hr>
</gpxtpx:TrackPointExtension>
</extensions>
</trkpt>
<trkpt lat="36.9816978" lon="127.8873986">
<ele>72.787</ele>
<time>2026-05-12T10:40:53Z</time>
<extensions>
<gpxtpx:TrackPointExtension>
<gpxtpx:hr>166</gpxtpx:hr>
<gpxtpx:cad>178</gpxtpx:cad>
</gpxtpx:TrackPointExtension>
</extensions>
</trkpt>
<trkpt lat="36.9816717" lon="127.8873924">
<ele>72.919</ele>
<time>2026-05-12T10:40:54Z</time>
<extensions>
<gpxtpx:TrackPointExtension>
<gpxtpx:hr>166</gpxtpx:hr>
</gpxtpx:TrackPointExtension>
</extensions>
</trkpt>
<trkpt lat="36.9816457" lon="127.8873862">
<ele>72.997</ele>
<time>2026-05-12T10:40:55Z</time>
<extensions>
<gpxtpx:TrackPointExtension>
<gpxtpx:hr>167</gpxtpx:hr>
</gpxtpx:TrackPointExtension>
</extensions>
</trkpt>
<trkpt lat="36.9816197" lon="127.88738">
<ele>72.968</ele>
<time>2026-05-12T10:40:56Z</time>
<extensions>
<gpxtpx:TrackPointExtension>
<gpxtpx:hr>167</gpxtpx:hr>
</gpxtpx:TrackPointExtension>
</extensions>
</trkpt>
<trkpt lat="36.9815935" lon="127.8873734">
<ele>72.95</ele>
<time>2026-05-12T10:40:57Z</time>
<extensions>
<gpxtpx:TrackPointExtension>
<gpxtpx:hr>167</gpxtpx:hr>
</gpxtpx:TrackPointExtension>
</extensions>
</trkpt>
<trkpt lat="36.9815672" lon="127.8873669">
<ele>72.861</ele>
<time>2026-05-12T10:40:58Z</time>
<extensions>
<gpxtpx:TrackPointExtension>
<gpxtpx:hr>168</gpxtpx:hr>
<gpxtpx:cad>177</gpxtpx:cad>
</gpxtpx:TrackPointExtension>
</extensions>
</trkpt>
<trkpt lat="36.9815407" lon="127.8873597">
<ele>72.905</ele>
<time>2026-05-12T10:40:59Z</time>
<extensions>
<gpxtpx:TrackPointExtension>
<gpxtpx:hr>168</gpxtpx:hr>
</gpxtpx:TrackPointExtension>
</extensions>
</trkpt>
<trkpt lat="36.9815142" lon="127.8873519">
<ele>72.914</ele>
<time>2026-05-12T10:41:00Z</time>
<extensions>
<gpxtpx:TrackPointExtension>
<gpxtpx:hr>167</gpxtpx:hr>
</gpxtpx:TrackPointExtension>
</extensions>
</trkpt>
<trkpt lat="36.9814877" lon="127.8873427">
<ele>72.982</ele>
<time>2026-05-12T10:41:01Z</time>
<extensions>
<gpxtpx:TrackPointExtension>
<gpxtpx:hr>167</gpxtpx:hr>
</gpxtpx:TrackPointExtension>
</extensions>
</trkpt>
<trkpt lat="36.9814613" lon="127.8873339">
<ele>72.949</ele>
<time>2026-05-12T10:41:02Z</time>
<extensions>
<gpxtpx:TrackPointExtension>
<gpxtpx:hr>167</gpxtpx:hr>
</gpxtpx:TrackPointExtension>
</extensions>
</trkpt>
<trkpt lat="36.9814353" lon="127.887323">
<ele>72.899</ele>
<time>2026-05-12T10:41:03Z</time>
<extensions>
<gpxtpx:TrackPointExtension>
<gpxtpx:hr>167</gpxtpx:hr>
<gpxtpx:cad>180</gpxtpx:cad>
</gpxtpx:TrackPointExtension>
</extensions>
</trkpt>
<trkpt lat="36.9814093" lon="127.8873124">
<ele>72.71</ele>
<time>2026-05-12T10:41:04Z</time>
<extensions>
<gpxtpx:TrackPointExtension>
<gpxtpx:hr>166</gpxtpx:hr>
</gpxtpx:TrackPointExtension>
</extensions>
</trkpt>
<trkpt lat="36.9813837" lon="127.8873008">
<ele>72.403</ele>
<time>2026-05-12T10:41:05Z</time>
<extensions>
<gpxtpx:TrackPointExtension>
<gpxtpx:hr>166</gpxtpx:hr>
</gpxtpx:TrackPointExtension>
</extensions>
</trkpt>
<trkpt lat="36.9813581" lon="127.8872892">
<ele>72.451</ele>
<time>2026-05-12T10:41:06Z</time>
<extensions>
<gpxtpx:TrackPointExtension>
<gpxtpx:hr>166</gpxtpx:hr>
</gpxtpx:TrackPointExtension>
</extensions>
</trkpt>
<trkpt lat="36.9813326" lon="127.8872785">
<ele>72.685</ele>
<time>2026-05-12T10:41:07Z</time>
<extensions>
<gpxtpx:TrackPointExtension>
<gpxtpx:hr>166</gpxtpx:hr>
</gpxtpx:TrackPointExtension>
</extensions>
</trkpt>
<trkpt lat="36.9813071" lon="127.8872683">
<ele>72.724</ele>
<time>2026-05-12T10:41:08Z</time>
<extensions>
<gpxtpx:TrackPointExtension>
<gpxtpx:hr>166</gpxtpx:hr>
<gpxtpx:cad>179</gpxtpx:cad>
</gpxtpx:TrackPointExtension>
</extensions>
</trkpt>
<trkpt lat="36.9812814" lon="127.8872587">
<ele>72.687</ele>
<time>2026-05-12T10:41:09Z</time>
<extensions>
<gpxtpx:TrackPointExtension>
<gpxtpx:hr>165</gpxtpx:hr>
</gpxtpx:TrackPointExtension>
</extensions>
</trkpt>
<trkpt lat="36.9812553" lon="127.8872504">
<ele>72.731</ele>
<time>2026-05-12T10:41:10Z</time>
<extensions>
<gpxtpx:TrackPointExtension>
<gpxtpx:hr>165</gpxtpx:hr>
</gpxtpx:TrackPointExtension>
</extensions>
</trkpt>
<trkpt lat="36.9812291" lon="127.8872413">
<ele>72.736</ele>
<time>2026-05-12T10:41:11Z</time>
<extensions>
<gpxtpx:TrackPointExtension>
<gpxtpx:hr>165</gpxtpx:hr>
</gpxtpx:TrackPointExtension>
</extensions>
</trkpt>
<trkpt lat="36.9812024" lon="127.8872332">
<ele>72.866</ele>
<time>2026-05-12T10:41:12Z</time>
<extensions>
<gpxtpx:TrackPointExtension>
<gpxtpx:hr>166</gpxtpx:hr>
</gpxtpx:TrackPointExtension>
</extensions>
</trkpt>
<trkpt lat="36.9811765" lon="127.8872233">
<ele>72.956</ele>
<time>2026-05-12T10:41:13Z</time>
<extensions>
<gpxtpx:TrackPointExtension>
<gpxtpx:hr>166</gpxtpx:hr>
<gpxtpx:cad>176</gpxtpx:cad>
</gpxtpx:TrackPointExtension>
</extensions>
</trkpt>
<trkpt lat="36.9811501" lon="127.8872147">
<ele>73.07</ele>
<time>2026-05-12T10:41:14Z</time>
<extensions>
<gpxtpx:TrackPointExtension>
<gpxtpx:hr>166</gpxtpx:hr>
</gpxtpx:TrackPointExtension>
</extensions>
</trkpt>
<trkpt lat="36.981124" lon="127.8872055">
<ele>72.985</ele>
<time>2026-05-12T10:41:15Z</time>
<extensions>
<gpxtpx:TrackPointExtension>
<gpxtpx:hr>166</gpxtpx:hr>
</gpxtpx:TrackPointExtension>
</extensions>
</trkpt>
<trkpt lat="36.981097" lon="127.8871981">
<ele>73.025</ele>
<time>2026-05-12T10:41:16Z</time>
<extensions>
<gpxtpx:TrackPointExtension>
<gpxtpx:hr>166</gpxtpx:hr>
</gpxtpx:TrackPointExtension>
</extensions>
</trkpt>
<trkpt lat="36.9810706" lon="127.8871898">
<ele>73.016</ele>
<time>2026-05-12T10:41:17Z</time>
<extensions>
<gpxtpx:TrackPointExtension>
<gpxtpx:hr>166</gpxtpx:hr>
</gpxtpx:TrackPointExtension>
</extensions>
</trkpt>
<trkpt lat="36.9810439" lon="127.8871822">
<ele>73.238</ele>
<time>2026-05-12T10:41:18Z</time>
<extensions>
<gpxtpx:TrackPointExtension>
<gpxtpx:hr>166</gpxtpx:hr>
<gpxtpx:cad>178</gpxtpx:cad>
</gpxtpx:TrackPointExtension>
</extensions>
</trkpt>
<trkpt lat="36.9810171" lon="127.8871747">
<ele>73.266</ele>
<time>2026-05-12T10:41:19Z</time>
<extensions>
<gpxtpx:TrackPointExtension>
<gpxtpx:hr>166</gpxtpx:hr>
</gpxtpx:TrackPointExtension>
</extensions>
</trkpt>
<trkpt lat="36.9809903" lon="127.8871673">
<ele>73.123</ele>
<time>2026-05-12T10:41:20Z</time>
<extensions>
<gpxtpx:TrackPointExtension>
<gpxtpx:hr>166</gpxtpx:hr>
</gpxtpx:TrackPointExtension>
</extensions>
</trkpt>
<trkpt lat="36.9809635" lon="127.88716">
<ele>73.004</ele>
<time>2026-05-12T10:41:21Z</time>
<extensions>
<gpxtpx:TrackPointExtension>
<gpxtpx:hr>167</gpxtpx:hr>
</gpxtpx:TrackPointExtension>
</extensions>
</trkpt>
<trkpt lat="36.980937" lon="127.8871529">
<ele>72.86</ele>
<time>2026-05-12T10:41:22Z</time>
<extensions>
<gpxtpx:TrackPointExtension>
<gpxtpx:hr>167</gpxtpx:hr>
<gpxtpx:cad>178</gpxtpx:cad>
</gpxtpx:TrackPointExtension>
</extensions>
</trkpt>
<trkpt lat="36.9809099" lon="127.8871457">
<ele>72.823</ele>
<time>2026-05-12T10:41:23Z</time>
<extensions>
<gpxtpx:TrackPointExtension>
<gpxtpx:hr>167</gpxtpx:hr>
<gpxtpx:cad>177</gpxtpx:cad>
</gpxtpx:TrackPointExtension>
</extensions>
</trkpt>
<trkpt lat="36.9808833" lon="127.8871388">
<ele>72.687</ele>
<time>2026-05-12T10:41:24Z</time>
<extensions>
<gpxtpx:TrackPointExtension>
<gpxtpx:hr>167</gpxtpx:hr>
</gpxtpx:TrackPointExtension>
</extensions>
</trkpt>
<trkpt lat="36.9808564" lon="127.8871319">
<ele>72.574</ele>
<time>2026-05-12T10:41:25Z</time>
<extensions>
<gpxtpx:TrackPointExtension>
<gpxtpx:hr>167</gpxtpx:hr>
</gpxtpx:TrackPointExtension>
</extensions>
</trkpt>
<trkpt lat="36.9808296" lon="127.8871249">
<ele>72.352</ele>
<time>2026-05-12T10:41:26Z</time>
<extensions>
<gpxtpx:TrackPointExtension>
<gpxtpx:hr>166</gpxtpx:hr>
</gpxtpx:TrackPointExtension>
</extensions>
</trkpt>
<trkpt lat="36.9808029" lon="127.8871178">
<ele>72.472</ele>
<time>2026-05-12T10:41:27Z</time>
<extensions>
<gpxtpx:TrackPointExtension>
<gpxtpx:hr>166</gpxtpx:hr>
</gpxtpx:TrackPointExtension>
</extensions>
</trkpt>
<trkpt lat="36.9807768" lon="127.8871102">
<ele>72.529</ele>
<time>2026-05-12T10:41:28Z</time>
<extensions>
<gpxtpx:TrackPointExtension>
<gpxtpx:hr>165</gpxtpx:hr>
<gpxtpx:cad>173</gpxtpx:cad>
</gpxtpx:TrackPointExtension>
</extensions>
</trkpt>
<trkpt lat="36.9807505" lon="127.8871031">
<ele>72.57</ele>
<time>2026-05-12T10:41:29Z</time>
<extensions>
<gpxtpx:TrackPointExtension>
<gpxtpx:hr>165</gpxtpx:hr>
</gpxtpx:TrackPointExtension>
</extensions>
</trkpt>
<trkpt lat="36.9807244" lon="127.8870961">
<ele>72.588</ele>
<time>2026-05-12T10:41:30Z</time>
<extensions>
<gpxtpx:TrackPointExtension>
<gpxtpx:hr>165</gpxtpx:hr>
</gpxtpx:TrackPointExtension>
</extensions>
</trkpt>
<trkpt lat="36.9806974" lon="127.8870898">
<ele>72.708</ele>
<time>2026-05-12T10:41:31Z</time>
<extensions>
<gpxtpx:TrackPointExtension>
<gpxtpx:hr>165</gpxtpx:hr>
</gpxtpx:TrackPointExtension>
</extensions>
</trkpt>
<trkpt lat="36.9806701" lon="127.8870836">
<ele>72.816</ele>
<time>2026-05-12T10:41:32Z</time>
<extensions>
<gpxtpx:TrackPointExtension>
<gpxtpx:hr>165</gpxtpx:hr>
</gpxtpx:TrackPointExtension>
</extensions>
</trkpt>
<trkpt lat="36.9806425" lon="127.8870771">
<ele>72.799</ele>
<time>2026-05-12T10:41:33Z</time>
<extensions>
<gpxtpx:TrackPointExtension>
<gpxtpx:hr>165</gpxtpx:hr>
<gpxtpx:cad>171</gpxtpx:cad>
</gpxtpx:TrackPointExtension>
</extensions>
</trkpt>
<trkpt lat="36.9806152" lon="127.8870697">
<ele>72.753</ele>
<time>2026-05-12T10:41:34Z</time>
<extensions>
<gpxtpx:TrackPointExtension>
<gpxtpx:hr>165</gpxtpx:hr>
</gpxtpx:TrackPointExtension>
</extensions>
</trkpt>
<trkpt lat="36.9805878" lon="127.8870625">
<ele>72.722</ele>
<time>2026-05-12T10:41:35Z</time>
<extensions>
<gpxtpx:TrackPointExtension>
<gpxtpx:hr>165</gpxtpx:hr>
</gpxtpx:TrackPointExtension>
</extensions>
</trkpt>
<trkpt lat="36.9805609" lon="127.8870542">
<ele>72.596</ele>
<time>2026-05-12T10:41:36Z</time>
<extensions>
<gpxtpx:TrackPointExtension>
<gpxtpx:hr>165</gpxtpx:hr>
</gpxtpx:TrackPointExtension>
</extensions>
</trkpt>
<trkpt lat="36.9805338" lon="127.8870461">
<ele>72.663</ele>
<time>2026-05-12T10:41:37Z</time>
<extensions>
<gpxtpx:TrackPointExtension>
<gpxtpx:hr>165</gpxtpx:hr>
</gpxtpx:TrackPointExtension>
</extensions>
</trkpt>
<trkpt lat="36.9805073" lon="127.8870369">
<ele>72.791</ele>
<time>2026-05-12T10:41:38Z</time>
<extensions>
<gpxtpx:TrackPointExtension>
<gpxtpx:hr>164</gpxtpx:hr>
<gpxtpx:cad>172</gpxtpx:cad>
</gpxtpx:TrackPointExtension>
</extensions>
</trkpt>
<trkpt lat="36.9804806" lon="127.8870279">
<ele>72.875</ele>
<time>2026-05-12T10:41:39Z</time>
<extensions>
<gpxtpx:TrackPointExtension>
<gpxtpx:hr>164</gpxtpx:hr>
</gpxtpx:TrackPointExtension>
</extensions>
</trkpt>
<trkpt lat="36.9804544" lon="127.8870181">
<ele>72.775</ele>
<time>2026-05-12T10:41:40Z</time>
<extensions>
<gpxtpx:TrackPointExtension>
<gpxtpx:hr>164</gpxtpx:hr>
</gpxtpx:TrackPointExtension>
</extensions>
</trkpt>
<trkpt lat="36.9804281" lon="127.8870084">
<ele>72.709</ele>
<time>2026-05-12T10:41:41Z</time>
<extensions>
<gpxtpx:TrackPointExtension>
<gpxtpx:hr>163</gpxtpx:hr>
</gpxtpx:TrackPointExtension>
</extensions>
</trkpt>
<trkpt lat="36.9804026" lon="127.8869984">
<ele>72.631</ele>
<time>2026-05-12T10:41:42Z</time>
<extensions>
<gpxtpx:TrackPointExtension>
<gpxtpx:hr>164</gpxtpx:hr>
</gpxtpx:TrackPointExtension>
</extensions>
</trkpt>
<trkpt lat="36.9803771" lon="127.8869884">
<ele>72.494</ele>
<time>2026-05-12T10:41:43Z</time>
<extensions>
<gpxtpx:TrackPointExtension>
<gpxtpx:hr>164</gpxtpx:hr>
<gpxtpx:cad>177</gpxtpx:cad>
</gpxtpx:TrackPointExtension>
</extensions>
</trkpt>
<trkpt lat="36.9803521" lon="127.8869783">
<ele>72.484</ele>
<time>2026-05-12T10:41:44Z</time>
<extensions>
<gpxtpx:TrackPointExtension>
<gpxtpx:hr>164</gpxtpx:hr>
</gpxtpx:TrackPointExtension>
</extensions>
</trkpt>
<trkpt lat="36.9803277" lon="127.886968">
<ele>72.443</ele>
<time>2026-05-12T10:41:45Z</time>
<extensions>
<gpxtpx:TrackPointExtension>
<gpxtpx:hr>163</gpxtpx:hr>
</gpxtpx:TrackPointExtension>
</extensions>
</trkpt>
<trkpt lat="36.9803031" lon="127.8869577">
<ele>72.354</ele>
<time>2026-05-12T10:41:46Z</time>
<extensions>
<gpxtpx:TrackPointExtension>
<gpxtpx:hr>163</gpxtpx:hr>
</gpxtpx:TrackPointExtension>
</extensions>
</trkpt>
<trkpt lat="36.9802789" lon="127.8869463">
<ele>72.5</ele>
<time>2026-05-12T10:41:47Z</time>
<extensions>
<gpxtpx:TrackPointExtension>
<gpxtpx:hr>163</gpxtpx:hr>
</gpxtpx:TrackPointExtension>
</extensions>
</trkpt>
<trkpt lat="36.9802548" lon="127.8869345">
<ele>72.53</ele>
<time>2026-05-12T10:41:48Z</time>
<extensions>
<gpxtpx:TrackPointExtension>
<gpxtpx:hr>163</gpxtpx:hr>
<gpxtpx:cad>180</gpxtpx:cad>
</gpxtpx:TrackPointExtension>
</extensions>
</trkpt>
<trkpt lat="36.9802305" lon="127.8869202">
<ele>72.309</ele>
<time>2026-05-12T10:41:49Z</time>
<extensions>
<gpxtpx:TrackPointExtension>
<gpxtpx:hr>164</gpxtpx:hr>
</gpxtpx:TrackPointExtension>
</extensions>
</trkpt>
<trkpt lat="36.9802061" lon="127.8869067">
<ele>72.408</ele>
<time>2026-05-12T10:41:50Z</time>
<extensions>
<gpxtpx:TrackPointExtension>
<gpxtpx:hr>164</gpxtpx:hr>
</gpxtpx:TrackPointExtension>
</extensions>
</trkpt>
<trkpt lat="36.9801814" lon="127.8868922">
<ele>72.477</ele>
<time>2026-05-12T10:41:51Z</time>
<extensions>
<gpxtpx:TrackPointExtension>
<gpxtpx:hr>164</gpxtpx:hr>
</gpxtpx:TrackPointExtension>
</extensions>
</trkpt>
<trkpt lat="36.9801565" lon="127.8868781">
<ele>72.559</ele>
<time>2026-05-12T10:41:52Z</time>
<extensions>
<gpxtpx:TrackPointExtension>
<gpxtpx:hr>165</gpxtpx:hr>
</gpxtpx:TrackPointExtension>
</extensions>
</trkpt>
<trkpt lat="36.9801316" lon="127.8868649">
<ele>72.573</ele>
<time>2026-05-12T10:41:53Z</time>
<extensions>
<gpxtpx:TrackPointExtension>
<gpxtpx:hr>165</gpxtpx:hr>
<gpxtpx:cad>181</gpxtpx:cad>
</gpxtpx:TrackPointExtension>
</extensions>
</trkpt>
<trkpt lat="36.9801067" lon="127.8868517">
<ele>72.567</ele>
<time>2026-05-12T10:41:54Z</time>
<extensions>
<gpxtpx:TrackPointExtension>
<gpxtpx:hr>165</gpxtpx:hr>
</gpxtpx:TrackPointExtension>
</extensions>
</trkpt>
<trkpt lat="36.9800816" lon="127.8868383">
<ele>72.54</ele>
<time>2026-05-12T10:41:55Z</time>
<extensions>
<gpxtpx:TrackPointExtension>
<gpxtpx:hr>166</gpxtpx:hr>
</gpxtpx:TrackPointExtension>
</extensions>
</trkpt>
<trkpt lat="36.9800565" lon="127.8868249">
<ele>72.44</ele>
<time>2026-05-12T10:41:56Z</time>
<extensions>
<gpxtpx:TrackPointExtension>
<gpxtpx:hr>166</gpxtpx:hr>
<gpxtpx:cad>181</gpxtpx:cad>
</gpxtpx:TrackPointExtension>
</extensions>
</trkpt>
<trkpt lat="36.9800312" lon="127.8868115">
<ele>72.303</ele>
<time>2026-05-12T10:41:57Z</time>
<extensions>
<gpxtpx:TrackPointExtension>
<gpxtpx:hr>166</gpxtpx:hr>
</gpxtpx:TrackPointExtension>
</extensions>
</trkpt>
<trkpt lat="36.980006" lon="127.8867979">
<ele>72.482</ele>
<time>2026-05-12T10:41:58Z</time>
<extensions>
<gpxtpx:TrackPointExtension>
<gpxtpx:hr>166</gpxtpx:hr>
<gpxtpx:cad>180</gpxtpx:cad>
</gpxtpx:TrackPointExtension>
</extensions>
</trkpt>
<trkpt lat="36.9799807" lon="127.8867844">
<ele>72.441</ele>
<time>2026-05-12T10:41:59Z</time>
<extensions>
<gpxtpx:TrackPointExtension>
<gpxtpx:hr>166</gpxtpx:hr>
</gpxtpx:TrackPointExtension>
</extensions>
</trkpt>
<trkpt lat="36.9799555" lon="127.8867708">
<ele>72.509</ele>
<time>2026-05-12T10:42:00Z</time>
<extensions>
<gpxtpx:TrackPointExtension>
<gpxtpx:hr>166</gpxtpx:hr>
</gpxtpx:TrackPointExtension>
</extensions>
</trkpt>
<trkpt lat="36.9799301" lon="127.8867572">
<ele>72.454</ele>
<time>2026-05-12T10:42:01Z</time>
<extensions>
<gpxtpx:TrackPointExtension>
<gpxtpx:hr>166</gpxtpx:hr>
</gpxtpx:TrackPointExtension>
</extensions>
</trkpt>
<trkpt lat="36.9799052" lon="127.8867437">
<ele>72.508</ele>
<time>2026-05-12T10:42:02Z</time>
<extensions>
<gpxtpx:TrackPointExtension>
<gpxtpx:hr>167</gpxtpx:hr>
</gpxtpx:TrackPointExtension>
</extensions>
</trkpt>
<trkpt lat="36.9798797" lon="127.8867304">
<ele>72.478</ele>
<time>2026-05-12T10:42:03Z</time>
<extensions>
<gpxtpx:TrackPointExtension>
<gpxtpx:hr>167</gpxtpx:hr>
<gpxtpx:cad>174</gpxtpx:cad>
</gpxtpx:TrackPointExtension>
</extensions>
</trkpt>
<trkpt lat="36.9798553" lon="127.8867162">
<ele>72.595</ele>
<time>2026-05-12T10:42:04Z</time>
<extensions>
<gpxtpx:TrackPointExtension>
<gpxtpx:hr>168</gpxtpx:hr>
</gpxtpx:TrackPointExtension>
</extensions>
</trkpt>
<trkpt lat="36.9798299" lon="127.8867031">
<ele>72.645</ele>
<time>2026-05-12T10:42:05Z</time>
<extensions>
<gpxtpx:TrackPointExtension>
<gpxtpx:hr>169</gpxtpx:hr>
</gpxtpx:TrackPointExtension>
</extensions>
</trkpt>
<trkpt lat="36.9798058" lon="127.8866881">
<ele>72.628</ele>
<time>2026-05-12T10:42:06Z</time>
<extensions>
<gpxtpx:TrackPointExtension>
<gpxtpx:hr>169</gpxtpx:hr>
</gpxtpx:TrackPointExtension>
</extensions>
</trkpt>
<trkpt lat="36.9797811" lon="127.8866738">
<ele>72.587</ele>
<time>2026-05-12T10:42:07Z</time>
<extensions>
<gpxtpx:TrackPointExtension>
<gpxtpx:hr>169</gpxtpx:hr>
</gpxtpx:TrackPointExtension>
</extensions>
</trkpt>
<trkpt lat="36.9797566" lon="127.8866591">
<ele>72.541</ele>
<time>2026-05-12T10:42:08Z</time>
<extensions>
<gpxtpx:TrackPointExtension>
<gpxtpx:hr>169</gpxtpx:hr>
<gpxtpx:cad>174</gpxtpx:cad>
</gpxtpx:TrackPointExtension>
</extensions>
</trkpt>
<trkpt lat="36.9797322" lon="127.8866442">
<ele>72.508</ele>
<time>2026-05-12T10:42:09Z</time>
<extensions>
<gpxtpx:TrackPointExtension>
<gpxtpx:hr>169</gpxtpx:hr>
</gpxtpx:TrackPointExtension>
</extensions>
</trkpt>
<trkpt lat="36.9797079" lon="127.8866289">
<ele>72.546</ele>
<time>2026-05-12T10:42:10Z</time>
<extensions>
<gpxtpx:TrackPointExtension>
<gpxtpx:hr>169</gpxtpx:hr>
</gpxtpx:TrackPointExtension>
</extensions>
</trkpt>
<trkpt lat="36.9796837" lon="127.8866134">
<ele>72.511</ele>
<time>2026-05-12T10:42:11Z</time>
<extensions>
<gpxtpx:TrackPointExtension>
<gpxtpx:hr>169</gpxtpx:hr>
</gpxtpx:TrackPointExtension>
</extensions>
</trkpt>
<trkpt lat="36.9796596" lon="127.8865982">
<ele>72.56</ele>
<time>2026-05-12T10:42:12Z</time>
</trkpt>
<trkpt lat="36.9796355" lon="127.8865817">
<ele>72.546</ele>
<time>2026-05-12T10:42:13Z</time>
<extensions>
<gpxtpx:TrackPointExtension>
<gpxtpx:hr>168</gpxtpx:hr>
<gpxtpx:cad>179</gpxtpx:cad>
</gpxtpx:TrackPointExtension>
</extensions>
</trkpt>
<trkpt lat="36.9796117" lon="127.8865657">
<ele>72.493</ele>
<time>2026-05-12T10:42:14Z</time>
<extensions>
<gpxtpx:TrackPointExtension>
<gpxtpx:hr>168</gpxtpx:hr>
</gpxtpx:TrackPointExtension>
</extensions>
</trkpt>
<trkpt lat="36.9795876" lon="127.8865495">
<ele>72.488</ele>
<time>2026-05-12T10:42:15Z</time>
<extensions>
<gpxtpx:TrackPointExtension>
<gpxtpx:hr>167</gpxtpx:hr>
</gpxtpx:TrackPointExtension>
</extensions>
</trkpt>
<trkpt lat="36.9795639" lon="127.8865331">
<ele>72.518</ele>
<time>2026-05-12T10:42:16Z</time>
<extensions>
<gpxtpx:TrackPointExtension>
<gpxtpx:hr>167</gpxtpx:hr>
</gpxtpx:TrackPointExtension>
</extensions>
</trkpt>
<trkpt lat="36.9795399" lon="127.8865174">
<ele>72.482</ele>
<time>2026-05-12T10:42:17Z</time>
<extensions>
<gpxtpx:TrackPointExtension>
<gpxtpx:hr>167</gpxtpx:hr>
</gpxtpx:TrackPointExtension>
</extensions>
</trkpt>
<trkpt lat="36.9795159" lon="127.8865008">
<ele>72.585</ele>
<time>2026-05-12T10:42:18Z</time>
<extensions>
<gpxtpx:TrackPointExtension>
<gpxtpx:hr>167</gpxtpx:hr>
<gpxtpx:cad>180</gpxtpx:cad>
</gpxtpx:TrackPointExtension>
</extensions>
</trkpt>
<trkpt lat="36.9794918" lon="127.8864856">
<ele>72.584</ele>
<time>2026-05-12T10:42:19Z</time>
<extensions>
<gpxtpx:TrackPointExtension>
<gpxtpx:hr>166</gpxtpx:hr>
</gpxtpx:TrackPointExtension>
</extensions>
</trkpt>
<trkpt lat="36.9794676" lon="127.8864699">
<ele>72.615</ele>
<time>2026-05-12T10:42:20Z</time>
<extensions>
<gpxtpx:TrackPointExtension>
<gpxtpx:hr>166</gpxtpx:hr>
</gpxtpx:TrackPointExtension>
</extensions>
</trkpt>
<trkpt lat="36.9794433" lon="127.8864545">
<ele>72.477</ele>
<time>2026-05-12T10:42:21Z</time>
<extensions>
<gpxtpx:TrackPointExtension>
<gpxtpx:hr>166</gpxtpx:hr>
</gpxtpx:TrackPointExtension>
</extensions>
</trkpt>
<trkpt lat="36.979419" lon="127.8864394">
<ele>72.07</ele>
<time>2026-05-12T10:42:22Z</time>
<extensions>
<gpxtpx:TrackPointExtension>
<gpxtpx:hr>166</gpxtpx:hr>
</gpxtpx:TrackPointExtension>
</extensions>
</trkpt>
<trkpt lat="36.9793946" lon="127.8864247">
<ele>72.089</ele>
<time>2026-05-12T10:42:23Z</time>
<extensions>
<gpxtpx:TrackPointExtension>
<gpxtpx:hr>166</gpxtpx:hr>
<gpxtpx:cad>179</gpxtpx:cad>
</gpxtpx:TrackPointExtension>
</extensions>
</trkpt>
<trkpt lat="36.9793703" lon="127.8864104">
<ele>72.408</ele>
<time>2026-05-12T10:42:24Z</time>
<extensions>
<gpxtpx:TrackPointExtension>
<gpxtpx:hr>166</gpxtpx:hr>
</gpxtpx:TrackPointExtension>
</extensions>
</trkpt>
<trkpt lat="36.979346" lon="127.8863965">
<ele>72.738</ele>
<time>2026-05-12T10:42:25Z</time>
<extensions>
<gpxtpx:TrackPointExtension>
<gpxtpx:hr>166</gpxtpx:hr>
</gpxtpx:TrackPointExtension>
</extensions>
</trkpt>
<trkpt lat="36.9793219" lon="127.886383">
<ele>72.986</ele>
<time>2026-05-12T10:42:26Z</time>
<extensions>
<gpxtpx:TrackPointExtension>
<gpxtpx:hr>165</gpxtpx:hr>
</gpxtpx:TrackPointExtension>
</extensions>
</trkpt>
<trkpt lat="36.9792978" lon="127.8863699">
<ele>72.524</ele>
<time>2026-05-12T10:42:27Z</time>
<extensions>
<gpxtpx:TrackPointExtension>
<gpxtpx:hr>166</gpxtpx:hr>
</gpxtpx:TrackPointExtension>
</extensions>
</trkpt>
<trkpt lat="36.9792739" lon="127.886357">
<ele>71.922</ele>
<time>2026-05-12T10:42:28Z</time>
<extensions>
<gpxtpx:TrackPointExtension>
<gpxtpx:cad>176</gpxtpx:cad>
</gpxtpx:TrackPointExtension>
</extensions>
</trkpt>
<trkpt lat="36.9792501" lon="127.8863446">
<ele>71.766</ele>
<time>2026-05-12T10:42:29Z</time>
<extensions>
<gpxtpx:TrackPointExtension>
<gpxtpx:cad>175</gpxtpx:cad>
</gpxtpx:TrackPointExtension>
</extensions>
</trkpt>
<trkpt lat="36.9792263" lon="127.8863323">
<ele>71.973</ele>
<time>2026-05-12T10:42:30Z</time>
<extensions>
<gpxtpx:TrackPointExtension>
<gpxtpx:hr>165</gpxtpx:hr>
</gpxtpx:TrackPointExtension>
</extensions>
</trkpt>
<trkpt lat="36.9792026" lon="127.8863203">
<ele>72.171</ele>
<time>2026-05-12T10:42:31Z</time>
<extensions>
<gpxtpx:TrackPointExtension>
<gpxtpx:hr>165</gpxtpx:hr>
</gpxtpx:TrackPointExtension>
</extensions>
</trkpt>
<trkpt lat="36.9791792" lon="127.8863089">
<ele>72.127</ele>
<time>2026-05-12T10:42:32Z</time>
<extensions>
<gpxtpx:TrackPointExtension>
<gpxtpx:hr>165</gpxtpx:hr>
</gpxtpx:TrackPointExtension>
</extensions>
</trkpt>
<trkpt lat="36.9791556" lon="127.8862972">
<ele>72.048</ele>
<time>2026-05-12T10:42:33Z</time>
<extensions>
<gpxtpx:TrackPointExtension>
<gpxtpx:hr>165</gpxtpx:hr>
<gpxtpx:cad>172</gpxtpx:cad>
</gpxtpx:TrackPointExtension>
</extensions>
</trkpt>
<trkpt lat="36.9791319" lon="127.8862851">
<ele>71.851</ele>
<time>2026-05-12T10:42:34Z</time>
<extensions>
<gpxtpx:TrackPointExtension>
<gpxtpx:hr>164</gpxtpx:hr>
</gpxtpx:TrackPointExtension>
</extensions>
</trkpt>
<trkpt lat="36.9791082" lon="127.8862731">
<ele>72.19</ele>
<time>2026-05-12T10:42:35Z</time>
<extensions>
<gpxtpx:TrackPointExtension>
<gpxtpx:hr>164</gpxtpx:hr>
</gpxtpx:TrackPointExtension>
</extensions>
</trkpt>
<trkpt lat="36.9790845" lon="127.8862614">
<ele>72.625</ele>
<time>2026-05-12T10:42:36Z</time>
<extensions>
<gpxtpx:TrackPointExtension>
<gpxtpx:hr>164</gpxtpx:hr>
</gpxtpx:TrackPointExtension>
</extensions>
</trkpt>
<trkpt lat="36.9790609" lon="127.8862492">
<ele>72.772</ele>
<time>2026-05-12T10:42:37Z</time>
<extensions>
<gpxtpx:TrackPointExtension>
<gpxtpx:hr>164</gpxtpx:hr>
</gpxtpx:TrackPointExtension>
</extensions>
</trkpt>
<trkpt lat="36.9790372" lon="127.8862376">
<ele>72.865</ele>
<time>2026-05-12T10:42:38Z</time>
<extensions>
<gpxtpx:TrackPointExtension>
<gpxtpx:hr>165</gpxtpx:hr>
<gpxtpx:cad>170</gpxtpx:cad>
</gpxtpx:TrackPointExtension>
</extensions>
</trkpt>
<trkpt lat="36.979014" lon="127.8862266">
<ele>73.042</ele>
<time>2026-05-12T10:42:39Z</time>
<extensions>
<gpxtpx:TrackPointExtension>
<gpxtpx:hr>164</gpxtpx:hr>
</gpxtpx:TrackPointExtension>
</extensions>
</trkpt>
<trkpt lat="36.9789914" lon="127.886216">
<ele>72.935</ele>
<time>2026-05-12T10:42:40Z</time>
<extensions>
<gpxtpx:TrackPointExtension>
<gpxtpx:hr>164</gpxtpx:hr>
</gpxtpx:TrackPointExtension>
</extensions>
</trkpt>
<trkpt lat="36.978968" lon="127.8862038">
<ele>72.813</ele>
<time>2026-05-12T10:42:41Z</time>
<extensions>
<gpxtpx:TrackPointExtension>
<gpxtpx:hr>164</gpxtpx:hr>
</gpxtpx:TrackPointExtension>
</extensions>
</trkpt>
<trkpt lat="36.9789446" lon="127.8861915">
<ele>72.867</ele>
<time>2026-05-12T10:42:42Z</time>
<extensions>
<gpxtpx:TrackPointExtension>
<gpxtpx:hr>165</gpxtpx:hr>
</gpxtpx:TrackPointExtension>
</extensions>
</trkpt>
<trkpt lat="36.9789204" lon="127.8861783">
<ele>72.593</ele>
<time>2026-05-12T10:42:43Z</time>
<extensions>
<gpxtpx:TrackPointExtension>
<gpxtpx:hr>165</gpxtpx:hr>
<gpxtpx:cad>171</gpxtpx:cad>
</gpxtpx:TrackPointExtension>
</extensions>
</trkpt>
<trkpt lat="36.9788959" lon="127.8861649">
<ele>72.343</ele>
<time>2026-05-12T10:42:44Z</time>
<extensions>
<gpxtpx:TrackPointExtension>
<gpxtpx:hr>165</gpxtpx:hr>
</gpxtpx:TrackPointExtension>
</extensions>
</trkpt>
<trkpt lat="36.9788716" lon="127.8861516">
<ele>72.299</ele>
<time>2026-05-12T10:42:45Z</time>
<extensions>
<gpxtpx:TrackPointExtension>
<gpxtpx:hr>164</gpxtpx:hr>
</gpxtpx:TrackPointExtension>
</extensions>
</trkpt>
<trkpt lat="36.9788475" lon="127.8861385">
<ele>72.508</ele>
<time>2026-05-12T10:42:46Z</time>
<extensions>
<gpxtpx:TrackPointExtension>
<gpxtpx:hr>164</gpxtpx:hr>
</gpxtpx:TrackPointExtension>
</extensions>
</trkpt>
<trkpt lat="36.9788235" lon="127.8861256">
<ele>72.67</ele>
<time>2026-05-12T10:42:47Z</time>
<extensions>
<gpxtpx:TrackPointExtension>
<gpxtpx:hr>164</gpxtpx:hr>
</gpxtpx:TrackPointExtension>
</extensions>
</trkpt>
<trkpt lat="36.9787996" lon="127.8861132">
<ele>72.671</ele>
<time>2026-05-12T10:42:48Z</time>
<extensions>
<gpxtpx:TrackPointExtension>
<gpxtpx:hr>163</gpxtpx:hr>
<gpxtpx:cad>172</gpxtpx:cad>
</gpxtpx:TrackPointExtension>
</extensions>
</trkpt>
<trkpt lat="36.9787757" lon="127.8861015">
<ele>72.51</ele>
<time>2026-05-12T10:42:49Z</time>
<extensions>
<gpxtpx:TrackPointExtension>
<gpxtpx:hr>163</gpxtpx:hr>
</gpxtpx:TrackPointExtension>
</extensions>
</trkpt>
<trkpt lat="36.9787519" lon="127.8860897">
<ele>72.543</ele>
<time>2026-05-12T10:42:50Z</time>
<extensions>
<gpxtpx:TrackPointExtension>
<gpxtpx:hr>163</gpxtpx:hr>
</gpxtpx:TrackPointExtension>
</extensions>
</trkpt>
<trkpt lat="36.9787279" lon="127.8860784">
<ele>72.739</ele>
<time>2026-05-12T10:42:51Z</time>
<extensions>
<gpxtpx:TrackPointExtension>
<gpxtpx:hr>163</gpxtpx:hr>
</gpxtpx:TrackPointExtension>
</extensions>
</trkpt>
<trkpt lat="36.9787037" lon="127.8860674">
<ele>72.877</ele>
<time>2026-05-12T10:42:52Z</time>
<extensions>
<gpxtpx:TrackPointExtension>
<gpxtpx:hr>163</gpxtpx:hr>
</gpxtpx:TrackPointExtension>
</extensions>
</trkpt>
<trkpt lat="36.9786793" lon="127.8860566">
<ele>72.76</ele>
<time>2026-05-12T10:42:53Z</time>
<extensions>
<gpxtpx:TrackPointExtension>
<gpxtpx:hr>163</gpxtpx:hr>
<gpxtpx:cad>176</gpxtpx:cad>
</gpxtpx:TrackPointExtension>
</extensions>
</trkpt>
<trkpt lat="36.9786545" lon="127.8860458">
<ele>72.585</ele>
<time>2026-05-12T10:42:54Z</time>
<extensions>
<gpxtpx:TrackPointExtension>
<gpxtpx:hr>164</gpxtpx:hr>
</gpxtpx:TrackPointExtension>
</extensions>
</trkpt>
<trkpt lat="36.9786295" lon="127.8860353">
<ele>72.553</ele>
<time>2026-05-12T10:42:55Z</time>
<extensions>
<gpxtpx:TrackPointExtension>
<gpxtpx:hr>164</gpxtpx:hr>
</gpxtpx:TrackPointExtension>
</extensions>
</trkpt>
<trkpt lat="36.978604" lon="127.8860251">
<ele>72.6</ele>
<time>2026-05-12T10:42:56Z</time>
<extensions>
<gpxtpx:TrackPointExtension>
<gpxtpx:hr>164</gpxtpx:hr>
</gpxtpx:TrackPointExtension>
</extensions>
</trkpt>
<trkpt lat="36.9785784" lon="127.8860149">
<ele>72.505</ele>
<time>2026-05-12T10:42:57Z</time>
<extensions>
<gpxtpx:TrackPointExtension>
<gpxtpx:hr>164</gpxtpx:hr>
</gpxtpx:TrackPointExtension>
</extensions>
</trkpt>
<trkpt lat="36.9785519" lon="127.8860055">
<ele>72.482</ele>
<time>2026-05-12T10:42:58Z</time>
<extensions>
<gpxtpx:TrackPointExtension>
<gpxtpx:hr>164</gpxtpx:hr>
<gpxtpx:cad>180</gpxtpx:cad>
</gpxtpx:TrackPointExtension>
</extensions>
</trkpt>
<trkpt lat="36.9785251" lon="127.8859964">
<ele>72.467</ele>
<time>2026-05-12T10:42:59Z</time>
<extensions>
<gpxtpx:TrackPointExtension>
<gpxtpx:hr>164</gpxtpx:hr>
</gpxtpx:TrackPointExtension>
</extensions>
</trkpt>
<trkpt lat="36.9784983" lon="127.8859871">
<ele>72.498</ele>
<time>2026-05-12T10:43:00Z</time>
<extensions>
<gpxtpx:TrackPointExtension>
<gpxtpx:hr>164</gpxtpx:hr>
</gpxtpx:TrackPointExtension>
</extensions>
</trkpt>
<trkpt lat="36.9784718" lon="127.8859777">
<ele>72.462</ele>
<time>2026-05-12T10:43:01Z</time>
<extensions>
<gpxtpx:TrackPointExtension>
<gpxtpx:hr>164</gpxtpx:hr>
</gpxtpx:TrackPointExtension>
</extensions>
</trkpt>
<trkpt lat="36.9784454" lon="127.8859681">
<ele>72.5</ele>
<time>2026-05-12T10:43:02Z</time>
<extensions>
<gpxtpx:TrackPointExtension>
<gpxtpx:hr>165</gpxtpx:hr>
</gpxtpx:TrackPointExtension>
</extensions>
</trkpt>
<trkpt lat="36.9784191" lon="127.8859585">
<ele>72.49</ele>
<time>2026-05-12T10:43:03Z</time>
<extensions>
<gpxtpx:TrackPointExtension>
<gpxtpx:hr>165</gpxtpx:hr>
<gpxtpx:cad>181</gpxtpx:cad>
</gpxtpx:TrackPointExtension>
</extensions>
</trkpt>
<trkpt lat="36.9783927" lon="127.885949">
<ele>72.528</ele>
<time>2026-05-12T10:43:04Z</time>
<extensions>
<gpxtpx:TrackPointExtension>
<gpxtpx:hr>165</gpxtpx:hr>
<gpxtpx:cad>181</gpxtpx:cad>
</gpxtpx:TrackPointExtension>
</extensions>
</trkpt>
<trkpt lat="36.9783661" lon="127.8859398">
<ele>72.468</ele>
<time>2026-05-12T10:43:05Z</time>
<extensions>
<gpxtpx:TrackPointExtension>
<gpxtpx:hr>165</gpxtpx:hr>
</gpxtpx:TrackPointExtension>
</extensions>
</trkpt>
<trkpt lat="36.9783396" lon="127.8859303">
<ele>72.385</ele>
<time>2026-05-12T10:43:06Z</time>
<extensions>
<gpxtpx:TrackPointExtension>
<gpxtpx:hr>165</gpxtpx:hr>
</gpxtpx:TrackPointExtension>
</extensions>
</trkpt>
<trkpt lat="36.9783131" lon="127.8859211">
<ele>72.312</ele>
<time>2026-05-12T10:43:07Z</time>
<extensions>
<gpxtpx:TrackPointExtension>
<gpxtpx:hr>166</gpxtpx:hr>
</gpxtpx:TrackPointExtension>
</extensions>
</trkpt>
<trkpt lat="36.9782866" lon="127.885912">
<ele>72.347</ele>
<time>2026-05-12T10:43:08Z</time>
<extensions>
<gpxtpx:TrackPointExtension>
<gpxtpx:hr>166</gpxtpx:hr>
<gpxtpx:cad>181</gpxtpx:cad>
</gpxtpx:TrackPointExtension>
</extensions>
</trkpt>
<trkpt lat="36.9782601" lon="127.8859027">
<ele>72.407</ele>
<time>2026-05-12T10:43:09Z</time>
<extensions>
<gpxtpx:TrackPointExtension>
<gpxtpx:hr>166</gpxtpx:hr>
</gpxtpx:TrackPointExtension>
</extensions>
</trkpt>
<trkpt lat="36.9782336" lon="127.8858941">
<ele>72.465</ele>
<time>2026-05-12T10:43:10Z</time>
<extensions>
<gpxtpx:TrackPointExtension>
<gpxtpx:hr>165</gpxtpx:hr>
</gpxtpx:TrackPointExtension>
</extensions>
</trkpt>
<trkpt lat="36.9782072" lon="127.8858848">
<ele>72.427</ele>
<time>2026-05-12T10:43:11Z</time>
<extensions>
<gpxtpx:TrackPointExtension>
<gpxtpx:hr>165</gpxtpx:hr>
</gpxtpx:TrackPointExtension>
</extensions>
</trkpt>
<trkpt lat="36.9781808" lon="127.8858765">
<ele>72.418</ele>
<time>2026-05-12T10:43:12Z</time>
<extensions>
<gpxtpx:TrackPointExtension>
<gpxtpx:hr>165</gpxtpx:hr>
</gpxtpx:TrackPointExtension>
</extensions>
</trkpt>
<trkpt lat="36.9781545" lon="127.885868">
<ele>72.424</ele>
<time>2026-05-12T10:43:13Z</time>
<extensions>
<gpxtpx:TrackPointExtension>
<gpxtpx:hr>165</gpxtpx:hr>
<gpxtpx:cad>181</gpxtpx:cad>
</gpxtpx:TrackPointExtension>
</extensions>
</trkpt>
<trkpt lat="36.9781282" lon="127.8858595">
<ele>72.379</ele>
<time>2026-05-12T10:43:14Z</time>
<extensions>
<gpxtpx:TrackPointExtension>
<gpxtpx:hr>165</gpxtpx:hr>
</gpxtpx:TrackPointExtension>
</extensions>
</trkpt>
<trkpt lat="36.978102" lon="127.8858511">
<ele>72.38</ele>
<time>2026-05-12T10:43:15Z</time>
<extensions>
<gpxtpx:TrackPointExtension>
<gpxtpx:hr>165</gpxtpx:hr>
</gpxtpx:TrackPointExtension>
</extensions>
</trkpt>
<trkpt lat="36.9780758" lon="127.8858428">
<ele>72.419</ele>
<time>2026-05-12T10:43:16Z</time>
<extensions>
<gpxtpx:TrackPointExtension>
<gpxtpx:hr>165</gpxtpx:hr>
</gpxtpx:TrackPointExtension>
</extensions>
</trkpt>
<trkpt lat="36.9780492" lon="127.8858344">
<ele>72.367</ele>
<time>2026-05-12T10:43:17Z</time>
<extensions>
<gpxtpx:TrackPointExtension>
<gpxtpx:hr>165</gpxtpx:hr>
</gpxtpx:TrackPointExtension>
</extensions>
</trkpt>
<trkpt lat="36.9780227" lon="127.8858264">
<ele>72.423</ele>
<time>2026-05-12T10:43:18Z</time>
<extensions>
<gpxtpx:TrackPointExtension>
<gpxtpx:hr>165</gpxtpx:hr>
<gpxtpx:cad>180</gpxtpx:cad>
</gpxtpx:TrackPointExtension>
</extensions>
</trkpt>
<trkpt lat="36.9779966" lon="127.8858185">
<ele>72.477</ele>
<time>2026-05-12T10:43:19Z</time>
<extensions>
<gpxtpx:TrackPointExtension>
<gpxtpx:hr>165</gpxtpx:hr>
</gpxtpx:TrackPointExtension>
</extensions>
</trkpt>
<trkpt lat="36.9779707" lon="127.8858109">
<ele>72.521</ele>
<time>2026-05-12T10:43:20Z</time>
<extensions>
<gpxtpx:TrackPointExtension>
<gpxtpx:hr>165</gpxtpx:hr>
</gpxtpx:TrackPointExtension>
</extensions>
</trkpt>
<trkpt lat="36.9779449" lon="127.8858034">
<ele>72.454</ele>
<time>2026-05-12T10:43:21Z</time>
<extensions>
<gpxtpx:TrackPointExtension>
<gpxtpx:hr>165</gpxtpx:hr>
</gpxtpx:TrackPointExtension>
</extensions>
</trkpt>
<trkpt lat="36.9779191" lon="127.8857956">
<ele>72.462</ele>
<time>2026-05-12T10:43:22Z</time>
<extensions>
<gpxtpx:TrackPointExtension>
<gpxtpx:hr>165</gpxtpx:hr>
</gpxtpx:TrackPointExtension>
</extensions>
</trkpt>
<trkpt lat="36.9778931" lon="127.8857875">
<ele>72.475</ele>
<time>2026-05-12T10:43:23Z</time>
<extensions>
<gpxtpx:TrackPointExtension>
<gpxtpx:hr>165</gpxtpx:hr>
<gpxtpx:cad>180</gpxtpx:cad>
</gpxtpx:TrackPointExtension>
</extensions>
</trkpt>
<trkpt lat="36.977867" lon="127.8857793">
<ele>72.492</ele>
<time>2026-05-12T10:43:24Z</time>
<extensions>
<gpxtpx:TrackPointExtension>
<gpxtpx:hr>165</gpxtpx:hr>
</gpxtpx:TrackPointExtension>
</extensions>
</trkpt>
<trkpt lat="36.9778405" lon="127.8857711">
<ele>72.515</ele>
<time>2026-05-12T10:43:25Z</time>
<extensions>
<gpxtpx:TrackPointExtension>
<gpxtpx:hr>165</gpxtpx:hr>
</gpxtpx:TrackPointExtension>
</extensions>
</trkpt>
<trkpt lat="36.9778141" lon="127.8857627">
<ele>72.507</ele>
<time>2026-05-12T10:43:26Z</time>
<extensions>
<gpxtpx:TrackPointExtension>
<gpxtpx:hr>165</gpxtpx:hr>
</gpxtpx:TrackPointExtension>
</extensions>
</trkpt>
<trkpt lat="36.9777867" lon="127.8857551">
<ele>72.429</ele>
<time>2026-05-12T10:43:27Z</time>
<extensions>
<gpxtpx:TrackPointExtension>
<gpxtpx:hr>165</gpxtpx:hr>
</gpxtpx:TrackPointExtension>
</extensions>
</trkpt>
<trkpt lat="36.9777595" lon="127.8857473">
<ele>72.449</ele>
<time>2026-05-12T10:43:28Z</time>
<extensions>
<gpxtpx:TrackPointExtension>
<gpxtpx:hr>165</gpxtpx:hr>
<gpxtpx:cad>181</gpxtpx:cad>
</gpxtpx:TrackPointExtension>
</extensions>
</trkpt>
<trkpt lat="36.9777316" lon="127.885741">
<ele>72.457</ele>
<time>2026-05-12T10:43:29Z</time>
<extensions>
<gpxtpx:TrackPointExtension>
<gpxtpx:hr>165</gpxtpx:hr>
</gpxtpx:TrackPointExtension>
</extensions>
</trkpt>
<trkpt lat="36.9777037" lon="127.8857344">
<ele>72.539</ele>
<time>2026-05-12T10:43:30Z</time>
<extensions>
<gpxtpx:TrackPointExtension>
<gpxtpx:hr>165</gpxtpx:hr>
</gpxtpx:TrackPointExtension>
</extensions>
</trkpt>
<trkpt lat="36.9776755" lon="127.8857289">
<ele>72.507</ele>
<time>2026-05-12T10:43:31Z</time>
<extensions>
<gpxtpx:TrackPointExtension>
<gpxtpx:hr>165</gpxtpx:hr>
</gpxtpx:TrackPointExtension>
</extensions>
</trkpt>
<trkpt lat="36.9776472" lon="127.885724">
<ele>72.532</ele>
<time>2026-05-12T10:43:32Z</time>
<extensions>
<gpxtpx:TrackPointExtension>
<gpxtpx:hr>165</gpxtpx:hr>
</gpxtpx:TrackPointExtension>
</extensions>
</trkpt>
<trkpt lat="36.9776188" lon="127.8857196">
<ele>72.566</ele>
<time>2026-05-12T10:43:33Z</time>
<extensions>
<gpxtpx:TrackPointExtension>
<gpxtpx:hr>166</gpxtpx:hr>
<gpxtpx:cad>181</gpxtpx:cad>
</gpxtpx:TrackPointExtension>
</extensions>
</trkpt>
<trkpt lat="36.9775904" lon="127.8857157">
<ele>72.617</ele>
<time>2026-05-12T10:43:34Z</time>
<extensions>
<gpxtpx:TrackPointExtension>
<gpxtpx:hr>165</gpxtpx:hr>
</gpxtpx:TrackPointExtension>
</extensions>
</trkpt>
<trkpt lat="36.977562" lon="127.8857118">
<ele>72.628</ele>
<time>2026-05-12T10:43:35Z</time>
<extensions>
<gpxtpx:TrackPointExtension>
<gpxtpx:hr>167</gpxtpx:hr>
</gpxtpx:TrackPointExtension>
</extensions>
</trkpt>
<trkpt lat="36.9775333" lon="127.8857085">
<ele>72.745</ele>
<time>2026-05-12T10:43:36Z</time>
<extensions>
<gpxtpx:TrackPointExtension>
<gpxtpx:hr>168</gpxtpx:hr>
<gpxtpx:cad>181</gpxtpx:cad>
</gpxtpx:TrackPointExtension>
</extensions>
</trkpt>
<trkpt lat="36.9775044" lon="127.8857053">
<ele>72.661</ele>
<time>2026-05-12T10:43:37Z</time>
<extensions>
<gpxtpx:TrackPointExtension>
<gpxtpx:hr>168</gpxtpx:hr>
</gpxtpx:TrackPointExtension>
</extensions>
</trkpt>
<trkpt lat="36.9774751" lon="127.885703">
<ele>72.495</ele>
<time>2026-05-12T10:43:38Z</time>
<extensions>
<gpxtpx:TrackPointExtension>
<gpxtpx:hr>167</gpxtpx:hr>
<gpxtpx:cad>181</gpxtpx:cad>
</gpxtpx:TrackPointExtension>
</extensions>
</trkpt>
<trkpt lat="36.977446" lon="127.8857006">
<ele>72.388</ele>
<time>2026-05-12T10:43:39Z</time>
<extensions>
<gpxtpx:TrackPointExtension>
<gpxtpx:hr>167</gpxtpx:hr>
</gpxtpx:TrackPointExtension>
</extensions>
</trkpt>
<trkpt lat="36.9774171" lon="127.8857">
<ele>72.393</ele>
<time>2026-05-12T10:43:40Z</time>
<extensions>
<gpxtpx:TrackPointExtension>
<gpxtpx:hr>167</gpxtpx:hr>
</gpxtpx:TrackPointExtension>
</extensions>
</trkpt>
<trkpt lat="36.9773884" lon="127.8856986">
<ele>72.32</ele>
<time>2026-05-12T10:43:41Z</time>
<extensions>
<gpxtpx:TrackPointExtension>
<gpxtpx:hr>167</gpxtpx:hr>
</gpxtpx:TrackPointExtension>
</extensions>
</trkpt>
<trkpt lat="36.9773602" lon="127.8856985">
<ele>72.278</ele>
<time>2026-05-12T10:43:42Z</time>
<extensions>
<gpxtpx:TrackPointExtension>
<gpxtpx:hr>167</gpxtpx:hr>
</gpxtpx:TrackPointExtension>
</extensions>
</trkpt>
<trkpt lat="36.9773314" lon="127.8856966">
<ele>72.312</ele>
<time>2026-05-12T10:43:43Z</time>
<extensions>
<gpxtpx:TrackPointExtension>
<gpxtpx:hr>167</gpxtpx:hr>
<gpxtpx:cad>181</gpxtpx:cad>
</gpxtpx:TrackPointExtension>
</extensions>
</trkpt>
<trkpt lat="36.9773036" lon="127.8856968">
<ele>72.333</ele>
<time>2026-05-12T10:43:44Z</time>
<extensions>
<gpxtpx:TrackPointExtension>
<gpxtpx:hr>166</gpxtpx:hr>
</gpxtpx:TrackPointExtension>
</extensions>
</trkpt>
<trkpt lat="36.9772756" lon="127.8856963">
<ele>72.319</ele>
<time>2026-05-12T10:43:45Z</time>
<extensions>
<gpxtpx:TrackPointExtension>
<gpxtpx:hr>166</gpxtpx:hr>
</gpxtpx:TrackPointExtension>
</extensions>
</trkpt>
<trkpt lat="36.9772477" lon="127.8856961">
<ele>72.279</ele>
<time>2026-05-12T10:43:46Z</time>
<extensions>
<gpxtpx:TrackPointExtension>
<gpxtpx:hr>165</gpxtpx:hr>
</gpxtpx:TrackPointExtension>
</extensions>
</trkpt>
<trkpt lat="36.9772201" lon="127.885696">
<ele>72.3</ele>
<time>2026-05-12T10:43:47Z</time>
<extensions>
<gpxtpx:TrackPointExtension>
<gpxtpx:hr>165</gpxtpx:hr>
</gpxtpx:TrackPointExtension>
</extensions>
</trkpt>
<trkpt lat="36.9771928" lon="127.8856961">
<ele>72.288</ele>
<time>2026-05-12T10:43:48Z</time>
<extensions>
<gpxtpx:TrackPointExtension>
<gpxtpx:hr>165</gpxtpx:hr>
<gpxtpx:cad>181</gpxtpx:cad>
</gpxtpx:TrackPointExtension>
</extensions>
</trkpt>
<trkpt lat="36.9771658" lon="127.8856963">
<ele>72.337</ele>
<time>2026-05-12T10:43:49Z</time>
<extensions>
<gpxtpx:TrackPointExtension>
<gpxtpx:hr>165</gpxtpx:hr>
</gpxtpx:TrackPointExtension>
</extensions>
</trkpt>
<trkpt lat="36.9771391" lon="127.8856967">
<ele>72.377</ele>
<time>2026-05-12T10:43:50Z</time>
<extensions>
<gpxtpx:TrackPointExtension>
<gpxtpx:hr>165</gpxtpx:hr>
</gpxtpx:TrackPointExtension>
</extensions>
</trkpt>
<trkpt lat="36.9771127" lon="127.8856973">
<ele>72.289</ele>
<time>2026-05-12T10:43:51Z</time>
<extensions>
<gpxtpx:TrackPointExtension>
<gpxtpx:hr>164</gpxtpx:hr>
</gpxtpx:TrackPointExtension>
</extensions>
</trkpt>
<trkpt lat="36.9770865" lon="127.8856979">
<ele>72.286</ele>
<time>2026-05-12T10:43:52Z</time>
<extensions>
<gpxtpx:TrackPointExtension>
<gpxtpx:hr>164</gpxtpx:hr>
</gpxtpx:TrackPointExtension>
</extensions>
</trkpt>
<trkpt lat="36.9770605" lon="127.8856986">
<ele>72.37</ele>
<time>2026-05-12T10:43:53Z</time>
<extensions>
<gpxtpx:TrackPointExtension>
<gpxtpx:hr>164</gpxtpx:hr>
<gpxtpx:cad>180</gpxtpx:cad>
</gpxtpx:TrackPointExtension>
</extensions>
</trkpt>
<trkpt lat="36.9770346" lon="127.8856992">
<ele>72.402</ele>
<time>2026-05-12T10:43:54Z</time>
<extensions>
<gpxtpx:TrackPointExtension>
<gpxtpx:hr>164</gpxtpx:hr>
</gpxtpx:TrackPointExtension>
</extensions>
</trkpt>
<trkpt lat="36.9770088" lon="127.8856998">
<ele>72.297</ele>
<time>2026-05-12T10:43:55Z</time>
<extensions>
<gpxtpx:TrackPointExtension>
<gpxtpx:hr>164</gpxtpx:hr>
</gpxtpx:TrackPointExtension>
</extensions>
</trkpt>
<trkpt lat="36.9769831" lon="127.8857">
<ele>72.434</ele>
<time>2026-05-12T10:43:56Z</time>
<extensions>
<gpxtpx:TrackPointExtension>
<gpxtpx:hr>164</gpxtpx:hr>
</gpxtpx:TrackPointExtension>
</extensions>
</trkpt>
<trkpt lat="36.9769574" lon="127.8857007">
<ele>72.513</ele>
<time>2026-05-12T10:43:57Z</time>
<extensions>
<gpxtpx:TrackPointExtension>
<gpxtpx:hr>164</gpxtpx:hr>
</gpxtpx:TrackPointExtension>
</extensions>
</trkpt>
<trkpt lat="36.9769313" lon="127.8857008">
<ele>72.532</ele>
<time>2026-05-12T10:43:58Z</time>
<extensions>
<gpxtpx:TrackPointExtension>
<gpxtpx:hr>164</gpxtpx:hr>
<gpxtpx:cad>177</gpxtpx:cad>
</gpxtpx:TrackPointExtension>
</extensions>
</trkpt>
<trkpt lat="36.9769058" lon="127.8857012">
<ele>72.476</ele>
<time>2026-05-12T10:43:59Z</time>
<extensions>
<gpxtpx:TrackPointExtension>
<gpxtpx:hr>164</gpxtpx:hr>
</gpxtpx:TrackPointExtension>
</extensions>
</trkpt>
<trkpt lat="36.9768798" lon="127.8857013">
<ele>72.544</ele>
<time>2026-05-12T10:44:00Z</time>
<extensions>
<gpxtpx:TrackPointExtension>
<gpxtpx:hr>164</gpxtpx:hr>
</gpxtpx:TrackPointExtension>
</extensions>
</trkpt>
<trkpt lat="36.9768538" lon="127.8857013">
<ele>72.526</ele>
<time>2026-05-12T10:44:01Z</time>
<extensions>
<gpxtpx:TrackPointExtension>
<gpxtpx:hr>165</gpxtpx:hr>
</gpxtpx:TrackPointExtension>
</extensions>
</trkpt>
<trkpt lat="36.9768276" lon="127.8857013">
<ele>72.425</ele>
<time>2026-05-12T10:44:02Z</time>
<extensions>
<gpxtpx:TrackPointExtension>
<gpxtpx:hr>165</gpxtpx:hr>
</gpxtpx:TrackPointExtension>
</extensions>
</trkpt>
<trkpt lat="36.9768013" lon="127.8857012">
<ele>72.396</ele>
<time>2026-05-12T10:44:03Z</time>
<extensions>
<gpxtpx:TrackPointExtension>
<gpxtpx:hr>165</gpxtpx:hr>
<gpxtpx:cad>176</gpxtpx:cad>
</gpxtpx:TrackPointExtension>
</extensions>
</trkpt>
<trkpt lat="36.9767749" lon="127.8857012">
<ele>72.364</ele>
<time>2026-05-12T10:44:04Z</time>
<extensions>
<gpxtpx:TrackPointExtension>
<gpxtpx:hr>164</gpxtpx:hr>
</gpxtpx:TrackPointExtension>
</extensions>
</trkpt>
<trkpt lat="36.9767484" lon="127.8857012">
<ele>72.433</ele>
<time>2026-05-12T10:44:05Z</time>
<extensions>
<gpxtpx:TrackPointExtension>
<gpxtpx:hr>164</gpxtpx:hr>
</gpxtpx:TrackPointExtension>
</extensions>
</trkpt>
<trkpt lat="36.976722" lon="127.8857013">
<ele>72.494</ele>
<time>2026-05-12T10:44:06Z</time>
<extensions>
<gpxtpx:TrackPointExtension>
<gpxtpx:hr>164</gpxtpx:hr>
</gpxtpx:TrackPointExtension>
</extensions>
</trkpt>
<trkpt lat="36.976695" lon="127.8857012">
<ele>72.408</ele>
<time>2026-05-12T10:44:07Z</time>
<extensions>
<gpxtpx:TrackPointExtension>
<gpxtpx:hr>164</gpxtpx:hr>
</gpxtpx:TrackPointExtension>
</extensions>
</trkpt>
<trkpt lat="36.9766682" lon="127.8857013">
<ele>72.406</ele>
<time>2026-05-12T10:44:08Z</time>
<extensions>
<gpxtpx:TrackPointExtension>
<gpxtpx:hr>164</gpxtpx:hr>
<gpxtpx:cad>179</gpxtpx:cad>
</gpxtpx:TrackPointExtension>
</extensions>
</trkpt>
<trkpt lat="36.9766412" lon="127.8857014">
<ele>72.289</ele>
<time>2026-05-12T10:44:09Z</time>
<extensions>
<gpxtpx:TrackPointExtension>
<gpxtpx:hr>164</gpxtpx:hr>
<gpxtpx:cad>180</gpxtpx:cad>
</gpxtpx:TrackPointExtension>
</extensions>
</trkpt>
<trkpt lat="36.9766141" lon="127.8857015">
<ele>72.295</ele>
<time>2026-05-12T10:44:10Z</time>
<extensions>
<gpxtpx:TrackPointExtension>
<gpxtpx:hr>164</gpxtpx:hr>
</gpxtpx:TrackPointExtension>
</extensions>
</trkpt>
<trkpt lat="36.976587" lon="127.8857016">
<ele>72.249</ele>
<time>2026-05-12T10:44:11Z</time>
<extensions>
<gpxtpx:TrackPointExtension>
<gpxtpx:hr>164</gpxtpx:hr>
</gpxtpx:TrackPointExtension>
</extensions>
</trkpt>
<trkpt lat="36.9765596" lon="127.8857013">
<ele>72.375</ele>
<time>2026-05-12T10:44:12Z</time>
<extensions>
<gpxtpx:TrackPointExtension>
<gpxtpx:hr>164</gpxtpx:hr>
</gpxtpx:TrackPointExtension>
</extensions>
</trkpt>
<trkpt lat="36.9765324" lon="127.8857011">
<ele>72.44</ele>
<time>2026-05-12T10:44:13Z</time>
<extensions>
<gpxtpx:TrackPointExtension>
<gpxtpx:hr>164</gpxtpx:hr>
<gpxtpx:cad>181</gpxtpx:cad>
</gpxtpx:TrackPointExtension>
</extensions>
</trkpt>
<trkpt lat="36.9765055" lon="127.8857014">
<ele>72.41</ele>
<time>2026-05-12T10:44:14Z</time>
<extensions>
<gpxtpx:TrackPointExtension>
<gpxtpx:hr>164</gpxtpx:hr>
</gpxtpx:TrackPointExtension>
</extensions>
</trkpt>
<trkpt lat="36.9764788" lon="127.8857017">
<ele>72.418</ele>
<time>2026-05-12T10:44:15Z</time>
<extensions>
<gpxtpx:TrackPointExtension>
<gpxtpx:hr>164</gpxtpx:hr>
</gpxtpx:TrackPointExtension>
</extensions>
</trkpt>
<trkpt lat="36.9764522" lon="127.8857027">
<ele>72.385</ele>
<time>2026-05-12T10:44:16Z</time>
<extensions>
<gpxtpx:TrackPointExtension>
<gpxtpx:hr>164</gpxtpx:hr>
</gpxtpx:TrackPointExtension>
</extensions>
</trkpt>
<trkpt lat="36.9764255" lon="127.8857038">
<ele>72.354</ele>
<time>2026-05-12T10:44:17Z</time>
<extensions>
<gpxtpx:TrackPointExtension>
<gpxtpx:hr>164</gpxtpx:hr>
</gpxtpx:TrackPointExtension>
</extensions>
</trkpt>
<trkpt lat="36.9763984" lon="127.8857051">
<ele>72.317</ele>
<time>2026-05-12T10:44:18Z</time>
<extensions>
<gpxtpx:TrackPointExtension>
<gpxtpx:hr>164</gpxtpx:hr>
<gpxtpx:cad>181</gpxtpx:cad>
</gpxtpx:TrackPointExtension>
</extensions>
</trkpt>
<trkpt lat="36.9763711" lon="127.8857063">
<ele>72.339</ele>
<time>2026-05-12T10:44:19Z</time>
<extensions>
<gpxtpx:TrackPointExtension>
<gpxtpx:hr>164</gpxtpx:hr>
</gpxtpx:TrackPointExtension>
</extensions>
</trkpt>
<trkpt lat="36.9763435" lon="127.8857075">
<ele>72.405</ele>
<time>2026-05-12T10:44:20Z</time>
<extensions>
<gpxtpx:TrackPointExtension>
<gpxtpx:hr>164</gpxtpx:hr>
</gpxtpx:TrackPointExtension>
</extensions>
</trkpt>
<trkpt lat="36.9763155" lon="127.8857087">
<ele>72.399</ele>
<time>2026-05-12T10:44:21Z</time>
<extensions>
<gpxtpx:TrackPointExtension>
<gpxtpx:hr>164</gpxtpx:hr>
</gpxtpx:TrackPointExtension>
</extensions>
</trkpt>
<trkpt lat="36.9762874" lon="127.8857097">
<ele>72.231</ele>
<time>2026-05-12T10:44:22Z</time>
<extensions>
<gpxtpx:TrackPointExtension>
<gpxtpx:hr>164</gpxtpx:hr>
</gpxtpx:TrackPointExtension>
</extensions>
</trkpt>
<trkpt lat="36.9762592" lon="127.8857119">
<ele>72.163</ele>
<time>2026-05-12T10:44:23Z</time>
<extensions>
<gpxtpx:TrackPointExtension>
<gpxtpx:hr>164</gpxtpx:hr>
<gpxtpx:cad>181</gpxtpx:cad>
</gpxtpx:TrackPointExtension>
</extensions>
</trkpt>
<trkpt lat="36.9762309" lon="127.8857138">
<ele>72.275</ele>
<time>2026-05-12T10:44:24Z</time>
<extensions>
<gpxtpx:TrackPointExtension>
<gpxtpx:hr>164</gpxtpx:hr>
</gpxtpx:TrackPointExtension>
</extensions>
</trkpt>
<trkpt lat="36.9762026" lon="127.885718">
<ele>72.36</ele>
<time>2026-05-12T10:44:25Z</time>
<extensions>
<gpxtpx:TrackPointExtension>
<gpxtpx:hr>164</gpxtpx:hr>
</gpxtpx:TrackPointExtension>
</extensions>
</trkpt>
<trkpt lat="36.9761744" lon="127.8857218">
<ele>72.379</ele>
<time>2026-05-12T10:44:26Z</time>
<extensions>
<gpxtpx:TrackPointExtension>
<gpxtpx:hr>164</gpxtpx:hr>
</gpxtpx:TrackPointExtension>
</extensions>
</trkpt>
<trkpt lat="36.9761465" lon="127.885728">
<ele>72.431</ele>
<time>2026-05-12T10:44:27Z</time>
<extensions>
<gpxtpx:TrackPointExtension>
<gpxtpx:hr>164</gpxtpx:hr>
</gpxtpx:TrackPointExtension>
</extensions>
</trkpt>
<trkpt lat="36.9761185" lon="127.8857339">
<ele>72.434</ele>
<time>2026-05-12T10:44:28Z</time>
<extensions>
<gpxtpx:TrackPointExtension>
<gpxtpx:hr>165</gpxtpx:hr>
<gpxtpx:cad>175</gpxtpx:cad>
</gpxtpx:TrackPointExtension>
</extensions>
</trkpt>
<trkpt lat="36.9760912" lon="127.8857411">
<ele>72.414</ele>
<time>2026-05-12T10:44:29Z</time>
</trkpt>
<trkpt lat="36.9760641" lon="127.8857481">
<ele>72.408</ele>
<time>2026-05-12T10:44:30Z</time>
<extensions>
<gpxtpx:TrackPointExtension>
<gpxtpx:hr>165</gpxtpx:hr>
</gpxtpx:TrackPointExtension>
</extensions>
</trkpt>
<trkpt lat="36.9760373" lon="127.8857548">
<ele>72.449</ele>
<time>2026-05-12T10:44:31Z</time>
<extensions>
<gpxtpx:TrackPointExtension>
<gpxtpx:hr>165</gpxtpx:hr>
</gpxtpx:TrackPointExtension>
</extensions>
</trkpt>
<trkpt lat="36.9760108" lon="127.8857611">
<ele>72.366</ele>
<time>2026-05-12T10:44:32Z</time>
<extensions>
<gpxtpx:TrackPointExtension>
<gpxtpx:hr>165</gpxtpx:hr>
</gpxtpx:TrackPointExtension>
</extensions>
</trkpt>
<trkpt lat="36.9759844" lon="127.8857657">
<ele>72.364</ele>
<time>2026-05-12T10:44:33Z</time>
<extensions>
<gpxtpx:TrackPointExtension>
<gpxtpx:hr>165</gpxtpx:hr>
<gpxtpx:cad>175</gpxtpx:cad>
</gpxtpx:TrackPointExtension>
</extensions>
</trkpt>
<trkpt lat="36.9759581" lon="127.8857694">
<ele>72.335</ele>
<time>2026-05-12T10:44:34Z</time>
<extensions>
<gpxtpx:TrackPointExtension>
<gpxtpx:hr>165</gpxtpx:hr>
</gpxtpx:TrackPointExtension>
</extensions>
</trkpt>
<trkpt lat="36.9759316" lon="127.8857724">
<ele>72.25</ele>
<time>2026-05-12T10:44:35Z</time>
<extensions>
<gpxtpx:TrackPointExtension>
<gpxtpx:hr>165</gpxtpx:hr>
</gpxtpx:TrackPointExtension>
</extensions>
</trkpt>
<trkpt lat="36.9759048" lon="127.8857753">
<ele>72.26</ele>
<time>2026-05-12T10:44:36Z</time>
<extensions>
<gpxtpx:TrackPointExtension>
<gpxtpx:hr>165</gpxtpx:hr>
</gpxtpx:TrackPointExtension>
</extensions>
</trkpt>
<trkpt lat="36.9758779" lon="127.8857784">
<ele>72.294</ele>
<time>2026-05-12T10:44:37Z</time>
<extensions>
<gpxtpx:TrackPointExtension>
<gpxtpx:hr>165</gpxtpx:hr>
</gpxtpx:TrackPointExtension>
</extensions>
</trkpt>
<trkpt lat="36.9758511" lon="127.8857824">
<ele>72.302</ele>
<time>2026-05-12T10:44:38Z</time>
<extensions>
<gpxtpx:TrackPointExtension>
<gpxtpx:hr>165</gpxtpx:hr>
<gpxtpx:cad>181</gpxtpx:cad>
</gpxtpx:TrackPointExtension>
</extensions>
</trkpt>
<trkpt lat="36.9758243" lon="127.8857863">
<ele>72.271</ele>
<time>2026-05-12T10:44:39Z</time>
<extensions>
<gpxtpx:TrackPointExtension>
<gpxtpx:hr>165</gpxtpx:hr>
</gpxtpx:TrackPointExtension>
</extensions>
</trkpt>
<trkpt lat="36.9757974" lon="127.8857901">
<ele>72.239</ele>
<time>2026-05-12T10:44:40Z</time>
<extensions>
<gpxtpx:TrackPointExtension>
<gpxtpx:hr>165</gpxtpx:hr>
</gpxtpx:TrackPointExtension>
</extensions>
</trkpt>
<trkpt lat="36.9757704" lon="127.8857939">
<ele>72.206</ele>
<time>2026-05-12T10:44:41Z</time>
<extensions>
<gpxtpx:TrackPointExtension>
<gpxtpx:hr>165</gpxtpx:hr>
</gpxtpx:TrackPointExtension>
</extensions>
</trkpt>
<trkpt lat="36.9757436" lon="127.885797">
<ele>72.147</ele>
<time>2026-05-12T10:44:42Z</time>
<extensions>
<gpxtpx:TrackPointExtension>
<gpxtpx:hr>165</gpxtpx:hr>
<gpxtpx:cad>180</gpxtpx:cad>
</gpxtpx:TrackPointExtension>
</extensions>
</trkpt>
<trkpt lat="36.9757164" lon="127.8858006">
<ele>72.142</ele>
<time>2026-05-12T10:44:43Z</time>
<extensions>
<gpxtpx:TrackPointExtension>
<gpxtpx:hr>165</gpxtpx:hr>
<gpxtpx:cad>180</gpxtpx:cad>
</gpxtpx:TrackPointExtension>
</extensions>
</trkpt>
<trkpt lat="36.9756895" lon="127.8858031">
<ele>72.131</ele>
<time>2026-05-12T10:44:44Z</time>
<extensions>
<gpxtpx:TrackPointExtension>
<gpxtpx:hr>165</gpxtpx:hr>
</gpxtpx:TrackPointExtension>
</extensions>
</trkpt>
<trkpt lat="36.9756621" lon="127.885807">
<ele>72.126</ele>
<time>2026-05-12T10:44:45Z</time>
<extensions>
<gpxtpx:TrackPointExtension>
<gpxtpx:hr>165</gpxtpx:hr>
</gpxtpx:TrackPointExtension>
</extensions>
</trkpt>
<trkpt lat="36.9756347" lon="127.8858107">
<ele>72.066</ele>
<time>2026-05-12T10:44:46Z</time>
<extensions>
<gpxtpx:TrackPointExtension>
<gpxtpx:hr>165</gpxtpx:hr>
</gpxtpx:TrackPointExtension>
</extensions>
</trkpt>
<trkpt lat="36.9756071" lon="127.8858153">
<ele>72.033</ele>
<time>2026-05-12T10:44:47Z</time>
<extensions>
<gpxtpx:TrackPointExtension>
<gpxtpx:hr>165</gpxtpx:hr>
</gpxtpx:TrackPointExtension>
</extensions>
</trkpt>
<trkpt lat="36.9755795" lon="127.8858206">
<ele>72.016</ele>
<time>2026-05-12T10:44:48Z</time>
<extensions>
<gpxtpx:TrackPointExtension>
<gpxtpx:hr>165</gpxtpx:hr>
<gpxtpx:cad>181</gpxtpx:cad>
</gpxtpx:TrackPointExtension>
</extensions>
</trkpt>
<trkpt lat="36.9755517" lon="127.885826">
<ele>72.089</ele>
<time>2026-05-12T10:44:49Z</time>
<extensions>
<gpxtpx:TrackPointExtension>
<gpxtpx:hr>165</gpxtpx:hr>
</gpxtpx:TrackPointExtension>
</extensions>
</trkpt>
<trkpt lat="36.9755237" lon="127.8858311">
<ele>72.088</ele>
<time>2026-05-12T10:44:50Z</time>
<extensions>
<gpxtpx:TrackPointExtension>
<gpxtpx:hr>165</gpxtpx:hr>
</gpxtpx:TrackPointExtension>
</extensions>
</trkpt>
<trkpt lat="36.9754956" lon="127.8858355">
<ele>72.037</ele>
<time>2026-05-12T10:44:51Z</time>
<extensions>
<gpxtpx:TrackPointExtension>
<gpxtpx:hr>165</gpxtpx:hr>
</gpxtpx:TrackPointExtension>
</extensions>
</trkpt>
<trkpt lat="36.9754674" lon="127.885837">
<ele>71.988</ele>
<time>2026-05-12T10:44:52Z</time>
<extensions>
<gpxtpx:TrackPointExtension>
<gpxtpx:hr>165</gpxtpx:hr>
</gpxtpx:TrackPointExtension>
</extensions>
</trkpt>
<trkpt lat="36.9754392" lon="127.8858394">
<ele>71.94</ele>
<time>2026-05-12T10:44:53Z</time>
<extensions>
<gpxtpx:TrackPointExtension>
<gpxtpx:hr>165</gpxtpx:hr>
<gpxtpx:cad>181</gpxtpx:cad>
</gpxtpx:TrackPointExtension>
</extensions>
</trkpt>
<trkpt lat="36.9754115" lon="127.8858362">
<ele>71.975</ele>
<time>2026-05-12T10:44:54Z</time>
<extensions>
<gpxtpx:TrackPointExtension>
<gpxtpx:hr>165</gpxtpx:hr>
</gpxtpx:TrackPointExtension>
</extensions>
</trkpt>
<trkpt lat="36.9753836" lon="127.885834">
<ele>72.033</ele>
<time>2026-05-12T10:44:55Z</time>
<extensions>
<gpxtpx:TrackPointExtension>
<gpxtpx:hr>165</gpxtpx:hr>
</gpxtpx:TrackPointExtension>
</extensions>
</trkpt>
<trkpt lat="36.9753569" lon="127.885826">
<ele>72.082</ele>
<time>2026-05-12T10:44:56Z</time>
<extensions>
<gpxtpx:TrackPointExtension>
<gpxtpx:hr>165</gpxtpx:hr>
</gpxtpx:TrackPointExtension>
</extensions>
</trkpt>
<trkpt lat="36.9753299" lon="127.8858189">
<ele>72.154</ele>
<time>2026-05-12T10:44:57Z</time>
<extensions>
<gpxtpx:TrackPointExtension>
<gpxtpx:hr>166</gpxtpx:hr>
</gpxtpx:TrackPointExtension>
</extensions>
</trkpt>
<trkpt lat="36.9753047" lon="127.8858073">
<ele>72.178</ele>
<time>2026-05-12T10:44:58Z</time>
<extensions>
<gpxtpx:TrackPointExtension>
<gpxtpx:hr>165</gpxtpx:hr>
<gpxtpx:cad>181</gpxtpx:cad>
</gpxtpx:TrackPointExtension>
</extensions>
</trkpt>
<trkpt lat="36.97528" lon="127.8857946">
<ele>72.181</ele>
<time>2026-05-12T10:44:59Z</time>
<extensions>
<gpxtpx:TrackPointExtension>
<gpxtpx:hr>166</gpxtpx:hr>
</gpxtpx:TrackPointExtension>
</extensions>
</trkpt>
<trkpt lat="36.975255" lon="127.8857825">
<ele>72.19</ele>
<time>2026-05-12T10:45:00Z</time>
<extensions>
<gpxtpx:TrackPointExtension>
<gpxtpx:hr>166</gpxtpx:hr>
</gpxtpx:TrackPointExtension>
</extensions>
</trkpt>
<trkpt lat="36.9752308" lon="127.8857687">
<ele>72.248</ele>
<time>2026-05-12T10:45:01Z</time>
<extensions>
<gpxtpx:TrackPointExtension>
<gpxtpx:hr>166</gpxtpx:hr>
</gpxtpx:TrackPointExtension>
</extensions>
</trkpt>
<trkpt lat="36.9752068" lon="127.8857546">
<ele>72.14</ele>
<time>2026-05-12T10:45:02Z</time>
<extensions>
<gpxtpx:TrackPointExtension>
<gpxtpx:hr>165</gpxtpx:hr>
</gpxtpx:TrackPointExtension>
</extensions>
</trkpt>
<trkpt lat="36.9751832" lon="127.8857396">
<ele>72.15</ele>
<time>2026-05-12T10:45:03Z</time>
<extensions>
<gpxtpx:TrackPointExtension>
<gpxtpx:hr>165</gpxtpx:hr>
<gpxtpx:cad>180</gpxtpx:cad>
</gpxtpx:TrackPointExtension>
</extensions>
</trkpt>
<trkpt lat="36.9751596" lon="127.8857245">
<ele>72.39</ele>
<time>2026-05-12T10:45:04Z</time>
<extensions>
<gpxtpx:TrackPointExtension>
<gpxtpx:hr>165</gpxtpx:hr>
</gpxtpx:TrackPointExtension>
</extensions>
</trkpt>
<trkpt lat="36.9751362" lon="127.8857095">
<ele>72.585</ele>
<time>2026-05-12T10:45:05Z</time>
<extensions>
<gpxtpx:TrackPointExtension>
<gpxtpx:hr>165</gpxtpx:hr>
</gpxtpx:TrackPointExtension>
</extensions>
</trkpt>
<trkpt lat="36.9751133" lon="127.8856947">
<ele>72.641</ele>
<time>2026-05-12T10:45:06Z</time>
<extensions>
<gpxtpx:TrackPointExtension>
<gpxtpx:hr>165</gpxtpx:hr>
</gpxtpx:TrackPointExtension>
</extensions>
</trkpt>
<trkpt lat="36.9750912" lon="127.8856798">
<ele>72.666</ele>
<time>2026-05-12T10:45:07Z</time>
<extensions>
<gpxtpx:TrackPointExtension>
<gpxtpx:hr>165</gpxtpx:hr>
</gpxtpx:TrackPointExtension>
</extensions>
</trkpt>
<trkpt lat="36.975069" lon="127.8856647">
<ele>72.756</ele>
<time>2026-05-12T10:45:08Z</time>
<extensions>
<gpxtpx:TrackPointExtension>
<gpxtpx:hr>165</gpxtpx:hr>
<gpxtpx:cad>178</gpxtpx:cad>
</gpxtpx:TrackPointExtension>
</extensions>
</trkpt>
<trkpt lat="36.9750475" lon="127.885649">
<ele>72.832</ele>
<time>2026-05-12T10:45:09Z</time>
<extensions>
<gpxtpx:TrackPointExtension>
<gpxtpx:hr>165</gpxtpx:hr>
</gpxtpx:TrackPointExtension>
</extensions>
</trkpt>
<trkpt lat="36.9750257" lon="127.8856336">
<ele>72.895</ele>
<time>2026-05-12T10:45:10Z</time>
<extensions>
<gpxtpx:TrackPointExtension>
<gpxtpx:hr>165</gpxtpx:hr>
</gpxtpx:TrackPointExtension>
</extensions>
</trkpt>
<trkpt lat="36.9750046" lon="127.8856174">
<ele>72.948</ele>
<time>2026-05-12T10:45:11Z</time>
<extensions>
<gpxtpx:TrackPointExtension>
<gpxtpx:hr>165</gpxtpx:hr>
</gpxtpx:TrackPointExtension>
</extensions>
</trkpt>
<trkpt lat="36.9749838" lon="127.8856006">
<ele>72.969</ele>
<time>2026-05-12T10:45:12Z</time>
<extensions>
<gpxtpx:TrackPointExtension>
<gpxtpx:hr>165</gpxtpx:hr>
</gpxtpx:TrackPointExtension>
</extensions>
</trkpt>
<trkpt lat="36.9749634" lon="127.8855829">
<ele>73.064</ele>
<time>2026-05-12T10:45:13Z</time>
<extensions>
<gpxtpx:TrackPointExtension>
<gpxtpx:hr>165</gpxtpx:hr>
<gpxtpx:cad>179</gpxtpx:cad>
</gpxtpx:TrackPointExtension>
</extensions>
</trkpt>
<trkpt lat="36.9749435" lon="127.8855644">
<ele>73.193</ele>
<time>2026-05-12T10:45:14Z</time>
<extensions>
<gpxtpx:TrackPointExtension>
<gpxtpx:hr>166</gpxtpx:hr>
</gpxtpx:TrackPointExtension>
</extensions>
</trkpt>
<trkpt lat="36.974924" lon="127.8855448">
<ele>73.256</ele>
<time>2026-05-12T10:45:15Z</time>
<extensions>
<gpxtpx:TrackPointExtension>
<gpxtpx:hr>166</gpxtpx:hr>
</gpxtpx:TrackPointExtension>
</extensions>
</trkpt>
<trkpt lat="36.9749041" lon="127.8855258">
<ele>73.248</ele>
<time>2026-05-12T10:45:16Z</time>
<extensions>
<gpxtpx:TrackPointExtension>
<gpxtpx:hr>166</gpxtpx:hr>
<gpxtpx:cad>180</gpxtpx:cad>
</gpxtpx:TrackPointExtension>
</extensions>
</trkpt>
<trkpt lat="36.9748858" lon="127.8855042">
<ele>73.381</ele>
<time>2026-05-12T10:45:17Z</time>
<extensions>
<gpxtpx:TrackPointExtension>
<gpxtpx:hr>166</gpxtpx:hr>
</gpxtpx:TrackPointExtension>
</extensions>
</trkpt>
<trkpt lat="36.9748679" lon="127.8854819">
<ele>73.362</ele>
<time>2026-05-12T10:45:18Z</time>
<extensions>
<gpxtpx:TrackPointExtension>
<gpxtpx:hr>166</gpxtpx:hr>
<gpxtpx:cad>180</gpxtpx:cad>
</gpxtpx:TrackPointExtension>
</extensions>
</trkpt>
<trkpt lat="36.974851" lon="127.8854586">
<ele>73.263</ele>
<time>2026-05-12T10:45:19Z</time>
<extensions>
<gpxtpx:TrackPointExtension>
<gpxtpx:hr>165</gpxtpx:hr>
</gpxtpx:TrackPointExtension>
</extensions>
</trkpt>
<trkpt lat="36.9748352" lon="127.8854345">
<ele>73.281</ele>
<time>2026-05-12T10:45:20Z</time>
<extensions>
<gpxtpx:TrackPointExtension>
<gpxtpx:hr>165</gpxtpx:hr>
</gpxtpx:TrackPointExtension>
</extensions>
</trkpt>
<trkpt lat="36.9748206" lon="127.8854094">
<ele>73.459</ele>
<time>2026-05-12T10:45:21Z</time>
<extensions>
<gpxtpx:TrackPointExtension>
<gpxtpx:hr>166</gpxtpx:hr>
</gpxtpx:TrackPointExtension>
</extensions>
</trkpt>
<trkpt lat="36.9748071" lon="127.8853835">
<ele>73.52</ele>
<time>2026-05-12T10:45:22Z</time>
<extensions>
<gpxtpx:TrackPointExtension>
<gpxtpx:hr>166</gpxtpx:hr>
</gpxtpx:TrackPointExtension>
</extensions>
</trkpt>
<trkpt lat="36.9747939" lon="127.8853574">
<ele>73.655</ele>
<time>2026-05-12T10:45:23Z</time>
<extensions>
<gpxtpx:TrackPointExtension>
<gpxtpx:hr>166</gpxtpx:hr>
<gpxtpx:cad>175</gpxtpx:cad>
</gpxtpx:TrackPointExtension>
</extensions>
</trkpt>
<trkpt lat="36.9747823" lon="127.885331">
<ele>73.729</ele>
<time>2026-05-12T10:45:24Z</time>
<extensions>
<gpxtpx:TrackPointExtension>
<gpxtpx:hr>166</gpxtpx:hr>
</gpxtpx:TrackPointExtension>
</extensions>
</trkpt>
<trkpt lat="36.9747726" lon="127.8853043">
<ele>73.698</ele>
<time>2026-05-12T10:45:25Z</time>
<extensions>
<gpxtpx:TrackPointExtension>
<gpxtpx:hr>166</gpxtpx:hr>
</gpxtpx:TrackPointExtension>
</extensions>
</trkpt>
<trkpt lat="36.974764" lon="127.885277">
<ele>73.633</ele>
<time>2026-05-12T10:45:26Z</time>
<extensions>
<gpxtpx:TrackPointExtension>
<gpxtpx:hr>166</gpxtpx:hr>
</gpxtpx:TrackPointExtension>
</extensions>
</trkpt>
<trkpt lat="36.9747571" lon="127.8852487">
<ele>73.676</ele>
<time>2026-05-12T10:45:27Z</time>
<extensions>
<gpxtpx:TrackPointExtension>
<gpxtpx:hr>166</gpxtpx:hr>
</gpxtpx:TrackPointExtension>
</extensions>
</trkpt>
<trkpt lat="36.9747507" lon="127.88522">
<ele>73.601</ele>
<time>2026-05-12T10:45:28Z</time>
<extensions>
<gpxtpx:TrackPointExtension>
<gpxtpx:hr>166</gpxtpx:hr>
<gpxtpx:cad>173</gpxtpx:cad>
</gpxtpx:TrackPointExtension>
</extensions>
</trkpt>
<trkpt lat="36.9747465" lon="127.8851897">
<ele>73.496</ele>
<time>2026-05-12T10:45:29Z</time>
<extensions>
<gpxtpx:TrackPointExtension>
<gpxtpx:hr>166</gpxtpx:hr>
</gpxtpx:TrackPointExtension>
</extensions>
</trkpt>
<trkpt lat="36.9747422" lon="127.8851594">
<ele>73.361</ele>
<time>2026-05-12T10:45:30Z</time>
<extensions>
<gpxtpx:TrackPointExtension>
<gpxtpx:hr>166</gpxtpx:hr>
</gpxtpx:TrackPointExtension>
</extensions>
</trkpt>
<trkpt lat="36.974739" lon="127.8851282">
<ele>73.204</ele>
<time>2026-05-12T10:45:31Z</time>
<extensions>
<gpxtpx:TrackPointExtension>
<gpxtpx:hr>166</gpxtpx:hr>
</gpxtpx:TrackPointExtension>
</extensions>
</trkpt>
<trkpt lat="36.9747368" lon="127.8850962">
<ele>73.285</ele>
<time>2026-05-12T10:45:32Z</time>
<extensions>
<gpxtpx:TrackPointExtension>
<gpxtpx:hr>166</gpxtpx:hr>
</gpxtpx:TrackPointExtension>
</extensions>
</trkpt>
<trkpt lat="36.9747361" lon="127.885063">
<ele>73.294</ele>
<time>2026-05-12T10:45:33Z</time>
<extensions>
<gpxtpx:TrackPointExtension>
<gpxtpx:hr>166</gpxtpx:hr>
<gpxtpx:cad>177</gpxtpx:cad>
</gpxtpx:TrackPointExtension>
</extensions>
</trkpt>
<trkpt lat="36.9747374" lon="127.8850279">
<ele>73.341</ele>
<time>2026-05-12T10:45:34Z</time>
<extensions>
<gpxtpx:TrackPointExtension>
<gpxtpx:hr>166</gpxtpx:hr>
</gpxtpx:TrackPointExtension>
</extensions>
</trkpt>
<trkpt lat="36.974737" lon="127.8849945">
<ele>73.326</ele>
<time>2026-05-12T10:45:35Z</time>
<extensions>
<gpxtpx:TrackPointExtension>
<gpxtpx:hr>166</gpxtpx:hr>
</gpxtpx:TrackPointExtension>
</extensions>
</trkpt>
<trkpt lat="36.9747383" lon="127.8849593">
<ele>73.339</ele>
<time>2026-05-12T10:45:36Z</time>
<extensions>
<gpxtpx:TrackPointExtension>
<gpxtpx:hr>166</gpxtpx:hr>
</gpxtpx:TrackPointExtension>
</extensions>
</trkpt>
<trkpt lat="36.9747404" lon="127.884922">
<ele>73.259</ele>
<time>2026-05-12T10:45:37Z</time>
<extensions>
<gpxtpx:TrackPointExtension>
<gpxtpx:hr>165</gpxtpx:hr>
</gpxtpx:TrackPointExtension>
</extensions>
</trkpt>
<trkpt lat="36.9747418" lon="127.8848856">
<ele>73.235</ele>
<time>2026-05-12T10:45:38Z</time>
<extensions>
<gpxtpx:TrackPointExtension>
<gpxtpx:hr>166</gpxtpx:hr>
<gpxtpx:cad>177</gpxtpx:cad>
</gpxtpx:TrackPointExtension>
</extensions>
</trkpt>
<trkpt lat="36.9747432" lon="127.8848488">
<ele>73.15</ele>
<time>2026-05-12T10:45:39Z</time>
<extensions>
<gpxtpx:TrackPointExtension>
<gpxtpx:hr>166</gpxtpx:hr>
</gpxtpx:TrackPointExtension>
</extensions>
</trkpt>
<trkpt lat="36.974744" lon="127.8848116">
<ele>73.11</ele>
<time>2026-05-12T10:45:40Z</time>
<extensions>
<gpxtpx:TrackPointExtension>
<gpxtpx:hr>167</gpxtpx:hr>
</gpxtpx:TrackPointExtension>
</extensions>
</trkpt>
<trkpt lat="36.9747433" lon="127.8847747">
<ele>73.068</ele>
<time>2026-05-12T10:45:41Z</time>
<extensions>
<gpxtpx:TrackPointExtension>
<gpxtpx:hr>167</gpxtpx:hr>
</gpxtpx:TrackPointExtension>
</extensions>
</trkpt>
<trkpt lat="36.9747438" lon="127.8847386">
<ele>72.831</ele>
<time>2026-05-12T10:45:42Z</time>
<extensions>
<gpxtpx:TrackPointExtension>
<gpxtpx:hr>168</gpxtpx:hr>
</gpxtpx:TrackPointExtension>
</extensions>
</trkpt>
<trkpt lat="36.9747441" lon="127.8847025">
<ele>72.762</ele>
<time>2026-05-12T10:45:43Z</time>
<extensions>
<gpxtpx:TrackPointExtension>
<gpxtpx:hr>168</gpxtpx:hr>
<gpxtpx:cad>177</gpxtpx:cad>
</gpxtpx:TrackPointExtension>
</extensions>
</trkpt>
<trkpt lat="36.9747444" lon="127.8846667">
<ele>72.664</ele>
<time>2026-05-12T10:45:44Z</time>
<extensions>
<gpxtpx:TrackPointExtension>
<gpxtpx:hr>168</gpxtpx:hr>
</gpxtpx:TrackPointExtension>
</extensions>
</trkpt>
<trkpt lat="36.9747434" lon="127.8846322">
<ele>72.878</ele>
<time>2026-05-12T10:45:45Z</time>
</trkpt>
<trkpt lat="36.9747441" lon="127.8845957">
<ele>72.973</ele>
<time>2026-05-12T10:45:46Z</time>
<extensions>
<gpxtpx:TrackPointExtension>
<gpxtpx:hr>168</gpxtpx:hr>
</gpxtpx:TrackPointExtension>
</extensions>
</trkpt>
<trkpt lat="36.9747427" lon="127.8845619">
<ele>72.934</ele>
<time>2026-05-12T10:45:47Z</time>
<extensions>
<gpxtpx:TrackPointExtension>
<gpxtpx:hr>168</gpxtpx:hr>
</gpxtpx:TrackPointExtension>
</extensions>
</trkpt>
<trkpt lat="36.9747417" lon="127.884527">
<ele>72.897</ele>
<time>2026-05-12T10:45:48Z</time>
<extensions>
<gpxtpx:TrackPointExtension>
<gpxtpx:hr>169</gpxtpx:hr>
<gpxtpx:cad>178</gpxtpx:cad>
</gpxtpx:TrackPointExtension>
</extensions>
</trkpt>
<trkpt lat="36.9747404" lon="127.8844921">
<ele>72.98</ele>
<time>2026-05-12T10:45:49Z</time>
<extensions>
<gpxtpx:TrackPointExtension>
<gpxtpx:hr>170</gpxtpx:hr>
<gpxtpx:cad>178</gpxtpx:cad>
</gpxtpx:TrackPointExtension>
</extensions>
</trkpt>
<trkpt lat="36.9747377" lon="127.884458">
<ele>72.906</ele>
<time>2026-05-12T10:45:50Z</time>
<extensions>
<gpxtpx:TrackPointExtension>
<gpxtpx:hr>170</gpxtpx:hr>
</gpxtpx:TrackPointExtension>
</extensions>
</trkpt>
<trkpt lat="36.9747364" lon="127.8844229">
<ele>72.862</ele>
<time>2026-05-12T10:45:51Z</time>
<extensions>
<gpxtpx:TrackPointExtension>
<gpxtpx:hr>171</gpxtpx:hr>
</gpxtpx:TrackPointExtension>
</extensions>
</trkpt>
<trkpt lat="36.9747333" lon="127.8843886">
<ele>72.862</ele>
<time>2026-05-12T10:45:52Z</time>
<extensions>
<gpxtpx:TrackPointExtension>
<gpxtpx:hr>171</gpxtpx:hr>
</gpxtpx:TrackPointExtension>
</extensions>
</trkpt>
<trkpt lat="36.9747308" lon="127.8843541">
<ele>72.964</ele>
<time>2026-05-12T10:45:53Z</time>
<extensions>
<gpxtpx:TrackPointExtension>
<gpxtpx:hr>170</gpxtpx:hr>
<gpxtpx:cad>176</gpxtpx:cad>
</gpxtpx:TrackPointExtension>
</extensions>
</trkpt>
<trkpt lat="36.9747288" lon="127.88432">
<ele>73.233</ele>
<time>2026-05-12T10:45:54Z</time>
<extensions>
<gpxtpx:TrackPointExtension>
<gpxtpx:hr>170</gpxtpx:hr>
</gpxtpx:TrackPointExtension>
</extensions>
</trkpt>
<trkpt lat="36.9747259" lon="127.8842858">
<ele>73.154</ele>
<time>2026-05-12T10:45:55Z</time>
<extensions>
<gpxtpx:TrackPointExtension>
<gpxtpx:hr>170</gpxtpx:hr>
</gpxtpx:TrackPointExtension>
</extensions>
</trkpt>
<trkpt lat="36.9747234" lon="127.8842523">
<ele>72.927</ele>
<time>2026-05-12T10:45:56Z</time>
<extensions>
<gpxtpx:TrackPointExtension>
<gpxtpx:hr>170</gpxtpx:hr>
</gpxtpx:TrackPointExtension>
</extensions>
</trkpt>
<trkpt lat="36.9747201" lon="127.8842181">
<ele>72.82</ele>
<time>2026-05-12T10:45:57Z</time>
<extensions>
<gpxtpx:TrackPointExtension>
<gpxtpx:hr>169</gpxtpx:hr>
</gpxtpx:TrackPointExtension>
</extensions>
</trkpt>
<trkpt lat="36.9747166" lon="127.8841839">
<ele>72.721</ele>
<time>2026-05-12T10:45:58Z</time>
<extensions>
<gpxtpx:TrackPointExtension>
<gpxtpx:hr>169</gpxtpx:hr>
<gpxtpx:cad>174</gpxtpx:cad>
</gpxtpx:TrackPointExtension>
</extensions>
</trkpt>
<trkpt lat="36.9747133" lon="127.88415">
<ele>72.426</ele>
<time>2026-05-12T10:45:59Z</time>
<extensions>
<gpxtpx:TrackPointExtension>
<gpxtpx:hr>169</gpxtpx:hr>
</gpxtpx:TrackPointExtension>
</extensions>
</trkpt>
<trkpt lat="36.974709" lon="127.8841152">
<ele>72.376</ele>
<time>2026-05-12T10:46:00Z</time>
<extensions>
<gpxtpx:TrackPointExtension>
<gpxtpx:hr>168</gpxtpx:hr>
</gpxtpx:TrackPointExtension>
</extensions>
</trkpt>
<trkpt lat="36.9747051" lon="127.8840807">
<ele>72.477</ele>
<time>2026-05-12T10:46:01Z</time>
<extensions>
<gpxtpx:TrackPointExtension>
<gpxtpx:hr>169</gpxtpx:hr>
</gpxtpx:TrackPointExtension>
</extensions>
</trkpt>
<trkpt lat="36.9747008" lon="127.8840462">
<ele>72.655</ele>
<time>2026-05-12T10:46:02Z</time>
<extensions>
<gpxtpx:TrackPointExtension>
<gpxtpx:hr>169</gpxtpx:hr>
</gpxtpx:TrackPointExtension>
</extensions>
</trkpt>
<trkpt lat="36.9746967" lon="127.8840118">
<ele>72.638</ele>
<time>2026-05-12T10:46:03Z</time>
<extensions>
<gpxtpx:TrackPointExtension>
<gpxtpx:hr>168</gpxtpx:hr>
<gpxtpx:cad>174</gpxtpx:cad>
</gpxtpx:TrackPointExtension>
</extensions>
</trkpt>
<trkpt lat="36.9746927" lon="127.8839774">
<ele>72.656</ele>
<time>2026-05-12T10:46:04Z</time>
<extensions>
<gpxtpx:TrackPointExtension>
<gpxtpx:hr>169</gpxtpx:hr>
</gpxtpx:TrackPointExtension>
</extensions>
</trkpt>
<trkpt lat="36.9746892" lon="127.8839439">
<ele>72.569</ele>
<time>2026-05-12T10:46:05Z</time>
<extensions>
<gpxtpx:TrackPointExtension>
<gpxtpx:hr>169</gpxtpx:hr>
</gpxtpx:TrackPointExtension>
</extensions>
</trkpt>
<trkpt lat="36.974685" lon="127.8839091">
<ele>72.522</ele>
<time>2026-05-12T10:46:06Z</time>
<extensions>
<gpxtpx:TrackPointExtension>
<gpxtpx:hr>169</gpxtpx:hr>
</gpxtpx:TrackPointExtension>
</extensions>
</trkpt>
<trkpt lat="36.9746821" lon="127.8838763">
<ele>72.567</ele>
<time>2026-05-12T10:46:07Z</time>
<extensions>
<gpxtpx:TrackPointExtension>
<gpxtpx:hr>169</gpxtpx:hr>
</gpxtpx:TrackPointExtension>
</extensions>
</trkpt>
<trkpt lat="36.974678" lon="127.8838418">
<ele>72.554</ele>
<time>2026-05-12T10:46:08Z</time>
<extensions>
<gpxtpx:TrackPointExtension>
<gpxtpx:hr>170</gpxtpx:hr>
<gpxtpx:cad>177</gpxtpx:cad>
</gpxtpx:TrackPointExtension>
</extensions>
</trkpt>
<trkpt lat="36.9746755" lon="127.8838094">
<ele>72.495</ele>
<time>2026-05-12T10:46:09Z</time>
<extensions>
<gpxtpx:TrackPointExtension>
<gpxtpx:hr>170</gpxtpx:hr>
</gpxtpx:TrackPointExtension>
</extensions>
</trkpt>
<trkpt lat="36.9746718" lon="127.8837756">
<ele>72.45</ele>
<time>2026-05-12T10:46:10Z</time>
<extensions>
<gpxtpx:TrackPointExtension>
<gpxtpx:hr>170</gpxtpx:hr>
</gpxtpx:TrackPointExtension>
</extensions>
</trkpt>
<trkpt lat="36.9746699" lon="127.8837436">
<ele>72.355</ele>
<time>2026-05-12T10:46:11Z</time>
<extensions>
<gpxtpx:TrackPointExtension>
<gpxtpx:hr>170</gpxtpx:hr>
</gpxtpx:TrackPointExtension>
</extensions>
</trkpt>
<trkpt lat="36.974668" lon="127.8837117">
<ele>72.415</ele>
<time>2026-05-12T10:46:12Z</time>
<extensions>
<gpxtpx:TrackPointExtension>
<gpxtpx:hr>170</gpxtpx:hr>
</gpxtpx:TrackPointExtension>
</extensions>
</trkpt>
<trkpt lat="36.974665" lon="127.8836789">
<ele>72.456</ele>
<time>2026-05-12T10:46:13Z</time>
<extensions>
<gpxtpx:TrackPointExtension>
<gpxtpx:hr>170</gpxtpx:hr>
<gpxtpx:cad>180</gpxtpx:cad>
</gpxtpx:TrackPointExtension>
</extensions>
</trkpt>
<trkpt lat="36.9746633" lon="127.8836473">
<ele>72.476</ele>
<time>2026-05-12T10:46:14Z</time>
<extensions>
<gpxtpx:TrackPointExtension>
<gpxtpx:hr>170</gpxtpx:hr>
</gpxtpx:TrackPointExtension>
</extensions>
</trkpt>
<trkpt lat="36.9746612" lon="127.8836154">
<ele>72.509</ele>
<time>2026-05-12T10:46:15Z</time>
<extensions>
<gpxtpx:TrackPointExtension>
<gpxtpx:hr>170</gpxtpx:hr>
</gpxtpx:TrackPointExtension>
</extensions>
</trkpt>
<trkpt lat="36.9746591" lon="127.8835837">
<ele>72.498</ele>
<time>2026-05-12T10:46:16Z</time>
<extensions>
<gpxtpx:TrackPointExtension>
<gpxtpx:hr>169</gpxtpx:hr>
</gpxtpx:TrackPointExtension>
</extensions>
</trkpt>
<trkpt lat="36.974657" lon="127.8835521">
<ele>72.541</ele>
<time>2026-05-12T10:46:17Z</time>
<extensions>
<gpxtpx:TrackPointExtension>
<gpxtpx:hr>169</gpxtpx:hr>
</gpxtpx:TrackPointExtension>
</extensions>
</trkpt>
<trkpt lat="36.974655" lon="127.8835206">
<ele>72.554</ele>
<time>2026-05-12T10:46:18Z</time>
<extensions>
<gpxtpx:TrackPointExtension>
<gpxtpx:hr>169</gpxtpx:hr>
<gpxtpx:cad>180</gpxtpx:cad>
</gpxtpx:TrackPointExtension>
</extensions>
</trkpt>
<trkpt lat="36.974653" lon="127.8834889">
<ele>72.533</ele>
<time>2026-05-12T10:46:19Z</time>
<extensions>
<gpxtpx:TrackPointExtension>
<gpxtpx:hr>168</gpxtpx:hr>
</gpxtpx:TrackPointExtension>
</extensions>
</trkpt>
<trkpt lat="36.9746511" lon="127.8834578">
<ele>72.555</ele>
<time>2026-05-12T10:46:20Z</time>
<extensions>
<gpxtpx:TrackPointExtension>
<gpxtpx:hr>168</gpxtpx:hr>
</gpxtpx:TrackPointExtension>
</extensions>
</trkpt>
<trkpt lat="36.9746493" lon="127.8834263">
<ele>72.592</ele>
<time>2026-05-12T10:46:21Z</time>
<extensions>
<gpxtpx:TrackPointExtension>
<gpxtpx:hr>168</gpxtpx:hr>
</gpxtpx:TrackPointExtension>
</extensions>
</trkpt>
<trkpt lat="36.974648" lon="127.8833948">
<ele>72.652</ele>
<time>2026-05-12T10:46:22Z</time>
<extensions>
<gpxtpx:TrackPointExtension>
<gpxtpx:hr>167</gpxtpx:hr>
</gpxtpx:TrackPointExtension>
</extensions>
</trkpt>
<trkpt lat="36.9746467" lon="127.8833635">
<ele>72.685</ele>
<time>2026-05-12T10:46:23Z</time>
<extensions>
<gpxtpx:TrackPointExtension>
<gpxtpx:hr>167</gpxtpx:hr>
<gpxtpx:cad>178</gpxtpx:cad>
</gpxtpx:TrackPointExtension>
</extensions>
</trkpt>
<trkpt lat="36.974645" lon="127.8833324">
<ele>72.72</ele>
<time>2026-05-12T10:46:24Z</time>
<extensions>
<gpxtpx:TrackPointExtension>
<gpxtpx:hr>167</gpxtpx:hr>
<gpxtpx:cad>178</gpxtpx:cad>
</gpxtpx:TrackPointExtension>
</extensions>
</trkpt>
<trkpt lat="36.974643" lon="127.8833013">
<ele>72.717</ele>
<time>2026-05-12T10:46:25Z</time>
<extensions>
<gpxtpx:TrackPointExtension>
<gpxtpx:hr>167</gpxtpx:hr>
</gpxtpx:TrackPointExtension>
</extensions>
</trkpt>
<trkpt lat="36.9746407" lon="127.8832705">
<ele>72.758</ele>
<time>2026-05-12T10:46:26Z</time>
<extensions>
<gpxtpx:TrackPointExtension>
<gpxtpx:hr>167</gpxtpx:hr>
</gpxtpx:TrackPointExtension>
</extensions>
</trkpt>
<trkpt lat="36.9746384" lon="127.8832392">
<ele>72.767</ele>
<time>2026-05-12T10:46:27Z</time>
<extensions>
<gpxtpx:TrackPointExtension>
<gpxtpx:hr>167</gpxtpx:hr>
</gpxtpx:TrackPointExtension>
</extensions>
</trkpt>
<trkpt lat="36.974636" lon="127.8832081">
<ele>72.698</ele>
<time>2026-05-12T10:46:28Z</time>
<extensions>
<gpxtpx:TrackPointExtension>
<gpxtpx:hr>167</gpxtpx:hr>
<gpxtpx:cad>176</gpxtpx:cad>
</gpxtpx:TrackPointExtension>
</extensions>
</trkpt>
<trkpt lat="36.9746336" lon="127.8831767">
<ele>72.487</ele>
<time>2026-05-12T10:46:29Z</time>
<extensions>
<gpxtpx:TrackPointExtension>
<gpxtpx:hr>167</gpxtpx:hr>
</gpxtpx:TrackPointExtension>
</extensions>
</trkpt>
<trkpt lat="36.9746317" lon="127.8831441">
<ele>72.337</ele>
<time>2026-05-12T10:46:30Z</time>
<extensions>
<gpxtpx:TrackPointExtension>
<gpxtpx:hr>167</gpxtpx:hr>
</gpxtpx:TrackPointExtension>
</extensions>
</trkpt>
<trkpt lat="36.9746296" lon="127.8831118">
<ele>72.423</ele>
<time>2026-05-12T10:46:31Z</time>
<extensions>
<gpxtpx:TrackPointExtension>
<gpxtpx:hr>167</gpxtpx:hr>
</gpxtpx:TrackPointExtension>
</extensions>
</trkpt>
<trkpt lat="36.9746276" lon="127.8830789">
<ele>72.487</ele>
<time>2026-05-12T10:46:32Z</time>
<extensions>
<gpxtpx:TrackPointExtension>
<gpxtpx:hr>167</gpxtpx:hr>
</gpxtpx:TrackPointExtension>
</extensions>
</trkpt>
<trkpt lat="36.9746261" lon="127.8830448">
<ele>72.488</ele>
<time>2026-05-12T10:46:33Z</time>
<extensions>
<gpxtpx:TrackPointExtension>
<gpxtpx:hr>167</gpxtpx:hr>
<gpxtpx:cad>177</gpxtpx:cad>
</gpxtpx:TrackPointExtension>
</extensions>
</trkpt>
<trkpt lat="36.9746244" lon="127.8830108">
<ele>72.501</ele>
<time>2026-05-12T10:46:34Z</time>
<extensions>
<gpxtpx:TrackPointExtension>
<gpxtpx:hr>167</gpxtpx:hr>
</gpxtpx:TrackPointExtension>
</extensions>
</trkpt>
<trkpt lat="36.9746235" lon="127.8829768">
<ele>72.556</ele>
<time>2026-05-12T10:46:35Z</time>
<extensions>
<gpxtpx:TrackPointExtension>
<gpxtpx:hr>167</gpxtpx:hr>
</gpxtpx:TrackPointExtension>
</extensions>
</trkpt>
<trkpt lat="36.9746231" lon="127.8829436">
<ele>72.603</ele>
<time>2026-05-12T10:46:36Z</time>
<extensions>
<gpxtpx:TrackPointExtension>
<gpxtpx:hr>168</gpxtpx:hr>
</gpxtpx:TrackPointExtension>
</extensions>
</trkpt>
<trkpt lat="36.9746228" lon="127.8829107">
<ele>72.548</ele>
<time>2026-05-12T10:46:37Z</time>
<extensions>
<gpxtpx:TrackPointExtension>
<gpxtpx:hr>168</gpxtpx:hr>
</gpxtpx:TrackPointExtension>
</extensions>
</trkpt>
<trkpt lat="36.9746233" lon="127.882879">
<ele>72.494</ele>
<time>2026-05-12T10:46:38Z</time>
<extensions>
<gpxtpx:TrackPointExtension>
<gpxtpx:hr>168</gpxtpx:hr>
<gpxtpx:cad>181</gpxtpx:cad>
</gpxtpx:TrackPointExtension>
</extensions>
</trkpt>
<trkpt lat="36.9746239" lon="127.8828474">
<ele>72.378</ele>
<time>2026-05-12T10:46:39Z</time>
<extensions>
<gpxtpx:TrackPointExtension>
<gpxtpx:hr>168</gpxtpx:hr>
</gpxtpx:TrackPointExtension>
</extensions>
</trkpt>
<trkpt lat="36.9746248" lon="127.8828163">
<ele>72.67</ele>
<time>2026-05-12T10:46:40Z</time>
<extensions>
<gpxtpx:TrackPointExtension>
<gpxtpx:hr>169</gpxtpx:hr>
</gpxtpx:TrackPointExtension>
</extensions>
</trkpt>
<trkpt lat="36.9746263" lon="127.8827861">
<ele>72.598</ele>
<time>2026-05-12T10:46:41Z</time>
<extensions>
<gpxtpx:TrackPointExtension>
<gpxtpx:hr>169</gpxtpx:hr>
</gpxtpx:TrackPointExtension>
</extensions>
</trkpt>
<trkpt lat="36.9746275" lon="127.8827556">
<ele>72.636</ele>
<time>2026-05-12T10:46:42Z</time>
<extensions>
<gpxtpx:TrackPointExtension>
<gpxtpx:hr>169</gpxtpx:hr>
</gpxtpx:TrackPointExtension>
</extensions>
</trkpt>
<trkpt lat="36.9746292" lon="127.8827253">
<ele>72.609</ele>
<time>2026-05-12T10:46:43Z</time>
<extensions>
<gpxtpx:TrackPointExtension>
<gpxtpx:hr>170</gpxtpx:hr>
<gpxtpx:cad>180</gpxtpx:cad>
</gpxtpx:TrackPointExtension>
</extensions>
</trkpt>
<trkpt lat="36.9746309" lon="127.8826951">
<ele>72.501</ele>
<time>2026-05-12T10:46:44Z</time>
<extensions>
<gpxtpx:TrackPointExtension>
<gpxtpx:hr>171</gpxtpx:hr>
</gpxtpx:TrackPointExtension>
</extensions>
</trkpt>
<trkpt lat="36.9746324" lon="127.8826639">
<ele>72.428</ele>
<time>2026-05-12T10:46:45Z</time>
<extensions>
<gpxtpx:TrackPointExtension>
<gpxtpx:hr>172</gpxtpx:hr>
</gpxtpx:TrackPointExtension>
</extensions>
</trkpt>
<trkpt lat="36.9746337" lon="127.8826322">
<ele>72.682</ele>
<time>2026-05-12T10:46:46Z</time>
<extensions>
<gpxtpx:TrackPointExtension>
<gpxtpx:hr>172</gpxtpx:hr>
</gpxtpx:TrackPointExtension>
</extensions>
</trkpt>
<trkpt lat="36.9746349" lon="127.8825998">
<ele>72.841</ele>
<time>2026-05-12T10:46:47Z</time>
<extensions>
<gpxtpx:TrackPointExtension>
<gpxtpx:hr>174</gpxtpx:hr>
</gpxtpx:TrackPointExtension>
</extensions>
</trkpt>
<trkpt lat="36.9746359" lon="127.882567">
<ele>72.942</ele>
<time>2026-05-12T10:46:48Z</time>
<extensions>
<gpxtpx:TrackPointExtension>
<gpxtpx:hr>175</gpxtpx:hr>
<gpxtpx:cad>174</gpxtpx:cad>
</gpxtpx:TrackPointExtension>
</extensions>
</trkpt>
<trkpt lat="36.9746366" lon="127.8825322">
<ele>72.511</ele>
<time>2026-05-12T10:46:49Z</time>
<extensions>
<gpxtpx:TrackPointExtension>
<gpxtpx:hr>175</gpxtpx:hr>
</gpxtpx:TrackPointExtension>
</extensions>
</trkpt>
<trkpt lat="36.9746378" lon="127.882499">
<ele>72.246</ele>
<time>2026-05-12T10:46:50Z</time>
<extensions>
<gpxtpx:TrackPointExtension>
<gpxtpx:hr>176</gpxtpx:hr>
</gpxtpx:TrackPointExtension>
</extensions>
</trkpt>
<trkpt lat="36.974639" lon="127.8824652">
<ele>72.128</ele>
<time>2026-05-12T10:46:51Z</time>
<extensions>
<gpxtpx:TrackPointExtension>
<gpxtpx:hr>177</gpxtpx:hr>
</gpxtpx:TrackPointExtension>
</extensions>
</trkpt>
<trkpt lat="36.9746403" lon="127.8824323">
<ele>72.434</ele>
<time>2026-05-12T10:46:52Z</time>
</trkpt>
<trkpt lat="36.9746416" lon="127.8823997">
<ele>72.62</ele>
<time>2026-05-12T10:46:53Z</time>
<extensions>
<gpxtpx:TrackPointExtension>
<gpxtpx:hr>177</gpxtpx:hr>
<gpxtpx:cad>172</gpxtpx:cad>
</gpxtpx:TrackPointExtension>
</extensions>
</trkpt>
<trkpt lat="36.974643" lon="127.8823659">
<ele>72.675</ele>
<time>2026-05-12T10:46:54Z</time>
<extensions>
<gpxtpx:TrackPointExtension>
<gpxtpx:hr>178</gpxtpx:hr>
</gpxtpx:TrackPointExtension>
</extensions>
</trkpt>
<trkpt lat="36.9746442" lon="127.8823326">
<ele>72.711</ele>
<time>2026-05-12T10:46:55Z</time>
<extensions>
<gpxtpx:TrackPointExtension>
<gpxtpx:hr>179</gpxtpx:hr>
</gpxtpx:TrackPointExtension>
</extensions>
</trkpt>
<trkpt lat="36.9746459" lon="127.8822987">
<ele>72.697</ele>
<time>2026-05-12T10:46:56Z</time>
<extensions>
<gpxtpx:TrackPointExtension>
<gpxtpx:hr>179</gpxtpx:hr>
</gpxtpx:TrackPointExtension>
</extensions>
</trkpt>
<trkpt lat="36.974647" lon="127.8822648">
<ele>72.662</ele>
<time>2026-05-12T10:46:57Z</time>
<extensions>
<gpxtpx:TrackPointExtension>
<gpxtpx:hr>180</gpxtpx:hr>
</gpxtpx:TrackPointExtension>
</extensions>
</trkpt>
<trkpt lat="36.9746489" lon="127.8822309">
<ele>72.598</ele>
<time>2026-05-12T10:46:58Z</time>
<extensions>
<gpxtpx:TrackPointExtension>
<gpxtpx:hr>180</gpxtpx:hr>
<gpxtpx:cad>172</gpxtpx:cad>
</gpxtpx:TrackPointExtension>
</extensions>
</trkpt>
<trkpt lat="36.9746501" lon="127.8821967">
<ele>72.628</ele>
<time>2026-05-12T10:46:59Z</time>
<extensions>
<gpxtpx:TrackPointExtension>
<gpxtpx:hr>180</gpxtpx:hr>
<gpxtpx:cad>172</gpxtpx:cad>
</gpxtpx:TrackPointExtension>
</extensions>
</trkpt>
<trkpt lat="36.9746519" lon="127.8821629">
<ele>72.505</ele>
<time>2026-05-12T10:47:00Z</time>
<extensions>
<gpxtpx:TrackPointExtension>
<gpxtpx:hr>180</gpxtpx:hr>
</gpxtpx:TrackPointExtension>
</extensions>
</trkpt>
<trkpt lat="36.9746535" lon="127.8821289">
<ele>72.323</ele>
<time>2026-05-12T10:47:01Z</time>
<extensions>
<gpxtpx:TrackPointExtension>
<gpxtpx:hr>180</gpxtpx:hr>
</gpxtpx:TrackPointExtension>
</extensions>
</trkpt>
<trkpt lat="36.9746551" lon="127.8820952">
<ele>72.263</ele>
<time>2026-05-12T10:47:02Z</time>
<extensions>
<gpxtpx:TrackPointExtension>
<gpxtpx:hr>180</gpxtpx:hr>
</gpxtpx:TrackPointExtension>
</extensions>
</trkpt>
<trkpt lat="36.9746568" lon="127.8820616">
<ele>72.259</ele>
<time>2026-05-12T10:47:03Z</time>
<extensions>
<gpxtpx:TrackPointExtension>
<gpxtpx:hr>180</gpxtpx:hr>
<gpxtpx:cad>170</gpxtpx:cad>
</gpxtpx:TrackPointExtension>
</extensions>
</trkpt>
<trkpt lat="36.9746586" lon="127.8820277">
<ele>72.335</ele>
<time>2026-05-12T10:47:04Z</time>
<extensions>
<gpxtpx:TrackPointExtension>
<gpxtpx:hr>179</gpxtpx:hr>
</gpxtpx:TrackPointExtension>
</extensions>
</trkpt>
<trkpt lat="36.9746605" lon="127.8819949">
<ele>72.408</ele>
<time>2026-05-12T10:47:05Z</time>
<extensions>
<gpxtpx:TrackPointExtension>
<gpxtpx:hr>178</gpxtpx:hr>
</gpxtpx:TrackPointExtension>
</extensions>
</trkpt>
<trkpt lat="36.9746623" lon="127.8819612">
<ele>72.563</ele>
<time>2026-05-12T10:47:06Z</time>
<extensions>
<gpxtpx:TrackPointExtension>
<gpxtpx:hr>177</gpxtpx:hr>
</gpxtpx:TrackPointExtension>
</extensions>
</trkpt>
<trkpt lat="36.9746643" lon="127.881929">
<ele>72.762</ele>
<time>2026-05-12T10:47:07Z</time>
<extensions>
<gpxtpx:TrackPointExtension>
<gpxtpx:hr>176</gpxtpx:hr>
</gpxtpx:TrackPointExtension>
</extensions>
</trkpt>
<trkpt lat="36.9746663" lon="127.8818955">
<ele>72.883</ele>
<time>2026-05-12T10:47:08Z</time>
<extensions>
<gpxtpx:TrackPointExtension>
<gpxtpx:hr>176</gpxtpx:hr>
<gpxtpx:cad>169</gpxtpx:cad>
</gpxtpx:TrackPointExtension>
</extensions>
</trkpt>
<trkpt lat="36.9746684" lon="127.8818638">
<ele>72.982</ele>
<time>2026-05-12T10:47:09Z</time>
<extensions>
<gpxtpx:TrackPointExtension>
<gpxtpx:hr>176</gpxtpx:hr>
</gpxtpx:TrackPointExtension>
</extensions>
</trkpt>
<trkpt lat="36.9746704" lon="127.8818308">
<ele>72.756</ele>
<time>2026-05-12T10:47:10Z</time>
<extensions>
<gpxtpx:TrackPointExtension>
<gpxtpx:hr>176</gpxtpx:hr>
</gpxtpx:TrackPointExtension>
</extensions>
</trkpt>
<trkpt lat="36.9746726" lon="127.8817994">
<ele>72.777</ele>
<time>2026-05-12T10:47:11Z</time>
<extensions>
<gpxtpx:TrackPointExtension>
<gpxtpx:hr>176</gpxtpx:hr>
</gpxtpx:TrackPointExtension>
</extensions>
</trkpt>
<trkpt lat="36.9746746" lon="127.8817675">
<ele>72.873</ele>
<time>2026-05-12T10:47:12Z</time>
<extensions>
<gpxtpx:TrackPointExtension>
<gpxtpx:hr>175</gpxtpx:hr>
</gpxtpx:TrackPointExtension>
</extensions>
</trkpt>
<trkpt lat="36.9746768" lon="127.8817361">
<ele>72.981</ele>
<time>2026-05-12T10:47:13Z</time>
<extensions>
<gpxtpx:TrackPointExtension>
<gpxtpx:hr>175</gpxtpx:hr>
<gpxtpx:cad>170</gpxtpx:cad>
</gpxtpx:TrackPointExtension>
</extensions>
</trkpt>
<trkpt lat="36.9746788" lon="127.8817046">
<ele>72.689</ele>
<time>2026-05-12T10:47:14Z</time>
<extensions>
<gpxtpx:TrackPointExtension>
<gpxtpx:hr>174</gpxtpx:hr>
</gpxtpx:TrackPointExtension>
</extensions>
</trkpt>
<trkpt lat="36.9746808" lon="127.8816727">
<ele>72.643</ele>
<time>2026-05-12T10:47:15Z</time>
<extensions>
<gpxtpx:TrackPointExtension>
<gpxtpx:hr>173</gpxtpx:hr>
</gpxtpx:TrackPointExtension>
</extensions>
</trkpt>
<trkpt lat="36.9746828" lon="127.8816408">
<ele>72.435</ele>
<time>2026-05-12T10:47:16Z</time>
<extensions>
<gpxtpx:TrackPointExtension>
<gpxtpx:hr>172</gpxtpx:hr>
</gpxtpx:TrackPointExtension>
</extensions>
</trkpt>
<trkpt lat="36.9746848" lon="127.8816089">
<ele>72.257</ele>
<time>2026-05-12T10:47:17Z</time>
<extensions>
<gpxtpx:TrackPointExtension>
<gpxtpx:hr>171</gpxtpx:hr>
</gpxtpx:TrackPointExtension>
</extensions>
</trkpt>
<trkpt lat="36.9746868" lon="127.8815771">
<ele>72.285</ele>
<time>2026-05-12T10:47:18Z</time>
<extensions>
<gpxtpx:TrackPointExtension>
<gpxtpx:hr>170</gpxtpx:hr>
<gpxtpx:cad>173</gpxtpx:cad>
</gpxtpx:TrackPointExtension>
</extensions>
</trkpt>
<trkpt lat="36.9746889" lon="127.8815455">
<ele>72.615</ele>
<time>2026-05-12T10:47:19Z</time>
<extensions>
<gpxtpx:TrackPointExtension>
<gpxtpx:hr>169</gpxtpx:hr>
</gpxtpx:TrackPointExtension>
</extensions>
</trkpt>
<trkpt lat="36.9746907" lon="127.8815132">
<ele>72.91</ele>
<time>2026-05-12T10:47:20Z</time>
<extensions>
<gpxtpx:TrackPointExtension>
<gpxtpx:hr>169</gpxtpx:hr>
</gpxtpx:TrackPointExtension>
</extensions>
</trkpt>
<trkpt lat="36.9746926" lon="127.8814817">
<ele>72.856</ele>
<time>2026-05-12T10:47:21Z</time>
<extensions>
<gpxtpx:TrackPointExtension>
<gpxtpx:hr>169</gpxtpx:hr>
</gpxtpx:TrackPointExtension>
</extensions>
</trkpt>
<trkpt lat="36.9746945" lon="127.8814497">
<ele>72.778</ele>
<time>2026-05-12T10:47:22Z</time>
<extensions>
<gpxtpx:TrackPointExtension>
<gpxtpx:hr>169</gpxtpx:hr>
</gpxtpx:TrackPointExtension>
</extensions>
</trkpt>
<trkpt lat="36.9746966" lon="127.8814185">
<ele>72.813</ele>
<time>2026-05-12T10:47:23Z</time>
<extensions>
<gpxtpx:TrackPointExtension>
<gpxtpx:hr>169</gpxtpx:hr>
<gpxtpx:cad>173</gpxtpx:cad>
</gpxtpx:TrackPointExtension>
</extensions>
</trkpt>
<trkpt lat="36.9746986" lon="127.8813864">
<ele>72.974</ele>
<time>2026-05-12T10:47:24Z</time>
<extensions>
<gpxtpx:TrackPointExtension>
<gpxtpx:hr>168</gpxtpx:hr>
</gpxtpx:TrackPointExtension>
</extensions>
</trkpt>
<trkpt lat="36.9747006" lon="127.8813541">
<ele>72.848</ele>
<time>2026-05-12T10:47:25Z</time>
<extensions>
<gpxtpx:TrackPointExtension>
<gpxtpx:hr>168</gpxtpx:hr>
</gpxtpx:TrackPointExtension>
</extensions>
</trkpt>
<trkpt lat="36.9747027" lon="127.8813222">
<ele>72.832</ele>
<time>2026-05-12T10:47:26Z</time>
<extensions>
<gpxtpx:TrackPointExtension>
<gpxtpx:hr>168</gpxtpx:hr>
</gpxtpx:TrackPointExtension>
</extensions>
</trkpt>
<trkpt lat="36.9747048" lon="127.881289">
<ele>72.858</ele>
<time>2026-05-12T10:47:27Z</time>
<extensions>
<gpxtpx:TrackPointExtension>
<gpxtpx:hr>168</gpxtpx:hr>
</gpxtpx:TrackPointExtension>
</extensions>
</trkpt>
<trkpt lat="36.9747067" lon="127.8812564">
<ele>72.775</ele>
<time>2026-05-12T10:47:28Z</time>
<extensions>
<gpxtpx:TrackPointExtension>
<gpxtpx:hr>169</gpxtpx:hr>
<gpxtpx:cad>174</gpxtpx:cad>
</gpxtpx:TrackPointExtension>
</extensions>
</trkpt>
<trkpt lat="36.9747091" lon="127.8812232">
<ele>72.763</ele>
<time>2026-05-12T10:47:29Z</time>
<extensions>
<gpxtpx:TrackPointExtension>
<gpxtpx:hr>169</gpxtpx:hr>
</gpxtpx:TrackPointExtension>
</extensions>
</trkpt>
<trkpt lat="36.9747109" lon="127.88119">
<ele>72.787</ele>
<time>2026-05-12T10:47:30Z</time>
<extensions>
<gpxtpx:TrackPointExtension>
<gpxtpx:hr>170</gpxtpx:hr>
</gpxtpx:TrackPointExtension>
</extensions>
</trkpt>
<trkpt lat="36.9747133" lon="127.8811568">
<ele>72.833</ele>
<time>2026-05-12T10:47:31Z</time>
<extensions>
<gpxtpx:TrackPointExtension>
<gpxtpx:hr>170</gpxtpx:hr>
</gpxtpx:TrackPointExtension>
</extensions>
</trkpt>
<trkpt lat="36.9747151" lon="127.8811234">
<ele>72.799</ele>
<time>2026-05-12T10:47:32Z</time>
<extensions>
<gpxtpx:TrackPointExtension>
<gpxtpx:hr>170</gpxtpx:hr>
<gpxtpx:cad>177</gpxtpx:cad>
</gpxtpx:TrackPointExtension>
</extensions>
</trkpt>
<trkpt lat="36.9747172" lon="127.8810897">
<ele>72.723</ele>
<time>2026-05-12T10:47:33Z</time>
<extensions>
<gpxtpx:TrackPointExtension>
<gpxtpx:hr>170</gpxtpx:hr>
<gpxtpx:cad>178</gpxtpx:cad>
</gpxtpx:TrackPointExtension>
</extensions>
</trkpt>
<trkpt lat="36.974719" lon="127.8810559">
<ele>72.757</ele>
<time>2026-05-12T10:47:34Z</time>
<extensions>
<gpxtpx:TrackPointExtension>
<gpxtpx:hr>170</gpxtpx:hr>
</gpxtpx:TrackPointExtension>
</extensions>
</trkpt>
<trkpt lat="36.9747206" lon="127.8810219">
<ele>72.756</ele>
<time>2026-05-12T10:47:35Z</time>
<extensions>
<gpxtpx:TrackPointExtension>
<gpxtpx:hr>170</gpxtpx:hr>
</gpxtpx:TrackPointExtension>
</extensions>
</trkpt>
<trkpt lat="36.9747221" lon="127.8809877">
<ele>72.75</ele>
<time>2026-05-12T10:47:36Z</time>
<extensions>
<gpxtpx:TrackPointExtension>
<gpxtpx:hr>171</gpxtpx:hr>
</gpxtpx:TrackPointExtension>
</extensions>
</trkpt>
<trkpt lat="36.9747234" lon="127.8809534">
<ele>72.806</ele>
<time>2026-05-12T10:47:37Z</time>
<extensions>
<gpxtpx:TrackPointExtension>
<gpxtpx:hr>171</gpxtpx:hr>
</gpxtpx:TrackPointExtension>
</extensions>
</trkpt>
<trkpt lat="36.9747254" lon="127.8809197">
<ele>72.773</ele>
<time>2026-05-12T10:47:38Z</time>
<extensions>
<gpxtpx:TrackPointExtension>
<gpxtpx:hr>171</gpxtpx:hr>
<gpxtpx:cad>177</gpxtpx:cad>
</gpxtpx:TrackPointExtension>
</extensions>
</trkpt>
<trkpt lat="36.9747265" lon="127.880885">
<ele>72.76</ele>
<time>2026-05-12T10:47:39Z</time>
<extensions>
<gpxtpx:TrackPointExtension>
<gpxtpx:hr>171</gpxtpx:hr>
</gpxtpx:TrackPointExtension>
</extensions>
</trkpt>
<trkpt lat="36.9747274" lon="127.8808502">
<ele>72.702</ele>
<time>2026-05-12T10:47:40Z</time>
<extensions>
<gpxtpx:TrackPointExtension>
<gpxtpx:hr>171</gpxtpx:hr>
</gpxtpx:TrackPointExtension>
</extensions>
</trkpt>
<trkpt lat="36.9747281" lon="127.8808151">
<ele>72.568</ele>
<time>2026-05-12T10:47:41Z</time>
<extensions>
<gpxtpx:TrackPointExtension>
<gpxtpx:hr>171</gpxtpx:hr>
</gpxtpx:TrackPointExtension>
</extensions>
</trkpt>
<trkpt lat="36.9747294" lon="127.8807808">
<ele>72.572</ele>
<time>2026-05-12T10:47:42Z</time>
<extensions>
<gpxtpx:TrackPointExtension>
<gpxtpx:hr>170</gpxtpx:hr>
</gpxtpx:TrackPointExtension>
</extensions>
</trkpt>
<trkpt lat="36.9747303" lon="127.8807461">
<ele>72.609</ele>
<time>2026-05-12T10:47:43Z</time>
<extensions>
<gpxtpx:TrackPointExtension>
<gpxtpx:hr>170</gpxtpx:hr>
<gpxtpx:cad>178</gpxtpx:cad>
</gpxtpx:TrackPointExtension>
</extensions>
</trkpt>
<trkpt lat="36.9747301" lon="127.8807105">
<ele>72.647</ele>
<time>2026-05-12T10:47:44Z</time>
<extensions>
<gpxtpx:TrackPointExtension>
<gpxtpx:hr>170</gpxtpx:hr>
</gpxtpx:TrackPointExtension>
</extensions>
</trkpt>
<trkpt lat="36.9747289" lon="127.8806738">
<ele>72.593</ele>
<time>2026-05-12T10:47:45Z</time>
<extensions>
<gpxtpx:TrackPointExtension>
<gpxtpx:hr>169</gpxtpx:hr>
</gpxtpx:TrackPointExtension>
</extensions>
</trkpt>
<trkpt lat="36.9747269" lon="127.8806364">
<ele>72.633</ele>
<time>2026-05-12T10:47:46Z</time>
<extensions>
<gpxtpx:TrackPointExtension>
<gpxtpx:hr>169</gpxtpx:hr>
</gpxtpx:TrackPointExtension>
</extensions>
</trkpt>
<trkpt lat="36.9747252" lon="127.8805993">
<ele>72.641</ele>
<time>2026-05-12T10:47:47Z</time>
<extensions>
<gpxtpx:TrackPointExtension>
<gpxtpx:hr>168</gpxtpx:hr>
</gpxtpx:TrackPointExtension>
</extensions>
</trkpt>
<trkpt lat="36.9747236" lon="127.8805624">
<ele>72.61</ele>
<time>2026-05-12T10:47:48Z</time>
<extensions>
<gpxtpx:TrackPointExtension>
<gpxtpx:cad>176</gpxtpx:cad>
</gpxtpx:TrackPointExtension>
</extensions>
</trkpt>
<trkpt lat="36.9747228" lon="127.880527">
<ele>72.606</ele>
<time>2026-05-12T10:47:49Z</time>
<extensions>
<gpxtpx:TrackPointExtension>
<gpxtpx:hr>168</gpxtpx:hr>
</gpxtpx:TrackPointExtension>
</extensions>
</trkpt>
<trkpt lat="36.9747217" lon="127.8804918">
<ele>72.656</ele>
<time>2026-05-12T10:47:50Z</time>
<extensions>
<gpxtpx:TrackPointExtension>
<gpxtpx:hr>167</gpxtpx:hr>
</gpxtpx:TrackPointExtension>
</extensions>
</trkpt>
<trkpt lat="36.97472" lon="127.8804572">
<ele>72.641</ele>
<time>2026-05-12T10:47:51Z</time>
<extensions>
<gpxtpx:TrackPointExtension>
<gpxtpx:hr>167</gpxtpx:hr>
</gpxtpx:TrackPointExtension>
</extensions>
</trkpt>
<trkpt lat="36.9747172" lon="127.8804232">
<ele>72.592</ele>
<time>2026-05-12T10:47:52Z</time>
<extensions>
<gpxtpx:TrackPointExtension>
<gpxtpx:hr>166</gpxtpx:hr>
</gpxtpx:TrackPointExtension>
</extensions>
</trkpt>
<trkpt lat="36.9747131" lon="127.8803897">
<ele>72.604</ele>
<time>2026-05-12T10:47:53Z</time>
<extensions>
<gpxtpx:TrackPointExtension>
<gpxtpx:hr>166</gpxtpx:hr>
<gpxtpx:cad>171</gpxtpx:cad>
</gpxtpx:TrackPointExtension>
</extensions>
</trkpt>
<trkpt lat="36.9747073" lon="127.8803565">
<ele>72.525</ele>
<time>2026-05-12T10:47:54Z</time>
<extensions>
<gpxtpx:TrackPointExtension>
<gpxtpx:hr>165</gpxtpx:hr>
</gpxtpx:TrackPointExtension>
</extensions>
</trkpt>
<trkpt lat="36.9747009" lon="127.8803234">
<ele>72.446</ele>
<time>2026-05-12T10:47:55Z</time>
<extensions>
<gpxtpx:TrackPointExtension>
<gpxtpx:hr>165</gpxtpx:hr>
</gpxtpx:TrackPointExtension>
</extensions>
</trkpt>
<trkpt lat="36.9746916" lon="127.8802904">
<ele>72.37</ele>
<time>2026-05-12T10:47:56Z</time>
<extensions>
<gpxtpx:TrackPointExtension>
<gpxtpx:hr>165</gpxtpx:hr>
</gpxtpx:TrackPointExtension>
</extensions>
</trkpt>
<trkpt lat="36.9746809" lon="127.8802572">
<ele>72.277</ele>
<time>2026-05-12T10:47:57Z</time>
<extensions>
<gpxtpx:TrackPointExtension>
<gpxtpx:hr>165</gpxtpx:hr>
</gpxtpx:TrackPointExtension>
</extensions>
</trkpt>
<trkpt lat="36.9746687" lon="127.8802242">
<ele>72.224</ele>
<time>2026-05-12T10:47:58Z</time>
<extensions>
<gpxtpx:TrackPointExtension>
<gpxtpx:hr>166</gpxtpx:hr>
<gpxtpx:cad>174</gpxtpx:cad>
</gpxtpx:TrackPointExtension>
</extensions>
</trkpt>
<trkpt lat="36.9746567" lon="127.880191">
<ele>72.208</ele>
<time>2026-05-12T10:47:59Z</time>
<extensions>
<gpxtpx:TrackPointExtension>
<gpxtpx:hr>166</gpxtpx:hr>
</gpxtpx:TrackPointExtension>
</extensions>
</trkpt>
<trkpt lat="36.9746437" lon="127.8801584">
<ele>72.269</ele>
<time>2026-05-12T10:48:00Z</time>
<extensions>
<gpxtpx:TrackPointExtension>
<gpxtpx:hr>166</gpxtpx:hr>
</gpxtpx:TrackPointExtension>
</extensions>
</trkpt>
<trkpt lat="36.9746307" lon="127.8801256">
<ele>72.316</ele>
<time>2026-05-12T10:48:01Z</time>
<extensions>
<gpxtpx:TrackPointExtension>
<gpxtpx:hr>166</gpxtpx:hr>
</gpxtpx:TrackPointExtension>
</extensions>
</trkpt>
<trkpt lat="36.9746182" lon="127.8800937">
<ele>72.383</ele>
<time>2026-05-12T10:48:02Z</time>
<extensions>
<gpxtpx:TrackPointExtension>
<gpxtpx:hr>166</gpxtpx:hr>
</gpxtpx:TrackPointExtension>
</extensions>
</trkpt>
<trkpt lat="36.974606" lon="127.8800614">
<ele>72.297</ele>
<time>2026-05-12T10:48:03Z</time>
<extensions>
<gpxtpx:TrackPointExtension>
<gpxtpx:hr>166</gpxtpx:hr>
<gpxtpx:cad>178</gpxtpx:cad>
</gpxtpx:TrackPointExtension>
</extensions>
</trkpt>
<trkpt lat="36.9745941" lon="127.8800287">
<ele>72.249</ele>
<time>2026-05-12T10:48:04Z</time>
<extensions>
<gpxtpx:TrackPointExtension>
<gpxtpx:hr>165</gpxtpx:hr>
<gpxtpx:cad>178</gpxtpx:cad>
</gpxtpx:TrackPointExtension>
</extensions>
</trkpt>
<trkpt lat="36.9745825" lon="127.8799956">
<ele>72.197</ele>
<time>2026-05-12T10:48:05Z</time>
<extensions>
<gpxtpx:TrackPointExtension>
<gpxtpx:hr>165</gpxtpx:hr>
</gpxtpx:TrackPointExtension>
</extensions>
</trkpt>
<trkpt lat="36.9745709" lon="127.8799625">
<ele>72.169</ele>
<time>2026-05-12T10:48:06Z</time>
<extensions>
<gpxtpx:TrackPointExtension>
<gpxtpx:hr>165</gpxtpx:hr>
</gpxtpx:TrackPointExtension>
</extensions>
</trkpt>
<trkpt lat="36.9745587" lon="127.8799297">
<ele>72.311</ele>
<time>2026-05-12T10:48:07Z</time>
<extensions>
<gpxtpx:TrackPointExtension>
<gpxtpx:hr>165</gpxtpx:hr>
</gpxtpx:TrackPointExtension>
</extensions>
</trkpt>
<trkpt lat="36.9745469" lon="127.879897">
<ele>72.463</ele>
<time>2026-05-12T10:48:08Z</time>
<extensions>
<gpxtpx:TrackPointExtension>
<gpxtpx:hr>164</gpxtpx:hr>
<gpxtpx:cad>176</gpxtpx:cad>
</gpxtpx:TrackPointExtension>
</extensions>
</trkpt>
<trkpt lat="36.9745349" lon="127.8798642">
<ele>72.381</ele>
<time>2026-05-12T10:48:09Z</time>
<extensions>
<gpxtpx:TrackPointExtension>
<gpxtpx:hr>164</gpxtpx:hr>
</gpxtpx:TrackPointExtension>
</extensions>
</trkpt>
<trkpt lat="36.9745231" lon="127.8798316">
<ele>72.268</ele>
<time>2026-05-12T10:48:10Z</time>
<extensions>
<gpxtpx:TrackPointExtension>
<gpxtpx:hr>164</gpxtpx:hr>
</gpxtpx:TrackPointExtension>
</extensions>
</trkpt>
<trkpt lat="36.9745116" lon="127.8797982">
<ele>72.292</ele>
<time>2026-05-12T10:48:11Z</time>
<extensions>
<gpxtpx:TrackPointExtension>
<gpxtpx:hr>164</gpxtpx:hr>
</gpxtpx:TrackPointExtension>
</extensions>
</trkpt>
<trkpt lat="36.9745" lon="127.8797653">
<ele>72.242</ele>
<time>2026-05-12T10:48:12Z</time>
<extensions>
<gpxtpx:TrackPointExtension>
<gpxtpx:hr>164</gpxtpx:hr>
</gpxtpx:TrackPointExtension>
</extensions>
</trkpt>
<trkpt lat="36.9744885" lon="127.8797317">
<ele>72.148</ele>
<time>2026-05-12T10:48:13Z</time>
<extensions>
<gpxtpx:TrackPointExtension>
<gpxtpx:hr>165</gpxtpx:hr>
<gpxtpx:cad>177</gpxtpx:cad>
</gpxtpx:TrackPointExtension>
</extensions>
</trkpt>
<trkpt lat="36.9744767" lon="127.8796994">
<ele>72.195</ele>
<time>2026-05-12T10:48:14Z</time>
<extensions>
<gpxtpx:TrackPointExtension>
<gpxtpx:hr>165</gpxtpx:hr>
</gpxtpx:TrackPointExtension>
</extensions>
</trkpt>
<trkpt lat="36.9744649" lon="127.8796673">
<ele>72.159</ele>
<time>2026-05-12T10:48:15Z</time>
<extensions>
<gpxtpx:TrackPointExtension>
<gpxtpx:hr>164</gpxtpx:hr>
</gpxtpx:TrackPointExtension>
</extensions>
</trkpt>
<trkpt lat="36.9744524" lon="127.8796366">
<ele>72.059</ele>
<time>2026-05-12T10:48:16Z</time>
<extensions>
<gpxtpx:TrackPointExtension>
<gpxtpx:hr>165</gpxtpx:hr>
</gpxtpx:TrackPointExtension>
</extensions>
</trkpt>
<trkpt lat="36.9744398" lon="127.879606">
<ele>72.102</ele>
<time>2026-05-12T10:48:17Z</time>
<extensions>
<gpxtpx:TrackPointExtension>
<gpxtpx:hr>165</gpxtpx:hr>
</gpxtpx:TrackPointExtension>
</extensions>
</trkpt>
<trkpt lat="36.9744271" lon="127.8795757">
<ele>72.24</ele>
<time>2026-05-12T10:48:18Z</time>
<extensions>
<gpxtpx:TrackPointExtension>
<gpxtpx:hr>166</gpxtpx:hr>
<gpxtpx:cad>180</gpxtpx:cad>
</gpxtpx:TrackPointExtension>
</extensions>
</trkpt>
<trkpt lat="36.9744134" lon="127.8795467">
<ele>72.276</ele>
<time>2026-05-12T10:48:19Z</time>
<extensions>
<gpxtpx:TrackPointExtension>
<gpxtpx:hr>166</gpxtpx:hr>
</gpxtpx:TrackPointExtension>
</extensions>
</trkpt>
<trkpt lat="36.9743996" lon="127.8795178">
<ele>72.273</ele>
<time>2026-05-12T10:48:20Z</time>
<extensions>
<gpxtpx:TrackPointExtension>
<gpxtpx:hr>167</gpxtpx:hr>
</gpxtpx:TrackPointExtension>
</extensions>
</trkpt>
<trkpt lat="36.9743852" lon="127.8794893">
<ele>72.272</ele>
<time>2026-05-12T10:48:21Z</time>
<extensions>
<gpxtpx:TrackPointExtension>
<gpxtpx:hr>167</gpxtpx:hr>
</gpxtpx:TrackPointExtension>
</extensions>
</trkpt>
<trkpt lat="36.9743702" lon="127.8794611">
<ele>72.223</ele>
<time>2026-05-12T10:48:22Z</time>
<extensions>
<gpxtpx:TrackPointExtension>
<gpxtpx:hr>167</gpxtpx:hr>
</gpxtpx:TrackPointExtension>
</extensions>
</trkpt>
<trkpt lat="36.974355" lon="127.879433">
<ele>72.207</ele>
<time>2026-05-12T10:48:23Z</time>
<extensions>
<gpxtpx:TrackPointExtension>
<gpxtpx:hr>167</gpxtpx:hr>
<gpxtpx:cad>181</gpxtpx:cad>
</gpxtpx:TrackPointExtension>
</extensions>
</trkpt>
<trkpt lat="36.9743381" lon="127.8794047">
<ele>72.193</ele>
<time>2026-05-12T10:48:24Z</time>
<extensions>
<gpxtpx:TrackPointExtension>
<gpxtpx:hr>168</gpxtpx:hr>
</gpxtpx:TrackPointExtension>
</extensions>
</trkpt>
<trkpt lat="36.9743215" lon="127.8793766">
<ele>72.2</ele>
<time>2026-05-12T10:48:25Z</time>
<extensions>
<gpxtpx:TrackPointExtension>
<gpxtpx:hr>168</gpxtpx:hr>
</gpxtpx:TrackPointExtension>
</extensions>
</trkpt>
<trkpt lat="36.9743029" lon="127.8793481">
<ele>72.155</ele>
<time>2026-05-12T10:48:26Z</time>
<extensions>
<gpxtpx:TrackPointExtension>
<gpxtpx:hr>168</gpxtpx:hr>
</gpxtpx:TrackPointExtension>
</extensions>
</trkpt>
<trkpt lat="36.9742847" lon="127.8793196">
<ele>72.096</ele>
<time>2026-05-12T10:48:27Z</time>
<extensions>
<gpxtpx:TrackPointExtension>
<gpxtpx:hr>168</gpxtpx:hr>
</gpxtpx:TrackPointExtension>
</extensions>
</trkpt>
<trkpt lat="36.9742652" lon="127.8792912">
<ele>72.111</ele>
<time>2026-05-12T10:48:28Z</time>
<extensions>
<gpxtpx:TrackPointExtension>
<gpxtpx:hr>168</gpxtpx:hr>
<gpxtpx:cad>181</gpxtpx:cad>
</gpxtpx:TrackPointExtension>
</extensions>
</trkpt>
<trkpt lat="36.9742447" lon="127.8792631">
<ele>72.112</ele>
<time>2026-05-12T10:48:29Z</time>
<extensions>
<gpxtpx:TrackPointExtension>
<gpxtpx:hr>168</gpxtpx:hr>
</gpxtpx:TrackPointExtension>
</extensions>
</trkpt>
<trkpt lat="36.9742241" lon="127.8792356">
<ele>72.164</ele>
<time>2026-05-12T10:48:30Z</time>
<extensions>
<gpxtpx:TrackPointExtension>
<gpxtpx:hr>168</gpxtpx:hr>
</gpxtpx:TrackPointExtension>
</extensions>
</trkpt>
<trkpt lat="36.9742036" lon="127.8792086">
<ele>72.177</ele>
<time>2026-05-12T10:48:31Z</time>
<extensions>
<gpxtpx:TrackPointExtension>
<gpxtpx:hr>168</gpxtpx:hr>
</gpxtpx:TrackPointExtension>
</extensions>
</trkpt>
<trkpt lat="36.9741832" lon="127.879182">
<ele>72.22</ele>
<time>2026-05-12T10:48:32Z</time>
<extensions>
<gpxtpx:TrackPointExtension>
<gpxtpx:hr>168</gpxtpx:hr>
</gpxtpx:TrackPointExtension>
</extensions>
</trkpt>
<trkpt lat="36.974163" lon="127.879155">
<ele>72.239</ele>
<time>2026-05-12T10:48:33Z</time>
<extensions>
<gpxtpx:TrackPointExtension>
<gpxtpx:hr>168</gpxtpx:hr>
<gpxtpx:cad>181</gpxtpx:cad>
</gpxtpx:TrackPointExtension>
</extensions>
</trkpt>
<trkpt lat="36.9741425" lon="127.8791278">
<ele>72.205</ele>
<time>2026-05-12T10:48:34Z</time>
<extensions>
<gpxtpx:TrackPointExtension>
<gpxtpx:hr>168</gpxtpx:hr>
</gpxtpx:TrackPointExtension>
</extensions>
</trkpt>
<trkpt lat="36.9741221" lon="127.8791013">
<ele>72.23</ele>
<time>2026-05-12T10:48:35Z</time>
<extensions>
<gpxtpx:TrackPointExtension>
<gpxtpx:hr>168</gpxtpx:hr>
<gpxtpx:cad>180</gpxtpx:cad>
</gpxtpx:TrackPointExtension>
</extensions>
</trkpt>
<trkpt lat="36.9741017" lon="127.8790746">
<ele>72.257</ele>
<time>2026-05-12T10:48:36Z</time>
<extensions>
<gpxtpx:TrackPointExtension>
<gpxtpx:hr>168</gpxtpx:hr>
</gpxtpx:TrackPointExtension>
</extensions>
</trkpt>
<trkpt lat="36.9740815" lon="127.8790487">
<ele>72.237</ele>
<time>2026-05-12T10:48:37Z</time>
<extensions>
<gpxtpx:TrackPointExtension>
<gpxtpx:hr>168</gpxtpx:hr>
</gpxtpx:TrackPointExtension>
</extensions>
</trkpt>
<trkpt lat="36.9740613" lon="127.8790228">
<ele>72.294</ele>
<time>2026-05-12T10:48:38Z</time>
<extensions>
<gpxtpx:TrackPointExtension>
<gpxtpx:hr>169</gpxtpx:hr>
<gpxtpx:cad>181</gpxtpx:cad>
</gpxtpx:TrackPointExtension>
</extensions>
</trkpt>
<trkpt lat="36.9740407" lon="127.8789976">
<ele>72.362</ele>
<time>2026-05-12T10:48:39Z</time>
<extensions>
<gpxtpx:TrackPointExtension>
<gpxtpx:hr>169</gpxtpx:hr>
</gpxtpx:TrackPointExtension>
</extensions>
</trkpt>
<trkpt lat="36.9740203" lon="127.8789722">
<ele>72.425</ele>
<time>2026-05-12T10:48:40Z</time>
<extensions>
<gpxtpx:TrackPointExtension>
<gpxtpx:hr>169</gpxtpx:hr>
</gpxtpx:TrackPointExtension>
</extensions>
</trkpt>
<trkpt lat="36.9739994" lon="127.8789482">
<ele>72.34</ele>
<time>2026-05-12T10:48:41Z</time>
<extensions>
<gpxtpx:TrackPointExtension>
<gpxtpx:hr>169</gpxtpx:hr>
</gpxtpx:TrackPointExtension>
</extensions>
</trkpt>
<trkpt lat="36.9739785" lon="127.878924">
<ele>72.337</ele>
<time>2026-05-12T10:48:42Z</time>
<extensions>
<gpxtpx:TrackPointExtension>
<gpxtpx:hr>169</gpxtpx:hr>
</gpxtpx:TrackPointExtension>
</extensions>
</trkpt>
<trkpt lat="36.9739569" lon="127.8789019">
<ele>72.383</ele>
<time>2026-05-12T10:48:43Z</time>
<extensions>
<gpxtpx:TrackPointExtension>
<gpxtpx:hr>169</gpxtpx:hr>
<gpxtpx:cad>181</gpxtpx:cad>
</gpxtpx:TrackPointExtension>
</extensions>
</trkpt>
<trkpt lat="36.9739351" lon="127.8788802">
<ele>72.431</ele>
<time>2026-05-12T10:48:44Z</time>
<extensions>
<gpxtpx:TrackPointExtension>
<gpxtpx:hr>169</gpxtpx:hr>
</gpxtpx:TrackPointExtension>
</extensions>
</trkpt>
<trkpt lat="36.9739129" lon="127.8788594">
<ele>72.436</ele>
<time>2026-05-12T10:48:45Z</time>
<extensions>
<gpxtpx:TrackPointExtension>
<gpxtpx:hr>169</gpxtpx:hr>
</gpxtpx:TrackPointExtension>
</extensions>
</trkpt>
<trkpt lat="36.9738904" lon="127.8788395">
<ele>72.309</ele>
<time>2026-05-12T10:48:46Z</time>
<extensions>
<gpxtpx:TrackPointExtension>
<gpxtpx:hr>170</gpxtpx:hr>
</gpxtpx:TrackPointExtension>
</extensions>
</trkpt>
<trkpt lat="36.9738673" lon="127.8788207">
<ele>72.287</ele>
<time>2026-05-12T10:48:47Z</time>
<extensions>
<gpxtpx:TrackPointExtension>
<gpxtpx:hr>170</gpxtpx:hr>
</gpxtpx:TrackPointExtension>
</extensions>
</trkpt>
<trkpt lat="36.9738443" lon="127.8788016">
<ele>72.389</ele>
<time>2026-05-12T10:48:48Z</time>
<extensions>
<gpxtpx:TrackPointExtension>
<gpxtpx:hr>170</gpxtpx:hr>
<gpxtpx:cad>180</gpxtpx:cad>
</gpxtpx:TrackPointExtension>
</extensions>
</trkpt>
<trkpt lat="36.9738205" lon="127.8787837">
<ele>72.45</ele>
<time>2026-05-12T10:48:49Z</time>
<extensions>
<gpxtpx:TrackPointExtension>
<gpxtpx:hr>170</gpxtpx:hr>
</gpxtpx:TrackPointExtension>
</extensions>
</trkpt>
<trkpt lat="36.9737969" lon="127.8787656">
<ele>72.45</ele>
<time>2026-05-12T10:48:50Z</time>
<extensions>
<gpxtpx:TrackPointExtension>
<gpxtpx:hr>170</gpxtpx:hr>
</gpxtpx:TrackPointExtension>
</extensions>
</trkpt>
<trkpt lat="36.9737729" lon="127.8787479">
<ele>72.468</ele>
<time>2026-05-12T10:48:51Z</time>
<extensions>
<gpxtpx:TrackPointExtension>
<gpxtpx:hr>170</gpxtpx:hr>
</gpxtpx:TrackPointExtension>
</extensions>
</trkpt>
<trkpt lat="36.9737484" lon="127.8787304">
<ele>72.514</ele>
<time>2026-05-12T10:48:52Z</time>
<extensions>
<gpxtpx:TrackPointExtension>
<gpxtpx:hr>170</gpxtpx:hr>
</gpxtpx:TrackPointExtension>
</extensions>
</trkpt>
<trkpt lat="36.9737238" lon="127.8787134">
<ele>72.529</ele>
<time>2026-05-12T10:48:53Z</time>
<extensions>
<gpxtpx:TrackPointExtension>
<gpxtpx:hr>170</gpxtpx:hr>
<gpxtpx:cad>177</gpxtpx:cad>
</gpxtpx:TrackPointExtension>
</extensions>
</trkpt>
<trkpt lat="36.9736992" lon="127.8786964">
<ele>72.558</ele>
<time>2026-05-12T10:48:54Z</time>
<extensions>
<gpxtpx:TrackPointExtension>
<gpxtpx:hr>170</gpxtpx:hr>
</gpxtpx:TrackPointExtension>
</extensions>
</trkpt>
<trkpt lat="36.9736753" lon="127.87868">
<ele>72.693</ele>
<time>2026-05-12T10:48:55Z</time>
<extensions>
<gpxtpx:TrackPointExtension>
<gpxtpx:hr>170</gpxtpx:hr>
</gpxtpx:TrackPointExtension>
</extensions>
</trkpt>
<trkpt lat="36.9736517" lon="127.8786636">
<ele>72.689</ele>
<time>2026-05-12T10:48:56Z</time>
<extensions>
<gpxtpx:TrackPointExtension>
<gpxtpx:hr>169</gpxtpx:hr>
</gpxtpx:TrackPointExtension>
</extensions>
</trkpt>
<trkpt lat="36.9736279" lon="127.8786471">
<ele>72.62</ele>
<time>2026-05-12T10:48:57Z</time>
<extensions>
<gpxtpx:TrackPointExtension>
<gpxtpx:hr>170</gpxtpx:hr>
</gpxtpx:TrackPointExtension>
</extensions>
</trkpt>
<trkpt lat="36.9736041" lon="127.8786308">
<ele>72.639</ele>
<time>2026-05-12T10:48:58Z</time>
<extensions>
<gpxtpx:TrackPointExtension>
<gpxtpx:hr>170</gpxtpx:hr>
<gpxtpx:cad>177</gpxtpx:cad>
</gpxtpx:TrackPointExtension>
</extensions>
</trkpt>
<trkpt lat="36.9735799" lon="127.8786146">
<ele>72.704</ele>
<time>2026-05-12T10:48:59Z</time>
<extensions>
<gpxtpx:TrackPointExtension>
<gpxtpx:hr>170</gpxtpx:hr>
</gpxtpx:TrackPointExtension>
</extensions>
</trkpt>
<trkpt lat="36.9735556" lon="127.8785983">
<ele>72.79</ele>
<time>2026-05-12T10:49:00Z</time>
<extensions>
<gpxtpx:TrackPointExtension>
<gpxtpx:hr>170</gpxtpx:hr>
</gpxtpx:TrackPointExtension>
</extensions>
</trkpt>
<trkpt lat="36.9735295" lon="127.878583">
<ele>72.875</ele>
<time>2026-05-12T10:49:01Z</time>
<extensions>
<gpxtpx:TrackPointExtension>
<gpxtpx:hr>170</gpxtpx:hr>
</gpxtpx:TrackPointExtension>
</extensions>
</trkpt>
<trkpt lat="36.9735036" lon="127.8785676">
<ele>72.905</ele>
<time>2026-05-12T10:49:02Z</time>
<extensions>
<gpxtpx:TrackPointExtension>
<gpxtpx:hr>171</gpxtpx:hr>
</gpxtpx:TrackPointExtension>
</extensions>
</trkpt>
<trkpt lat="36.9734764" lon="127.8785534">
<ele>72.876</ele>
<time>2026-05-12T10:49:03Z</time>
<extensions>
<gpxtpx:TrackPointExtension>
<gpxtpx:hr>171</gpxtpx:hr>
<gpxtpx:cad>176</gpxtpx:cad>
</gpxtpx:TrackPointExtension>
</extensions>
</trkpt>
<trkpt lat="36.9734494" lon="127.8785391">
<ele>72.831</ele>
<time>2026-05-12T10:49:04Z</time>
<extensions>
<gpxtpx:TrackPointExtension>
<gpxtpx:hr>172</gpxtpx:hr>
</gpxtpx:TrackPointExtension>
</extensions>
</trkpt>
<trkpt lat="36.9734223" lon="127.8785254">
<ele>72.779</ele>
<time>2026-05-12T10:49:05Z</time>
<extensions>
<gpxtpx:TrackPointExtension>
<gpxtpx:hr>172</gpxtpx:hr>
</gpxtpx:TrackPointExtension>
</extensions>
</trkpt>
<trkpt lat="36.9733953" lon="127.8785116">
<ele>72.742</ele>
<time>2026-05-12T10:49:06Z</time>
<extensions>
<gpxtpx:TrackPointExtension>
<gpxtpx:hr>172</gpxtpx:hr>
</gpxtpx:TrackPointExtension>
</extensions>
</trkpt>
<trkpt lat="36.9733687" lon="127.8784979">
<ele>72.77</ele>
<time>2026-05-12T10:49:07Z</time>
<extensions>
<gpxtpx:TrackPointExtension>
<gpxtpx:hr>173</gpxtpx:hr>
<gpxtpx:cad>176</gpxtpx:cad>
</gpxtpx:TrackPointExtension>
</extensions>
</trkpt>
<trkpt lat="36.9733425" lon="127.8784841">
<ele>72.735</ele>
<time>2026-05-12T10:49:08Z</time>
<extensions>
<gpxtpx:TrackPointExtension>
<gpxtpx:hr>173</gpxtpx:hr>
<gpxtpx:cad>176</gpxtpx:cad>
</gpxtpx:TrackPointExtension>
</extensions>
</trkpt>
<trkpt lat="36.9733165" lon="127.8784703">
<ele>72.71</ele>
<time>2026-05-12T10:49:09Z</time>
<extensions>
<gpxtpx:TrackPointExtension>
<gpxtpx:hr>173</gpxtpx:hr>
</gpxtpx:TrackPointExtension>
</extensions>
</trkpt>
<trkpt lat="36.9732908" lon="127.8784565">
<ele>72.749</ele>
<time>2026-05-12T10:49:10Z</time>
<extensions>
<gpxtpx:TrackPointExtension>
<gpxtpx:hr>173</gpxtpx:hr>
</gpxtpx:TrackPointExtension>
</extensions>
</trkpt>
<trkpt lat="36.973265" lon="127.8784427">
<ele>72.738</ele>
<time>2026-05-12T10:49:11Z</time>
<extensions>
<gpxtpx:TrackPointExtension>
<gpxtpx:hr>173</gpxtpx:hr>
</gpxtpx:TrackPointExtension>
</extensions>
</trkpt>
<trkpt lat="36.9732388" lon="127.8784291">
<ele>72.777</ele>
<time>2026-05-12T10:49:12Z</time>
<extensions>
<gpxtpx:TrackPointExtension>
<gpxtpx:hr>173</gpxtpx:hr>
</gpxtpx:TrackPointExtension>
</extensions>
</trkpt>
<trkpt lat="36.9732121" lon="127.878416">
<ele>72.857</ele>
<time>2026-05-12T10:49:13Z</time>
<extensions>
<gpxtpx:TrackPointExtension>
<gpxtpx:hr>173</gpxtpx:hr>
<gpxtpx:cad>180</gpxtpx:cad>
</gpxtpx:TrackPointExtension>
</extensions>
</trkpt>
<trkpt lat="36.9731852" lon="127.878403">
<ele>72.94</ele>
<time>2026-05-12T10:49:14Z</time>
<extensions>
<gpxtpx:TrackPointExtension>
<gpxtpx:hr>173</gpxtpx:hr>
</gpxtpx:TrackPointExtension>
</extensions>
</trkpt>
<trkpt lat="36.9731571" lon="127.8783922">
<ele>72.997</ele>
<time>2026-05-12T10:49:15Z</time>
<extensions>
<gpxtpx:TrackPointExtension>
<gpxtpx:hr>173</gpxtpx:hr>
</gpxtpx:TrackPointExtension>
</extensions>
</trkpt>
<trkpt lat="36.9731306" lon="127.878379">
<ele>72.996</ele>
<time>2026-05-12T10:49:16Z</time>
<extensions>
<gpxtpx:TrackPointExtension>
<gpxtpx:hr>173</gpxtpx:hr>
</gpxtpx:TrackPointExtension>
</extensions>
</trkpt>
<trkpt lat="36.9731029" lon="127.8783686">
<ele>73.054</ele>
<time>2026-05-12T10:49:17Z</time>
<extensions>
<gpxtpx:TrackPointExtension>
<gpxtpx:hr>173</gpxtpx:hr>
</gpxtpx:TrackPointExtension>
</extensions>
</trkpt>
<trkpt lat="36.9730761" lon="127.8783561">
<ele>73.0</ele>
<time>2026-05-12T10:49:18Z</time>
<extensions>
<gpxtpx:TrackPointExtension>
<gpxtpx:hr>173</gpxtpx:hr>
<gpxtpx:cad>179</gpxtpx:cad>
</gpxtpx:TrackPointExtension>
</extensions>
</trkpt>
<trkpt lat="36.9730484" lon="127.8783466">
<ele>73.018</ele>
<time>2026-05-12T10:49:19Z</time>
<extensions>
<gpxtpx:TrackPointExtension>
<gpxtpx:hr>173</gpxtpx:hr>
</gpxtpx:TrackPointExtension>
</extensions>
</trkpt>
<trkpt lat="36.9730211" lon="127.8783362">
<ele>73.154</ele>
<time>2026-05-12T10:49:20Z</time>
<extensions>
<gpxtpx:TrackPointExtension>
<gpxtpx:hr>173</gpxtpx:hr>
</gpxtpx:TrackPointExtension>
</extensions>
</trkpt>
<trkpt lat="36.9729938" lon="127.8783261">
<ele>73.193</ele>
<time>2026-05-12T10:49:21Z</time>
<extensions>
<gpxtpx:TrackPointExtension>
<gpxtpx:hr>173</gpxtpx:hr>
</gpxtpx:TrackPointExtension>
</extensions>
</trkpt>
<trkpt lat="36.9729666" lon="127.8783164">
<ele>73.221</ele>
<time>2026-05-12T10:49:22Z</time>
<extensions>
<gpxtpx:TrackPointExtension>
<gpxtpx:hr>173</gpxtpx:hr>
</gpxtpx:TrackPointExtension>
</extensions>
</trkpt>
<trkpt lat="36.9729394" lon="127.8783068">
<ele>73.271</ele>
<time>2026-05-12T10:49:23Z</time>
<extensions>
<gpxtpx:TrackPointExtension>
<gpxtpx:hr>173</gpxtpx:hr>
<gpxtpx:cad>176</gpxtpx:cad>
</gpxtpx:TrackPointExtension>
</extensions>
</trkpt>
<trkpt lat="36.9729123" lon="127.8782975">
<ele>73.269</ele>
<time>2026-05-12T10:49:24Z</time>
<extensions>
<gpxtpx:TrackPointExtension>
<gpxtpx:hr>174</gpxtpx:hr>
</gpxtpx:TrackPointExtension>
</extensions>
</trkpt>
<trkpt lat="36.972886" lon="127.8782881">
<ele>73.26</ele>
<time>2026-05-12T10:49:25Z</time>
<extensions>
<gpxtpx:TrackPointExtension>
<gpxtpx:hr>173</gpxtpx:hr>
</gpxtpx:TrackPointExtension>
</extensions>
</trkpt>
<trkpt lat="36.9728592" lon="127.8782785">
<ele>73.288</ele>
<time>2026-05-12T10:49:26Z</time>
</trkpt>
<trkpt lat="36.9728327" lon="127.878269">
<ele>73.409</ele>
<time>2026-05-12T10:49:27Z</time>
<extensions>
<gpxtpx:TrackPointExtension>
<gpxtpx:hr>173</gpxtpx:hr>
</gpxtpx:TrackPointExtension>
</extensions>
</trkpt>
<trkpt lat="36.9728069" lon="127.8782591">
<ele>73.387</ele>
<time>2026-05-12T10:49:28Z</time>
<extensions>
<gpxtpx:TrackPointExtension>
<gpxtpx:hr>173</gpxtpx:hr>
<gpxtpx:cad>172</gpxtpx:cad>
</gpxtpx:TrackPointExtension>
</extensions>
</trkpt>
<trkpt lat="36.97278" lon="127.87825">
<ele>73.307</ele>
<time>2026-05-12T10:49:29Z</time>
<extensions>
<gpxtpx:TrackPointExtension>
<gpxtpx:hr>173</gpxtpx:hr>
</gpxtpx:TrackPointExtension>
</extensions>
</trkpt>
<trkpt lat="36.972754" lon="127.8782405">
<ele>73.295</ele>
<time>2026-05-12T10:49:30Z</time>
<extensions>
<gpxtpx:TrackPointExtension>
<gpxtpx:hr>172</gpxtpx:hr>
</gpxtpx:TrackPointExtension>
</extensions>
</trkpt>
<trkpt lat="36.9727276" lon="127.8782316">
<ele>73.319</ele>
<time>2026-05-12T10:49:31Z</time>
<extensions>
<gpxtpx:TrackPointExtension>
<gpxtpx:hr>171</gpxtpx:hr>
</gpxtpx:TrackPointExtension>
</extensions>
</trkpt>
<trkpt lat="36.9727021" lon="127.878222">
<ele>73.412</ele>
<time>2026-05-12T10:49:32Z</time>
<extensions>
<gpxtpx:TrackPointExtension>
<gpxtpx:hr>171</gpxtpx:hr>
</gpxtpx:TrackPointExtension>
</extensions>
</trkpt>
<trkpt lat="36.9726763" lon="127.878213">
<ele>73.541</ele>
<time>2026-05-12T10:49:33Z</time>
<extensions>
<gpxtpx:TrackPointExtension>
<gpxtpx:hr>170</gpxtpx:hr>
<gpxtpx:cad>171</gpxtpx:cad>
</gpxtpx:TrackPointExtension>
</extensions>
</trkpt>
<trkpt lat="36.9726512" lon="127.8782024">
<ele>73.528</ele>
<time>2026-05-12T10:49:34Z</time>
<extensions>
<gpxtpx:TrackPointExtension>
<gpxtpx:hr>169</gpxtpx:hr>
</gpxtpx:TrackPointExtension>
</extensions>
</trkpt>
<trkpt lat="36.9726261" lon="127.878191">
<ele>73.564</ele>
<time>2026-05-12T10:49:35Z</time>
<extensions>
<gpxtpx:TrackPointExtension>
<gpxtpx:hr>169</gpxtpx:hr>
</gpxtpx:TrackPointExtension>
</extensions>
</trkpt>
<trkpt lat="36.9726009" lon="127.8781792">
<ele>73.693</ele>
<time>2026-05-12T10:49:36Z</time>
<extensions>
<gpxtpx:TrackPointExtension>
<gpxtpx:hr>169</gpxtpx:hr>
</gpxtpx:TrackPointExtension>
</extensions>
</trkpt>
<trkpt lat="36.9725758" lon="127.8781682">
<ele>73.744</ele>
<time>2026-05-12T10:49:37Z</time>
<extensions>
<gpxtpx:TrackPointExtension>
<gpxtpx:hr>169</gpxtpx:hr>
</gpxtpx:TrackPointExtension>
</extensions>
</trkpt>
<trkpt lat="36.9725507" lon="127.8781574">
<ele>73.734</ele>
<time>2026-05-12T10:49:38Z</time>
<extensions>
<gpxtpx:TrackPointExtension>
<gpxtpx:hr>169</gpxtpx:hr>
<gpxtpx:cad>172</gpxtpx:cad>
</gpxtpx:TrackPointExtension>
</extensions>
</trkpt>
<trkpt lat="36.9725258" lon="127.8781467">
<ele>73.766</ele>
<time>2026-05-12T10:49:39Z</time>
<extensions>
<gpxtpx:TrackPointExtension>
<gpxtpx:hr>169</gpxtpx:hr>
<gpxtpx:cad>172</gpxtpx:cad>
</gpxtpx:TrackPointExtension>
</extensions>
</trkpt>
<trkpt lat="36.9725009" lon="127.8781362">
<ele>73.754</ele>
<time>2026-05-12T10:49:40Z</time>
<extensions>
<gpxtpx:TrackPointExtension>
<gpxtpx:hr>169</gpxtpx:hr>
</gpxtpx:TrackPointExtension>
</extensions>
</trkpt>
<trkpt lat="36.9724761" lon="127.8781255">
<ele>73.76</ele>
<time>2026-05-12T10:49:41Z</time>
<extensions>
<gpxtpx:TrackPointExtension>
<gpxtpx:hr>169</gpxtpx:hr>
</gpxtpx:TrackPointExtension>
</extensions>
</trkpt>
<trkpt lat="36.9724513" lon="127.8781144">
<ele>73.784</ele>
<time>2026-05-12T10:49:42Z</time>
<extensions>
<gpxtpx:TrackPointExtension>
<gpxtpx:hr>169</gpxtpx:hr>
</gpxtpx:TrackPointExtension>
</extensions>
</trkpt>
<trkpt lat="36.9724266" lon="127.8781029">
<ele>73.739</ele>
<time>2026-05-12T10:49:43Z</time>
<extensions>
<gpxtpx:TrackPointExtension>
<gpxtpx:hr>169</gpxtpx:hr>
<gpxtpx:cad>174</gpxtpx:cad>
</gpxtpx:TrackPointExtension>
</extensions>
</trkpt>
<trkpt lat="36.9724018" lon="127.8780912">
<ele>73.69</ele>
<time>2026-05-12T10:49:44Z</time>
<extensions>
<gpxtpx:TrackPointExtension>
<gpxtpx:hr>170</gpxtpx:hr>
</gpxtpx:TrackPointExtension>
</extensions>
</trkpt>
<trkpt lat="36.9723765" lon="127.8780783">
<ele>73.683</ele>
<time>2026-05-12T10:49:45Z</time>
<extensions>
<gpxtpx:TrackPointExtension>
<gpxtpx:hr>170</gpxtpx:hr>
</gpxtpx:TrackPointExtension>
</extensions>
</trkpt>
<trkpt lat="36.9723513" lon="127.8780656">
<ele>73.678</ele>
<time>2026-05-12T10:49:46Z</time>
<extensions>
<gpxtpx:TrackPointExtension>
<gpxtpx:hr>171</gpxtpx:hr>
</gpxtpx:TrackPointExtension>
</extensions>
</trkpt>
<trkpt lat="36.9723256" lon="127.8780524">
<ele>73.647</ele>
<time>2026-05-12T10:49:47Z</time>
<extensions>
<gpxtpx:TrackPointExtension>
<gpxtpx:hr>171</gpxtpx:hr>
</gpxtpx:TrackPointExtension>
</extensions>
</trkpt>
<trkpt lat="36.9722995" lon="127.8780391">
<ele>73.681</ele>
<time>2026-05-12T10:49:48Z</time>
<extensions>
<gpxtpx:TrackPointExtension>
<gpxtpx:hr>171</gpxtpx:hr>
<gpxtpx:cad>177</gpxtpx:cad>
</gpxtpx:TrackPointExtension>
</extensions>
</trkpt>
<trkpt lat="36.9722732" lon="127.8780259">
<ele>73.715</ele>
<time>2026-05-12T10:49:49Z</time>
<extensions>
<gpxtpx:TrackPointExtension>
<gpxtpx:hr>171</gpxtpx:hr>
</gpxtpx:TrackPointExtension>
</extensions>
</trkpt>
<trkpt lat="36.9722471" lon="127.878013">
<ele>73.656</ele>
<time>2026-05-12T10:49:50Z</time>
<extensions>
<gpxtpx:TrackPointExtension>
<gpxtpx:hr>171</gpxtpx:hr>
</gpxtpx:TrackPointExtension>
</extensions>
</trkpt>
<trkpt lat="36.9722213" lon="127.8780003">
<ele>73.557</ele>
<time>2026-05-12T10:49:51Z</time>
<extensions>
<gpxtpx:TrackPointExtension>
<gpxtpx:hr>171</gpxtpx:hr>
</gpxtpx:TrackPointExtension>
</extensions>
</trkpt>
<trkpt lat="36.9721958" lon="127.8779875">
<ele>73.54</ele>
<time>2026-05-12T10:49:52Z</time>
<extensions>
<gpxtpx:TrackPointExtension>
<gpxtpx:hr>171</gpxtpx:hr>
</gpxtpx:TrackPointExtension>
</extensions>
</trkpt>
<trkpt lat="36.9721711" lon="127.8779744">
<ele>73.524</ele>
<time>2026-05-12T10:49:53Z</time>
<extensions>
<gpxtpx:TrackPointExtension>
<gpxtpx:hr>171</gpxtpx:hr>
<gpxtpx:cad>181</gpxtpx:cad>
</gpxtpx:TrackPointExtension>
</extensions>
</trkpt>
<trkpt lat="36.9721461" lon="127.8779611">
<ele>73.451</ele>
<time>2026-05-12T10:49:54Z</time>
<extensions>
<gpxtpx:TrackPointExtension>
<gpxtpx:hr>171</gpxtpx:hr>
</gpxtpx:TrackPointExtension>
</extensions>
</trkpt>
<trkpt lat="36.9721218" lon="127.8779469">
<ele>73.415</ele>
<time>2026-05-12T10:49:55Z</time>
<extensions>
<gpxtpx:TrackPointExtension>
<gpxtpx:hr>171</gpxtpx:hr>
</gpxtpx:TrackPointExtension>
</extensions>
</trkpt>
<trkpt lat="36.9720968" lon="127.8779329">
<ele>73.366</ele>
<time>2026-05-12T10:49:56Z</time>
<extensions>
<gpxtpx:TrackPointExtension>
<gpxtpx:hr>170</gpxtpx:hr>
</gpxtpx:TrackPointExtension>
</extensions>
</trkpt>
<trkpt lat="36.9720717" lon="127.8779192">
<ele>73.362</ele>
<time>2026-05-12T10:49:57Z</time>
<extensions>
<gpxtpx:TrackPointExtension>
<gpxtpx:hr>170</gpxtpx:hr>
</gpxtpx:TrackPointExtension>
</extensions>
</trkpt>
<trkpt lat="36.9720467" lon="127.8779055">
<ele>73.265</ele>
<time>2026-05-12T10:49:58Z</time>
<extensions>
<gpxtpx:TrackPointExtension>
<gpxtpx:hr>169</gpxtpx:hr>
<gpxtpx:cad>181</gpxtpx:cad>
</gpxtpx:TrackPointExtension>
</extensions>
</trkpt>
<trkpt lat="36.9720217" lon="127.8778917">
<ele>73.145</ele>
<time>2026-05-12T10:49:59Z</time>
<extensions>
<gpxtpx:TrackPointExtension>
<gpxtpx:hr>169</gpxtpx:hr>
</gpxtpx:TrackPointExtension>
</extensions>
</trkpt>
<trkpt lat="36.9719968" lon="127.8778779">
<ele>73.101</ele>
<time>2026-05-12T10:50:00Z</time>
<extensions>
<gpxtpx:TrackPointExtension>
<gpxtpx:hr>169</gpxtpx:hr>
</gpxtpx:TrackPointExtension>
</extensions>
</trkpt>
<trkpt lat="36.9719718" lon="127.877864">
<ele>73.083</ele>
<time>2026-05-12T10:50:01Z</time>
<extensions>
<gpxtpx:TrackPointExtension>
<gpxtpx:hr>168</gpxtpx:hr>
</gpxtpx:TrackPointExtension>
</extensions>
</trkpt>
<trkpt lat="36.9719467" lon="127.87785">
<ele>73.021</ele>
<time>2026-05-12T10:50:02Z</time>
<extensions>
<gpxtpx:TrackPointExtension>
<gpxtpx:hr>168</gpxtpx:hr>
</gpxtpx:TrackPointExtension>
</extensions>
</trkpt>
<trkpt lat="36.9719216" lon="127.8778359">
<ele>73.044</ele>
<time>2026-05-12T10:50:03Z</time>
<extensions>
<gpxtpx:TrackPointExtension>
<gpxtpx:hr>168</gpxtpx:hr>
<gpxtpx:cad>181</gpxtpx:cad>
</gpxtpx:TrackPointExtension>
</extensions>
</trkpt>
<trkpt lat="36.9718963" lon="127.8778217">
<ele>73.043</ele>
<time>2026-05-12T10:50:04Z</time>
<extensions>
<gpxtpx:TrackPointExtension>
<gpxtpx:hr>168</gpxtpx:hr>
</gpxtpx:TrackPointExtension>
</extensions>
</trkpt>
<trkpt lat="36.971871" lon="127.8778076">
<ele>73.042</ele>
<time>2026-05-12T10:50:05Z</time>
<extensions>
<gpxtpx:TrackPointExtension>
<gpxtpx:hr>168</gpxtpx:hr>
</gpxtpx:TrackPointExtension>
</extensions>
</trkpt>
<trkpt lat="36.9718455" lon="127.8777934">
<ele>72.943</ele>
<time>2026-05-12T10:50:06Z</time>
<extensions>
<gpxtpx:TrackPointExtension>
<gpxtpx:hr>168</gpxtpx:hr>
</gpxtpx:TrackPointExtension>
</extensions>
</trkpt>
<trkpt lat="36.97182" lon="127.8777793">
<ele>72.88</ele>
<time>2026-05-12T10:50:07Z</time>
<extensions>
<gpxtpx:TrackPointExtension>
<gpxtpx:hr>168</gpxtpx:hr>
</gpxtpx:TrackPointExtension>
</extensions>
</trkpt>
<trkpt lat="36.9717945" lon="127.8777653">
<ele>72.907</ele>
<time>2026-05-12T10:50:08Z</time>
<extensions>
<gpxtpx:TrackPointExtension>
<gpxtpx:hr>168</gpxtpx:hr>
<gpxtpx:cad>181</gpxtpx:cad>
</gpxtpx:TrackPointExtension>
</extensions>
</trkpt>
<trkpt lat="36.9717689" lon="127.8777515">
<ele>72.873</ele>
<time>2026-05-12T10:50:09Z</time>
<extensions>
<gpxtpx:TrackPointExtension>
<gpxtpx:hr>168</gpxtpx:hr>
</gpxtpx:TrackPointExtension>
</extensions>
</trkpt>
<trkpt lat="36.9717433" lon="127.8777374">
<ele>72.804</ele>
<time>2026-05-12T10:50:10Z</time>
<extensions>
<gpxtpx:TrackPointExtension>
<gpxtpx:hr>168</gpxtpx:hr>
</gpxtpx:TrackPointExtension>
</extensions>
</trkpt>
<trkpt lat="36.9717177" lon="127.8777242">
<ele>72.803</ele>
<time>2026-05-12T10:50:11Z</time>
<extensions>
<gpxtpx:TrackPointExtension>
<gpxtpx:hr>168</gpxtpx:hr>
</gpxtpx:TrackPointExtension>
</extensions>
</trkpt>
<trkpt lat="36.9716919" lon="127.8777104">
<ele>72.735</ele>
<time>2026-05-12T10:50:12Z</time>
<extensions>
<gpxtpx:TrackPointExtension>
<gpxtpx:hr>169</gpxtpx:hr>
<gpxtpx:cad>181</gpxtpx:cad>
</gpxtpx:TrackPointExtension>
</extensions>
</trkpt>
<trkpt lat="36.9716666" lon="127.8776974">
<ele>72.601</ele>
<time>2026-05-12T10:50:13Z</time>
<extensions>
<gpxtpx:TrackPointExtension>
<gpxtpx:hr>169</gpxtpx:hr>
<gpxtpx:cad>181</gpxtpx:cad>
</gpxtpx:TrackPointExtension>
</extensions>
</trkpt>
<trkpt lat="36.9716412" lon="127.8776841">
<ele>72.579</ele>
<time>2026-05-12T10:50:14Z</time>
<extensions>
<gpxtpx:TrackPointExtension>
<gpxtpx:hr>169</gpxtpx:hr>
</gpxtpx:TrackPointExtension>
</extensions>
</trkpt>
<trkpt lat="36.9716157" lon="127.8776708">
<ele>72.572</ele>
<time>2026-05-12T10:50:15Z</time>
<extensions>
<gpxtpx:TrackPointExtension>
<gpxtpx:hr>170</gpxtpx:hr>
</gpxtpx:TrackPointExtension>
</extensions>
</trkpt>
<trkpt lat="36.9715905" lon="127.8776573">
<ele>72.571</ele>
<time>2026-05-12T10:50:16Z</time>
<extensions>
<gpxtpx:TrackPointExtension>
<gpxtpx:hr>170</gpxtpx:hr>
</gpxtpx:TrackPointExtension>
</extensions>
</trkpt>
<trkpt lat="36.9715649" lon="127.8776441">
<ele>72.512</ele>
<time>2026-05-12T10:50:17Z</time>
<extensions>
<gpxtpx:TrackPointExtension>
<gpxtpx:hr>170</gpxtpx:hr>
</gpxtpx:TrackPointExtension>
</extensions>
</trkpt>
<trkpt lat="36.9715395" lon="127.8776305">
<ele>72.468</ele>
<time>2026-05-12T10:50:18Z</time>
<extensions>
<gpxtpx:TrackPointExtension>
<gpxtpx:hr>171</gpxtpx:hr>
<gpxtpx:cad>181</gpxtpx:cad>
</gpxtpx:TrackPointExtension>
</extensions>
</trkpt>
<trkpt lat="36.9715141" lon="127.8776171">
<ele>72.457</ele>
<time>2026-05-12T10:50:19Z</time>
<extensions>
<gpxtpx:TrackPointExtension>
<gpxtpx:hr>171</gpxtpx:hr>
</gpxtpx:TrackPointExtension>
</extensions>
</trkpt>
<trkpt lat="36.9714888" lon="127.8776035">
<ele>72.431</ele>
<time>2026-05-12T10:50:20Z</time>
<extensions>
<gpxtpx:TrackPointExtension>
<gpxtpx:hr>171</gpxtpx:hr>
</gpxtpx:TrackPointExtension>
</extensions>
</trkpt>
<trkpt lat="36.9714635" lon="127.8775901">
<ele>72.431</ele>
<time>2026-05-12T10:50:21Z</time>
<extensions>
<gpxtpx:TrackPointExtension>
<gpxtpx:hr>172</gpxtpx:hr>
</gpxtpx:TrackPointExtension>
</extensions>
</trkpt>
<trkpt lat="36.9714382" lon="127.8775764">
<ele>72.381</ele>
<time>2026-05-12T10:50:22Z</time>
<extensions>
<gpxtpx:TrackPointExtension>
<gpxtpx:hr>172</gpxtpx:hr>
</gpxtpx:TrackPointExtension>
</extensions>
</trkpt>
<trkpt lat="36.9714131" lon="127.8775631">
<ele>72.315</ele>
<time>2026-05-12T10:50:23Z</time>
<extensions>
<gpxtpx:TrackPointExtension>
<gpxtpx:hr>172</gpxtpx:hr>
<gpxtpx:cad>180</gpxtpx:cad>
</gpxtpx:TrackPointExtension>
</extensions>
</trkpt>
<trkpt lat="36.971388" lon="127.8775499">
<ele>72.307</ele>
<time>2026-05-12T10:50:24Z</time>
<extensions>
<gpxtpx:TrackPointExtension>
<gpxtpx:hr>173</gpxtpx:hr>
</gpxtpx:TrackPointExtension>
</extensions>
</trkpt>
<trkpt lat="36.9713627" lon="127.8775364">
<ele>72.415</ele>
<time>2026-05-12T10:50:25Z</time>
<extensions>
<gpxtpx:TrackPointExtension>
<gpxtpx:hr>173</gpxtpx:hr>
</gpxtpx:TrackPointExtension>
</extensions>
</trkpt>
<trkpt lat="36.9713375" lon="127.877523">
<ele>72.457</ele>
<time>2026-05-12T10:50:26Z</time>
<extensions>
<gpxtpx:TrackPointExtension>
<gpxtpx:hr>173</gpxtpx:hr>
</gpxtpx:TrackPointExtension>
</extensions>
</trkpt>
<trkpt lat="36.9713121" lon="127.8775099">
<ele>72.44</ele>
<time>2026-05-12T10:50:27Z</time>
<extensions>
<gpxtpx:TrackPointExtension>
<gpxtpx:hr>173</gpxtpx:hr>
</gpxtpx:TrackPointExtension>
</extensions>
</trkpt>
<trkpt lat="36.9712873" lon="127.8774967">
<ele>72.524</ele>
<time>2026-05-12T10:50:28Z</time>
<extensions>
<gpxtpx:TrackPointExtension>
<gpxtpx:hr>174</gpxtpx:hr>
<gpxtpx:cad>181</gpxtpx:cad>
</gpxtpx:TrackPointExtension>
</extensions>
</trkpt>
<trkpt lat="36.9712615" lon="127.8774821">
<ele>72.496</ele>
<time>2026-05-12T10:50:29Z</time>
<extensions>
<gpxtpx:TrackPointExtension>
<gpxtpx:hr>174</gpxtpx:hr>
</gpxtpx:TrackPointExtension>
</extensions>
</trkpt>
<trkpt lat="36.9712364" lon="127.8774689">
<ele>72.426</ele>
<time>2026-05-12T10:50:30Z</time>
<extensions>
<gpxtpx:TrackPointExtension>
<gpxtpx:hr>174</gpxtpx:hr>
</gpxtpx:TrackPointExtension>
</extensions>
</trkpt>
<trkpt lat="36.9712106" lon="127.8774549">
<ele>72.427</ele>
<time>2026-05-12T10:50:31Z</time>
<extensions>
<gpxtpx:TrackPointExtension>
<gpxtpx:hr>175</gpxtpx:hr>
</gpxtpx:TrackPointExtension>
</extensions>
</trkpt>
<trkpt lat="36.9711858" lon="127.8774426">
<ele>72.463</ele>
<time>2026-05-12T10:50:32Z</time>
<extensions>
<gpxtpx:TrackPointExtension>
<gpxtpx:hr>175</gpxtpx:hr>
</gpxtpx:TrackPointExtension>
</extensions>
</trkpt>
<trkpt lat="36.9711611" lon="127.8774305">
<ele>72.48</ele>
<time>2026-05-12T10:50:33Z</time>
<extensions>
<gpxtpx:TrackPointExtension>
<gpxtpx:hr>176</gpxtpx:hr>
<gpxtpx:cad>178</gpxtpx:cad>
</gpxtpx:TrackPointExtension>
</extensions>
</trkpt>
<trkpt lat="36.9711383" lon="127.8774205">
<ele>72.483</ele>
<time>2026-05-12T10:50:34Z</time>
<extensions>
<gpxtpx:TrackPointExtension>
<gpxtpx:hr>176</gpxtpx:hr>
</gpxtpx:TrackPointExtension>
</extensions>
</trkpt>
<trkpt lat="36.9711148" lon="127.8774098">
<ele>72.348</ele>
<time>2026-05-12T10:50:35Z</time>
<extensions>
<gpxtpx:TrackPointExtension>
<gpxtpx:hr>176</gpxtpx:hr>
</gpxtpx:TrackPointExtension>
</extensions>
</trkpt>
<trkpt lat="36.9710958" lon="127.8774028">
<ele>72.323</ele>
<time>2026-05-12T10:50:36Z</time>
</trkpt>
<trkpt lat="36.9710792" lon="127.8773986">
<ele>72.525</ele>
<time>2026-05-12T10:50:37Z</time>
<extensions>
<gpxtpx:TrackPointExtension>
<gpxtpx:hr>177</gpxtpx:hr>
</gpxtpx:TrackPointExtension>
</extensions>
</trkpt>
<trkpt lat="36.9710641" lon="127.8773975">
<ele>72.452</ele>
<time>2026-05-12T10:50:38Z</time>
<extensions>
<gpxtpx:TrackPointExtension>
<gpxtpx:hr>177</gpxtpx:hr>
<gpxtpx:cad>154</gpxtpx:cad>
</gpxtpx:TrackPointExtension>
</extensions>
</trkpt>
<trkpt lat="36.9710485" lon="127.8773959">
<ele>72.331</ele>
<time>2026-05-12T10:50:39Z</time>
<extensions>
<gpxtpx:TrackPointExtension>
<gpxtpx:hr>177</gpxtpx:hr>
</gpxtpx:TrackPointExtension>
</extensions>
</trkpt>
<trkpt lat="36.9710341" lon="127.8773972">
<ele>72.246</ele>
<time>2026-05-12T10:50:40Z</time>
<extensions>
<gpxtpx:TrackPointExtension>
<gpxtpx:hr>177</gpxtpx:hr>
</gpxtpx:TrackPointExtension>
</extensions>
</trkpt>
<trkpt lat="36.9710203" lon="127.8774015">
<ele>72.243</ele>
<time>2026-05-12T10:50:41Z</time>
<extensions>
<gpxtpx:TrackPointExtension>
<gpxtpx:hr>177</gpxtpx:hr>
</gpxtpx:TrackPointExtension>
</extensions>
</trkpt>
<trkpt lat="36.9710061" lon="127.877409">
<ele>72.195</ele>
<time>2026-05-12T10:50:42Z</time>
<extensions>
<gpxtpx:TrackPointExtension>
<gpxtpx:hr>178</gpxtpx:hr>
</gpxtpx:TrackPointExtension>
</extensions>
</trkpt>
<trkpt lat="36.9709931" lon="127.8774165">
<ele>72.098</ele>
<time>2026-05-12T10:50:43Z</time>
<extensions>
<gpxtpx:TrackPointExtension>
<gpxtpx:hr>178</gpxtpx:hr>
<gpxtpx:cad>118</gpxtpx:cad>
</gpxtpx:TrackPointExtension>
</extensions>
</trkpt>
<trkpt lat="36.9709771" lon="127.8774294">
<ele>72.093</ele>
<time>2026-05-12T10:50:44Z</time>
<extensions>
<gpxtpx:TrackPointExtension>
<gpxtpx:hr>179</gpxtpx:hr>
</gpxtpx:TrackPointExtension>
</extensions>
</trkpt>
<trkpt lat="36.9709582" lon="127.8774452">
<ele>72.013</ele>
<time>2026-05-12T10:50:45Z</time>
</trkpt>
<trkpt lat="36.9709363" lon="127.8774636">
<ele>71.873</ele>
<time>2026-05-12T10:50:46Z</time>
<extensions>
<gpxtpx:TrackPointExtension>
<gpxtpx:hr>179</gpxtpx:hr>
</gpxtpx:TrackPointExtension>
</extensions>
</trkpt>
<trkpt lat="36.9709115" lon="127.877484">
<ele>71.828</ele>
<time>2026-05-12T10:50:47Z</time>
<extensions>
<gpxtpx:TrackPointExtension>
<gpxtpx:hr>179</gpxtpx:hr>
</gpxtpx:TrackPointExtension>
</extensions>
</trkpt>
<trkpt lat="36.9708844" lon="127.8775054">
<ele>71.76</ele>
<time>2026-05-12T10:50:48Z</time>
<extensions>
<gpxtpx:TrackPointExtension>
<gpxtpx:hr>180</gpxtpx:hr>
<gpxtpx:cad>139</gpxtpx:cad>
</gpxtpx:TrackPointExtension>
</extensions>
</trkpt>
<trkpt lat="36.9708563" lon="127.8775263">
<ele>71.767</ele>
<time>2026-05-12T10:50:49Z</time>
<extensions>
<gpxtpx:TrackPointExtension>
<gpxtpx:hr>180</gpxtpx:hr>
<gpxtpx:cad>156</gpxtpx:cad>
</gpxtpx:TrackPointExtension>
</extensions>
</trkpt>
<trkpt lat="36.9708275" lon="127.877546">
<ele>71.736</ele>
<time>2026-05-12T10:50:50Z</time>
<extensions>
<gpxtpx:TrackPointExtension>
<gpxtpx:hr>180</gpxtpx:hr>
</gpxtpx:TrackPointExtension>
</extensions>
</trkpt>
<trkpt lat="36.9707982" lon="127.8775638">
<ele>71.654</ele>
<time>2026-05-12T10:50:51Z</time>
<extensions>
<gpxtpx:TrackPointExtension>
<gpxtpx:hr>180</gpxtpx:hr>
</gpxtpx:TrackPointExtension>
</extensions>
</trkpt>
<trkpt lat="36.9707684" lon="127.8775787">
<ele>71.677</ele>
<time>2026-05-12T10:50:52Z</time>
<extensions>
<gpxtpx:TrackPointExtension>
<gpxtpx:hr>180</gpxtpx:hr>
</gpxtpx:TrackPointExtension>
</extensions>
</trkpt>
<trkpt lat="36.9707385" lon="127.8775926">
<ele>71.732</ele>
<time>2026-05-12T10:50:53Z</time>
<extensions>
<gpxtpx:TrackPointExtension>
<gpxtpx:hr>180</gpxtpx:hr>
<gpxtpx:cad>177</gpxtpx:cad>
</gpxtpx:TrackPointExtension>
</extensions>
</trkpt>
<trkpt lat="36.9707083" lon="127.877605">
<ele>71.726</ele>
<time>2026-05-12T10:50:54Z</time>
<extensions>
<gpxtpx:TrackPointExtension>
<gpxtpx:hr>180</gpxtpx:hr>
</gpxtpx:TrackPointExtension>
</extensions>
</trkpt>
<trkpt lat="36.9706781" lon="127.877616">
<ele>71.586</ele>
<time>2026-05-12T10:50:55Z</time>
<extensions>
<gpxtpx:TrackPointExtension>
<gpxtpx:hr>180</gpxtpx:hr>
</gpxtpx:TrackPointExtension>
</extensions>
</trkpt>
<trkpt lat="36.9706478" lon="127.8776258">
<ele>71.562</ele>
<time>2026-05-12T10:50:56Z</time>
<extensions>
<gpxtpx:TrackPointExtension>
<gpxtpx:hr>179</gpxtpx:hr>
</gpxtpx:TrackPointExtension>
</extensions>
</trkpt>
<trkpt lat="36.9706175" lon="127.8776348">
<ele>71.648</ele>
<time>2026-05-12T10:50:57Z</time>
<extensions>
<gpxtpx:TrackPointExtension>
<gpxtpx:hr>179</gpxtpx:hr>
</gpxtpx:TrackPointExtension>
</extensions>
</trkpt>
<trkpt lat="36.9705872" lon="127.8776427">
<ele>71.619</ele>
<time>2026-05-12T10:50:58Z</time>
<extensions>
<gpxtpx:TrackPointExtension>
<gpxtpx:hr>178</gpxtpx:hr>
<gpxtpx:cad>180</gpxtpx:cad>
</gpxtpx:TrackPointExtension>
</extensions>
</trkpt>
<trkpt lat="36.9705568" lon="127.8776507">
<ele>71.683</ele>
<time>2026-05-12T10:50:59Z</time>
<extensions>
<gpxtpx:TrackPointExtension>
<gpxtpx:hr>177</gpxtpx:hr>
</gpxtpx:TrackPointExtension>
</extensions>
</trkpt>
<trkpt lat="36.9705264" lon="127.8776577">
<ele>71.695</ele>
<time>2026-05-12T10:51:00Z</time>
<extensions>
<gpxtpx:TrackPointExtension>
<gpxtpx:hr>177</gpxtpx:hr>
</gpxtpx:TrackPointExtension>
</extensions>
</trkpt>
<trkpt lat="36.9704959" lon="127.8776647">
<ele>71.743</ele>
<time>2026-05-12T10:51:01Z</time>
<extensions>
<gpxtpx:TrackPointExtension>
<gpxtpx:hr>177</gpxtpx:hr>
</gpxtpx:TrackPointExtension>
</extensions>
</trkpt>
<trkpt lat="36.9704657" lon="127.8776714">
<ele>71.753</ele>
<time>2026-05-12T10:51:02Z</time>
<extensions>
<gpxtpx:TrackPointExtension>
<gpxtpx:hr>177</gpxtpx:hr>
</gpxtpx:TrackPointExtension>
</extensions>
</trkpt>
<trkpt lat="36.9704356" lon="127.8776784">
<ele>71.741</ele>
<time>2026-05-12T10:51:03Z</time>
<extensions>
<gpxtpx:TrackPointExtension>
<gpxtpx:hr>177</gpxtpx:hr>
<gpxtpx:cad>180</gpxtpx:cad>
</gpxtpx:TrackPointExtension>
</extensions>
</trkpt>
<trkpt lat="36.9704063" lon="127.8776861">
<ele>71.719</ele>
<time>2026-05-12T10:51:04Z</time>
<extensions>
<gpxtpx:TrackPointExtension>
<gpxtpx:hr>177</gpxtpx:hr>
</gpxtpx:TrackPointExtension>
</extensions>
</trkpt>
<trkpt lat="36.9703776" lon="127.8776952">
<ele>71.725</ele>
<time>2026-05-12T10:51:05Z</time>
<extensions>
<gpxtpx:TrackPointExtension>
<gpxtpx:hr>176</gpxtpx:hr>
</gpxtpx:TrackPointExtension>
</extensions>
</trkpt>
<trkpt lat="36.9703482" lon="127.8777036">
<ele>71.706</ele>
<time>2026-05-12T10:51:06Z</time>
<extensions>
<gpxtpx:TrackPointExtension>
<gpxtpx:hr>176</gpxtpx:hr>
</gpxtpx:TrackPointExtension>
</extensions>
</trkpt>
<trkpt lat="36.9703198" lon="127.8777126">
<ele>71.738</ele>
<time>2026-05-12T10:51:07Z</time>
<extensions>
<gpxtpx:TrackPointExtension>
<gpxtpx:hr>175</gpxtpx:hr>
</gpxtpx:TrackPointExtension>
</extensions>
</trkpt>
<trkpt lat="36.970291" lon="127.8777212">
<ele>71.704</ele>
<time>2026-05-12T10:51:08Z</time>
<extensions>
<gpxtpx:TrackPointExtension>
<gpxtpx:hr>175</gpxtpx:hr>
<gpxtpx:cad>181</gpxtpx:cad>
</gpxtpx:TrackPointExtension>
</extensions>
</trkpt>
<trkpt lat="36.9702625" lon="127.8777299">
<ele>71.751</ele>
<time>2026-05-12T10:51:09Z</time>
<extensions>
<gpxtpx:TrackPointExtension>
<gpxtpx:hr>174</gpxtpx:hr>
</gpxtpx:TrackPointExtension>
</extensions>
</trkpt>
<trkpt lat="36.9702342" lon="127.8777387">
<ele>71.723</ele>
<time>2026-05-12T10:51:10Z</time>
<extensions>
<gpxtpx:TrackPointExtension>
<gpxtpx:hr>174</gpxtpx:hr>
</gpxtpx:TrackPointExtension>
</extensions>
</trkpt>
<trkpt lat="36.9702061" lon="127.8777476">
<ele>71.791</ele>
<time>2026-05-12T10:51:11Z</time>
<extensions>
<gpxtpx:TrackPointExtension>
<gpxtpx:hr>174</gpxtpx:hr>
</gpxtpx:TrackPointExtension>
</extensions>
</trkpt>
<trkpt lat="36.9701777" lon="127.8777567">
<ele>71.477</ele>
<time>2026-05-12T10:51:12Z</time>
<extensions>
<gpxtpx:TrackPointExtension>
<gpxtpx:hr>174</gpxtpx:hr>
</gpxtpx:TrackPointExtension>
</extensions>
</trkpt>
<trkpt lat="36.9701499" lon="127.8777657">
<ele>71.361</ele>
<time>2026-05-12T10:51:13Z</time>
<extensions>
<gpxtpx:TrackPointExtension>
<gpxtpx:hr>174</gpxtpx:hr>
<gpxtpx:cad>180</gpxtpx:cad>
</gpxtpx:TrackPointExtension>
</extensions>
</trkpt>
<trkpt lat="36.970122" lon="127.8777751">
<ele>71.44</ele>
<time>2026-05-12T10:51:14Z</time>
<extensions>
<gpxtpx:TrackPointExtension>
<gpxtpx:hr>174</gpxtpx:hr>
</gpxtpx:TrackPointExtension>
</extensions>
</trkpt>
<trkpt lat="36.9700937" lon="127.8777839">
<ele>71.505</ele>
<time>2026-05-12T10:51:15Z</time>
<extensions>
<gpxtpx:TrackPointExtension>
<gpxtpx:hr>174</gpxtpx:hr>
</gpxtpx:TrackPointExtension>
</extensions>
</trkpt>
<trkpt lat="36.9700659" lon="127.8777932">
<ele>71.794</ele>
<time>2026-05-12T10:51:16Z</time>
<extensions>
<gpxtpx:TrackPointExtension>
<gpxtpx:hr>175</gpxtpx:hr>
</gpxtpx:TrackPointExtension>
</extensions>
</trkpt>
<trkpt lat="36.9700383" lon="127.8778014">
<ele>71.727</ele>
<time>2026-05-12T10:51:17Z</time>
<extensions>
<gpxtpx:TrackPointExtension>
<gpxtpx:hr>175</gpxtpx:hr>
</gpxtpx:TrackPointExtension>
</extensions>
</trkpt>
<trkpt lat="36.9700107" lon="127.8778099">
<ele>71.725</ele>
<time>2026-05-12T10:51:18Z</time>
<extensions>
<gpxtpx:TrackPointExtension>
<gpxtpx:hr>176</gpxtpx:hr>
<gpxtpx:cad>176</gpxtpx:cad>
</gpxtpx:TrackPointExtension>
</extensions>
</trkpt>
<trkpt lat="36.969983" lon="127.8778182">
<ele>71.803</ele>
<time>2026-05-12T10:51:19Z</time>
<extensions>
<gpxtpx:TrackPointExtension>
<gpxtpx:hr>176</gpxtpx:hr>
<gpxtpx:cad>175</gpxtpx:cad>
</gpxtpx:TrackPointExtension>
</extensions>
</trkpt>
<trkpt lat="36.9699559" lon="127.8778255">
<ele>71.687</ele>
<time>2026-05-12T10:51:20Z</time>
<extensions>
<gpxtpx:TrackPointExtension>
<gpxtpx:hr>176</gpxtpx:hr>
</gpxtpx:TrackPointExtension>
</extensions>
</trkpt>
<trkpt lat="36.969928" lon="127.8778339">
<ele>71.471</ele>
<time>2026-05-12T10:51:21Z</time>
<extensions>
<gpxtpx:TrackPointExtension>
<gpxtpx:hr>177</gpxtpx:hr>
</gpxtpx:TrackPointExtension>
</extensions>
</trkpt>
<trkpt lat="36.9699007" lon="127.8778419">
<ele>71.456</ele>
<time>2026-05-12T10:51:22Z</time>
<extensions>
<gpxtpx:TrackPointExtension>
<gpxtpx:hr>177</gpxtpx:hr>
</gpxtpx:TrackPointExtension>
</extensions>
</trkpt>
<trkpt lat="36.9698739" lon="127.8778486">
<ele>71.675</ele>
<time>2026-05-12T10:51:23Z</time>
<extensions>
<gpxtpx:TrackPointExtension>
<gpxtpx:hr>178</gpxtpx:hr>
<gpxtpx:cad>174</gpxtpx:cad>
</gpxtpx:TrackPointExtension>
</extensions>
</trkpt>
<trkpt lat="36.9698467" lon="127.877856">
<ele>71.808</ele>
<time>2026-05-12T10:51:24Z</time>
<extensions>
<gpxtpx:TrackPointExtension>
<gpxtpx:hr>178</gpxtpx:hr>
</gpxtpx:TrackPointExtension>
</extensions>
</trkpt>
<trkpt lat="36.9698201" lon="127.8778622">
<ele>71.873</ele>
<time>2026-05-12T10:51:25Z</time>
<extensions>
<gpxtpx:TrackPointExtension>
<gpxtpx:hr>178</gpxtpx:hr>
</gpxtpx:TrackPointExtension>
</extensions>
</trkpt>
<trkpt lat="36.9697922" lon="127.877869">
<ele>71.984</ele>
<time>2026-05-12T10:51:26Z</time>
<extensions>
<gpxtpx:TrackPointExtension>
<gpxtpx:hr>179</gpxtpx:hr>
</gpxtpx:TrackPointExtension>
</extensions>
</trkpt>
<trkpt lat="36.9697634" lon="127.8778752">
<ele>71.881</ele>
<time>2026-05-12T10:51:27Z</time>
<extensions>
<gpxtpx:TrackPointExtension>
<gpxtpx:hr>179</gpxtpx:hr>
</gpxtpx:TrackPointExtension>
</extensions>
</trkpt>
<trkpt lat="36.9697358" lon="127.877882">
<ele>71.791</ele>
<time>2026-05-12T10:51:28Z</time>
<extensions>
<gpxtpx:TrackPointExtension>
<gpxtpx:hr>180</gpxtpx:hr>
<gpxtpx:cad>175</gpxtpx:cad>
</gpxtpx:TrackPointExtension>
</extensions>
</trkpt>
<trkpt lat="36.9697066" lon="127.8778882">
<ele>71.711</ele>
<time>2026-05-12T10:51:29Z</time>
<extensions>
<gpxtpx:TrackPointExtension>
<gpxtpx:hr>181</gpxtpx:hr>
</gpxtpx:TrackPointExtension>
</extensions>
</trkpt>
<trkpt lat="36.9696788" lon="127.8778947">
<ele>71.678</ele>
<time>2026-05-12T10:51:30Z</time>
<extensions>
<gpxtpx:TrackPointExtension>
<gpxtpx:hr>181</gpxtpx:hr>
</gpxtpx:TrackPointExtension>
</extensions>
</trkpt>
<trkpt lat="36.9696499" lon="127.877901">
<ele>71.718</ele>
<time>2026-05-12T10:51:31Z</time>
<extensions>
<gpxtpx:TrackPointExtension>
<gpxtpx:hr>181</gpxtpx:hr>
</gpxtpx:TrackPointExtension>
</extensions>
</trkpt>
<trkpt lat="36.9696214" lon="127.8779071">
<ele>71.642</ele>
<time>2026-05-12T10:51:32Z</time>
<extensions>
<gpxtpx:TrackPointExtension>
<gpxtpx:hr>181</gpxtpx:hr>
</gpxtpx:TrackPointExtension>
</extensions>
</trkpt>
<trkpt lat="36.9695927" lon="127.8779133">
<ele>71.671</ele>
<time>2026-05-12T10:51:33Z</time>
<extensions>
<gpxtpx:TrackPointExtension>
<gpxtpx:hr>181</gpxtpx:hr>
<gpxtpx:cad>176</gpxtpx:cad>
</gpxtpx:TrackPointExtension>
</extensions>
</trkpt>
<trkpt lat="36.9695631" lon="127.8779198">
<ele>71.639</ele>
<time>2026-05-12T10:51:34Z</time>
<extensions>
<gpxtpx:TrackPointExtension>
<gpxtpx:hr>180</gpxtpx:hr>
</gpxtpx:TrackPointExtension>
</extensions>
</trkpt>
<trkpt lat="36.9695336" lon="127.8779265">
<ele>71.611</ele>
<time>2026-05-12T10:51:35Z</time>
<extensions>
<gpxtpx:TrackPointExtension>
<gpxtpx:hr>180</gpxtpx:hr>
</gpxtpx:TrackPointExtension>
</extensions>
</trkpt>
<trkpt lat="36.969504" lon="127.8779333">
<ele>71.565</ele>
<time>2026-05-12T10:51:36Z</time>
<extensions>
<gpxtpx:TrackPointExtension>
<gpxtpx:hr>180</gpxtpx:hr>
</gpxtpx:TrackPointExtension>
</extensions>
</trkpt>
<trkpt lat="36.9694745" lon="127.8779402">
<ele>71.546</ele>
<time>2026-05-12T10:51:37Z</time>
<extensions>
<gpxtpx:TrackPointExtension>
<gpxtpx:hr>180</gpxtpx:hr>
</gpxtpx:TrackPointExtension>
</extensions>
</trkpt>
<trkpt lat="36.969445" lon="127.8779473">
<ele>71.649</ele>
<time>2026-05-12T10:51:38Z</time>
<extensions>
<gpxtpx:TrackPointExtension>
<gpxtpx:hr>179</gpxtpx:hr>
<gpxtpx:cad>177</gpxtpx:cad>
</gpxtpx:TrackPointExtension>
</extensions>
</trkpt>
<trkpt lat="36.9694156" lon="127.8779545">
<ele>71.677</ele>
<time>2026-05-12T10:51:39Z</time>
<extensions>
<gpxtpx:TrackPointExtension>
<gpxtpx:hr>179</gpxtpx:hr>
</gpxtpx:TrackPointExtension>
</extensions>
</trkpt>
<trkpt lat="36.9693864" lon="127.8779619">
<ele>71.697</ele>
<time>2026-05-12T10:51:40Z</time>
<extensions>
<gpxtpx:TrackPointExtension>
<gpxtpx:hr>179</gpxtpx:hr>
</gpxtpx:TrackPointExtension>
</extensions>
</trkpt>
<trkpt lat="36.9693573" lon="127.8779693">
<ele>71.743</ele>
<time>2026-05-12T10:51:41Z</time>
<extensions>
<gpxtpx:TrackPointExtension>
<gpxtpx:hr>178</gpxtpx:hr>
</gpxtpx:TrackPointExtension>
</extensions>
</trkpt>
<trkpt lat="36.9693285" lon="127.8779769">
<ele>71.744</ele>
<time>2026-05-12T10:51:42Z</time>
<extensions>
<gpxtpx:TrackPointExtension>
<gpxtpx:hr>178</gpxtpx:hr>
</gpxtpx:TrackPointExtension>
</extensions>
</trkpt>
<trkpt lat="36.9692991" lon="127.8779845">
<ele>71.731</ele>
<time>2026-05-12T10:51:43Z</time>
<extensions>
<gpxtpx:TrackPointExtension>
<gpxtpx:hr>177</gpxtpx:hr>
<gpxtpx:cad>177</gpxtpx:cad>
</gpxtpx:TrackPointExtension>
</extensions>
</trkpt>
<trkpt lat="36.9692712" lon="127.8779923">
<ele>71.557</ele>
<time>2026-05-12T10:51:44Z</time>
<extensions>
<gpxtpx:TrackPointExtension>
<gpxtpx:hr>177</gpxtpx:hr>
</gpxtpx:TrackPointExtension>
</extensions>
</trkpt>
<trkpt lat="36.9692437" lon="127.8779999">
<ele>71.457</ele>
<time>2026-05-12T10:51:45Z</time>
<extensions>
<gpxtpx:TrackPointExtension>
<gpxtpx:hr>177</gpxtpx:hr>
</gpxtpx:TrackPointExtension>
</extensions>
</trkpt>
<trkpt lat="36.9692156" lon="127.8780077">
<ele>71.552</ele>
<time>2026-05-12T10:51:46Z</time>
<extensions>
<gpxtpx:TrackPointExtension>
<gpxtpx:hr>176</gpxtpx:hr>
</gpxtpx:TrackPointExtension>
</extensions>
</trkpt>
<trkpt lat="36.9691876" lon="127.8780155">
<ele>71.591</ele>
<time>2026-05-12T10:51:47Z</time>
<extensions>
<gpxtpx:TrackPointExtension>
<gpxtpx:hr>176</gpxtpx:hr>
</gpxtpx:TrackPointExtension>
</extensions>
</trkpt>
<trkpt lat="36.9691596" lon="127.8780233">
<ele>71.618</ele>
<time>2026-05-12T10:51:48Z</time>
<extensions>
<gpxtpx:TrackPointExtension>
<gpxtpx:hr>175</gpxtpx:hr>
<gpxtpx:cad>175</gpxtpx:cad>
</gpxtpx:TrackPointExtension>
</extensions>
</trkpt>
<trkpt lat="36.9691316" lon="127.878031">
<ele>71.595</ele>
<time>2026-05-12T10:51:49Z</time>
<extensions>
<gpxtpx:TrackPointExtension>
<gpxtpx:hr>174</gpxtpx:hr>
<gpxtpx:cad>174</gpxtpx:cad>
</gpxtpx:TrackPointExtension>
</extensions>
</trkpt>
<trkpt lat="36.9691036" lon="127.8780387">
<ele>71.626</ele>
<time>2026-05-12T10:51:50Z</time>
<extensions>
<gpxtpx:TrackPointExtension>
<gpxtpx:hr>174</gpxtpx:hr>
</gpxtpx:TrackPointExtension>
</extensions>
</trkpt>
<trkpt lat="36.9690756" lon="127.8780462">
<ele>71.575</ele>
<time>2026-05-12T10:51:51Z</time>
<extensions>
<gpxtpx:TrackPointExtension>
<gpxtpx:hr>174</gpxtpx:hr>
</gpxtpx:TrackPointExtension>
</extensions>
</trkpt>
<trkpt lat="36.9690474" lon="127.8780539">
<ele>71.619</ele>
<time>2026-05-12T10:51:52Z</time>
<extensions>
<gpxtpx:TrackPointExtension>
<gpxtpx:hr>173</gpxtpx:hr>
</gpxtpx:TrackPointExtension>
</extensions>
</trkpt>
<trkpt lat="36.9690195" lon="127.8780609">
<ele>71.559</ele>
<time>2026-05-12T10:51:53Z</time>
<extensions>
<gpxtpx:TrackPointExtension>
<gpxtpx:hr>173</gpxtpx:hr>
<gpxtpx:cad>175</gpxtpx:cad>
</gpxtpx:TrackPointExtension>
</extensions>
</trkpt>
<trkpt lat="36.9689915" lon="127.8780679">
<ele>71.538</ele>
<time>2026-05-12T10:51:54Z</time>
<extensions>
<gpxtpx:TrackPointExtension>
<gpxtpx:hr>173</gpxtpx:hr>
</gpxtpx:TrackPointExtension>
</extensions>
</trkpt>
<trkpt lat="36.9689637" lon="127.8780749">
<ele>71.638</ele>
<time>2026-05-12T10:51:55Z</time>
<extensions>
<gpxtpx:TrackPointExtension>
<gpxtpx:hr>173</gpxtpx:hr>
</gpxtpx:TrackPointExtension>
</extensions>
</trkpt>
<trkpt lat="36.9689359" lon="127.8780818">
<ele>71.664</ele>
<time>2026-05-12T10:51:56Z</time>
<extensions>
<gpxtpx:TrackPointExtension>
<gpxtpx:hr>174</gpxtpx:hr>
</gpxtpx:TrackPointExtension>
</extensions>
</trkpt>
<trkpt lat="36.9689086" lon="127.8780883">
<ele>71.683</ele>
<time>2026-05-12T10:51:57Z</time>
<extensions>
<gpxtpx:TrackPointExtension>
<gpxtpx:hr>174</gpxtpx:hr>
</gpxtpx:TrackPointExtension>
</extensions>
</trkpt>
<trkpt lat="36.9688807" lon="127.8780953">
<ele>71.711</ele>
<time>2026-05-12T10:51:58Z</time>
<extensions>
<gpxtpx:TrackPointExtension>
<gpxtpx:hr>174</gpxtpx:hr>
<gpxtpx:cad>175</gpxtpx:cad>
</gpxtpx:TrackPointExtension>
</extensions>
</trkpt>
<trkpt lat="36.9688538" lon="127.878102">
<ele>71.745</ele>
<time>2026-05-12T10:51:59Z</time>
<extensions>
<gpxtpx:TrackPointExtension>
<gpxtpx:hr>174</gpxtpx:hr>
</gpxtpx:TrackPointExtension>
</extensions>
</trkpt>
<trkpt lat="36.968826" lon="127.8781088">
<ele>71.723</ele>
<time>2026-05-12T10:52:00Z</time>
<extensions>
<gpxtpx:TrackPointExtension>
<gpxtpx:hr>174</gpxtpx:hr>
</gpxtpx:TrackPointExtension>
</extensions>
</trkpt>
<trkpt lat="36.9687994" lon="127.8781159">
<ele>71.733</ele>
<time>2026-05-12T10:52:01Z</time>
<extensions>
<gpxtpx:TrackPointExtension>
<gpxtpx:hr>174</gpxtpx:hr>
</gpxtpx:TrackPointExtension>
</extensions>
</trkpt>
<trkpt lat="36.9687721" lon="127.8781226">
<ele>71.662</ele>
<time>2026-05-12T10:52:02Z</time>
<extensions>
<gpxtpx:TrackPointExtension>
<gpxtpx:hr>173</gpxtpx:hr>
</gpxtpx:TrackPointExtension>
</extensions>
</trkpt>
<trkpt lat="36.9687455" lon="127.8781295">
<ele>71.558</ele>
<time>2026-05-12T10:52:03Z</time>
<extensions>
<gpxtpx:TrackPointExtension>
<gpxtpx:hr>173</gpxtpx:hr>
<gpxtpx:cad>173</gpxtpx:cad>
</gpxtpx:TrackPointExtension>
</extensions>
</trkpt>
<trkpt lat="36.9687183" lon="127.8781355">
<ele>71.555</ele>
<time>2026-05-12T10:52:04Z</time>
<extensions>
<gpxtpx:TrackPointExtension>
<gpxtpx:hr>172</gpxtpx:hr>
</gpxtpx:TrackPointExtension>
</extensions>
</trkpt>
<trkpt lat="36.9686918" lon="127.8781424">
<ele>71.526</ele>
<time>2026-05-12T10:52:05Z</time>
<extensions>
<gpxtpx:TrackPointExtension>
<gpxtpx:hr>171</gpxtpx:hr>
</gpxtpx:TrackPointExtension>
</extensions>
</trkpt>
<trkpt lat="36.9686651" lon="127.878149">
<ele>71.531</ele>
<time>2026-05-12T10:52:06Z</time>
<extensions>
<gpxtpx:TrackPointExtension>
<gpxtpx:hr>170</gpxtpx:hr>
</gpxtpx:TrackPointExtension>
</extensions>
</trkpt>
<trkpt lat="36.968639" lon="127.8781569">
<ele>71.474</ele>
<time>2026-05-12T10:52:07Z</time>
<extensions>
<gpxtpx:TrackPointExtension>
<gpxtpx:hr>170</gpxtpx:hr>
</gpxtpx:TrackPointExtension>
</extensions>
</trkpt>
<trkpt lat="36.968613" lon="127.878165">
<ele>71.44</ele>
<time>2026-05-12T10:52:08Z</time>
<extensions>
<gpxtpx:TrackPointExtension>
<gpxtpx:hr>169</gpxtpx:hr>
<gpxtpx:cad>174</gpxtpx:cad>
</gpxtpx:TrackPointExtension>
</extensions>
</trkpt>
<trkpt lat="36.9685876" lon="127.8781737">
<ele>71.419</ele>
<time>2026-05-12T10:52:09Z</time>
<extensions>
<gpxtpx:TrackPointExtension>
<gpxtpx:hr>169</gpxtpx:hr>
</gpxtpx:TrackPointExtension>
</extensions>
</trkpt>
<trkpt lat="36.968562" lon="127.8781824">
<ele>71.467</ele>
<time>2026-05-12T10:52:10Z</time>
<extensions>
<gpxtpx:TrackPointExtension>
<gpxtpx:hr>169</gpxtpx:hr>
</gpxtpx:TrackPointExtension>
</extensions>
</trkpt>
<trkpt lat="36.9685367" lon="127.8781905">
<ele>71.487</ele>
<time>2026-05-12T10:52:11Z</time>
<extensions>
<gpxtpx:TrackPointExtension>
<gpxtpx:hr>169</gpxtpx:hr>
</gpxtpx:TrackPointExtension>
</extensions>
</trkpt>
<trkpt lat="36.9685114" lon="127.8781989">
<ele>71.497</ele>
<time>2026-05-12T10:52:12Z</time>
<extensions>
<gpxtpx:TrackPointExtension>
<gpxtpx:hr>169</gpxtpx:hr>
</gpxtpx:TrackPointExtension>
</extensions>
</trkpt>
<trkpt lat="36.968486" lon="127.8782053">
<ele>71.52</ele>
<time>2026-05-12T10:52:13Z</time>
<extensions>
<gpxtpx:TrackPointExtension>
<gpxtpx:hr>169</gpxtpx:hr>
<gpxtpx:cad>179</gpxtpx:cad>
</gpxtpx:TrackPointExtension>
</extensions>
</trkpt>
<trkpt lat="36.9684606" lon="127.8782121">
<ele>71.497</ele>
<time>2026-05-12T10:52:14Z</time>
<extensions>
<gpxtpx:TrackPointExtension>
<gpxtpx:hr>169</gpxtpx:hr>
</gpxtpx:TrackPointExtension>
</extensions>
</trkpt>
<trkpt lat="36.9684348" lon="127.878216">
<ele>71.497</ele>
<time>2026-05-12T10:52:15Z</time>
<extensions>
<gpxtpx:TrackPointExtension>
<gpxtpx:hr>169</gpxtpx:hr>
</gpxtpx:TrackPointExtension>
</extensions>
</trkpt>
<trkpt lat="36.968409" lon="127.8782203">
<ele>71.49</ele>
<time>2026-05-12T10:52:16Z</time>
<extensions>
<gpxtpx:TrackPointExtension>
<gpxtpx:hr>169</gpxtpx:hr>
</gpxtpx:TrackPointExtension>
</extensions>
</trkpt>
<trkpt lat="36.9683826" lon="127.8782217">
<ele>71.427</ele>
<time>2026-05-12T10:52:17Z</time>
<extensions>
<gpxtpx:TrackPointExtension>
<gpxtpx:hr>169</gpxtpx:hr>
</gpxtpx:TrackPointExtension>
</extensions>
</trkpt>
<trkpt lat="36.9683563" lon="127.8782235">
<ele>71.384</ele>
<time>2026-05-12T10:52:18Z</time>
<extensions>
<gpxtpx:TrackPointExtension>
<gpxtpx:hr>169</gpxtpx:hr>
<gpxtpx:cad>181</gpxtpx:cad>
</gpxtpx:TrackPointExtension>
</extensions>
</trkpt>
<trkpt lat="36.9683296" lon="127.878223">
<ele>71.449</ele>
<time>2026-05-12T10:52:19Z</time>
<extensions>
<gpxtpx:TrackPointExtension>
<gpxtpx:hr>169</gpxtpx:hr>
</gpxtpx:TrackPointExtension>
</extensions>
</trkpt>
<trkpt lat="36.9683029" lon="127.8782228">
<ele>71.433</ele>
<time>2026-05-12T10:52:20Z</time>
<extensions>
<gpxtpx:TrackPointExtension>
<gpxtpx:hr>169</gpxtpx:hr>
</gpxtpx:TrackPointExtension>
</extensions>
</trkpt>
<trkpt lat="36.9682759" lon="127.8782213">
<ele>71.424</ele>
<time>2026-05-12T10:52:21Z</time>
<extensions>
<gpxtpx:TrackPointExtension>
<gpxtpx:hr>169</gpxtpx:hr>
</gpxtpx:TrackPointExtension>
</extensions>
</trkpt>
<trkpt lat="36.9682488" lon="127.8782197">
<ele>71.435</ele>
<time>2026-05-12T10:52:22Z</time>
<extensions>
<gpxtpx:TrackPointExtension>
<gpxtpx:hr>169</gpxtpx:hr>
<gpxtpx:cad>181</gpxtpx:cad>
</gpxtpx:TrackPointExtension>
</extensions>
</trkpt>
<trkpt lat="36.9682218" lon="127.8782179">
<ele>71.438</ele>
<time>2026-05-12T10:52:23Z</time>
<extensions>
<gpxtpx:TrackPointExtension>
<gpxtpx:hr>170</gpxtpx:hr>
<gpxtpx:cad>181</gpxtpx:cad>
</gpxtpx:TrackPointExtension>
</extensions>
</trkpt>
<trkpt lat="36.9681951" lon="127.8782161">
<ele>71.452</ele>
<time>2026-05-12T10:52:24Z</time>
<extensions>
<gpxtpx:TrackPointExtension>
<gpxtpx:hr>170</gpxtpx:hr>
</gpxtpx:TrackPointExtension>
</extensions>
</trkpt>
<trkpt lat="36.9681686" lon="127.8782144">
<ele>71.483</ele>
<time>2026-05-12T10:52:25Z</time>
<extensions>
<gpxtpx:TrackPointExtension>
<gpxtpx:hr>171</gpxtpx:hr>
</gpxtpx:TrackPointExtension>
</extensions>
</trkpt>
<trkpt lat="36.9681437" lon="127.8782123">
<ele>71.43</ele>
<time>2026-05-12T10:52:26Z</time>
<extensions>
<gpxtpx:TrackPointExtension>
<gpxtpx:hr>171</gpxtpx:hr>
</gpxtpx:TrackPointExtension>
</extensions>
</trkpt>
<trkpt lat="36.9681182" lon="127.8782104">
<ele>71.366</ele>
<time>2026-05-12T10:52:27Z</time>
<extensions>
<gpxtpx:TrackPointExtension>
<gpxtpx:hr>171</gpxtpx:hr>
</gpxtpx:TrackPointExtension>
</extensions>
</trkpt>
<trkpt lat="36.9680938" lon="127.8782075">
<ele>71.355</ele>
<time>2026-05-12T10:52:28Z</time>
<extensions>
<gpxtpx:TrackPointExtension>
<gpxtpx:hr>171</gpxtpx:hr>
<gpxtpx:cad>180</gpxtpx:cad>
</gpxtpx:TrackPointExtension>
</extensions>
</trkpt>
<trkpt lat="36.9680679" lon="127.8782054">
<ele>71.331</ele>
<time>2026-05-12T10:52:29Z</time>
<extensions>
<gpxtpx:TrackPointExtension>
<gpxtpx:hr>172</gpxtpx:hr>
</gpxtpx:TrackPointExtension>
</extensions>
</trkpt>
<trkpt lat="36.968044" lon="127.8782017">
<ele>71.333</ele>
<time>2026-05-12T10:52:30Z</time>
<extensions>
<gpxtpx:TrackPointExtension>
<gpxtpx:hr>172</gpxtpx:hr>
</gpxtpx:TrackPointExtension>
</extensions>
</trkpt>
<trkpt lat="36.9680194" lon="127.8781985">
<ele>71.325</ele>
<time>2026-05-12T10:52:31Z</time>
<extensions>
<gpxtpx:TrackPointExtension>
<gpxtpx:hr>172</gpxtpx:hr>
</gpxtpx:TrackPointExtension>
</extensions>
</trkpt>
<trkpt lat="36.9679948" lon="127.8781953">
<ele>71.329</ele>
<time>2026-05-12T10:52:32Z</time>
<extensions>
<gpxtpx:TrackPointExtension>
<gpxtpx:hr>172</gpxtpx:hr>
</gpxtpx:TrackPointExtension>
</extensions>
</trkpt>
<trkpt lat="36.9679698" lon="127.8781936">
<ele>71.464</ele>
<time>2026-05-12T10:52:33Z</time>
<extensions>
<gpxtpx:TrackPointExtension>
<gpxtpx:hr>171</gpxtpx:hr>
<gpxtpx:cad>170</gpxtpx:cad>
</gpxtpx:TrackPointExtension>
</extensions>
</trkpt>
<trkpt lat="36.9679463" lon="127.8781899">
<ele>71.502</ele>
<time>2026-05-12T10:52:34Z</time>
<extensions>
<gpxtpx:TrackPointExtension>
<gpxtpx:hr>171</gpxtpx:hr>
</gpxtpx:TrackPointExtension>
</extensions>
</trkpt>
<trkpt lat="36.9679231" lon="127.8781862">
<ele>71.486</ele>
<time>2026-05-12T10:52:35Z</time>
<extensions>
<gpxtpx:TrackPointExtension>
<gpxtpx:hr>171</gpxtpx:hr>
</gpxtpx:TrackPointExtension>
</extensions>
</trkpt>
<trkpt lat="36.9679003" lon="127.8781816">
<ele>71.459</ele>
<time>2026-05-12T10:52:36Z</time>
<extensions>
<gpxtpx:TrackPointExtension>
<gpxtpx:hr>170</gpxtpx:hr>
</gpxtpx:TrackPointExtension>
</extensions>
</trkpt>
<trkpt lat="36.9678774" lon="127.8781761">
<ele>71.46</ele>
<time>2026-05-12T10:52:37Z</time>
<extensions>
<gpxtpx:TrackPointExtension>
<gpxtpx:hr>170</gpxtpx:hr>
</gpxtpx:TrackPointExtension>
</extensions>
</trkpt>
<trkpt lat="36.9678537" lon="127.8781695">
<ele>71.505</ele>
<time>2026-05-12T10:52:38Z</time>
<extensions>
<gpxtpx:TrackPointExtension>
<gpxtpx:hr>170</gpxtpx:hr>
<gpxtpx:cad>166</gpxtpx:cad>
</gpxtpx:TrackPointExtension>
</extensions>
</trkpt>
<trkpt lat="36.9678301" lon="127.8781631">
<ele>71.559</ele>
<time>2026-05-12T10:52:39Z</time>
<extensions>
<gpxtpx:TrackPointExtension>
<gpxtpx:hr>169</gpxtpx:hr>
</gpxtpx:TrackPointExtension>
</extensions>
</trkpt>
<trkpt lat="36.9678059" lon="127.8781561">
<ele>71.596</ele>
<time>2026-05-12T10:52:40Z</time>
<extensions>
<gpxtpx:TrackPointExtension>
<gpxtpx:hr>169</gpxtpx:hr>
</gpxtpx:TrackPointExtension>
</extensions>
</trkpt>
<trkpt lat="36.9677814" lon="127.8781486">
<ele>71.621</ele>
<time>2026-05-12T10:52:41Z</time>
<extensions>
<gpxtpx:TrackPointExtension>
<gpxtpx:hr>169</gpxtpx:hr>
</gpxtpx:TrackPointExtension>
</extensions>
</trkpt>
<trkpt lat="36.9677567" lon="127.8781406">
<ele>71.64</ele>
<time>2026-05-12T10:52:42Z</time>
<extensions>
<gpxtpx:TrackPointExtension>
<gpxtpx:hr>168</gpxtpx:hr>
</gpxtpx:TrackPointExtension>
</extensions>
</trkpt>
<trkpt lat="36.9677319" lon="127.8781318">
<ele>71.645</ele>
<time>2026-05-12T10:52:43Z</time>
<extensions>
<gpxtpx:TrackPointExtension>
<gpxtpx:hr>168</gpxtpx:hr>
<gpxtpx:cad>174</gpxtpx:cad>
</gpxtpx:TrackPointExtension>
</extensions>
</trkpt>
<trkpt lat="36.9677071" lon="127.8781228">
<ele>71.61</ele>
<time>2026-05-12T10:52:44Z</time>
<extensions>
<gpxtpx:TrackPointExtension>
<gpxtpx:hr>168</gpxtpx:hr>
</gpxtpx:TrackPointExtension>
</extensions>
</trkpt>
<trkpt lat="36.9676823" lon="127.8781117">
<ele>71.619</ele>
<time>2026-05-12T10:52:45Z</time>
<extensions>
<gpxtpx:TrackPointExtension>
<gpxtpx:hr>168</gpxtpx:hr>
</gpxtpx:TrackPointExtension>
</extensions>
</trkpt>
<trkpt lat="36.9676576" lon="127.8781006">
<ele>71.609</ele>
<time>2026-05-12T10:52:46Z</time>
<extensions>
<gpxtpx:TrackPointExtension>
<gpxtpx:hr>168</gpxtpx:hr>
</gpxtpx:TrackPointExtension>
</extensions>
</trkpt>
<trkpt lat="36.9676328" lon="127.8780889">
<ele>71.572</ele>
<time>2026-05-12T10:52:47Z</time>
<extensions>
<gpxtpx:TrackPointExtension>
<gpxtpx:hr>167</gpxtpx:hr>
</gpxtpx:TrackPointExtension>
</extensions>
</trkpt>
<trkpt lat="36.9676081" lon="127.8780769">
<ele>71.517</ele>
<time>2026-05-12T10:52:48Z</time>
<extensions>
<gpxtpx:TrackPointExtension>
<gpxtpx:hr>167</gpxtpx:hr>
<gpxtpx:cad>179</gpxtpx:cad>
</gpxtpx:TrackPointExtension>
</extensions>
</trkpt>
<trkpt lat="36.9675833" lon="127.8780647">
<ele>71.569</ele>
<time>2026-05-12T10:52:49Z</time>
<extensions>
<gpxtpx:TrackPointExtension>
<gpxtpx:hr>167</gpxtpx:hr>
</gpxtpx:TrackPointExtension>
</extensions>
</trkpt>
<trkpt lat="36.9675585" lon="127.8780524">
<ele>71.56</ele>
<time>2026-05-12T10:52:50Z</time>
<extensions>
<gpxtpx:TrackPointExtension>
<gpxtpx:hr>167</gpxtpx:hr>
</gpxtpx:TrackPointExtension>
</extensions>
</trkpt>
<trkpt lat="36.9675338" lon="127.8780396">
<ele>71.56</ele>
<time>2026-05-12T10:52:51Z</time>
<extensions>
<gpxtpx:TrackPointExtension>
<gpxtpx:hr>166</gpxtpx:hr>
</gpxtpx:TrackPointExtension>
</extensions>
</trkpt>
<trkpt lat="36.9675095" lon="127.8780247">
<ele>71.576</ele>
<time>2026-05-12T10:52:52Z</time>
<extensions>
<gpxtpx:TrackPointExtension>
<gpxtpx:hr>166</gpxtpx:hr>
</gpxtpx:TrackPointExtension>
</extensions>
</trkpt>
<trkpt lat="36.9674851" lon="127.87801">
<ele>71.555</ele>
<time>2026-05-12T10:52:53Z</time>
<extensions>
<gpxtpx:TrackPointExtension>
<gpxtpx:hr>166</gpxtpx:hr>
<gpxtpx:cad>177</gpxtpx:cad>
</gpxtpx:TrackPointExtension>
</extensions>
</trkpt>
<trkpt lat="36.967461" lon="127.8779925">
<ele>71.561</ele>
<time>2026-05-12T10:52:54Z</time>
<extensions>
<gpxtpx:TrackPointExtension>
<gpxtpx:hr>166</gpxtpx:hr>
</gpxtpx:TrackPointExtension>
</extensions>
</trkpt>
<trkpt lat="36.9674367" lon="127.8779767">
<ele>71.628</ele>
<time>2026-05-12T10:52:55Z</time>
<extensions>
<gpxtpx:TrackPointExtension>
<gpxtpx:hr>165</gpxtpx:hr>
</gpxtpx:TrackPointExtension>
</extensions>
</trkpt>
<trkpt lat="36.9674124" lon="127.877961">
<ele>71.61</ele>
<time>2026-05-12T10:52:56Z</time>
<extensions>
<gpxtpx:TrackPointExtension>
<gpxtpx:hr>165</gpxtpx:hr>
</gpxtpx:TrackPointExtension>
</extensions>
</trkpt>
<trkpt lat="36.9673881" lon="127.8779449">
<ele>71.601</ele>
<time>2026-05-12T10:52:57Z</time>
<extensions>
<gpxtpx:TrackPointExtension>
<gpxtpx:hr>165</gpxtpx:hr>
<gpxtpx:cad>173</gpxtpx:cad>
</gpxtpx:TrackPointExtension>
</extensions>
</trkpt>
<trkpt lat="36.9673638" lon="127.8779285">
<ele>71.537</ele>
<time>2026-05-12T10:52:58Z</time>
<extensions>
<gpxtpx:TrackPointExtension>
<gpxtpx:hr>165</gpxtpx:hr>
<gpxtpx:cad>172</gpxtpx:cad>
</gpxtpx:TrackPointExtension>
</extensions>
</trkpt>
<trkpt lat="36.9673396" lon="127.8779113">
<ele>71.493</ele>
<time>2026-05-12T10:52:59Z</time>
<extensions>
<gpxtpx:TrackPointExtension>
<gpxtpx:hr>165</gpxtpx:hr>
</gpxtpx:TrackPointExtension>
</extensions>
</trkpt>
<trkpt lat="36.9673154" lon="127.8778949">
<ele>71.51</ele>
<time>2026-05-12T10:53:00Z</time>
<extensions>
<gpxtpx:TrackPointExtension>
<gpxtpx:hr>165</gpxtpx:hr>
</gpxtpx:TrackPointExtension>
</extensions>
</trkpt>
<trkpt lat="36.9672912" lon="127.877878">
<ele>71.471</ele>
<time>2026-05-12T10:53:01Z</time>
<extensions>
<gpxtpx:TrackPointExtension>
<gpxtpx:hr>165</gpxtpx:hr>
</gpxtpx:TrackPointExtension>
</extensions>
</trkpt>
<trkpt lat="36.9672671" lon="127.877861">
<ele>71.46</ele>
<time>2026-05-12T10:53:02Z</time>
<extensions>
<gpxtpx:TrackPointExtension>
<gpxtpx:hr>166</gpxtpx:hr>
</gpxtpx:TrackPointExtension>
</extensions>
</trkpt>
<trkpt lat="36.967243" lon="127.8778446">
<ele>71.447</ele>
<time>2026-05-12T10:53:03Z</time>
<extensions>
<gpxtpx:TrackPointExtension>
<gpxtpx:hr>166</gpxtpx:hr>
<gpxtpx:cad>171</gpxtpx:cad>
</gpxtpx:TrackPointExtension>
</extensions>
</trkpt>
<trkpt lat="36.9672188" lon="127.8778273">
<ele>71.492</ele>
<time>2026-05-12T10:53:04Z</time>
<extensions>
<gpxtpx:TrackPointExtension>
<gpxtpx:hr>166</gpxtpx:hr>
</gpxtpx:TrackPointExtension>
</extensions>
</trkpt>
<trkpt lat="36.967195" lon="127.8778115">
<ele>71.467</ele>
<time>2026-05-12T10:53:05Z</time>
<extensions>
<gpxtpx:TrackPointExtension>
<gpxtpx:hr>166</gpxtpx:hr>
</gpxtpx:TrackPointExtension>
</extensions>
</trkpt>
<trkpt lat="36.9671712" lon="127.8777951">
<ele>71.472</ele>
<time>2026-05-12T10:53:06Z</time>
<extensions>
<gpxtpx:TrackPointExtension>
<gpxtpx:hr>166</gpxtpx:hr>
</gpxtpx:TrackPointExtension>
</extensions>
</trkpt>
<trkpt lat="36.967147" lon="127.8777782">
<ele>71.427</ele>
<time>2026-05-12T10:53:07Z</time>
<extensions>
<gpxtpx:TrackPointExtension>
<gpxtpx:hr>165</gpxtpx:hr>
</gpxtpx:TrackPointExtension>
</extensions>
</trkpt>
<trkpt lat="36.9671237" lon="127.8777629">
<ele>71.461</ele>
<time>2026-05-12T10:53:08Z</time>
<extensions>
<gpxtpx:TrackPointExtension>
<gpxtpx:hr>165</gpxtpx:hr>
<gpxtpx:cad>174</gpxtpx:cad>
</gpxtpx:TrackPointExtension>
</extensions>
</trkpt>
<trkpt lat="36.9671002" lon="127.877747">
<ele>71.496</ele>
<time>2026-05-12T10:53:09Z</time>
<extensions>
<gpxtpx:TrackPointExtension>
<gpxtpx:hr>165</gpxtpx:hr>
</gpxtpx:TrackPointExtension>
</extensions>
</trkpt>
<trkpt lat="36.9670768" lon="127.8777313">
<ele>71.492</ele>
<time>2026-05-12T10:53:10Z</time>
<extensions>
<gpxtpx:TrackPointExtension>
<gpxtpx:hr>166</gpxtpx:hr>
</gpxtpx:TrackPointExtension>
</extensions>
</trkpt>
<trkpt lat="36.9670535" lon="127.8777157">
<ele>71.466</ele>
<time>2026-05-12T10:53:11Z</time>
<extensions>
<gpxtpx:TrackPointExtension>
<gpxtpx:hr>166</gpxtpx:hr>
</gpxtpx:TrackPointExtension>
</extensions>
</trkpt>
<trkpt lat="36.9670303" lon="127.8777001">
<ele>71.418</ele>
<time>2026-05-12T10:53:12Z</time>
<extensions>
<gpxtpx:TrackPointExtension>
<gpxtpx:hr>166</gpxtpx:hr>
</gpxtpx:TrackPointExtension>
</extensions>
</trkpt>
<trkpt lat="36.9670072" lon="127.8776845">
<ele>71.399</ele>
<time>2026-05-12T10:53:13Z</time>
<extensions>
<gpxtpx:TrackPointExtension>
<gpxtpx:hr>166</gpxtpx:hr>
<gpxtpx:cad>175</gpxtpx:cad>
</gpxtpx:TrackPointExtension>
</extensions>
</trkpt>
<trkpt lat="36.9669842" lon="127.8776687">
<ele>71.329</ele>
<time>2026-05-12T10:53:14Z</time>
<extensions>
<gpxtpx:TrackPointExtension>
<gpxtpx:hr>166</gpxtpx:hr>
</gpxtpx:TrackPointExtension>
</extensions>
</trkpt>
<trkpt lat="36.9669611" lon="127.8776536">
<ele>71.313</ele>
<time>2026-05-12T10:53:15Z</time>
<extensions>
<gpxtpx:TrackPointExtension>
<gpxtpx:hr>166</gpxtpx:hr>
</gpxtpx:TrackPointExtension>
</extensions>
</trkpt>
<trkpt lat="36.9669383" lon="127.8776385">
<ele>71.255</ele>
<time>2026-05-12T10:53:16Z</time>
<extensions>
<gpxtpx:TrackPointExtension>
<gpxtpx:hr>166</gpxtpx:hr>
</gpxtpx:TrackPointExtension>
</extensions>
</trkpt>
<trkpt lat="36.9669158" lon="127.8776233">
<ele>71.314</ele>
<time>2026-05-12T10:53:17Z</time>
<extensions>
<gpxtpx:TrackPointExtension>
<gpxtpx:hr>166</gpxtpx:hr>
</gpxtpx:TrackPointExtension>
</extensions>
</trkpt>
<trkpt lat="36.9668935" lon="127.8776075">
<ele>71.374</ele>
<time>2026-05-12T10:53:18Z</time>
<extensions>
<gpxtpx:TrackPointExtension>
<gpxtpx:hr>166</gpxtpx:hr>
<gpxtpx:cad>171</gpxtpx:cad>
</gpxtpx:TrackPointExtension>
</extensions>
</trkpt>
<trkpt lat="36.9668712" lon="127.8775913">
<ele>71.406</ele>
<time>2026-05-12T10:53:19Z</time>
<extensions>
<gpxtpx:TrackPointExtension>
<gpxtpx:hr>166</gpxtpx:hr>
</gpxtpx:TrackPointExtension>
</extensions>
</trkpt>
<trkpt lat="36.9668486" lon="127.8775745">
<ele>71.494</ele>
<time>2026-05-12T10:53:20Z</time>
</trkpt>
<trkpt lat="36.9668259" lon="127.8775572">
<ele>71.577</ele>
<time>2026-05-12T10:53:21Z</time>
<extensions>
<gpxtpx:TrackPointExtension>
<gpxtpx:hr>165</gpxtpx:hr>
</gpxtpx:TrackPointExtension>
</extensions>
</trkpt>
<trkpt lat="36.9668031" lon="127.8775398">
<ele>71.551</ele>
<time>2026-05-12T10:53:22Z</time>
<extensions>
<gpxtpx:TrackPointExtension>
<gpxtpx:hr>165</gpxtpx:hr>
</gpxtpx:TrackPointExtension>
</extensions>
</trkpt>
<trkpt lat="36.9667804" lon="127.8775212">
<ele>71.569</ele>
<time>2026-05-12T10:53:23Z</time>
<extensions>
<gpxtpx:TrackPointExtension>
<gpxtpx:hr>165</gpxtpx:hr>
<gpxtpx:cad>170</gpxtpx:cad>
</gpxtpx:TrackPointExtension>
</extensions>
</trkpt>
<trkpt lat="36.9667576" lon="127.8775028">
<ele>71.557</ele>
<time>2026-05-12T10:53:24Z</time>
<extensions>
<gpxtpx:TrackPointExtension>
<gpxtpx:hr>165</gpxtpx:hr>
</gpxtpx:TrackPointExtension>
</extensions>
</trkpt>
<trkpt lat="36.9667358" lon="127.8774831">
<ele>71.508</ele>
<time>2026-05-12T10:53:25Z</time>
<extensions>
<gpxtpx:TrackPointExtension>
<gpxtpx:hr>165</gpxtpx:hr>
</gpxtpx:TrackPointExtension>
</extensions>
</trkpt>
<trkpt lat="36.9667142" lon="127.8774632">
<ele>71.505</ele>
<time>2026-05-12T10:53:26Z</time>
<extensions>
<gpxtpx:TrackPointExtension>
<gpxtpx:hr>165</gpxtpx:hr>
</gpxtpx:TrackPointExtension>
</extensions>
</trkpt>
<trkpt lat="36.9666932" lon="127.8774428">
<ele>71.545</ele>
<time>2026-05-12T10:53:27Z</time>
<extensions>
<gpxtpx:TrackPointExtension>
<gpxtpx:hr>165</gpxtpx:hr>
</gpxtpx:TrackPointExtension>
</extensions>
</trkpt>
<trkpt lat="36.9666732" lon="127.8774214">
<ele>71.59</ele>
<time>2026-05-12T10:53:28Z</time>
<extensions>
<gpxtpx:TrackPointExtension>
<gpxtpx:hr>165</gpxtpx:hr>
<gpxtpx:cad>175</gpxtpx:cad>
</gpxtpx:TrackPointExtension>
</extensions>
</trkpt>
<trkpt lat="36.9666529" lon="127.8774004">
<ele>71.548</ele>
<time>2026-05-12T10:53:29Z</time>
<extensions>
<gpxtpx:TrackPointExtension>
<gpxtpx:hr>165</gpxtpx:hr>
</gpxtpx:TrackPointExtension>
</extensions>
</trkpt>
<trkpt lat="36.9666333" lon="127.8773786">
<ele>71.576</ele>
<time>2026-05-12T10:53:30Z</time>
<extensions>
<gpxtpx:TrackPointExtension>
<gpxtpx:hr>165</gpxtpx:hr>
</gpxtpx:TrackPointExtension>
</extensions>
</trkpt>
<trkpt lat="36.966614" lon="127.8773565">
<ele>71.655</ele>
<time>2026-05-12T10:53:31Z</time>
<extensions>
<gpxtpx:TrackPointExtension>
<gpxtpx:hr>165</gpxtpx:hr>
<gpxtpx:cad>178</gpxtpx:cad>
</gpxtpx:TrackPointExtension>
</extensions>
</trkpt>
<trkpt lat="36.9665948" lon="127.8773343">
<ele>71.77</ele>
<time>2026-05-12T10:53:32Z</time>
<extensions>
<gpxtpx:TrackPointExtension>
<gpxtpx:hr>165</gpxtpx:hr>
</gpxtpx:TrackPointExtension>
</extensions>
</trkpt>
<trkpt lat="36.9665757" lon="127.8773121">
<ele>71.825</ele>
<time>2026-05-12T10:53:33Z</time>
<extensions>
<gpxtpx:TrackPointExtension>
<gpxtpx:hr>165</gpxtpx:hr>
<gpxtpx:cad>180</gpxtpx:cad>
</gpxtpx:TrackPointExtension>
</extensions>
</trkpt>
<trkpt lat="36.9665567" lon="127.8772898">
<ele>71.783</ele>
<time>2026-05-12T10:53:34Z</time>
<extensions>
<gpxtpx:TrackPointExtension>
<gpxtpx:hr>165</gpxtpx:hr>
</gpxtpx:TrackPointExtension>
</extensions>
</trkpt>
<trkpt lat="36.9665377" lon="127.8772674">
<ele>71.75</ele>
<time>2026-05-12T10:53:35Z</time>
<extensions>
<gpxtpx:TrackPointExtension>
<gpxtpx:hr>165</gpxtpx:hr>
</gpxtpx:TrackPointExtension>
</extensions>
</trkpt>
<trkpt lat="36.9665183" lon="127.8772447">
<ele>71.72</ele>
<time>2026-05-12T10:53:36Z</time>
<extensions>
<gpxtpx:TrackPointExtension>
<gpxtpx:hr>165</gpxtpx:hr>
</gpxtpx:TrackPointExtension>
</extensions>
</trkpt>
<trkpt lat="36.9664987" lon="127.8772217">
<ele>71.736</ele>
<time>2026-05-12T10:53:37Z</time>
<extensions>
<gpxtpx:TrackPointExtension>
<gpxtpx:hr>165</gpxtpx:hr>
</gpxtpx:TrackPointExtension>
</extensions>
</trkpt>
<trkpt lat="36.966479" lon="127.8771988">
<ele>71.635</ele>
<time>2026-05-12T10:53:38Z</time>
<extensions>
<gpxtpx:TrackPointExtension>
<gpxtpx:hr>165</gpxtpx:hr>
<gpxtpx:cad>181</gpxtpx:cad>
</gpxtpx:TrackPointExtension>
</extensions>
</trkpt>
<trkpt lat="36.9664594" lon="127.8771763">
<ele>71.6</ele>
<time>2026-05-12T10:53:39Z</time>
<extensions>
<gpxtpx:TrackPointExtension>
<gpxtpx:hr>165</gpxtpx:hr>
</gpxtpx:TrackPointExtension>
</extensions>
</trkpt>
<trkpt lat="36.96644" lon="127.8771536">
<ele>71.536</ele>
<time>2026-05-12T10:53:40Z</time>
<extensions>
<gpxtpx:TrackPointExtension>
<gpxtpx:hr>165</gpxtpx:hr>
</gpxtpx:TrackPointExtension>
</extensions>
</trkpt>
<trkpt lat="36.9664205" lon="127.8771319">
<ele>71.493</ele>
<time>2026-05-12T10:53:41Z</time>
<extensions>
<gpxtpx:TrackPointExtension>
<gpxtpx:hr>166</gpxtpx:hr>
</gpxtpx:TrackPointExtension>
</extensions>
</trkpt>
<trkpt lat="36.966401" lon="127.8771098">
<ele>71.503</ele>
<time>2026-05-12T10:53:42Z</time>
<extensions>
<gpxtpx:TrackPointExtension>
<gpxtpx:hr>166</gpxtpx:hr>
</gpxtpx:TrackPointExtension>
</extensions>
</trkpt>
<trkpt lat="36.9663814" lon="127.8770875">
<ele>71.382</ele>
<time>2026-05-12T10:53:43Z</time>
<extensions>
<gpxtpx:TrackPointExtension>
<gpxtpx:hr>166</gpxtpx:hr>
<gpxtpx:cad>179</gpxtpx:cad>
</gpxtpx:TrackPointExtension>
</extensions>
</trkpt>
<trkpt lat="36.9663617" lon="127.8770642">
<ele>71.304</ele>
<time>2026-05-12T10:53:44Z</time>
<extensions>
<gpxtpx:TrackPointExtension>
<gpxtpx:hr>166</gpxtpx:hr>
</gpxtpx:TrackPointExtension>
</extensions>
</trkpt>
<trkpt lat="36.9663421" lon="127.8770421">
<ele>71.294</ele>
<time>2026-05-12T10:53:45Z</time>
<extensions>
<gpxtpx:TrackPointExtension>
<gpxtpx:hr>167</gpxtpx:hr>
</gpxtpx:TrackPointExtension>
</extensions>
</trkpt>
<trkpt lat="36.9663226" lon="127.8770205">
<ele>71.261</ele>
<time>2026-05-12T10:53:46Z</time>
<extensions>
<gpxtpx:TrackPointExtension>
<gpxtpx:hr>167</gpxtpx:hr>
</gpxtpx:TrackPointExtension>
</extensions>
</trkpt>
<trkpt lat="36.9663033" lon="127.876999">
<ele>71.209</ele>
<time>2026-05-12T10:53:47Z</time>
<extensions>
<gpxtpx:TrackPointExtension>
<gpxtpx:hr>168</gpxtpx:hr>
</gpxtpx:TrackPointExtension>
</extensions>
</trkpt>
<trkpt lat="36.966284" lon="127.8769788">
<ele>71.093</ele>
<time>2026-05-12T10:53:48Z</time>
<extensions>
<gpxtpx:TrackPointExtension>
<gpxtpx:hr>169</gpxtpx:hr>
<gpxtpx:cad>176</gpxtpx:cad>
</gpxtpx:TrackPointExtension>
</extensions>
</trkpt>
<trkpt lat="36.9662646" lon="127.8769585">
<ele>71.085</ele>
<time>2026-05-12T10:53:49Z</time>
<extensions>
<gpxtpx:TrackPointExtension>
<gpxtpx:hr>169</gpxtpx:hr>
</gpxtpx:TrackPointExtension>
</extensions>
</trkpt>
<trkpt lat="36.9662452" lon="127.8769384">
<ele>71.22</ele>
<time>2026-05-12T10:53:50Z</time>
<extensions>
<gpxtpx:TrackPointExtension>
<gpxtpx:hr>169</gpxtpx:hr>
</gpxtpx:TrackPointExtension>
</extensions>
</trkpt>
<trkpt lat="36.9662256" lon="127.8769172">
<ele>71.345</ele>
<time>2026-05-12T10:53:51Z</time>
<extensions>
<gpxtpx:TrackPointExtension>
<gpxtpx:hr>169</gpxtpx:hr>
</gpxtpx:TrackPointExtension>
</extensions>
</trkpt>
<trkpt lat="36.966206" lon="127.8768952">
<ele>71.171</ele>
<time>2026-05-12T10:53:53Z</time>
<extensions>
<gpxtpx:TrackPointExtension>
<gpxtpx:hr>169</gpxtpx:hr>
</gpxtpx:TrackPointExtension>
</extensions>
</trkpt>
<trkpt lat="36.9661865" lon="127.8768723">
<ele>71.152</ele>
<time>2026-05-12T10:53:54Z</time>
<extensions>
<gpxtpx:TrackPointExtension>
<gpxtpx:hr>169</gpxtpx:hr>
<gpxtpx:cad>174</gpxtpx:cad>
</gpxtpx:TrackPointExtension>
</extensions>
</trkpt>
<trkpt lat="36.966167" lon="127.876849">
<ele>71.093</ele>
<time>2026-05-12T10:53:55Z</time>
</trkpt>
<trkpt lat="36.9661475" lon="127.876825">
<ele>71.152</ele>
<time>2026-05-12T10:53:56Z</time>
<extensions>
<gpxtpx:TrackPointExtension>
<gpxtpx:hr>168</gpxtpx:hr>
</gpxtpx:TrackPointExtension>
</extensions>
</trkpt>
<trkpt lat="36.9661287" lon="127.8767994">
<ele>71.214</ele>
<time>2026-05-12T10:53:57Z</time>
<extensions>
<gpxtpx:TrackPointExtension>
<gpxtpx:hr>168</gpxtpx:hr>
</gpxtpx:TrackPointExtension>
</extensions>
</trkpt>
<trkpt lat="36.9661101" lon="127.8767735">
<ele>71.219</ele>
<time>2026-05-12T10:53:58Z</time>
<extensions>
<gpxtpx:TrackPointExtension>
<gpxtpx:hr>167</gpxtpx:hr>
</gpxtpx:TrackPointExtension>
</extensions>
</trkpt>
<trkpt lat="36.9660922" lon="127.8767468">
<ele>71.157</ele>
<time>2026-05-12T10:53:59Z</time>
<extensions>
<gpxtpx:TrackPointExtension>
<gpxtpx:hr>166</gpxtpx:hr>
<gpxtpx:cad>175</gpxtpx:cad>
</gpxtpx:TrackPointExtension>
</extensions>
</trkpt>
<trkpt lat="36.9660745" lon="127.8767198">
<ele>71.149</ele>
<time>2026-05-12T10:54:00Z</time>
<extensions>
<gpxtpx:TrackPointExtension>
<gpxtpx:hr>166</gpxtpx:hr>
</gpxtpx:TrackPointExtension>
</extensions>
</trkpt>
<trkpt lat="36.9660576" lon="127.8766923">
<ele>71.175</ele>
<time>2026-05-12T10:54:01Z</time>
<extensions>
<gpxtpx:TrackPointExtension>
<gpxtpx:hr>165</gpxtpx:hr>
</gpxtpx:TrackPointExtension>
</extensions>
</trkpt>
<trkpt lat="36.966041" lon="127.8766647">
<ele>71.184</ele>
<time>2026-05-12T10:54:02Z</time>
<extensions>
<gpxtpx:TrackPointExtension>
<gpxtpx:hr>165</gpxtpx:hr>
</gpxtpx:TrackPointExtension>
</extensions>
</trkpt>
<trkpt lat="36.9660261" lon="127.8766366">
<ele>71.25</ele>
<time>2026-05-12T10:54:03Z</time>
<extensions>
<gpxtpx:TrackPointExtension>
<gpxtpx:hr>165</gpxtpx:hr>
</gpxtpx:TrackPointExtension>
</extensions>
</trkpt>
<trkpt lat="36.9660119" lon="127.8766083">
<ele>71.276</ele>
<time>2026-05-12T10:54:04Z</time>
<extensions>
<gpxtpx:TrackPointExtension>
<gpxtpx:hr>164</gpxtpx:hr>
<gpxtpx:cad>178</gpxtpx:cad>
</gpxtpx:TrackPointExtension>
</extensions>
</trkpt>
<trkpt lat="36.9659986" lon="127.8765797">
<ele>71.368</ele>
<time>2026-05-12T10:54:05Z</time>
<extensions>
<gpxtpx:TrackPointExtension>
<gpxtpx:hr>164</gpxtpx:hr>
<gpxtpx:cad>179</gpxtpx:cad>
</gpxtpx:TrackPointExtension>
</extensions>
</trkpt>
<trkpt lat="36.9659859" lon="127.8765508">
<ele>71.319</ele>
<time>2026-05-12T10:54:06Z</time>
<extensions>
<gpxtpx:TrackPointExtension>
<gpxtpx:hr>164</gpxtpx:hr>
</gpxtpx:TrackPointExtension>
</extensions>
</trkpt>
<trkpt lat="36.9659734" lon="127.8765215">
<ele>71.282</ele>
<time>2026-05-12T10:54:07Z</time>
<extensions>
<gpxtpx:TrackPointExtension>
<gpxtpx:hr>164</gpxtpx:hr>
</gpxtpx:TrackPointExtension>
</extensions>
</trkpt>
<trkpt lat="36.965961" lon="127.8764919">
<ele>71.313</ele>
<time>2026-05-12T10:54:08Z</time>
<extensions>
<gpxtpx:TrackPointExtension>
<gpxtpx:hr>164</gpxtpx:hr>
</gpxtpx:TrackPointExtension>
</extensions>
</trkpt>
<trkpt lat="36.9659493" lon="127.8764614">
<ele>71.342</ele>
<time>2026-05-12T10:54:09Z</time>
<extensions>
<gpxtpx:TrackPointExtension>
<gpxtpx:hr>164</gpxtpx:hr>
<gpxtpx:cad>181</gpxtpx:cad>
</gpxtpx:TrackPointExtension>
</extensions>
</trkpt>
<trkpt lat="36.9659373" lon="127.8764312">
<ele>71.309</ele>
<time>2026-05-12T10:54:10Z</time>
<extensions>
<gpxtpx:TrackPointExtension>
<gpxtpx:hr>164</gpxtpx:hr>
</gpxtpx:TrackPointExtension>
</extensions>
</trkpt>
<trkpt lat="36.9659269" lon="127.8764004">
<ele>71.306</ele>
<time>2026-05-12T10:54:11Z</time>
<extensions>
<gpxtpx:TrackPointExtension>
<gpxtpx:hr>163</gpxtpx:hr>
</gpxtpx:TrackPointExtension>
</extensions>
</trkpt>
<trkpt lat="36.9659161" lon="127.8763697">
<ele>71.285</ele>
<time>2026-05-12T10:54:12Z</time>
<extensions>
<gpxtpx:TrackPointExtension>
<gpxtpx:hr>163</gpxtpx:hr>
</gpxtpx:TrackPointExtension>
</extensions>
</trkpt>
<trkpt lat="36.965907" lon="127.8763386">
<ele>71.267</ele>
<time>2026-05-12T10:54:13Z</time>
<extensions>
<gpxtpx:TrackPointExtension>
<gpxtpx:hr>163</gpxtpx:hr>
</gpxtpx:TrackPointExtension>
</extensions>
</trkpt>
<trkpt lat="36.9658977" lon="127.8763074">
<ele>71.224</ele>
<time>2026-05-12T10:54:14Z</time>
<extensions>
<gpxtpx:TrackPointExtension>
<gpxtpx:hr>163</gpxtpx:hr>
<gpxtpx:cad>181</gpxtpx:cad>
</gpxtpx:TrackPointExtension>
</extensions>
</trkpt>
<trkpt lat="36.9658874" lon="127.8762756">
<ele>71.199</ele>
<time>2026-05-12T10:54:15Z</time>
<extensions>
<gpxtpx:TrackPointExtension>
<gpxtpx:hr>163</gpxtpx:hr>
</gpxtpx:TrackPointExtension>
</extensions>
</trkpt>
<trkpt lat="36.9658766" lon="127.8762441">
<ele>71.201</ele>
<time>2026-05-12T10:54:16Z</time>
<extensions>
<gpxtpx:TrackPointExtension>
<gpxtpx:hr>163</gpxtpx:hr>
</gpxtpx:TrackPointExtension>
</extensions>
</trkpt>
<trkpt lat="36.9658647" lon="127.8762125">
<ele>71.199</ele>
<time>2026-05-12T10:54:17Z</time>
<extensions>
<gpxtpx:TrackPointExtension>
<gpxtpx:hr>163</gpxtpx:hr>
</gpxtpx:TrackPointExtension>
</extensions>
</trkpt>
<trkpt lat="36.9658532" lon="127.876181">
<ele>71.172</ele>
<time>2026-05-12T10:54:18Z</time>
<extensions>
<gpxtpx:TrackPointExtension>
<gpxtpx:hr>163</gpxtpx:hr>
</gpxtpx:TrackPointExtension>
</extensions>
</trkpt>
<trkpt lat="36.9658421" lon="127.8761497">
<ele>71.163</ele>
<time>2026-05-12T10:54:19Z</time>
<extensions>
<gpxtpx:TrackPointExtension>
<gpxtpx:hr>163</gpxtpx:hr>
<gpxtpx:cad>181</gpxtpx:cad>
</gpxtpx:TrackPointExtension>
</extensions>
</trkpt>
<trkpt lat="36.9658314" lon="127.8761182">
<ele>71.132</ele>
<time>2026-05-12T10:54:20Z</time>
</trkpt>
<trkpt lat="36.9658212" lon="127.876087">
<ele>71.076</ele>
<time>2026-05-12T10:54:21Z</time>
<extensions>
<gpxtpx:TrackPointExtension>
<gpxtpx:hr>164</gpxtpx:hr>
</gpxtpx:TrackPointExtension>
</extensions>
</trkpt>
<trkpt lat="36.9658118" lon="127.8760562">
<ele>71.082</ele>
<time>2026-05-12T10:54:22Z</time>
<extensions>
<gpxtpx:TrackPointExtension>
<gpxtpx:hr>164</gpxtpx:hr>
</gpxtpx:TrackPointExtension>
</extensions>
</trkpt>
<trkpt lat="36.9657996" lon="127.8760245">
<ele>71.1</ele>
<time>2026-05-12T10:54:23Z</time>
<extensions>
<gpxtpx:TrackPointExtension>
<gpxtpx:hr>164</gpxtpx:hr>
</gpxtpx:TrackPointExtension>
</extensions>
</trkpt>
<trkpt lat="36.9657891" lon="127.8759935">
<ele>71.044</ele>
<time>2026-05-12T10:54:24Z</time>
<extensions>
<gpxtpx:TrackPointExtension>
<gpxtpx:hr>164</gpxtpx:hr>
<gpxtpx:cad>180</gpxtpx:cad>
</gpxtpx:TrackPointExtension>
</extensions>
</trkpt>
<trkpt lat="36.9657779" lon="127.8759624">
<ele>71.072</ele>
<time>2026-05-12T10:54:25Z</time>
<extensions>
<gpxtpx:TrackPointExtension>
<gpxtpx:hr>164</gpxtpx:hr>
</gpxtpx:TrackPointExtension>
</extensions>
</trkpt>
<trkpt lat="36.9657689" lon="127.8759317">
<ele>71.091</ele>
<time>2026-05-12T10:54:26Z</time>
<extensions>
<gpxtpx:TrackPointExtension>
<gpxtpx:hr>165</gpxtpx:hr>
</gpxtpx:TrackPointExtension>
</extensions>
</trkpt>
<trkpt lat="36.9657596" lon="127.8759007">
<ele>71.258</ele>
<time>2026-05-12T10:54:27Z</time>
<extensions>
<gpxtpx:TrackPointExtension>
<gpxtpx:hr>165</gpxtpx:hr>
</gpxtpx:TrackPointExtension>
</extensions>
</trkpt>
<trkpt lat="36.9657536" lon="127.8758708">
<ele>71.531</ele>
<time>2026-05-12T10:54:28Z</time>
<extensions>
<gpxtpx:TrackPointExtension>
<gpxtpx:hr>165</gpxtpx:hr>
</gpxtpx:TrackPointExtension>
</extensions>
</trkpt>
<trkpt lat="36.9657472" lon="127.8758408">
<ele>71.225</ele>
<time>2026-05-12T10:54:29Z</time>
<extensions>
<gpxtpx:TrackPointExtension>
<gpxtpx:hr>165</gpxtpx:hr>
<gpxtpx:cad>180</gpxtpx:cad>
</gpxtpx:TrackPointExtension>
</extensions>
</trkpt>
<trkpt lat="36.9657419" lon="127.8758116">
<ele>71.183</ele>
<time>2026-05-12T10:54:30Z</time>
<extensions>
<gpxtpx:TrackPointExtension>
<gpxtpx:hr>165</gpxtpx:hr>
</gpxtpx:TrackPointExtension>
</extensions>
</trkpt>
<trkpt lat="36.9657366" lon="127.8757823">
<ele>71.171</ele>
<time>2026-05-12T10:54:31Z</time>
<extensions>
<gpxtpx:TrackPointExtension>
<gpxtpx:hr>165</gpxtpx:hr>
</gpxtpx:TrackPointExtension>
</extensions>
</trkpt>
<trkpt lat="36.9657315" lon="127.875753">
<ele>71.145</ele>
<time>2026-05-12T10:54:32Z</time>
<extensions>
<gpxtpx:TrackPointExtension>
<gpxtpx:hr>165</gpxtpx:hr>
</gpxtpx:TrackPointExtension>
</extensions>
</trkpt>
<trkpt lat="36.9657266" lon="127.8757236">
<ele>71.151</ele>
<time>2026-05-12T10:54:33Z</time>
</trkpt>
<trkpt lat="36.9657217" lon="127.8756942">
<ele>71.161</ele>
<time>2026-05-12T10:54:34Z</time>
<extensions>
<gpxtpx:TrackPointExtension>
<gpxtpx:cad>178</gpxtpx:cad>
</gpxtpx:TrackPointExtension>
</extensions>
</trkpt>
<trkpt lat="36.9657172" lon="127.8756637">
<ele>71.102</ele>
<time>2026-05-12T10:54:35Z</time>
<extensions>
<gpxtpx:TrackPointExtension>
<gpxtpx:hr>165</gpxtpx:hr>
</gpxtpx:TrackPointExtension>
</extensions>
</trkpt>
<trkpt lat="36.9657129" lon="127.8756325">
<ele>71.041</ele>
<time>2026-05-12T10:54:36Z</time>
<extensions>
<gpxtpx:TrackPointExtension>
<gpxtpx:hr>165</gpxtpx:hr>
</gpxtpx:TrackPointExtension>
</extensions>
</trkpt>
<trkpt lat="36.9657087" lon="127.875601">
<ele>71.0</ele>
<time>2026-05-12T10:54:37Z</time>
<extensions>
<gpxtpx:TrackPointExtension>
<gpxtpx:hr>165</gpxtpx:hr>
</gpxtpx:TrackPointExtension>
</extensions>
</trkpt>
<trkpt lat="36.9657058" lon="127.8755682">
<ele>70.989</ele>
<time>2026-05-12T10:54:38Z</time>
<extensions>
<gpxtpx:TrackPointExtension>
<gpxtpx:hr>166</gpxtpx:hr>
</gpxtpx:TrackPointExtension>
</extensions>
</trkpt>
<trkpt lat="36.9657026" lon="127.8755356">
<ele>71.006</ele>
<time>2026-05-12T10:54:39Z</time>
<extensions>
<gpxtpx:TrackPointExtension>
<gpxtpx:hr>166</gpxtpx:hr>
<gpxtpx:cad>176</gpxtpx:cad>
</gpxtpx:TrackPointExtension>
</extensions>
</trkpt>
<trkpt lat="36.965701" lon="127.8755029">
<ele>70.966</ele>
<time>2026-05-12T10:54:40Z</time>
<extensions>
<gpxtpx:TrackPointExtension>
<gpxtpx:hr>166</gpxtpx:hr>
<gpxtpx:cad>177</gpxtpx:cad>
</gpxtpx:TrackPointExtension>
</extensions>
</trkpt>
<trkpt lat="36.9656991" lon="127.8754701">
<ele>70.973</ele>
<time>2026-05-12T10:54:41Z</time>
<extensions>
<gpxtpx:TrackPointExtension>
<gpxtpx:hr>166</gpxtpx:hr>
</gpxtpx:TrackPointExtension>
</extensions>
</trkpt>
<trkpt lat="36.9656987" lon="127.8754382">
<ele>70.941</ele>
<time>2026-05-12T10:54:42Z</time>
<extensions>
<gpxtpx:TrackPointExtension>
<gpxtpx:hr>166</gpxtpx:hr>
</gpxtpx:TrackPointExtension>
</extensions>
</trkpt>
<trkpt lat="36.9656991" lon="127.8754068">
<ele>70.924</ele>
<time>2026-05-12T10:54:43Z</time>
<extensions>
<gpxtpx:TrackPointExtension>
<gpxtpx:hr>166</gpxtpx:hr>
</gpxtpx:TrackPointExtension>
</extensions>
</trkpt>
<trkpt lat="36.9656999" lon="127.8753753">
<ele>70.941</ele>
<time>2026-05-12T10:54:44Z</time>
<extensions>
<gpxtpx:TrackPointExtension>
<gpxtpx:hr>166</gpxtpx:hr>
<gpxtpx:cad>179</gpxtpx:cad>
</gpxtpx:TrackPointExtension>
</extensions>
</trkpt>
<trkpt lat="36.9657002" lon="127.8753438">
<ele>70.915</ele>
<time>2026-05-12T10:54:45Z</time>
<extensions>
<gpxtpx:TrackPointExtension>
<gpxtpx:hr>166</gpxtpx:hr>
</gpxtpx:TrackPointExtension>
</extensions>
</trkpt>
<trkpt lat="36.9657018" lon="127.875312">
<ele>70.89</ele>
<time>2026-05-12T10:54:46Z</time>
<extensions>
<gpxtpx:TrackPointExtension>
<gpxtpx:hr>166</gpxtpx:hr>
</gpxtpx:TrackPointExtension>
</extensions>
</trkpt>
<trkpt lat="36.9657031" lon="127.8752805">
<ele>70.904</ele>
<time>2026-05-12T10:54:47Z</time>
<extensions>
<gpxtpx:TrackPointExtension>
<gpxtpx:hr>166</gpxtpx:hr>
</gpxtpx:TrackPointExtension>
</extensions>
</trkpt>
<trkpt lat="36.9657047" lon="127.8752496">
<ele>70.895</ele>
<time>2026-05-12T10:54:48Z</time>
<extensions>
<gpxtpx:TrackPointExtension>
<gpxtpx:hr>166</gpxtpx:hr>
</gpxtpx:TrackPointExtension>
</extensions>
</trkpt>
<trkpt lat="36.9657068" lon="127.8752163">
<ele>70.849</ele>
<time>2026-05-12T10:54:49Z</time>
<extensions>
<gpxtpx:TrackPointExtension>
<gpxtpx:hr>166</gpxtpx:hr>
<gpxtpx:cad>181</gpxtpx:cad>
</gpxtpx:TrackPointExtension>
</extensions>
</trkpt>
<trkpt lat="36.9657089" lon="127.8751834">
<ele>70.848</ele>
<time>2026-05-12T10:54:50Z</time>
<extensions>
<gpxtpx:TrackPointExtension>
<gpxtpx:hr>166</gpxtpx:hr>
</gpxtpx:TrackPointExtension>
</extensions>
</trkpt>
<trkpt lat="36.9657112" lon="127.8751493">
<ele>70.821</ele>
<time>2026-05-12T10:54:51Z</time>
<extensions>
<gpxtpx:TrackPointExtension>
<gpxtpx:hr>166</gpxtpx:hr>
</gpxtpx:TrackPointExtension>
</extensions>
</trkpt>
<trkpt lat="36.9657138" lon="127.8751146">
<ele>70.8</ele>
<time>2026-05-12T10:54:52Z</time>
<extensions>
<gpxtpx:TrackPointExtension>
<gpxtpx:hr>166</gpxtpx:hr>
</gpxtpx:TrackPointExtension>
</extensions>
</trkpt>
<trkpt lat="36.9657169" lon="127.8750797">
<ele>70.719</ele>
<time>2026-05-12T10:54:53Z</time>
<extensions>
<gpxtpx:TrackPointExtension>
<gpxtpx:hr>166</gpxtpx:hr>
</gpxtpx:TrackPointExtension>
</extensions>
</trkpt>
<trkpt lat="36.9657208" lon="127.8750449">
<ele>70.631</ele>
<time>2026-05-12T10:54:54Z</time>
<extensions>
<gpxtpx:TrackPointExtension>
<gpxtpx:hr>165</gpxtpx:hr>
<gpxtpx:cad>181</gpxtpx:cad>
</gpxtpx:TrackPointExtension>
</extensions>
</trkpt>
<trkpt lat="36.9657262" lon="127.8750109">
<ele>70.648</ele>
<time>2026-05-12T10:54:55Z</time>
<extensions>
<gpxtpx:TrackPointExtension>
<gpxtpx:hr>166</gpxtpx:hr>
</gpxtpx:TrackPointExtension>
</extensions>
</trkpt>
<trkpt lat="36.9657312" lon="127.8749766">
<ele>70.755</ele>
<time>2026-05-12T10:54:56Z</time>
<extensions>
<gpxtpx:TrackPointExtension>
<gpxtpx:hr>166</gpxtpx:hr>
</gpxtpx:TrackPointExtension>
</extensions>
</trkpt>
<trkpt lat="36.9657385" lon="127.874944">
<ele>70.792</ele>
<time>2026-05-12T10:54:57Z</time>
<extensions>
<gpxtpx:TrackPointExtension>
<gpxtpx:hr>166</gpxtpx:hr>
</gpxtpx:TrackPointExtension>
</extensions>
</trkpt>
<trkpt lat="36.965746" lon="127.8749115">
<ele>70.828</ele>
<time>2026-05-12T10:54:58Z</time>
<extensions>
<gpxtpx:TrackPointExtension>
<gpxtpx:hr>166</gpxtpx:hr>
</gpxtpx:TrackPointExtension>
</extensions>
</trkpt>
<trkpt lat="36.965754" lon="127.8748795">
<ele>70.872</ele>
<time>2026-05-12T10:54:59Z</time>
<extensions>
<gpxtpx:TrackPointExtension>
<gpxtpx:hr>166</gpxtpx:hr>
<gpxtpx:cad>178</gpxtpx:cad>
</gpxtpx:TrackPointExtension>
</extensions>
</trkpt>
<trkpt lat="36.9657626" lon="127.8748479">
<ele>70.817</ele>
<time>2026-05-12T10:55:00Z</time>
<extensions>
<gpxtpx:TrackPointExtension>
<gpxtpx:hr>166</gpxtpx:hr>
</gpxtpx:TrackPointExtension>
</extensions>
</trkpt>
<trkpt lat="36.9657714" lon="127.8748166">
<ele>70.794</ele>
<time>2026-05-12T10:55:01Z</time>
<extensions>
<gpxtpx:TrackPointExtension>
<gpxtpx:hr>166</gpxtpx:hr>
</gpxtpx:TrackPointExtension>
</extensions>
</trkpt>
<trkpt lat="36.9657804" lon="127.8747854">
<ele>70.765</ele>
<time>2026-05-12T10:55:02Z</time>
<extensions>
<gpxtpx:TrackPointExtension>
<gpxtpx:hr>166</gpxtpx:hr>
</gpxtpx:TrackPointExtension>
</extensions>
</trkpt>
<trkpt lat="36.9657892" lon="127.8747541">
<ele>70.713</ele>
<time>2026-05-12T10:55:03Z</time>
<extensions>
<gpxtpx:TrackPointExtension>
<gpxtpx:hr>166</gpxtpx:hr>
</gpxtpx:TrackPointExtension>
</extensions>
</trkpt>
<trkpt lat="36.9657978" lon="127.8747227">
<ele>70.647</ele>
<time>2026-05-12T10:55:04Z</time>
<extensions>
<gpxtpx:TrackPointExtension>
<gpxtpx:hr>166</gpxtpx:hr>
<gpxtpx:cad>174</gpxtpx:cad>
</gpxtpx:TrackPointExtension>
</extensions>
</trkpt>
<trkpt lat="36.9658058" lon="127.8746908">
<ele>70.649</ele>
<time>2026-05-12T10:55:05Z</time>
<extensions>
<gpxtpx:TrackPointExtension>
<gpxtpx:hr>166</gpxtpx:hr>
</gpxtpx:TrackPointExtension>
</extensions>
</trkpt>
<trkpt lat="36.965814" lon="127.8746591">
<ele>70.684</ele>
<time>2026-05-12T10:55:06Z</time>
<extensions>
<gpxtpx:TrackPointExtension>
<gpxtpx:hr>166</gpxtpx:hr>
</gpxtpx:TrackPointExtension>
</extensions>
</trkpt>
<trkpt lat="36.9658218" lon="127.874628">
<ele>70.658</ele>
<time>2026-05-12T10:55:07Z</time>
<extensions>
<gpxtpx:TrackPointExtension>
<gpxtpx:hr>166</gpxtpx:hr>
</gpxtpx:TrackPointExtension>
</extensions>
</trkpt>
<trkpt lat="36.96583" lon="127.8745971">
<ele>70.702</ele>
<time>2026-05-12T10:55:08Z</time>
<extensions>
<gpxtpx:TrackPointExtension>
<gpxtpx:hr>165</gpxtpx:hr>
</gpxtpx:TrackPointExtension>
</extensions>
</trkpt>
<trkpt lat="36.9658385" lon="127.8745669">
<ele>70.681</ele>
<time>2026-05-12T10:55:09Z</time>
<extensions>
<gpxtpx:TrackPointExtension>
<gpxtpx:hr>165</gpxtpx:hr>
<gpxtpx:cad>174</gpxtpx:cad>
</gpxtpx:TrackPointExtension>
</extensions>
</trkpt>
<trkpt lat="36.9658472" lon="127.8745364">
<ele>70.67</ele>
<time>2026-05-12T10:55:10Z</time>
<extensions>
<gpxtpx:TrackPointExtension>
<gpxtpx:hr>165</gpxtpx:hr>
</gpxtpx:TrackPointExtension>
</extensions>
</trkpt>
<trkpt lat="36.965856" lon="127.874506">
<ele>70.645</ele>
<time>2026-05-12T10:55:11Z</time>
<extensions>
<gpxtpx:TrackPointExtension>
<gpxtpx:hr>165</gpxtpx:hr>
</gpxtpx:TrackPointExtension>
</extensions>
</trkpt>
<trkpt lat="36.9658654" lon="127.8744765">
<ele>70.65</ele>
<time>2026-05-12T10:55:12Z</time>
<extensions>
<gpxtpx:TrackPointExtension>
<gpxtpx:hr>165</gpxtpx:hr>
</gpxtpx:TrackPointExtension>
</extensions>
</trkpt>
<trkpt lat="36.9658739" lon="127.8744459">
<ele>70.644</ele>
<time>2026-05-12T10:55:13Z</time>
<extensions>
<gpxtpx:TrackPointExtension>
<gpxtpx:hr>165</gpxtpx:hr>
<gpxtpx:cad>174</gpxtpx:cad>
</gpxtpx:TrackPointExtension>
</extensions>
</trkpt>
<trkpt lat="36.9658837" lon="127.8744166">
<ele>70.635</ele>
<time>2026-05-12T10:55:14Z</time>
<extensions>
<gpxtpx:TrackPointExtension>
<gpxtpx:hr>165</gpxtpx:hr>
<gpxtpx:cad>174</gpxtpx:cad>
</gpxtpx:TrackPointExtension>
</extensions>
</trkpt>
<trkpt lat="36.9658924" lon="127.8743863">
<ele>70.62</ele>
<time>2026-05-12T10:55:15Z</time>
<extensions>
<gpxtpx:TrackPointExtension>
<gpxtpx:hr>165</gpxtpx:hr>
</gpxtpx:TrackPointExtension>
</extensions>
</trkpt>
<trkpt lat="36.9659018" lon="127.8743567">
<ele>70.669</ele>
<time>2026-05-12T10:55:16Z</time>
<extensions>
<gpxtpx:TrackPointExtension>
<gpxtpx:hr>165</gpxtpx:hr>
</gpxtpx:TrackPointExtension>
</extensions>
</trkpt>
<trkpt lat="36.9659113" lon="127.8743272">
<ele>70.65</ele>
<time>2026-05-12T10:55:17Z</time>
<extensions>
<gpxtpx:TrackPointExtension>
<gpxtpx:hr>165</gpxtpx:hr>
</gpxtpx:TrackPointExtension>
</extensions>
</trkpt>
<trkpt lat="36.9659207" lon="127.8742978">
<ele>70.622</ele>
<time>2026-05-12T10:55:18Z</time>
<extensions>
<gpxtpx:TrackPointExtension>
<gpxtpx:hr>164</gpxtpx:hr>
</gpxtpx:TrackPointExtension>
</extensions>
</trkpt>
<trkpt lat="36.9659305" lon="127.8742682">
<ele>70.6</ele>
<time>2026-05-12T10:55:19Z</time>
<extensions>
<gpxtpx:TrackPointExtension>
<gpxtpx:hr>164</gpxtpx:hr>
<gpxtpx:cad>176</gpxtpx:cad>
</gpxtpx:TrackPointExtension>
</extensions>
</trkpt>
<trkpt lat="36.96594" lon="127.8742387">
<ele>70.588</ele>
<time>2026-05-12T10:55:20Z</time>
<extensions>
<gpxtpx:TrackPointExtension>
<gpxtpx:hr>164</gpxtpx:hr>
</gpxtpx:TrackPointExtension>
</extensions>
</trkpt>
<trkpt lat="36.9659496" lon="127.874209">
<ele>70.533</ele>
<time>2026-05-12T10:55:21Z</time>
<extensions>
<gpxtpx:TrackPointExtension>
<gpxtpx:hr>164</gpxtpx:hr>
</gpxtpx:TrackPointExtension>
</extensions>
</trkpt>
<trkpt lat="36.9659592" lon="127.8741792">
<ele>70.607</ele>
<time>2026-05-12T10:55:22Z</time>
<extensions>
<gpxtpx:TrackPointExtension>
<gpxtpx:hr>164</gpxtpx:hr>
</gpxtpx:TrackPointExtension>
</extensions>
</trkpt>
<trkpt lat="36.9659687" lon="127.8741492">
<ele>70.608</ele>
<time>2026-05-12T10:55:23Z</time>
<extensions>
<gpxtpx:TrackPointExtension>
<gpxtpx:hr>163</gpxtpx:hr>
</gpxtpx:TrackPointExtension>
</extensions>
</trkpt>
<trkpt lat="36.9659782" lon="127.8741191">
<ele>70.592</ele>
<time>2026-05-12T10:55:24Z</time>
<extensions>
<gpxtpx:TrackPointExtension>
<gpxtpx:hr>163</gpxtpx:hr>
<gpxtpx:cad>172</gpxtpx:cad>
</gpxtpx:TrackPointExtension>
</extensions>
</trkpt>
<trkpt lat="36.9659877" lon="127.8740888">
<ele>70.613</ele>
<time>2026-05-12T10:55:25Z</time>
<extensions>
<gpxtpx:TrackPointExtension>
<gpxtpx:hr>163</gpxtpx:hr>
</gpxtpx:TrackPointExtension>
</extensions>
</trkpt>
<trkpt lat="36.9659971" lon="127.8740584">
<ele>70.568</ele>
<time>2026-05-12T10:55:26Z</time>
<extensions>
<gpxtpx:TrackPointExtension>
<gpxtpx:hr>163</gpxtpx:hr>
</gpxtpx:TrackPointExtension>
</extensions>
</trkpt>
<trkpt lat="36.9660067" lon="127.874028">
<ele>70.434</ele>
<time>2026-05-12T10:55:27Z</time>
<extensions>
<gpxtpx:TrackPointExtension>
<gpxtpx:hr>163</gpxtpx:hr>
</gpxtpx:TrackPointExtension>
</extensions>
</trkpt>
<trkpt lat="36.9660156" lon="127.873997">
<ele>70.441</ele>
<time>2026-05-12T10:55:28Z</time>
<extensions>
<gpxtpx:TrackPointExtension>
<gpxtpx:hr>163</gpxtpx:hr>
</gpxtpx:TrackPointExtension>
</extensions>
</trkpt>
<trkpt lat="36.9660248" lon="127.8739664">
<ele>70.472</ele>
<time>2026-05-12T10:55:29Z</time>
<extensions>
<gpxtpx:TrackPointExtension>
<gpxtpx:hr>164</gpxtpx:hr>
<gpxtpx:cad>172</gpxtpx:cad>
</gpxtpx:TrackPointExtension>
</extensions>
</trkpt>
<trkpt lat="36.9660338" lon="127.8739352">
<ele>70.465</ele>
<time>2026-05-12T10:55:30Z</time>
<extensions>
<gpxtpx:TrackPointExtension>
<gpxtpx:hr>164</gpxtpx:hr>
</gpxtpx:TrackPointExtension>
</extensions>
</trkpt>
<trkpt lat="36.9660426" lon="127.8739042">
<ele>70.396</ele>
<time>2026-05-12T10:55:31Z</time>
<extensions>
<gpxtpx:TrackPointExtension>
<gpxtpx:hr>165</gpxtpx:hr>
</gpxtpx:TrackPointExtension>
</extensions>
</trkpt>
<trkpt lat="36.9660516" lon="127.8738729">
<ele>70.35</ele>
<time>2026-05-12T10:55:32Z</time>
<extensions>
<gpxtpx:TrackPointExtension>
<gpxtpx:hr>165</gpxtpx:hr>
</gpxtpx:TrackPointExtension>
</extensions>
</trkpt>
<trkpt lat="36.9660604" lon="127.8738416">
<ele>70.384</ele>
<time>2026-05-12T10:55:33Z</time>
<extensions>
<gpxtpx:TrackPointExtension>
<gpxtpx:hr>165</gpxtpx:hr>
<gpxtpx:cad>175</gpxtpx:cad>
</gpxtpx:TrackPointExtension>
</extensions>
</trkpt>
<trkpt lat="36.9660692" lon="127.8738103">
<ele>70.411</ele>
<time>2026-05-12T10:55:34Z</time>
<extensions>
<gpxtpx:TrackPointExtension>
<gpxtpx:hr>165</gpxtpx:hr>
</gpxtpx:TrackPointExtension>
</extensions>
</trkpt>
<trkpt lat="36.9660781" lon="127.8737789">
<ele>70.466</ele>
<time>2026-05-12T10:55:35Z</time>
<extensions>
<gpxtpx:TrackPointExtension>
<gpxtpx:hr>165</gpxtpx:hr>
</gpxtpx:TrackPointExtension>
</extensions>
</trkpt>
<trkpt lat="36.966087" lon="127.8737475">
<ele>70.521</ele>
<time>2026-05-12T10:55:36Z</time>
<extensions>
<gpxtpx:TrackPointExtension>
<gpxtpx:hr>165</gpxtpx:hr>
</gpxtpx:TrackPointExtension>
</extensions>
</trkpt>
<trkpt lat="36.9660959" lon="127.8737161">
<ele>70.539</ele>
<time>2026-05-12T10:55:37Z</time>
<extensions>
<gpxtpx:TrackPointExtension>
<gpxtpx:hr>164</gpxtpx:hr>
</gpxtpx:TrackPointExtension>
</extensions>
</trkpt>
<trkpt lat="36.9661049" lon="127.8736846">
<ele>70.485</ele>
<time>2026-05-12T10:55:38Z</time>
<extensions>
<gpxtpx:TrackPointExtension>
<gpxtpx:hr>164</gpxtpx:hr>
<gpxtpx:cad>175</gpxtpx:cad>
</gpxtpx:TrackPointExtension>
</extensions>
</trkpt>
<trkpt lat="36.966114" lon="127.8736533">
<ele>70.471</ele>
<time>2026-05-12T10:55:39Z</time>
<extensions>
<gpxtpx:TrackPointExtension>
<gpxtpx:hr>164</gpxtpx:hr>
</gpxtpx:TrackPointExtension>
</extensions>
</trkpt>
<trkpt lat="36.9661226" lon="127.873622">
<ele>70.554</ele>
<time>2026-05-12T10:55:40Z</time>
<extensions>
<gpxtpx:TrackPointExtension>
<gpxtpx:hr>164</gpxtpx:hr>
</gpxtpx:TrackPointExtension>
</extensions>
</trkpt>
<trkpt lat="36.9661317" lon="127.8735908">
<ele>70.544</ele>
<time>2026-05-12T10:55:41Z</time>
<extensions>
<gpxtpx:TrackPointExtension>
<gpxtpx:hr>164</gpxtpx:hr>
</gpxtpx:TrackPointExtension>
</extensions>
</trkpt>
<trkpt lat="36.9661398" lon="127.8735595">
<ele>70.585</ele>
<time>2026-05-12T10:55:42Z</time>
<extensions>
<gpxtpx:TrackPointExtension>
<gpxtpx:hr>165</gpxtpx:hr>
</gpxtpx:TrackPointExtension>
</extensions>
</trkpt>
<trkpt lat="36.9661483" lon="127.8735282">
<ele>70.663</ele>
<time>2026-05-12T10:55:43Z</time>
<extensions>
<gpxtpx:TrackPointExtension>
<gpxtpx:hr>165</gpxtpx:hr>
<gpxtpx:cad>174</gpxtpx:cad>
</gpxtpx:TrackPointExtension>
</extensions>
</trkpt>
<trkpt lat="36.9661566" lon="127.8734969">
<ele>70.497</ele>
<time>2026-05-12T10:55:44Z</time>
<extensions>
<gpxtpx:TrackPointExtension>
<gpxtpx:hr>165</gpxtpx:hr>
</gpxtpx:TrackPointExtension>
</extensions>
</trkpt>
<trkpt lat="36.9661649" lon="127.8734654">
<ele>70.573</ele>
<time>2026-05-12T10:55:45Z</time>
<extensions>
<gpxtpx:TrackPointExtension>
<gpxtpx:hr>165</gpxtpx:hr>
</gpxtpx:TrackPointExtension>
</extensions>
</trkpt>
<trkpt lat="36.9661731" lon="127.8734337">
<ele>70.646</ele>
<time>2026-05-12T10:55:46Z</time>
<extensions>
<gpxtpx:TrackPointExtension>
<gpxtpx:hr>165</gpxtpx:hr>
</gpxtpx:TrackPointExtension>
</extensions>
</trkpt>
<trkpt lat="36.9661813" lon="127.8734021">
<ele>70.789</ele>
<time>2026-05-12T10:55:47Z</time>
<extensions>
<gpxtpx:TrackPointExtension>
<gpxtpx:hr>164</gpxtpx:hr>
</gpxtpx:TrackPointExtension>
</extensions>
</trkpt>
<trkpt lat="36.9661895" lon="127.8733703">
<ele>70.687</ele>
<time>2026-05-12T10:55:48Z</time>
<extensions>
<gpxtpx:TrackPointExtension>
<gpxtpx:hr>164</gpxtpx:hr>
<gpxtpx:cad>172</gpxtpx:cad>
</gpxtpx:TrackPointExtension>
</extensions>
</trkpt>
<trkpt lat="36.9661978" lon="127.8733385">
<ele>70.624</ele>
<time>2026-05-12T10:55:49Z</time>
<extensions>
<gpxtpx:TrackPointExtension>
<gpxtpx:hr>164</gpxtpx:hr>
<gpxtpx:cad>172</gpxtpx:cad>
</gpxtpx:TrackPointExtension>
</extensions>
</trkpt>
<trkpt lat="36.966206" lon="127.8733066">
<ele>70.632</ele>
<time>2026-05-12T10:55:50Z</time>
<extensions>
<gpxtpx:TrackPointExtension>
<gpxtpx:hr>164</gpxtpx:hr>
</gpxtpx:TrackPointExtension>
</extensions>
</trkpt>
<trkpt lat="36.9662141" lon="127.8732751">
<ele>70.7</ele>
<time>2026-05-12T10:55:51Z</time>
<extensions>
<gpxtpx:TrackPointExtension>
<gpxtpx:hr>164</gpxtpx:hr>
</gpxtpx:TrackPointExtension>
</extensions>
</trkpt>
<trkpt lat="36.9662227" lon="127.8732425">
<ele>70.692</ele>
<time>2026-05-12T10:55:52Z</time>
<extensions>
<gpxtpx:TrackPointExtension>
<gpxtpx:hr>163</gpxtpx:hr>
</gpxtpx:TrackPointExtension>
</extensions>
</trkpt>
<trkpt lat="36.9662309" lon="127.8732108">
<ele>70.509</ele>
<time>2026-05-12T10:55:53Z</time>
<extensions>
<gpxtpx:TrackPointExtension>
<gpxtpx:hr>163</gpxtpx:hr>
<gpxtpx:cad>170</gpxtpx:cad>
</gpxtpx:TrackPointExtension>
</extensions>
</trkpt>
<trkpt lat="36.9662395" lon="127.8731784">
<ele>70.483</ele>
<time>2026-05-12T10:55:54Z</time>
<extensions>
<gpxtpx:TrackPointExtension>
<gpxtpx:hr>163</gpxtpx:hr>
</gpxtpx:TrackPointExtension>
</extensions>
</trkpt>
<trkpt lat="36.9662481" lon="127.8731459">
<ele>70.515</ele>
<time>2026-05-12T10:55:55Z</time>
<extensions>
<gpxtpx:TrackPointExtension>
<gpxtpx:hr>163</gpxtpx:hr>
</gpxtpx:TrackPointExtension>
</extensions>
</trkpt>
<trkpt lat="36.9662569" lon="127.8731133">
<ele>70.47</ele>
<time>2026-05-12T10:55:56Z</time>
<extensions>
<gpxtpx:TrackPointExtension>
<gpxtpx:hr>163</gpxtpx:hr>
</gpxtpx:TrackPointExtension>
</extensions>
</trkpt>
<trkpt lat="36.9662659" lon="127.8730804">
<ele>70.421</ele>
<time>2026-05-12T10:55:57Z</time>
<extensions>
<gpxtpx:TrackPointExtension>
<gpxtpx:hr>163</gpxtpx:hr>
</gpxtpx:TrackPointExtension>
</extensions>
</trkpt>
<trkpt lat="36.9662751" lon="127.8730474">
<ele>70.459</ele>
<time>2026-05-12T10:55:58Z</time>
<extensions>
<gpxtpx:TrackPointExtension>
<gpxtpx:hr>164</gpxtpx:hr>
<gpxtpx:cad>171</gpxtpx:cad>
</gpxtpx:TrackPointExtension>
</extensions>
</trkpt>
<trkpt lat="36.9662845" lon="127.8730141">
<ele>70.367</ele>
<time>2026-05-12T10:55:59Z</time>
<extensions>
<gpxtpx:TrackPointExtension>
<gpxtpx:hr>164</gpxtpx:hr>
</gpxtpx:TrackPointExtension>
</extensions>
</trkpt>
<trkpt lat="36.9662941" lon="127.8729807">
<ele>70.382</ele>
<time>2026-05-12T10:56:00Z</time>
<extensions>
<gpxtpx:TrackPointExtension>
<gpxtpx:hr>164</gpxtpx:hr>
</gpxtpx:TrackPointExtension>
</extensions>
</trkpt>
<trkpt lat="36.9663038" lon="127.872947">
<ele>70.296</ele>
<time>2026-05-12T10:56:01Z</time>
<extensions>
<gpxtpx:TrackPointExtension>
<gpxtpx:hr>164</gpxtpx:hr>
</gpxtpx:TrackPointExtension>
</extensions>
</trkpt>
<trkpt lat="36.9663135" lon="127.872913">
<ele>70.362</ele>
<time>2026-05-12T10:56:02Z</time>
<extensions>
<gpxtpx:TrackPointExtension>
<gpxtpx:hr>165</gpxtpx:hr>
</gpxtpx:TrackPointExtension>
</extensions>
</trkpt>
<trkpt lat="36.9663231" lon="127.8728788">
<ele>70.404</ele>
<time>2026-05-12T10:56:03Z</time>
<extensions>
<gpxtpx:TrackPointExtension>
<gpxtpx:hr>165</gpxtpx:hr>
<gpxtpx:cad>173</gpxtpx:cad>
</gpxtpx:TrackPointExtension>
</extensions>
</trkpt>
<trkpt lat="36.9663329" lon="127.8728451">
<ele>70.384</ele>
<time>2026-05-12T10:56:04Z</time>
<extensions>
<gpxtpx:TrackPointExtension>
<gpxtpx:hr>165</gpxtpx:hr>
</gpxtpx:TrackPointExtension>
</extensions>
</trkpt>
<trkpt lat="36.9663418" lon="127.8728095">
<ele>70.314</ele>
<time>2026-05-12T10:56:05Z</time>
<extensions>
<gpxtpx:TrackPointExtension>
<gpxtpx:hr>165</gpxtpx:hr>
</gpxtpx:TrackPointExtension>
</extensions>
</trkpt>
<trkpt lat="36.9663514" lon="127.8727754">
<ele>70.273</ele>
<time>2026-05-12T10:56:06Z</time>
<extensions>
<gpxtpx:TrackPointExtension>
<gpxtpx:hr>165</gpxtpx:hr>
</gpxtpx:TrackPointExtension>
</extensions>
</trkpt>
<trkpt lat="36.9663604" lon="127.87274">
<ele>70.297</ele>
<time>2026-05-12T10:56:07Z</time>
<extensions>
<gpxtpx:TrackPointExtension>
<gpxtpx:hr>165</gpxtpx:hr>
</gpxtpx:TrackPointExtension>
</extensions>
</trkpt>
<trkpt lat="36.966369" lon="127.8727043">
<ele>70.257</ele>
<time>2026-05-12T10:56:08Z</time>
<extensions>
<gpxtpx:TrackPointExtension>
<gpxtpx:hr>165</gpxtpx:hr>
<gpxtpx:cad>176</gpxtpx:cad>
</gpxtpx:TrackPointExtension>
</extensions>
</trkpt>
<trkpt lat="36.9663774" lon="127.8726683">
<ele>70.22</ele>
<time>2026-05-12T10:56:09Z</time>
<extensions>
<gpxtpx:TrackPointExtension>
<gpxtpx:hr>166</gpxtpx:hr>
</gpxtpx:TrackPointExtension>
</extensions>
</trkpt>
<trkpt lat="36.9663855" lon="127.8726322">
<ele>70.269</ele>
<time>2026-05-12T10:56:10Z</time>
<extensions>
<gpxtpx:TrackPointExtension>
<gpxtpx:hr>166</gpxtpx:hr>
</gpxtpx:TrackPointExtension>
</extensions>
</trkpt>
<trkpt lat="36.9663933" lon="127.8725958">
<ele>70.265</ele>
<time>2026-05-12T10:56:11Z</time>
<extensions>
<gpxtpx:TrackPointExtension>
<gpxtpx:hr>166</gpxtpx:hr>
</gpxtpx:TrackPointExtension>
</extensions>
</trkpt>
<trkpt lat="36.9664008" lon="127.8725592">
<ele>70.181</ele>
<time>2026-05-12T10:56:12Z</time>
<extensions>
<gpxtpx:TrackPointExtension>
<gpxtpx:hr>166</gpxtpx:hr>
</gpxtpx:TrackPointExtension>
</extensions>
</trkpt>
<trkpt lat="36.9664075" lon="127.8725227">
<ele>70.115</ele>
<time>2026-05-12T10:56:13Z</time>
<extensions>
<gpxtpx:TrackPointExtension>
<gpxtpx:hr>166</gpxtpx:hr>
<gpxtpx:cad>178</gpxtpx:cad>
</gpxtpx:TrackPointExtension>
</extensions>
</trkpt>
<trkpt lat="36.966415" lon="127.872486">
<ele>70.007</ele>
<time>2026-05-12T10:56:14Z</time>
<extensions>
<gpxtpx:TrackPointExtension>
<gpxtpx:hr>166</gpxtpx:hr>
</gpxtpx:TrackPointExtension>
</extensions>
</trkpt>
<trkpt lat="36.9664217" lon="127.8724496">
<ele>69.909</ele>
<time>2026-05-12T10:56:15Z</time>
<extensions>
<gpxtpx:TrackPointExtension>
<gpxtpx:hr>166</gpxtpx:hr>
</gpxtpx:TrackPointExtension>
</extensions>
</trkpt>
<trkpt lat="36.9664286" lon="127.8724129">
<ele>69.921</ele>
<time>2026-05-12T10:56:16Z</time>
<extensions>
<gpxtpx:TrackPointExtension>
<gpxtpx:hr>166</gpxtpx:hr>
</gpxtpx:TrackPointExtension>
</extensions>
</trkpt>
<trkpt lat="36.9664357" lon="127.872377">
<ele>69.897</ele>
<time>2026-05-12T10:56:17Z</time>
<extensions>
<gpxtpx:TrackPointExtension>
<gpxtpx:hr>166</gpxtpx:hr>
</gpxtpx:TrackPointExtension>
</extensions>
</trkpt>
<trkpt lat="36.9664422" lon="127.8723403">
<ele>69.843</ele>
<time>2026-05-12T10:56:18Z</time>
<extensions>
<gpxtpx:TrackPointExtension>
<gpxtpx:hr>166</gpxtpx:hr>
<gpxtpx:cad>180</gpxtpx:cad>
</gpxtpx:TrackPointExtension>
</extensions>
</trkpt>
<trkpt lat="36.9664497" lon="127.8723048">
<ele>69.827</ele>
<time>2026-05-12T10:56:19Z</time>
<extensions>
<gpxtpx:TrackPointExtension>
<gpxtpx:hr>166</gpxtpx:hr>
<gpxtpx:cad>180</gpxtpx:cad>
</gpxtpx:TrackPointExtension>
</extensions>
</trkpt>
<trkpt lat="36.9664568" lon="127.8722691">
<ele>69.813</ele>
<time>2026-05-12T10:56:20Z</time>
<extensions>
<gpxtpx:TrackPointExtension>
<gpxtpx:hr>166</gpxtpx:hr>
</gpxtpx:TrackPointExtension>
</extensions>
</trkpt>
<trkpt lat="36.9664641" lon="127.8722336">
<ele>69.762</ele>
<time>2026-05-12T10:56:21Z</time>
<extensions>
<gpxtpx:TrackPointExtension>
<gpxtpx:hr>166</gpxtpx:hr>
</gpxtpx:TrackPointExtension>
</extensions>
</trkpt>
<trkpt lat="36.9664717" lon="127.8721983">
<ele>69.732</ele>
<time>2026-05-12T10:56:22Z</time>
<extensions>
<gpxtpx:TrackPointExtension>
<gpxtpx:hr>166</gpxtpx:hr>
</gpxtpx:TrackPointExtension>
</extensions>
</trkpt>
<trkpt lat="36.9664795" lon="127.8721633">
<ele>69.737</ele>
<time>2026-05-12T10:56:23Z</time>
<extensions>
<gpxtpx:TrackPointExtension>
<gpxtpx:hr>166</gpxtpx:hr>
<gpxtpx:cad>181</gpxtpx:cad>
</gpxtpx:TrackPointExtension>
</extensions>
</trkpt>
<trkpt lat="36.9664875" lon="127.8721285">
<ele>69.718</ele>
<time>2026-05-12T10:56:24Z</time>
<extensions>
<gpxtpx:TrackPointExtension>
<gpxtpx:hr>166</gpxtpx:hr>
</gpxtpx:TrackPointExtension>
</extensions>
</trkpt>
<trkpt lat="36.9664957" lon="127.8720939">
<ele>69.717</ele>
<time>2026-05-12T10:56:25Z</time>
<extensions>
<gpxtpx:TrackPointExtension>
<gpxtpx:hr>166</gpxtpx:hr>
</gpxtpx:TrackPointExtension>
</extensions>
</trkpt>
<trkpt lat="36.9665042" lon="127.8720595">
<ele>69.776</ele>
<time>2026-05-12T10:56:26Z</time>
<extensions>
<gpxtpx:TrackPointExtension>
<gpxtpx:hr>166</gpxtpx:hr>
</gpxtpx:TrackPointExtension>
</extensions>
</trkpt>
<trkpt lat="36.9665128" lon="127.8720252">
<ele>69.898</ele>
<time>2026-05-12T10:56:27Z</time>
<extensions>
<gpxtpx:TrackPointExtension>
<gpxtpx:hr>166</gpxtpx:hr>
</gpxtpx:TrackPointExtension>
</extensions>
</trkpt>
<trkpt lat="36.9665216" lon="127.8719912">
<ele>69.944</ele>
<time>2026-05-12T10:56:28Z</time>
<extensions>
<gpxtpx:TrackPointExtension>
<gpxtpx:hr>166</gpxtpx:hr>
<gpxtpx:cad>181</gpxtpx:cad>
</gpxtpx:TrackPointExtension>
</extensions>
</trkpt>
<trkpt lat="36.9665305" lon="127.8719574">
<ele>69.945</ele>
<time>2026-05-12T10:56:29Z</time>
<extensions>
<gpxtpx:TrackPointExtension>
<gpxtpx:hr>166</gpxtpx:hr>
</gpxtpx:TrackPointExtension>
</extensions>
</trkpt>
<trkpt lat="36.9665397" lon="127.8719239">
<ele>70.006</ele>
<time>2026-05-12T10:56:30Z</time>
<extensions>
<gpxtpx:TrackPointExtension>
<gpxtpx:hr>166</gpxtpx:hr>
</gpxtpx:TrackPointExtension>
</extensions>
</trkpt>
<trkpt lat="36.9665491" lon="127.8718906">
<ele>70.078</ele>
<time>2026-05-12T10:56:31Z</time>
<extensions>
<gpxtpx:TrackPointExtension>
<gpxtpx:hr>166</gpxtpx:hr>
</gpxtpx:TrackPointExtension>
</extensions>
</trkpt>
<trkpt lat="36.9665588" lon="127.8718577">
<ele>70.047</ele>
<time>2026-05-12T10:56:32Z</time>
<extensions>
<gpxtpx:TrackPointExtension>
<gpxtpx:hr>166</gpxtpx:hr>
</gpxtpx:TrackPointExtension>
</extensions>
</trkpt>
<trkpt lat="36.9665687" lon="127.8718251">
<ele>70.098</ele>
<time>2026-05-12T10:56:33Z</time>
<extensions>
<gpxtpx:TrackPointExtension>
<gpxtpx:hr>166</gpxtpx:hr>
<gpxtpx:cad>179</gpxtpx:cad>
</gpxtpx:TrackPointExtension>
</extensions>
</trkpt>
<trkpt lat="36.9665782" lon="127.8717921">
<ele>70.175</ele>
<time>2026-05-12T10:56:34Z</time>
<extensions>
<gpxtpx:TrackPointExtension>
<gpxtpx:hr>166</gpxtpx:hr>
</gpxtpx:TrackPointExtension>
</extensions>
</trkpt>
<trkpt lat="36.966588" lon="127.8717591">
<ele>70.135</ele>
<time>2026-05-12T10:56:35Z</time>
<extensions>
<gpxtpx:TrackPointExtension>
<gpxtpx:hr>166</gpxtpx:hr>
</gpxtpx:TrackPointExtension>
</extensions>
</trkpt>
<trkpt lat="36.9665982" lon="127.871727">
<ele>70.178</ele>
<time>2026-05-12T10:56:36Z</time>
<extensions>
<gpxtpx:TrackPointExtension>
<gpxtpx:hr>166</gpxtpx:hr>
</gpxtpx:TrackPointExtension>
</extensions>
</trkpt>
<trkpt lat="36.9666085" lon="127.8716948">
<ele>70.256</ele>
<time>2026-05-12T10:56:37Z</time>
<extensions>
<gpxtpx:TrackPointExtension>
<gpxtpx:hr>167</gpxtpx:hr>
</gpxtpx:TrackPointExtension>
</extensions>
</trkpt>
<trkpt lat="36.9666191" lon="127.8716633">
<ele>70.359</ele>
<time>2026-05-12T10:56:38Z</time>
<extensions>
<gpxtpx:TrackPointExtension>
<gpxtpx:hr>166</gpxtpx:hr>
<gpxtpx:cad>175</gpxtpx:cad>
</gpxtpx:TrackPointExtension>
</extensions>
</trkpt>
<trkpt lat="36.9666302" lon="127.8716328">
<ele>70.412</ele>
<time>2026-05-12T10:56:39Z</time>
<extensions>
<gpxtpx:TrackPointExtension>
<gpxtpx:hr>166</gpxtpx:hr>
</gpxtpx:TrackPointExtension>
</extensions>
</trkpt>
<trkpt lat="36.9666412" lon="127.8716025">
<ele>70.42</ele>
<time>2026-05-12T10:56:40Z</time>
<extensions>
<gpxtpx:TrackPointExtension>
<gpxtpx:hr>165</gpxtpx:hr>
</gpxtpx:TrackPointExtension>
</extensions>
</trkpt>
<trkpt lat="36.9666519" lon="127.8715722">
<ele>70.341</ele>
<time>2026-05-12T10:56:41Z</time>
<extensions>
<gpxtpx:TrackPointExtension>
<gpxtpx:hr>165</gpxtpx:hr>
</gpxtpx:TrackPointExtension>
</extensions>
</trkpt>
<trkpt lat="36.9666619" lon="127.8715416">
<ele>70.357</ele>
<time>2026-05-12T10:56:42Z</time>
<extensions>
<gpxtpx:TrackPointExtension>
<gpxtpx:hr>166</gpxtpx:hr>
</gpxtpx:TrackPointExtension>
</extensions>
</trkpt>
<trkpt lat="36.9666709" lon="127.8715103">
<ele>70.371</ele>
<time>2026-05-12T10:56:43Z</time>
<extensions>
<gpxtpx:TrackPointExtension>
<gpxtpx:hr>166</gpxtpx:hr>
<gpxtpx:cad>172</gpxtpx:cad>
</gpxtpx:TrackPointExtension>
</extensions>
</trkpt>
<trkpt lat="36.9666796" lon="127.871479">
<ele>70.324</ele>
<time>2026-05-12T10:56:44Z</time>
<extensions>
<gpxtpx:TrackPointExtension>
<gpxtpx:hr>166</gpxtpx:hr>
</gpxtpx:TrackPointExtension>
</extensions>
</trkpt>
<trkpt lat="36.9666854" lon="127.8714449">
<ele>70.278</ele>
<time>2026-05-12T10:56:45Z</time>
<extensions>
<gpxtpx:TrackPointExtension>
<gpxtpx:hr>167</gpxtpx:hr>
</gpxtpx:TrackPointExtension>
</extensions>
</trkpt>
<trkpt lat="36.9666915" lon="127.8714113">
<ele>70.234</ele>
<time>2026-05-12T10:56:46Z</time>
<extensions>
<gpxtpx:TrackPointExtension>
<gpxtpx:hr>167</gpxtpx:hr>
</gpxtpx:TrackPointExtension>
</extensions>
</trkpt>
<trkpt lat="36.9666961" lon="127.8713758">
<ele>70.183</ele>
<time>2026-05-12T10:56:47Z</time>
<extensions>
<gpxtpx:TrackPointExtension>
<gpxtpx:hr>168</gpxtpx:hr>
</gpxtpx:TrackPointExtension>
</extensions>
</trkpt>
<trkpt lat="36.9667002" lon="127.8713396">
<ele>70.187</ele>
<time>2026-05-12T10:56:48Z</time>
<extensions>
<gpxtpx:TrackPointExtension>
<gpxtpx:hr>168</gpxtpx:hr>
<gpxtpx:cad>175</gpxtpx:cad>
</gpxtpx:TrackPointExtension>
</extensions>
</trkpt>
<trkpt lat="36.9667046" lon="127.8713032">
<ele>70.175</ele>
<time>2026-05-12T10:56:49Z</time>
<extensions>
<gpxtpx:TrackPointExtension>
<gpxtpx:hr>168</gpxtpx:hr>
</gpxtpx:TrackPointExtension>
</extensions>
</trkpt>
<trkpt lat="36.9667094" lon="127.8712673">
<ele>70.096</ele>
<time>2026-05-12T10:56:50Z</time>
<extensions>
<gpxtpx:TrackPointExtension>
<gpxtpx:hr>168</gpxtpx:hr>
</gpxtpx:TrackPointExtension>
</extensions>
</trkpt>
<trkpt lat="36.966715" lon="127.8712327">
<ele>70.127</ele>
<time>2026-05-12T10:56:51Z</time>
<extensions>
<gpxtpx:TrackPointExtension>
<gpxtpx:hr>168</gpxtpx:hr>
<gpxtpx:cad>178</gpxtpx:cad>
</gpxtpx:TrackPointExtension>
</extensions>
</trkpt>
<trkpt lat="36.9667206" lon="127.8711985">
<ele>70.227</ele>
<time>2026-05-12T10:56:52Z</time>
<extensions>
<gpxtpx:TrackPointExtension>
<gpxtpx:hr>168</gpxtpx:hr>
</gpxtpx:TrackPointExtension>
</extensions>
</trkpt>
<trkpt lat="36.9667266" lon="127.871165">
<ele>70.212</ele>
<time>2026-05-12T10:56:53Z</time>
<extensions>
<gpxtpx:TrackPointExtension>
<gpxtpx:hr>168</gpxtpx:hr>
<gpxtpx:cad>179</gpxtpx:cad>
</gpxtpx:TrackPointExtension>
</extensions>
</trkpt>
<trkpt lat="36.9667326" lon="127.8711327">
<ele>70.273</ele>
<time>2026-05-12T10:56:54Z</time>
<extensions>
<gpxtpx:TrackPointExtension>
<gpxtpx:hr>168</gpxtpx:hr>
</gpxtpx:TrackPointExtension>
</extensions>
</trkpt>
<trkpt lat="36.9667383" lon="127.8711006">
<ele>70.241</ele>
<time>2026-05-12T10:56:55Z</time>
<extensions>
<gpxtpx:TrackPointExtension>
<gpxtpx:hr>168</gpxtpx:hr>
</gpxtpx:TrackPointExtension>
</extensions>
</trkpt>
<trkpt lat="36.9667438" lon="127.8710677">
<ele>70.279</ele>
<time>2026-05-12T10:56:56Z</time>
<extensions>
<gpxtpx:TrackPointExtension>
<gpxtpx:hr>168</gpxtpx:hr>
</gpxtpx:TrackPointExtension>
</extensions>
</trkpt>
<trkpt lat="36.9667491" lon="127.8710343">
<ele>70.31</ele>
<time>2026-05-12T10:56:57Z</time>
<extensions>
<gpxtpx:TrackPointExtension>
<gpxtpx:hr>168</gpxtpx:hr>
</gpxtpx:TrackPointExtension>
</extensions>
</trkpt>
<trkpt lat="36.9667542" lon="127.8710007">
<ele>70.27</ele>
<time>2026-05-12T10:56:58Z</time>
<extensions>
<gpxtpx:TrackPointExtension>
<gpxtpx:hr>168</gpxtpx:hr>
<gpxtpx:cad>180</gpxtpx:cad>
</gpxtpx:TrackPointExtension>
</extensions>
</trkpt>
<trkpt lat="36.9667596" lon="127.8709675">
<ele>70.256</ele>
<time>2026-05-12T10:56:59Z</time>
<extensions>
<gpxtpx:TrackPointExtension>
<gpxtpx:hr>168</gpxtpx:hr>
</gpxtpx:TrackPointExtension>
</extensions>
</trkpt>
<trkpt lat="36.9667653" lon="127.8709345">
<ele>70.263</ele>
<time>2026-05-12T10:57:00Z</time>
<extensions>
<gpxtpx:TrackPointExtension>
<gpxtpx:hr>168</gpxtpx:hr>
</gpxtpx:TrackPointExtension>
</extensions>
</trkpt>
<trkpt lat="36.9667704" lon="127.8709016">
<ele>70.319</ele>
<time>2026-05-12T10:57:01Z</time>
<extensions>
<gpxtpx:TrackPointExtension>
<gpxtpx:hr>168</gpxtpx:hr>
</gpxtpx:TrackPointExtension>
</extensions>
</trkpt>
<trkpt lat="36.9667759" lon="127.8708687">
<ele>70.397</ele>
<time>2026-05-12T10:57:02Z</time>
<extensions>
<gpxtpx:TrackPointExtension>
<gpxtpx:hr>168</gpxtpx:hr>
</gpxtpx:TrackPointExtension>
</extensions>
</trkpt>
<trkpt lat="36.9667811" lon="127.8708356">
<ele>70.411</ele>
<time>2026-05-12T10:57:03Z</time>
<extensions>
<gpxtpx:TrackPointExtension>
<gpxtpx:hr>168</gpxtpx:hr>
<gpxtpx:cad>180</gpxtpx:cad>
</gpxtpx:TrackPointExtension>
</extensions>
</trkpt>
<trkpt lat="36.9667862" lon="127.8708016">
<ele>70.402</ele>
<time>2026-05-12T10:57:04Z</time>
<extensions>
<gpxtpx:TrackPointExtension>
<gpxtpx:hr>168</gpxtpx:hr>
</gpxtpx:TrackPointExtension>
</extensions>
</trkpt>
<trkpt lat="36.9667913" lon="127.8707683">
<ele>70.38</ele>
<time>2026-05-12T10:57:05Z</time>
<extensions>
<gpxtpx:TrackPointExtension>
<gpxtpx:hr>168</gpxtpx:hr>
</gpxtpx:TrackPointExtension>
</extensions>
</trkpt>
<trkpt lat="36.9667963" lon="127.8707348">
<ele>70.374</ele>
<time>2026-05-12T10:57:06Z</time>
<extensions>
<gpxtpx:TrackPointExtension>
<gpxtpx:hr>168</gpxtpx:hr>
</gpxtpx:TrackPointExtension>
</extensions>
</trkpt>
<trkpt lat="36.9668015" lon="127.8707024">
<ele>70.391</ele>
<time>2026-05-12T10:57:07Z</time>
<extensions>
<gpxtpx:TrackPointExtension>
<gpxtpx:hr>168</gpxtpx:hr>
</gpxtpx:TrackPointExtension>
</extensions>
</trkpt>
<trkpt lat="36.9668066" lon="127.8706702">
<ele>70.388</ele>
<time>2026-05-12T10:57:08Z</time>
<extensions>
<gpxtpx:TrackPointExtension>
<gpxtpx:hr>168</gpxtpx:hr>
<gpxtpx:cad>181</gpxtpx:cad>
</gpxtpx:TrackPointExtension>
</extensions>
</trkpt>
<trkpt lat="36.9668119" lon="127.8706385">
<ele>70.368</ele>
<time>2026-05-12T10:57:09Z</time>
<extensions>
<gpxtpx:TrackPointExtension>
<gpxtpx:hr>168</gpxtpx:hr>
</gpxtpx:TrackPointExtension>
</extensions>
</trkpt>
<trkpt lat="36.9668173" lon="127.8706066">
<ele>70.416</ele>
<time>2026-05-12T10:57:10Z</time>
<extensions>
<gpxtpx:TrackPointExtension>
<gpxtpx:hr>168</gpxtpx:hr>
</gpxtpx:TrackPointExtension>
</extensions>
</trkpt>
<trkpt lat="36.9668231" lon="127.8705743">
<ele>70.399</ele>
<time>2026-05-12T10:57:11Z</time>
<extensions>
<gpxtpx:TrackPointExtension>
<gpxtpx:hr>168</gpxtpx:hr>
</gpxtpx:TrackPointExtension>
</extensions>
</trkpt>
<trkpt lat="36.9668289" lon="127.8705419">
<ele>70.392</ele>
<time>2026-05-12T10:57:12Z</time>
<extensions>
<gpxtpx:TrackPointExtension>
<gpxtpx:hr>168</gpxtpx:hr>
</gpxtpx:TrackPointExtension>
</extensions>
</trkpt>
<trkpt lat="36.9668357" lon="127.8705084">
<ele>70.337</ele>
<time>2026-05-12T10:57:13Z</time>
<extensions>
<gpxtpx:TrackPointExtension>
<gpxtpx:hr>168</gpxtpx:hr>
<gpxtpx:cad>181</gpxtpx:cad>
</gpxtpx:TrackPointExtension>
</extensions>
</trkpt>
<trkpt lat="36.9668424" lon="127.870475">
<ele>70.396</ele>
<time>2026-05-12T10:57:14Z</time>
<extensions>
<gpxtpx:TrackPointExtension>
<gpxtpx:hr>168</gpxtpx:hr>
</gpxtpx:TrackPointExtension>
</extensions>
</trkpt>
<trkpt lat="36.9668499" lon="127.8704408">
<ele>70.398</ele>
<time>2026-05-12T10:57:15Z</time>
<extensions>
<gpxtpx:TrackPointExtension>
<gpxtpx:hr>168</gpxtpx:hr>
</gpxtpx:TrackPointExtension>
</extensions>
</trkpt>
<trkpt lat="36.9668573" lon="127.8704067">
<ele>70.351</ele>
<time>2026-05-12T10:57:16Z</time>
<extensions>
<gpxtpx:TrackPointExtension>
<gpxtpx:hr>168</gpxtpx:hr>
</gpxtpx:TrackPointExtension>
</extensions>
</trkpt>
<trkpt lat="36.9668646" lon="127.8703719">
<ele>70.359</ele>
<time>2026-05-12T10:57:17Z</time>
<extensions>
<gpxtpx:TrackPointExtension>
<gpxtpx:hr>168</gpxtpx:hr>
</gpxtpx:TrackPointExtension>
</extensions>
</trkpt>
<trkpt lat="36.966872" lon="127.8703372">
<ele>70.401</ele>
<time>2026-05-12T10:57:18Z</time>
<extensions>
<gpxtpx:TrackPointExtension>
<gpxtpx:hr>168</gpxtpx:hr>
<gpxtpx:cad>181</gpxtpx:cad>
</gpxtpx:TrackPointExtension>
</extensions>
</trkpt>
<trkpt lat="36.9668788" lon="127.8703019">
<ele>70.409</ele>
<time>2026-05-12T10:57:19Z</time>
<extensions>
<gpxtpx:TrackPointExtension>
<gpxtpx:hr>168</gpxtpx:hr>
</gpxtpx:TrackPointExtension>
</extensions>
</trkpt>
<trkpt lat="36.9668857" lon="127.8702667">
<ele>70.397</ele>
<time>2026-05-12T10:57:20Z</time>
<extensions>
<gpxtpx:TrackPointExtension>
<gpxtpx:hr>168</gpxtpx:hr>
</gpxtpx:TrackPointExtension>
</extensions>
</trkpt>
<trkpt lat="36.9668927" lon="127.8702315">
<ele>70.269</ele>
<time>2026-05-12T10:57:21Z</time>
<extensions>
<gpxtpx:TrackPointExtension>
<gpxtpx:hr>168</gpxtpx:hr>
</gpxtpx:TrackPointExtension>
</extensions>
</trkpt>
<trkpt lat="36.9668998" lon="127.8701964">
<ele>70.235</ele>
<time>2026-05-12T10:57:22Z</time>
<extensions>
<gpxtpx:TrackPointExtension>
<gpxtpx:hr>168</gpxtpx:hr>
</gpxtpx:TrackPointExtension>
</extensions>
</trkpt>
<trkpt lat="36.9669075" lon="127.8701618">
<ele>70.179</ele>
<time>2026-05-12T10:57:23Z</time>
<extensions>
<gpxtpx:TrackPointExtension>
<gpxtpx:hr>168</gpxtpx:hr>
<gpxtpx:cad>181</gpxtpx:cad>
</gpxtpx:TrackPointExtension>
</extensions>
</trkpt>
<trkpt lat="36.966915" lon="127.8701272">
<ele>70.098</ele>
<time>2026-05-12T10:57:24Z</time>
<extensions>
<gpxtpx:TrackPointExtension>
<gpxtpx:hr>168</gpxtpx:hr>
<gpxtpx:cad>181</gpxtpx:cad>
</gpxtpx:TrackPointExtension>
</extensions>
</trkpt>
<trkpt lat="36.9669227" lon="127.8700928">
<ele>70.17</ele>
<time>2026-05-12T10:57:25Z</time>
<extensions>
<gpxtpx:TrackPointExtension>
<gpxtpx:hr>168</gpxtpx:hr>
</gpxtpx:TrackPointExtension>
</extensions>
</trkpt>
<trkpt lat="36.9669301" lon="127.8700581">
<ele>70.382</ele>
<time>2026-05-12T10:57:26Z</time>
<extensions>
<gpxtpx:TrackPointExtension>
<gpxtpx:hr>168</gpxtpx:hr>
</gpxtpx:TrackPointExtension>
</extensions>
</trkpt>
<trkpt lat="36.9669376" lon="127.8700236">
<ele>70.317</ele>
<time>2026-05-12T10:57:27Z</time>
<extensions>
<gpxtpx:TrackPointExtension>
<gpxtpx:hr>167</gpxtpx:hr>
</gpxtpx:TrackPointExtension>
</extensions>
</trkpt>
<trkpt lat="36.9669449" lon="127.8699888">
<ele>70.426</ele>
<time>2026-05-12T10:57:28Z</time>
<extensions>
<gpxtpx:TrackPointExtension>
<gpxtpx:hr>167</gpxtpx:hr>
<gpxtpx:cad>177</gpxtpx:cad>
</gpxtpx:TrackPointExtension>
</extensions>
</trkpt>
<trkpt lat="36.9669525" lon="127.8699544">
<ele>70.488</ele>
<time>2026-05-12T10:57:29Z</time>
<extensions>
<gpxtpx:TrackPointExtension>
<gpxtpx:hr>167</gpxtpx:hr>
</gpxtpx:TrackPointExtension>
</extensions>
</trkpt>
<trkpt lat="36.96696" lon="127.8699202">
<ele>70.474</ele>
<time>2026-05-12T10:57:30Z</time>
<extensions>
<gpxtpx:TrackPointExtension>
<gpxtpx:hr>167</gpxtpx:hr>
</gpxtpx:TrackPointExtension>
</extensions>
</trkpt>
<trkpt lat="36.9669676" lon="127.8698861">
<ele>70.433</ele>
<time>2026-05-12T10:57:31Z</time>
<extensions>
<gpxtpx:TrackPointExtension>
<gpxtpx:hr>167</gpxtpx:hr>
</gpxtpx:TrackPointExtension>
</extensions>
</trkpt>
<trkpt lat="36.9669751" lon="127.8698523">
<ele>70.421</ele>
<time>2026-05-12T10:57:32Z</time>
<extensions>
<gpxtpx:TrackPointExtension>
<gpxtpx:hr>167</gpxtpx:hr>
</gpxtpx:TrackPointExtension>
</extensions>
</trkpt>
<trkpt lat="36.9669826" lon="127.8698186">
<ele>70.351</ele>
<time>2026-05-12T10:57:33Z</time>
<extensions>
<gpxtpx:TrackPointExtension>
<gpxtpx:hr>167</gpxtpx:hr>
<gpxtpx:cad>173</gpxtpx:cad>
</gpxtpx:TrackPointExtension>
</extensions>
</trkpt>
<trkpt lat="36.96699" lon="127.8697852">
<ele>70.337</ele>
<time>2026-05-12T10:57:34Z</time>
<extensions>
<gpxtpx:TrackPointExtension>
<gpxtpx:hr>166</gpxtpx:hr>
</gpxtpx:TrackPointExtension>
</extensions>
</trkpt>
<trkpt lat="36.9669974" lon="127.8697524">
<ele>70.342</ele>
<time>2026-05-12T10:57:35Z</time>
<extensions>
<gpxtpx:TrackPointExtension>
<gpxtpx:hr>167</gpxtpx:hr>
</gpxtpx:TrackPointExtension>
</extensions>
</trkpt>
<trkpt lat="36.9670049" lon="127.8697187">
<ele>70.335</ele>
<time>2026-05-12T10:57:36Z</time>
<extensions>
<gpxtpx:TrackPointExtension>
<gpxtpx:hr>167</gpxtpx:hr>
</gpxtpx:TrackPointExtension>
</extensions>
</trkpt>
<trkpt lat="36.9670122" lon="127.869686">
<ele>70.271</ele>
<time>2026-05-12T10:57:37Z</time>
<extensions>
<gpxtpx:TrackPointExtension>
<gpxtpx:hr>167</gpxtpx:hr>
</gpxtpx:TrackPointExtension>
</extensions>
</trkpt>
<trkpt lat="36.9670196" lon="127.8696529">
<ele>70.232</ele>
<time>2026-05-12T10:57:38Z</time>
<extensions>
<gpxtpx:TrackPointExtension>
<gpxtpx:hr>167</gpxtpx:hr>
<gpxtpx:cad>175</gpxtpx:cad>
</gpxtpx:TrackPointExtension>
</extensions>
</trkpt>
<trkpt lat="36.967027" lon="127.8696199">
<ele>70.183</ele>
<time>2026-05-12T10:57:39Z</time>
<extensions>
<gpxtpx:TrackPointExtension>
<gpxtpx:hr>167</gpxtpx:hr>
</gpxtpx:TrackPointExtension>
</extensions>
</trkpt>
<trkpt lat="36.9670343" lon="127.8695871">
<ele>70.137</ele>
<time>2026-05-12T10:57:40Z</time>
<extensions>
<gpxtpx:TrackPointExtension>
<gpxtpx:hr>167</gpxtpx:hr>
</gpxtpx:TrackPointExtension>
</extensions>
</trkpt>
<trkpt lat="36.9670415" lon="127.8695544">
<ele>70.156</ele>
<time>2026-05-12T10:57:41Z</time>
<extensions>
<gpxtpx:TrackPointExtension>
<gpxtpx:hr>167</gpxtpx:hr>
</gpxtpx:TrackPointExtension>
</extensions>
</trkpt>
<trkpt lat="36.9670487" lon="127.8695218">
<ele>70.147</ele>
<time>2026-05-12T10:57:42Z</time>
<extensions>
<gpxtpx:TrackPointExtension>
<gpxtpx:hr>168</gpxtpx:hr>
</gpxtpx:TrackPointExtension>
</extensions>
</trkpt>
<trkpt lat="36.9670559" lon="127.8694893">
<ele>70.153</ele>
<time>2026-05-12T10:57:43Z</time>
<extensions>
<gpxtpx:TrackPointExtension>
<gpxtpx:hr>167</gpxtpx:hr>
<gpxtpx:cad>179</gpxtpx:cad>
</gpxtpx:TrackPointExtension>
</extensions>
</trkpt>
<trkpt lat="36.9670631" lon="127.869457">
<ele>70.183</ele>
<time>2026-05-12T10:57:44Z</time>
<extensions>
<gpxtpx:TrackPointExtension>
<gpxtpx:hr>167</gpxtpx:hr>
</gpxtpx:TrackPointExtension>
</extensions>
</trkpt>
<trkpt lat="36.9670702" lon="127.8694248">
<ele>70.145</ele>
<time>2026-05-12T10:57:45Z</time>
<extensions>
<gpxtpx:TrackPointExtension>
<gpxtpx:hr>167</gpxtpx:hr>
</gpxtpx:TrackPointExtension>
</extensions>
</trkpt>
<trkpt lat="36.9670773" lon="127.8693926">
<ele>70.139</ele>
<time>2026-05-12T10:57:46Z</time>
<extensions>
<gpxtpx:TrackPointExtension>
<gpxtpx:hr>167</gpxtpx:hr>
</gpxtpx:TrackPointExtension>
</extensions>
</trkpt>
<trkpt lat="36.9670844" lon="127.8693606">
<ele>70.086</ele>
<time>2026-05-12T10:57:47Z</time>
<extensions>
<gpxtpx:TrackPointExtension>
<gpxtpx:hr>167</gpxtpx:hr>
</gpxtpx:TrackPointExtension>
</extensions>
</trkpt>
<trkpt lat="36.9670913" lon="127.8693289">
<ele>70.101</ele>
<time>2026-05-12T10:57:48Z</time>
<extensions>
<gpxtpx:TrackPointExtension>
<gpxtpx:hr>167</gpxtpx:hr>
<gpxtpx:cad>181</gpxtpx:cad>
</gpxtpx:TrackPointExtension>
</extensions>
</trkpt>
<trkpt lat="36.9670984" lon="127.8692967">
<ele>69.985</ele>
<time>2026-05-12T10:57:49Z</time>
<extensions>
<gpxtpx:TrackPointExtension>
<gpxtpx:hr>167</gpxtpx:hr>
</gpxtpx:TrackPointExtension>
</extensions>
</trkpt>
<trkpt lat="36.9671053" lon="127.8692651">
<ele>69.954</ele>
<time>2026-05-12T10:57:50Z</time>
<extensions>
<gpxtpx:TrackPointExtension>
<gpxtpx:hr>167</gpxtpx:hr>
</gpxtpx:TrackPointExtension>
</extensions>
</trkpt>
<trkpt lat="36.9671124" lon="127.8692332">
<ele>69.999</ele>
<time>2026-05-12T10:57:51Z</time>
<extensions>
<gpxtpx:TrackPointExtension>
<gpxtpx:hr>167</gpxtpx:hr>
</gpxtpx:TrackPointExtension>
</extensions>
</trkpt>
<trkpt lat="36.9671194" lon="127.8692013">
<ele>70.093</ele>
<time>2026-05-12T10:57:52Z</time>
<extensions>
<gpxtpx:TrackPointExtension>
<gpxtpx:hr>167</gpxtpx:hr>
</gpxtpx:TrackPointExtension>
</extensions>
</trkpt>
<trkpt lat="36.9671266" lon="127.8691694">
<ele>70.073</ele>
<time>2026-05-12T10:57:53Z</time>
<extensions>
<gpxtpx:TrackPointExtension>
<gpxtpx:hr>167</gpxtpx:hr>
<gpxtpx:cad>178</gpxtpx:cad>
</gpxtpx:TrackPointExtension>
</extensions>
</trkpt>
<trkpt lat="36.9671339" lon="127.8691373">
<ele>69.959</ele>
<time>2026-05-12T10:57:54Z</time>
<extensions>
<gpxtpx:TrackPointExtension>
<gpxtpx:hr>167</gpxtpx:hr>
</gpxtpx:TrackPointExtension>
</extensions>
</trkpt>
<trkpt lat="36.9671413" lon="127.8691051">
<ele>70.018</ele>
<time>2026-05-12T10:57:55Z</time>
<extensions>
<gpxtpx:TrackPointExtension>
<gpxtpx:hr>167</gpxtpx:hr>
</gpxtpx:TrackPointExtension>
</extensions>
</trkpt>
<trkpt lat="36.9671487" lon="127.8690724">
<ele>69.962</ele>
<time>2026-05-12T10:57:56Z</time>
<extensions>
<gpxtpx:TrackPointExtension>
<gpxtpx:hr>166</gpxtpx:hr>
<gpxtpx:cad>168</gpxtpx:cad>
</gpxtpx:TrackPointExtension>
</extensions>
</trkpt>
<trkpt lat="36.9671563" lon="127.8690393">
<ele>69.893</ele>
<time>2026-05-12T10:57:57Z</time>
<extensions>
<gpxtpx:TrackPointExtension>
<gpxtpx:hr>166</gpxtpx:hr>
</gpxtpx:TrackPointExtension>
</extensions>
</trkpt>
<trkpt lat="36.9671635" lon="127.8690075">
<ele>69.931</ele>
<time>2026-05-12T10:57:58Z</time>
<extensions>
<gpxtpx:TrackPointExtension>
<gpxtpx:hr>166</gpxtpx:hr>
<gpxtpx:cad>160</gpxtpx:cad>
</gpxtpx:TrackPointExtension>
</extensions>
</trkpt>
<trkpt lat="36.9671713" lon="127.8689735">
<ele>69.921</ele>
<time>2026-05-12T10:57:59Z</time>
<extensions>
<gpxtpx:TrackPointExtension>
<gpxtpx:hr>165</gpxtpx:hr>
</gpxtpx:TrackPointExtension>
</extensions>
</trkpt>
<trkpt lat="36.9671788" lon="127.8689413">
<ele>70.018</ele>
<time>2026-05-12T10:58:00Z</time>
<extensions>
<gpxtpx:TrackPointExtension>
<gpxtpx:hr>165</gpxtpx:hr>
</gpxtpx:TrackPointExtension>
</extensions>
</trkpt>
<trkpt lat="36.9671877" lon="127.8689027">
<ele>70.341</ele>
<time>2026-05-12T10:58:01Z</time>
<extensions>
<gpxtpx:TrackPointExtension>
<gpxtpx:hr>164</gpxtpx:hr>
</gpxtpx:TrackPointExtension>
</extensions>
</trkpt>
<trkpt lat="36.9671956" lon="127.8688691">
<ele>70.443</ele>
<time>2026-05-12T10:58:02Z</time>
<extensions>
<gpxtpx:TrackPointExtension>
<gpxtpx:hr>164</gpxtpx:hr>
</gpxtpx:TrackPointExtension>
</extensions>
</trkpt>
<trkpt lat="36.9672044" lon="127.8688312">
<ele>70.698</ele>
<time>2026-05-12T10:58:03Z</time>
<extensions>
<gpxtpx:TrackPointExtension>
<gpxtpx:hr>164</gpxtpx:hr>
<gpxtpx:cad>152</gpxtpx:cad>
</gpxtpx:TrackPointExtension>
</extensions>
</trkpt>
<trkpt lat="36.9672128" lon="127.8687958">
<ele>70.773</ele>
<time>2026-05-12T10:58:04Z</time>
<extensions>
<gpxtpx:TrackPointExtension>
<gpxtpx:hr>164</gpxtpx:hr>
</gpxtpx:TrackPointExtension>
</extensions>
</trkpt>
<trkpt lat="36.967222" lon="127.8687553">
<ele>70.796</ele>
<time>2026-05-12T10:58:05Z</time>
<extensions>
<gpxtpx:TrackPointExtension>
<gpxtpx:hr>165</gpxtpx:hr>
</gpxtpx:TrackPointExtension>
</extensions>
</trkpt>
<trkpt lat="36.967231" lon="127.8687168">
<ele>70.681</ele>
<time>2026-05-12T10:58:06Z</time>
<extensions>
<gpxtpx:TrackPointExtension>
<gpxtpx:hr>165</gpxtpx:hr>
</gpxtpx:TrackPointExtension>
</extensions>
</trkpt>
<trkpt lat="36.9672405" lon="127.8686763">
<ele>70.692</ele>
<time>2026-05-12T10:58:07Z</time>
<extensions>
<gpxtpx:TrackPointExtension>
<gpxtpx:hr>166</gpxtpx:hr>
</gpxtpx:TrackPointExtension>
</extensions>
</trkpt>
<trkpt lat="36.9672504" lon="127.8686306">
<ele>70.641</ele>
<time>2026-05-12T10:58:08Z</time>
<extensions>
<gpxtpx:TrackPointExtension>
<gpxtpx:hr>166</gpxtpx:hr>
<gpxtpx:cad>168</gpxtpx:cad>
</gpxtpx:TrackPointExtension>
</extensions>
</trkpt>
<trkpt lat="36.9672604" lon="127.8685835">
<ele>70.593</ele>
<time>2026-05-12T10:58:09Z</time>
<extensions>
<gpxtpx:TrackPointExtension>
<gpxtpx:hr>166</gpxtpx:hr>
</gpxtpx:TrackPointExtension>
</extensions>
</trkpt>
<trkpt lat="36.9672704" lon="127.8685353">
<ele>70.552</ele>
<time>2026-05-12T10:58:10Z</time>
<extensions>
<gpxtpx:TrackPointExtension>
<gpxtpx:hr>167</gpxtpx:hr>
</gpxtpx:TrackPointExtension>
</extensions>
</trkpt>
<trkpt lat="36.9672802" lon="127.8684864">
<ele>70.453</ele>
<time>2026-05-12T10:58:11Z</time>
<extensions>
<gpxtpx:TrackPointExtension>
<gpxtpx:hr>168</gpxtpx:hr>
</gpxtpx:TrackPointExtension>
</extensions>
</trkpt>
<trkpt lat="36.96729" lon="127.8684374">
<ele>70.482</ele>
<time>2026-05-12T10:58:12Z</time>
<extensions>
<gpxtpx:TrackPointExtension>
<gpxtpx:hr>169</gpxtpx:hr>
</gpxtpx:TrackPointExtension>
</extensions>
</trkpt>
<trkpt lat="36.9672994" lon="127.8683901">
<ele>70.396</ele>
<time>2026-05-12T10:58:13Z</time>
<extensions>
<gpxtpx:TrackPointExtension>
<gpxtpx:hr>169</gpxtpx:hr>
<gpxtpx:cad>183</gpxtpx:cad>
</gpxtpx:TrackPointExtension>
</extensions>
</trkpt>
<trkpt lat="36.9673092" lon="127.8683407">
<ele>70.147</ele>
<time>2026-05-12T10:58:14Z</time>
<extensions>
<gpxtpx:TrackPointExtension>
<gpxtpx:hr>170</gpxtpx:hr>
</gpxtpx:TrackPointExtension>
</extensions>
</trkpt>
<trkpt lat="36.9673182" lon="127.8682951">
<ele>70.224</ele>
<time>2026-05-12T10:58:15Z</time>
<extensions>
<gpxtpx:TrackPointExtension>
<gpxtpx:hr>170</gpxtpx:hr>
</gpxtpx:TrackPointExtension>
</extensions>
</trkpt>
<trkpt lat="36.9673277" lon="127.868247">
<ele>70.324</ele>
<time>2026-05-12T10:58:16Z</time>
<extensions>
<gpxtpx:TrackPointExtension>
<gpxtpx:hr>171</gpxtpx:hr>
</gpxtpx:TrackPointExtension>
</extensions>
</trkpt>
<trkpt lat="36.9673369" lon="127.8682002">
<ele>70.377</ele>
<time>2026-05-12T10:58:17Z</time>
<extensions>
<gpxtpx:TrackPointExtension>
<gpxtpx:hr>170</gpxtpx:hr>
</gpxtpx:TrackPointExtension>
</extensions>
</trkpt>
<trkpt lat="36.9673457" lon="127.8681549">
<ele>70.425</ele>
<time>2026-05-12T10:58:18Z</time>
<extensions>
<gpxtpx:TrackPointExtension>
<gpxtpx:hr>170</gpxtpx:hr>
<gpxtpx:cad>182</gpxtpx:cad>
</gpxtpx:TrackPointExtension>
</extensions>
</trkpt>
<trkpt lat="36.9673547" lon="127.8681113">
<ele>70.466</ele>
<time>2026-05-12T10:58:19Z</time>
<extensions>
<gpxtpx:TrackPointExtension>
<gpxtpx:hr>171</gpxtpx:hr>
</gpxtpx:TrackPointExtension>
</extensions>
</trkpt>
<trkpt lat="36.9673636" lon="127.8680692">
<ele>70.498</ele>
<time>2026-05-12T10:58:20Z</time>
<extensions>
<gpxtpx:TrackPointExtension>
<gpxtpx:hr>172</gpxtpx:hr>
</gpxtpx:TrackPointExtension>
</extensions>
</trkpt>
<trkpt lat="36.9673719" lon="127.8680262">
<ele>70.433</ele>
<time>2026-05-12T10:58:21Z</time>
<extensions>
<gpxtpx:TrackPointExtension>
<gpxtpx:hr>172</gpxtpx:hr>
</gpxtpx:TrackPointExtension>
</extensions>
</trkpt>
<trkpt lat="36.9673802" lon="127.8679808">
<ele>70.306</ele>
<time>2026-05-12T10:58:22Z</time>
<extensions>
<gpxtpx:TrackPointExtension>
<gpxtpx:cad>187</gpxtpx:cad>
</gpxtpx:TrackPointExtension>
</extensions>
</trkpt>
</trkseg>
</trk>
<exerciseinfo>
<exercisetype>1002</exercisetype>
<distance>8001.291</distance>
<elevationgain>5.031</elevationgain>
<avggradient>1.7053915918044222</avggradient>
<duration>2649642</duration>
<avgspeed>3.019763</avgspeed>
</exerciseinfo>
</gpx>
