<?xml version="1.0" encoding="UTF-8"?>
<gpx xmlns="http://www.topografix.com/GPX/1/1" xmlns:xsi="http://www.w3.org/2001/XMLSchema-instance" xmlns:gpxtpx="http://www.garmin.com/xmlschemas/TrackPointExtension/v1" version="1.1" creator="Samsung Health_0.2" xsi:schemaLocation="http://www.topografix.com/GPX/1/1 http://www.topografix.com/GPX/1/1/gpx.xsd http://www.garmin.com/xmlschemas/TrackPointExtension/v1 http://www.garmin.com/xmlschemas/TrackPointExtensionv1.xsd">
<metadate>2026-05-05T10:22:18Z</metadate>
<trk>
<name>20260505_192217.gpx</name>
<trkseg>
<trkpt lat="36.9674542" lon="127.8675267">
<ele>74.489</ele>
<time>2026-05-05T10:22:18Z</time>
<extensions>
<gpxtpx:TrackPointExtension>
<gpxtpx:hr>110</gpxtpx:hr>
</gpxtpx:TrackPointExtension>
</extensions>
</trkpt>
<trkpt lat="36.9674548" lon="127.867557">
<ele>74.584</ele>
<time>2026-05-05T10:22:19Z</time>
<extensions>
<gpxtpx:TrackPointExtension>
<gpxtpx:hr>112</gpxtpx:hr>
</gpxtpx:TrackPointExtension>
</extensions>
</trkpt>
<trkpt lat="36.9674553" lon="127.8675881">
<ele>74.683</ele>
<time>2026-05-05T10:22:20Z</time>
<extensions>
<gpxtpx:TrackPointExtension>
<gpxtpx:hr>113</gpxtpx:hr>
</gpxtpx:TrackPointExtension>
</extensions>
</trkpt>
<trkpt lat="36.9674532" lon="127.8676199">
<ele>74.666</ele>
<time>2026-05-05T10:22:21Z</time>
<extensions>
<gpxtpx:TrackPointExtension>
<gpxtpx:hr>114</gpxtpx:hr>
</gpxtpx:TrackPointExtension>
</extensions>
</trkpt>
<trkpt lat="36.9674475" lon="127.8676511">
<ele>74.659</ele>
<time>2026-05-05T10:22:22Z</time>
<extensions>
<gpxtpx:TrackPointExtension>
<gpxtpx:hr>115</gpxtpx:hr>
<gpxtpx:cad>54</gpxtpx:cad>
</gpxtpx:TrackPointExtension>
</extensions>
</trkpt>
<trkpt lat="36.9674401" lon="127.8676827">
<ele>74.668</ele>
<time>2026-05-05T10:22:23Z</time>
<extensions>
<gpxtpx:TrackPointExtension>
<gpxtpx:hr>116</gpxtpx:hr>
</gpxtpx:TrackPointExtension>
</extensions>
</trkpt>
<trkpt lat="36.9674327" lon="127.8677147">
<ele>74.683</ele>
<time>2026-05-05T10:22:24Z</time>
<extensions>
<gpxtpx:TrackPointExtension>
<gpxtpx:hr>117</gpxtpx:hr>
</gpxtpx:TrackPointExtension>
</extensions>
</trkpt>
<trkpt lat="36.9674277" lon="127.8677469">
<ele>74.676</ele>
<time>2026-05-05T10:22:25Z</time>
<extensions>
<gpxtpx:TrackPointExtension>
<gpxtpx:hr>118</gpxtpx:hr>
</gpxtpx:TrackPointExtension>
</extensions>
</trkpt>
<trkpt lat="36.9674223" lon="127.8677794">
<ele>74.741</ele>
<time>2026-05-05T10:22:26Z</time>
<extensions>
<gpxtpx:TrackPointExtension>
<gpxtpx:hr>119</gpxtpx:hr>
</gpxtpx:TrackPointExtension>
</extensions>
</trkpt>
<trkpt lat="36.9674168" lon="127.8678122">
<ele>74.771</ele>
<time>2026-05-05T10:22:27Z</time>
<extensions>
<gpxtpx:TrackPointExtension>
<gpxtpx:hr>119</gpxtpx:hr>
<gpxtpx:cad>121</gpxtpx:cad>
</gpxtpx:TrackPointExtension>
</extensions>
</trkpt>
<trkpt lat="36.9674121" lon="127.8678456">
<ele>74.795</ele>
<time>2026-05-05T10:22:28Z</time>
<extensions>
<gpxtpx:TrackPointExtension>
<gpxtpx:hr>119</gpxtpx:hr>
</gpxtpx:TrackPointExtension>
</extensions>
</trkpt>
<trkpt lat="36.9674077" lon="127.867879">
<ele>74.83</ele>
<time>2026-05-05T10:22:29Z</time>
<extensions>
<gpxtpx:TrackPointExtension>
<gpxtpx:hr>119</gpxtpx:hr>
</gpxtpx:TrackPointExtension>
</extensions>
</trkpt>
<trkpt lat="36.9674059" lon="127.8679134">
<ele>74.817</ele>
<time>2026-05-05T10:22:30Z</time>
<extensions>
<gpxtpx:TrackPointExtension>
<gpxtpx:hr>119</gpxtpx:hr>
</gpxtpx:TrackPointExtension>
</extensions>
</trkpt>
<trkpt lat="36.9674066" lon="127.8679492">
<ele>74.787</ele>
<time>2026-05-05T10:22:31Z</time>
<extensions>
<gpxtpx:TrackPointExtension>
<gpxtpx:hr>118</gpxtpx:hr>
</gpxtpx:TrackPointExtension>
</extensions>
</trkpt>
<trkpt lat="36.9674064" lon="127.8679858">
<ele>74.768</ele>
<time>2026-05-05T10:22:32Z</time>
<extensions>
<gpxtpx:TrackPointExtension>
<gpxtpx:hr>118</gpxtpx:hr>
<gpxtpx:cad>177</gpxtpx:cad>
</gpxtpx:TrackPointExtension>
</extensions>
</trkpt>
<trkpt lat="36.9674053" lon="127.8680221">
<ele>74.748</ele>
<time>2026-05-05T10:22:33Z</time>
<extensions>
<gpxtpx:TrackPointExtension>
<gpxtpx:hr>118</gpxtpx:hr>
</gpxtpx:TrackPointExtension>
</extensions>
</trkpt>
<trkpt lat="36.9674013" lon="127.8680574">
<ele>74.685</ele>
<time>2026-05-05T10:22:34Z</time>
<extensions>
<gpxtpx:TrackPointExtension>
<gpxtpx:hr>118</gpxtpx:hr>
</gpxtpx:TrackPointExtension>
</extensions>
</trkpt>
<trkpt lat="36.967397" lon="127.8680921">
<ele>74.719</ele>
<time>2026-05-05T10:22:35Z</time>
<extensions>
<gpxtpx:TrackPointExtension>
<gpxtpx:hr>119</gpxtpx:hr>
</gpxtpx:TrackPointExtension>
</extensions>
</trkpt>
<trkpt lat="36.9673913" lon="127.8681257">
<ele>74.761</ele>
<time>2026-05-05T10:22:36Z</time>
<extensions>
<gpxtpx:TrackPointExtension>
<gpxtpx:hr>119</gpxtpx:hr>
</gpxtpx:TrackPointExtension>
</extensions>
</trkpt>
<trkpt lat="36.9673846" lon="127.868158">
<ele>74.766</ele>
<time>2026-05-05T10:22:37Z</time>
<extensions>
<gpxtpx:TrackPointExtension>
<gpxtpx:hr>120</gpxtpx:hr>
<gpxtpx:cad>174</gpxtpx:cad>
</gpxtpx:TrackPointExtension>
</extensions>
</trkpt>
<trkpt lat="36.9673774" lon="127.8681899">
<ele>74.78</ele>
<time>2026-05-05T10:22:38Z</time>
<extensions>
<gpxtpx:TrackPointExtension>
<gpxtpx:hr>121</gpxtpx:hr>
</gpxtpx:TrackPointExtension>
</extensions>
</trkpt>
<trkpt lat="36.9673694" lon="127.8682191">
<ele>74.79</ele>
<time>2026-05-05T10:22:39Z</time>
<extensions>
<gpxtpx:TrackPointExtension>
<gpxtpx:hr>122</gpxtpx:hr>
</gpxtpx:TrackPointExtension>
</extensions>
</trkpt>
<trkpt lat="36.9673614" lon="127.8682488">
<ele>74.748</ele>
<time>2026-05-05T10:22:40Z</time>
<extensions>
<gpxtpx:TrackPointExtension>
<gpxtpx:hr>123</gpxtpx:hr>
</gpxtpx:TrackPointExtension>
</extensions>
</trkpt>
<trkpt lat="36.9673538" lon="127.8682773">
<ele>74.765</ele>
<time>2026-05-05T10:22:41Z</time>
</trkpt>
<trkpt lat="36.9673461" lon="127.8683059">
<ele>74.762</ele>
<time>2026-05-05T10:22:42Z</time>
<extensions>
<gpxtpx:TrackPointExtension>
<gpxtpx:hr>124</gpxtpx:hr>
<gpxtpx:cad>172</gpxtpx:cad>
</gpxtpx:TrackPointExtension>
</extensions>
</trkpt>
<trkpt lat="36.9673387" lon="127.8683342">
<ele>74.72</ele>
<time>2026-05-05T10:22:43Z</time>
<extensions>
<gpxtpx:TrackPointExtension>
<gpxtpx:hr>125</gpxtpx:hr>
</gpxtpx:TrackPointExtension>
</extensions>
</trkpt>
<trkpt lat="36.9673329" lon="127.8683621">
<ele>74.696</ele>
<time>2026-05-05T10:22:44Z</time>
<extensions>
<gpxtpx:TrackPointExtension>
<gpxtpx:hr>126</gpxtpx:hr>
</gpxtpx:TrackPointExtension>
</extensions>
</trkpt>
<trkpt lat="36.9673266" lon="127.8683907">
<ele>74.778</ele>
<time>2026-05-05T10:22:45Z</time>
<extensions>
<gpxtpx:TrackPointExtension>
<gpxtpx:hr>126</gpxtpx:hr>
</gpxtpx:TrackPointExtension>
</extensions>
</trkpt>
<trkpt lat="36.9673195" lon="127.8684197">
<ele>74.87</ele>
<time>2026-05-05T10:22:46Z</time>
<extensions>
<gpxtpx:TrackPointExtension>
<gpxtpx:hr>129</gpxtpx:hr>
</gpxtpx:TrackPointExtension>
</extensions>
</trkpt>
<trkpt lat="36.9673115" lon="127.8684487">
<ele>74.854</ele>
<time>2026-05-05T10:22:47Z</time>
<extensions>
<gpxtpx:TrackPointExtension>
<gpxtpx:hr>130</gpxtpx:hr>
<gpxtpx:cad>178</gpxtpx:cad>
</gpxtpx:TrackPointExtension>
</extensions>
</trkpt>
<trkpt lat="36.9673028" lon="127.8684776">
<ele>74.881</ele>
<time>2026-05-05T10:22:48Z</time>
<extensions>
<gpxtpx:TrackPointExtension>
<gpxtpx:hr>131</gpxtpx:hr>
</gpxtpx:TrackPointExtension>
</extensions>
</trkpt>
<trkpt lat="36.9672949" lon="127.8685068">
<ele>74.869</ele>
<time>2026-05-05T10:22:49Z</time>
<extensions>
<gpxtpx:TrackPointExtension>
<gpxtpx:hr>132</gpxtpx:hr>
</gpxtpx:TrackPointExtension>
</extensions>
</trkpt>
<trkpt lat="36.9672869" lon="127.8685359">
<ele>74.837</ele>
<time>2026-05-05T10:22:50Z</time>
<extensions>
<gpxtpx:TrackPointExtension>
<gpxtpx:hr>132</gpxtpx:hr>
</gpxtpx:TrackPointExtension>
</extensions>
</trkpt>
<trkpt lat="36.9672787" lon="127.8685652">
<ele>74.821</ele>
<time>2026-05-05T10:22:51Z</time>
<extensions>
<gpxtpx:TrackPointExtension>
<gpxtpx:hr>135</gpxtpx:hr>
</gpxtpx:TrackPointExtension>
</extensions>
</trkpt>
<trkpt lat="36.9672619" lon="127.8686251">
<ele>74.797</ele>
<time>2026-05-05T10:22:53Z</time>
<extensions>
<gpxtpx:TrackPointExtension>
<gpxtpx:hr>137</gpxtpx:hr>
<gpxtpx:cad>179</gpxtpx:cad>
</gpxtpx:TrackPointExtension>
</extensions>
</trkpt>
<trkpt lat="36.9672539" lon="127.8686543">
<ele>74.867</ele>
<time>2026-05-05T10:22:55Z</time>
<extensions>
<gpxtpx:TrackPointExtension>
<gpxtpx:hr>138</gpxtpx:hr>
</gpxtpx:TrackPointExtension>
</extensions>
</trkpt>
<trkpt lat="36.9672454" lon="127.8686838">
<ele>74.88</ele>
<time>2026-05-05T10:22:56Z</time>
<extensions>
<gpxtpx:TrackPointExtension>
<gpxtpx:hr>139</gpxtpx:hr>
</gpxtpx:TrackPointExtension>
</extensions>
</trkpt>
<trkpt lat="36.9672368" lon="127.868714">
<ele>74.936</ele>
<time>2026-05-05T10:22:57Z</time>
<extensions>
<gpxtpx:TrackPointExtension>
<gpxtpx:hr>140</gpxtpx:hr>
</gpxtpx:TrackPointExtension>
</extensions>
</trkpt>
<trkpt lat="36.9672191" lon="127.8687744">
<ele>75.05</ele>
<time>2026-05-05T10:22:58Z</time>
<extensions>
<gpxtpx:TrackPointExtension>
<gpxtpx:cad>174</gpxtpx:cad>
</gpxtpx:TrackPointExtension>
</extensions>
</trkpt>
<trkpt lat="36.9672106" lon="127.8688047">
<ele>75.035</ele>
<time>2026-05-05T10:22:59Z</time>
<extensions>
<gpxtpx:TrackPointExtension>
<gpxtpx:hr>140</gpxtpx:hr>
</gpxtpx:TrackPointExtension>
</extensions>
</trkpt>
<trkpt lat="36.9672022" lon="127.8688349">
<ele>75.023</ele>
<time>2026-05-05T10:23:00Z</time>
<extensions>
<gpxtpx:TrackPointExtension>
<gpxtpx:hr>141</gpxtpx:hr>
</gpxtpx:TrackPointExtension>
</extensions>
</trkpt>
<trkpt lat="36.9671942" lon="127.8688652">
<ele>75.039</ele>
<time>2026-05-05T10:23:01Z</time>
<extensions>
<gpxtpx:TrackPointExtension>
<gpxtpx:hr>141</gpxtpx:hr>
</gpxtpx:TrackPointExtension>
</extensions>
</trkpt>
<trkpt lat="36.9671864" lon="127.8688955">
<ele>74.984</ele>
<time>2026-05-05T10:23:02Z</time>
<extensions>
<gpxtpx:TrackPointExtension>
<gpxtpx:hr>141</gpxtpx:hr>
<gpxtpx:cad>176</gpxtpx:cad>
</gpxtpx:TrackPointExtension>
</extensions>
</trkpt>
<trkpt lat="36.9671785" lon="127.8689258">
<ele>74.953</ele>
<time>2026-05-05T10:23:03Z</time>
<extensions>
<gpxtpx:TrackPointExtension>
<gpxtpx:hr>141</gpxtpx:hr>
</gpxtpx:TrackPointExtension>
</extensions>
</trkpt>
<trkpt lat="36.9671704" lon="127.8689554">
<ele>74.997</ele>
<time>2026-05-05T10:23:04Z</time>
<extensions>
<gpxtpx:TrackPointExtension>
<gpxtpx:hr>141</gpxtpx:hr>
</gpxtpx:TrackPointExtension>
</extensions>
</trkpt>
<trkpt lat="36.9671626" lon="127.8689846">
<ele>74.968</ele>
<time>2026-05-05T10:23:05Z</time>
<extensions>
<gpxtpx:TrackPointExtension>
<gpxtpx:hr>141</gpxtpx:hr>
</gpxtpx:TrackPointExtension>
</extensions>
</trkpt>
<trkpt lat="36.9671546" lon="127.8690127">
<ele>74.996</ele>
<time>2026-05-05T10:23:06Z</time>
<extensions>
<gpxtpx:TrackPointExtension>
<gpxtpx:hr>141</gpxtpx:hr>
</gpxtpx:TrackPointExtension>
</extensions>
</trkpt>
<trkpt lat="36.9671469" lon="127.8690423">
<ele>75.026</ele>
<time>2026-05-05T10:23:08Z</time>
<extensions>
<gpxtpx:TrackPointExtension>
<gpxtpx:hr>142</gpxtpx:hr>
<gpxtpx:cad>181</gpxtpx:cad>
</gpxtpx:TrackPointExtension>
</extensions>
</trkpt>
<trkpt lat="36.967139" lon="127.8690705">
<ele>75.011</ele>
<time>2026-05-05T10:23:09Z</time>
<extensions>
<gpxtpx:TrackPointExtension>
<gpxtpx:hr>142</gpxtpx:hr>
</gpxtpx:TrackPointExtension>
</extensions>
</trkpt>
<trkpt lat="36.967131" lon="127.8690988">
<ele>75.018</ele>
<time>2026-05-05T10:23:10Z</time>
<extensions>
<gpxtpx:TrackPointExtension>
<gpxtpx:hr>142</gpxtpx:hr>
</gpxtpx:TrackPointExtension>
</extensions>
</trkpt>
<trkpt lat="36.9671229" lon="127.8691265">
<ele>75.079</ele>
<time>2026-05-05T10:23:11Z</time>
<extensions>
<gpxtpx:TrackPointExtension>
<gpxtpx:hr>142</gpxtpx:hr>
</gpxtpx:TrackPointExtension>
</extensions>
</trkpt>
<trkpt lat="36.9671141" lon="127.8691541">
<ele>75.042</ele>
<time>2026-05-05T10:23:12Z</time>
<extensions>
<gpxtpx:TrackPointExtension>
<gpxtpx:hr>142</gpxtpx:hr>
</gpxtpx:TrackPointExtension>
</extensions>
</trkpt>
<trkpt lat="36.9671063" lon="127.8691813">
<ele>75.082</ele>
<time>2026-05-05T10:23:13Z</time>
<extensions>
<gpxtpx:TrackPointExtension>
<gpxtpx:hr>143</gpxtpx:hr>
<gpxtpx:cad>179</gpxtpx:cad>
</gpxtpx:TrackPointExtension>
</extensions>
</trkpt>
<trkpt lat="36.967099" lon="127.8692084">
<ele>75.037</ele>
<time>2026-05-05T10:23:14Z</time>
<extensions>
<gpxtpx:TrackPointExtension>
<gpxtpx:hr>143</gpxtpx:hr>
</gpxtpx:TrackPointExtension>
</extensions>
</trkpt>
<trkpt lat="36.9670922" lon="127.8692357">
<ele>74.895</ele>
<time>2026-05-05T10:23:15Z</time>
<extensions>
<gpxtpx:TrackPointExtension>
<gpxtpx:hr>144</gpxtpx:hr>
</gpxtpx:TrackPointExtension>
</extensions>
</trkpt>
<trkpt lat="36.9670857" lon="127.8692632">
<ele>74.934</ele>
<time>2026-05-05T10:23:16Z</time>
<extensions>
<gpxtpx:TrackPointExtension>
<gpxtpx:hr>144</gpxtpx:hr>
</gpxtpx:TrackPointExtension>
</extensions>
</trkpt>
<trkpt lat="36.9670796" lon="127.8692913">
<ele>75.004</ele>
<time>2026-05-05T10:23:17Z</time>
<extensions>
<gpxtpx:TrackPointExtension>
<gpxtpx:hr>144</gpxtpx:hr>
</gpxtpx:TrackPointExtension>
</extensions>
</trkpt>
<trkpt lat="36.9670737" lon="127.8693202">
<ele>75.084</ele>
<time>2026-05-05T10:23:18Z</time>
<extensions>
<gpxtpx:TrackPointExtension>
<gpxtpx:hr>145</gpxtpx:hr>
<gpxtpx:cad>172</gpxtpx:cad>
</gpxtpx:TrackPointExtension>
</extensions>
</trkpt>
<trkpt lat="36.967068" lon="127.8693499">
<ele>75.105</ele>
<time>2026-05-05T10:23:19Z</time>
<extensions>
<gpxtpx:TrackPointExtension>
<gpxtpx:hr>145</gpxtpx:hr>
</gpxtpx:TrackPointExtension>
</extensions>
</trkpt>
<trkpt lat="36.9670624" lon="127.8693807">
<ele>75.135</ele>
<time>2026-05-05T10:23:20Z</time>
</trkpt>
<trkpt lat="36.9670569" lon="127.8694119">
<ele>75.153</ele>
<time>2026-05-05T10:23:21Z</time>
<extensions>
<gpxtpx:TrackPointExtension>
<gpxtpx:hr>145</gpxtpx:hr>
</gpxtpx:TrackPointExtension>
</extensions>
</trkpt>
<trkpt lat="36.9670513" lon="127.8694449">
<ele>75.157</ele>
<time>2026-05-05T10:23:22Z</time>
<extensions>
<gpxtpx:TrackPointExtension>
<gpxtpx:hr>145</gpxtpx:hr>
</gpxtpx:TrackPointExtension>
</extensions>
</trkpt>
<trkpt lat="36.9670457" lon="127.8694776">
<ele>75.131</ele>
<time>2026-05-05T10:23:23Z</time>
<extensions>
<gpxtpx:TrackPointExtension>
<gpxtpx:hr>145</gpxtpx:hr>
<gpxtpx:cad>168</gpxtpx:cad>
</gpxtpx:TrackPointExtension>
</extensions>
</trkpt>
<trkpt lat="36.9670401" lon="127.8695108">
<ele>75.156</ele>
<time>2026-05-05T10:23:24Z</time>
<extensions>
<gpxtpx:TrackPointExtension>
<gpxtpx:hr>145</gpxtpx:hr>
</gpxtpx:TrackPointExtension>
</extensions>
</trkpt>
<trkpt lat="36.9670346" lon="127.8695438">
<ele>75.17</ele>
<time>2026-05-05T10:23:25Z</time>
<extensions>
<gpxtpx:TrackPointExtension>
<gpxtpx:hr>145</gpxtpx:hr>
</gpxtpx:TrackPointExtension>
</extensions>
</trkpt>
<trkpt lat="36.9670291" lon="127.8695767">
<ele>75.225</ele>
<time>2026-05-05T10:23:26Z</time>
<extensions>
<gpxtpx:TrackPointExtension>
<gpxtpx:hr>145</gpxtpx:hr>
</gpxtpx:TrackPointExtension>
</extensions>
</trkpt>
<trkpt lat="36.9670239" lon="127.8696096">
<ele>75.256</ele>
<time>2026-05-05T10:23:27Z</time>
<extensions>
<gpxtpx:TrackPointExtension>
<gpxtpx:hr>145</gpxtpx:hr>
</gpxtpx:TrackPointExtension>
</extensions>
</trkpt>
<trkpt lat="36.9670189" lon="127.8696423">
<ele>75.234</ele>
<time>2026-05-05T10:23:28Z</time>
<extensions>
<gpxtpx:TrackPointExtension>
<gpxtpx:hr>146</gpxtpx:hr>
<gpxtpx:cad>170</gpxtpx:cad>
</gpxtpx:TrackPointExtension>
</extensions>
</trkpt>
<trkpt lat="36.9670139" lon="127.869675">
<ele>75.251</ele>
<time>2026-05-05T10:23:29Z</time>
<extensions>
<gpxtpx:TrackPointExtension>
<gpxtpx:hr>146</gpxtpx:hr>
<gpxtpx:cad>171</gpxtpx:cad>
</gpxtpx:TrackPointExtension>
</extensions>
</trkpt>
<trkpt lat="36.9670086" lon="127.8697077">
<ele>75.273</ele>
<time>2026-05-05T10:23:30Z</time>
<extensions>
<gpxtpx:TrackPointExtension>
<gpxtpx:hr>147</gpxtpx:hr>
</gpxtpx:TrackPointExtension>
</extensions>
</trkpt>
<trkpt lat="36.9670029" lon="127.8697406">
<ele>75.263</ele>
<time>2026-05-05T10:23:31Z</time>
<extensions>
<gpxtpx:TrackPointExtension>
<gpxtpx:hr>147</gpxtpx:hr>
</gpxtpx:TrackPointExtension>
</extensions>
</trkpt>
<trkpt lat="36.9669968" lon="127.8697736">
<ele>75.352</ele>
<time>2026-05-05T10:23:32Z</time>
<extensions>
<gpxtpx:TrackPointExtension>
<gpxtpx:hr>148</gpxtpx:hr>
</gpxtpx:TrackPointExtension>
</extensions>
</trkpt>
<trkpt lat="36.966991" lon="127.8698065">
<ele>75.344</ele>
<time>2026-05-05T10:23:33Z</time>
<extensions>
<gpxtpx:TrackPointExtension>
<gpxtpx:hr>148</gpxtpx:hr>
<gpxtpx:cad>172</gpxtpx:cad>
</gpxtpx:TrackPointExtension>
</extensions>
</trkpt>
<trkpt lat="36.9669851" lon="127.8698395">
<ele>75.311</ele>
<time>2026-05-05T10:23:34Z</time>
<extensions>
<gpxtpx:TrackPointExtension>
<gpxtpx:hr>149</gpxtpx:hr>
</gpxtpx:TrackPointExtension>
</extensions>
</trkpt>
<trkpt lat="36.9669796" lon="127.8698722">
<ele>75.327</ele>
<time>2026-05-05T10:23:35Z</time>
<extensions>
<gpxtpx:TrackPointExtension>
<gpxtpx:hr>149</gpxtpx:hr>
</gpxtpx:TrackPointExtension>
</extensions>
</trkpt>
<trkpt lat="36.9669731" lon="127.8699053">
<ele>75.326</ele>
<time>2026-05-05T10:23:36Z</time>
<extensions>
<gpxtpx:TrackPointExtension>
<gpxtpx:hr>150</gpxtpx:hr>
</gpxtpx:TrackPointExtension>
</extensions>
</trkpt>
<trkpt lat="36.9669673" lon="127.8699382">
<ele>75.339</ele>
<time>2026-05-05T10:23:37Z</time>
<extensions>
<gpxtpx:TrackPointExtension>
<gpxtpx:hr>150</gpxtpx:hr>
</gpxtpx:TrackPointExtension>
</extensions>
</trkpt>
<trkpt lat="36.9669605" lon="127.8699714">
<ele>75.358</ele>
<time>2026-05-05T10:23:38Z</time>
<extensions>
<gpxtpx:TrackPointExtension>
<gpxtpx:hr>151</gpxtpx:hr>
<gpxtpx:cad>176</gpxtpx:cad>
</gpxtpx:TrackPointExtension>
</extensions>
</trkpt>
<trkpt lat="36.9669543" lon="127.8700043">
<ele>75.378</ele>
<time>2026-05-05T10:23:39Z</time>
<extensions>
<gpxtpx:TrackPointExtension>
<gpxtpx:hr>151</gpxtpx:hr>
</gpxtpx:TrackPointExtension>
</extensions>
</trkpt>
<trkpt lat="36.9669472" lon="127.8700377">
<ele>75.397</ele>
<time>2026-05-05T10:23:40Z</time>
<extensions>
<gpxtpx:TrackPointExtension>
<gpxtpx:hr>151</gpxtpx:hr>
</gpxtpx:TrackPointExtension>
</extensions>
</trkpt>
<trkpt lat="36.9669407" lon="127.8700708">
<ele>75.37</ele>
<time>2026-05-05T10:23:41Z</time>
<extensions>
<gpxtpx:TrackPointExtension>
<gpxtpx:hr>151</gpxtpx:hr>
</gpxtpx:TrackPointExtension>
</extensions>
</trkpt>
<trkpt lat="36.9669332" lon="127.8701043">
<ele>75.366</ele>
<time>2026-05-05T10:23:42Z</time>
<extensions>
<gpxtpx:TrackPointExtension>
<gpxtpx:hr>152</gpxtpx:hr>
</gpxtpx:TrackPointExtension>
</extensions>
</trkpt>
<trkpt lat="36.9669262" lon="127.8701375">
<ele>75.318</ele>
<time>2026-05-05T10:23:43Z</time>
<extensions>
<gpxtpx:TrackPointExtension>
<gpxtpx:hr>152</gpxtpx:hr>
<gpxtpx:cad>177</gpxtpx:cad>
</gpxtpx:TrackPointExtension>
</extensions>
</trkpt>
<trkpt lat="36.9669184" lon="127.8701712">
<ele>75.293</ele>
<time>2026-05-05T10:23:44Z</time>
<extensions>
<gpxtpx:TrackPointExtension>
<gpxtpx:hr>152</gpxtpx:hr>
</gpxtpx:TrackPointExtension>
</extensions>
</trkpt>
<trkpt lat="36.9669111" lon="127.8702045">
<ele>75.265</ele>
<time>2026-05-05T10:23:45Z</time>
<extensions>
<gpxtpx:TrackPointExtension>
<gpxtpx:hr>153</gpxtpx:hr>
</gpxtpx:TrackPointExtension>
</extensions>
</trkpt>
<trkpt lat="36.9669031" lon="127.8702381">
<ele>75.319</ele>
<time>2026-05-05T10:23:46Z</time>
<extensions>
<gpxtpx:TrackPointExtension>
<gpxtpx:hr>153</gpxtpx:hr>
</gpxtpx:TrackPointExtension>
</extensions>
</trkpt>
<trkpt lat="36.9668957" lon="127.8702715">
<ele>75.304</ele>
<time>2026-05-05T10:23:47Z</time>
<extensions>
<gpxtpx:TrackPointExtension>
<gpxtpx:hr>153</gpxtpx:hr>
</gpxtpx:TrackPointExtension>
</extensions>
</trkpt>
<trkpt lat="36.9668877" lon="127.8703051">
<ele>75.324</ele>
<time>2026-05-05T10:23:48Z</time>
<extensions>
<gpxtpx:TrackPointExtension>
<gpxtpx:hr>153</gpxtpx:hr>
<gpxtpx:cad>175</gpxtpx:cad>
</gpxtpx:TrackPointExtension>
</extensions>
</trkpt>
<trkpt lat="36.9668802" lon="127.8703387">
<ele>75.336</ele>
<time>2026-05-05T10:23:49Z</time>
<extensions>
<gpxtpx:TrackPointExtension>
<gpxtpx:hr>153</gpxtpx:hr>
</gpxtpx:TrackPointExtension>
</extensions>
</trkpt>
<trkpt lat="36.9668726" lon="127.8703724">
<ele>75.303</ele>
<time>2026-05-05T10:23:50Z</time>
<extensions>
<gpxtpx:TrackPointExtension>
<gpxtpx:hr>154</gpxtpx:hr>
</gpxtpx:TrackPointExtension>
</extensions>
</trkpt>
<trkpt lat="36.9668647" lon="127.870406">
<ele>75.295</ele>
<time>2026-05-05T10:23:51Z</time>
<extensions>
<gpxtpx:TrackPointExtension>
<gpxtpx:hr>154</gpxtpx:hr>
</gpxtpx:TrackPointExtension>
</extensions>
</trkpt>
<trkpt lat="36.9668577" lon="127.8704399">
<ele>75.299</ele>
<time>2026-05-05T10:23:52Z</time>
<extensions>
<gpxtpx:TrackPointExtension>
<gpxtpx:hr>154</gpxtpx:hr>
</gpxtpx:TrackPointExtension>
</extensions>
</trkpt>
<trkpt lat="36.9668497" lon="127.8704736">
<ele>75.25</ele>
<time>2026-05-05T10:23:53Z</time>
<extensions>
<gpxtpx:TrackPointExtension>
<gpxtpx:hr>154</gpxtpx:hr>
<gpxtpx:cad>173</gpxtpx:cad>
</gpxtpx:TrackPointExtension>
</extensions>
</trkpt>
<trkpt lat="36.9668435" lon="127.8705077">
<ele>75.291</ele>
<time>2026-05-05T10:23:54Z</time>
<extensions>
<gpxtpx:TrackPointExtension>
<gpxtpx:hr>154</gpxtpx:hr>
</gpxtpx:TrackPointExtension>
</extensions>
</trkpt>
<trkpt lat="36.9668358" lon="127.8705416">
<ele>75.278</ele>
<time>2026-05-05T10:23:55Z</time>
<extensions>
<gpxtpx:TrackPointExtension>
<gpxtpx:hr>154</gpxtpx:hr>
</gpxtpx:TrackPointExtension>
</extensions>
</trkpt>
<trkpt lat="36.9668303" lon="127.870576">
<ele>75.255</ele>
<time>2026-05-05T10:23:56Z</time>
<extensions>
<gpxtpx:TrackPointExtension>
<gpxtpx:hr>154</gpxtpx:hr>
</gpxtpx:TrackPointExtension>
</extensions>
</trkpt>
<trkpt lat="36.9668232" lon="127.8706099">
<ele>75.272</ele>
<time>2026-05-05T10:23:57Z</time>
<extensions>
<gpxtpx:TrackPointExtension>
<gpxtpx:hr>154</gpxtpx:hr>
</gpxtpx:TrackPointExtension>
</extensions>
</trkpt>
<trkpt lat="36.9668182" lon="127.8706444">
<ele>75.251</ele>
<time>2026-05-05T10:23:58Z</time>
<extensions>
<gpxtpx:TrackPointExtension>
<gpxtpx:hr>154</gpxtpx:hr>
<gpxtpx:cad>176</gpxtpx:cad>
</gpxtpx:TrackPointExtension>
</extensions>
</trkpt>
<trkpt lat="36.9668117" lon="127.8706784">
<ele>75.24</ele>
<time>2026-05-05T10:23:59Z</time>
<extensions>
<gpxtpx:TrackPointExtension>
<gpxtpx:hr>154</gpxtpx:hr>
</gpxtpx:TrackPointExtension>
</extensions>
</trkpt>
<trkpt lat="36.9668069" lon="127.870713">
<ele>75.242</ele>
<time>2026-05-05T10:24:00Z</time>
<extensions>
<gpxtpx:TrackPointExtension>
<gpxtpx:hr>155</gpxtpx:hr>
</gpxtpx:TrackPointExtension>
</extensions>
</trkpt>
<trkpt lat="36.9668012" lon="127.8707472">
<ele>75.21</ele>
<time>2026-05-05T10:24:01Z</time>
<extensions>
<gpxtpx:TrackPointExtension>
<gpxtpx:hr>155</gpxtpx:hr>
<gpxtpx:cad>178</gpxtpx:cad>
</gpxtpx:TrackPointExtension>
</extensions>
</trkpt>
<trkpt lat="36.9667963" lon="127.8707821">
<ele>75.222</ele>
<time>2026-05-05T10:24:02Z</time>
<extensions>
<gpxtpx:TrackPointExtension>
<gpxtpx:hr>154</gpxtpx:hr>
</gpxtpx:TrackPointExtension>
</extensions>
</trkpt>
<trkpt lat="36.9667912" lon="127.8708169">
<ele>75.239</ele>
<time>2026-05-05T10:24:03Z</time>
<extensions>
<gpxtpx:TrackPointExtension>
<gpxtpx:hr>154</gpxtpx:hr>
<gpxtpx:cad>179</gpxtpx:cad>
</gpxtpx:TrackPointExtension>
</extensions>
</trkpt>
<trkpt lat="36.9667863" lon="127.8708518">
<ele>75.229</ele>
<time>2026-05-05T10:24:04Z</time>
<extensions>
<gpxtpx:TrackPointExtension>
<gpxtpx:hr>154</gpxtpx:hr>
</gpxtpx:TrackPointExtension>
</extensions>
</trkpt>
<trkpt lat="36.9667814" lon="127.870887">
<ele>75.224</ele>
<time>2026-05-05T10:24:05Z</time>
<extensions>
<gpxtpx:TrackPointExtension>
<gpxtpx:hr>154</gpxtpx:hr>
</gpxtpx:TrackPointExtension>
</extensions>
</trkpt>
<trkpt lat="36.9667765" lon="127.8709224">
<ele>75.144</ele>
<time>2026-05-05T10:24:06Z</time>
<extensions>
<gpxtpx:TrackPointExtension>
<gpxtpx:hr>154</gpxtpx:hr>
</gpxtpx:TrackPointExtension>
</extensions>
</trkpt>
<trkpt lat="36.9667717" lon="127.870958">
<ele>75.113</ele>
<time>2026-05-05T10:24:07Z</time>
<extensions>
<gpxtpx:TrackPointExtension>
<gpxtpx:hr>155</gpxtpx:hr>
</gpxtpx:TrackPointExtension>
</extensions>
</trkpt>
<trkpt lat="36.9667671" lon="127.8709932">
<ele>75.069</ele>
<time>2026-05-05T10:24:08Z</time>
<extensions>
<gpxtpx:TrackPointExtension>
<gpxtpx:hr>154</gpxtpx:hr>
<gpxtpx:cad>176</gpxtpx:cad>
</gpxtpx:TrackPointExtension>
</extensions>
</trkpt>
<trkpt lat="36.9667621" lon="127.87103">
<ele>75.056</ele>
<time>2026-05-05T10:24:09Z</time>
<extensions>
<gpxtpx:TrackPointExtension>
<gpxtpx:hr>154</gpxtpx:hr>
</gpxtpx:TrackPointExtension>
</extensions>
</trkpt>
<trkpt lat="36.9667573" lon="127.8710656">
<ele>75.077</ele>
<time>2026-05-05T10:24:10Z</time>
<extensions>
<gpxtpx:TrackPointExtension>
<gpxtpx:hr>154</gpxtpx:hr>
</gpxtpx:TrackPointExtension>
</extensions>
</trkpt>
<trkpt lat="36.9667522" lon="127.8711022">
<ele>75.114</ele>
<time>2026-05-05T10:24:11Z</time>
<extensions>
<gpxtpx:TrackPointExtension>
<gpxtpx:hr>154</gpxtpx:hr>
</gpxtpx:TrackPointExtension>
</extensions>
</trkpt>
<trkpt lat="36.9667472" lon="127.8711391">
<ele>75.135</ele>
<time>2026-05-05T10:24:12Z</time>
<extensions>
<gpxtpx:TrackPointExtension>
<gpxtpx:hr>154</gpxtpx:hr>
</gpxtpx:TrackPointExtension>
</extensions>
</trkpt>
<trkpt lat="36.9667419" lon="127.8711753">
<ele>75.141</ele>
<time>2026-05-05T10:24:13Z</time>
<extensions>
<gpxtpx:TrackPointExtension>
<gpxtpx:hr>154</gpxtpx:hr>
<gpxtpx:cad>175</gpxtpx:cad>
</gpxtpx:TrackPointExtension>
</extensions>
</trkpt>
<trkpt lat="36.9667367" lon="127.8712129">
<ele>75.226</ele>
<time>2026-05-05T10:24:14Z</time>
<extensions>
<gpxtpx:TrackPointExtension>
<gpxtpx:hr>153</gpxtpx:hr>
</gpxtpx:TrackPointExtension>
</extensions>
</trkpt>
<trkpt lat="36.9667314" lon="127.8712497">
<ele>75.224</ele>
<time>2026-05-05T10:24:15Z</time>
<extensions>
<gpxtpx:TrackPointExtension>
<gpxtpx:hr>153</gpxtpx:hr>
</gpxtpx:TrackPointExtension>
</extensions>
</trkpt>
<trkpt lat="36.9667264" lon="127.8712882">
<ele>75.214</ele>
<time>2026-05-05T10:24:16Z</time>
<extensions>
<gpxtpx:TrackPointExtension>
<gpxtpx:hr>153</gpxtpx:hr>
</gpxtpx:TrackPointExtension>
</extensions>
</trkpt>
<trkpt lat="36.9667219" lon="127.8713266">
<ele>75.337</ele>
<time>2026-05-05T10:24:17Z</time>
<extensions>
<gpxtpx:TrackPointExtension>
<gpxtpx:hr>154</gpxtpx:hr>
</gpxtpx:TrackPointExtension>
</extensions>
</trkpt>
<trkpt lat="36.9667169" lon="127.8713657">
<ele>75.483</ele>
<time>2026-05-05T10:24:18Z</time>
<extensions>
<gpxtpx:TrackPointExtension>
<gpxtpx:hr>154</gpxtpx:hr>
<gpxtpx:cad>174</gpxtpx:cad>
</gpxtpx:TrackPointExtension>
</extensions>
</trkpt>
<trkpt lat="36.9667118" lon="127.8714049">
<ele>75.428</ele>
<time>2026-05-05T10:24:19Z</time>
<extensions>
<gpxtpx:TrackPointExtension>
<gpxtpx:hr>154</gpxtpx:hr>
</gpxtpx:TrackPointExtension>
</extensions>
</trkpt>
<trkpt lat="36.966706" lon="127.8714443">
<ele>75.389</ele>
<time>2026-05-05T10:24:20Z</time>
<extensions>
<gpxtpx:TrackPointExtension>
<gpxtpx:hr>155</gpxtpx:hr>
</gpxtpx:TrackPointExtension>
</extensions>
</trkpt>
<trkpt lat="36.9666995" lon="127.8714838">
<ele>75.366</ele>
<time>2026-05-05T10:24:21Z</time>
<extensions>
<gpxtpx:TrackPointExtension>
<gpxtpx:hr>155</gpxtpx:hr>
</gpxtpx:TrackPointExtension>
</extensions>
</trkpt>
<trkpt lat="36.966692" lon="127.8715232">
<ele>75.276</ele>
<time>2026-05-05T10:24:22Z</time>
<extensions>
<gpxtpx:TrackPointExtension>
<gpxtpx:hr>155</gpxtpx:hr>
</gpxtpx:TrackPointExtension>
</extensions>
</trkpt>
<trkpt lat="36.9666833" lon="127.8715625">
<ele>75.218</ele>
<time>2026-05-05T10:24:23Z</time>
<extensions>
<gpxtpx:TrackPointExtension>
<gpxtpx:hr>156</gpxtpx:hr>
<gpxtpx:cad>172</gpxtpx:cad>
</gpxtpx:TrackPointExtension>
</extensions>
</trkpt>
<trkpt lat="36.9666731" lon="127.8716017">
<ele>75.214</ele>
<time>2026-05-05T10:24:24Z</time>
<extensions>
<gpxtpx:TrackPointExtension>
<gpxtpx:hr>156</gpxtpx:hr>
</gpxtpx:TrackPointExtension>
</extensions>
</trkpt>
<trkpt lat="36.9666622" lon="127.8716408">
<ele>75.168</ele>
<time>2026-05-05T10:24:25Z</time>
<extensions>
<gpxtpx:TrackPointExtension>
<gpxtpx:hr>157</gpxtpx:hr>
</gpxtpx:TrackPointExtension>
</extensions>
</trkpt>
<trkpt lat="36.966649" lon="127.8716799">
<ele>75.081</ele>
<time>2026-05-05T10:24:26Z</time>
<extensions>
<gpxtpx:TrackPointExtension>
<gpxtpx:hr>157</gpxtpx:hr>
</gpxtpx:TrackPointExtension>
</extensions>
</trkpt>
<trkpt lat="36.9666358" lon="127.8717191">
<ele>75.06</ele>
<time>2026-05-05T10:24:27Z</time>
<extensions>
<gpxtpx:TrackPointExtension>
<gpxtpx:hr>157</gpxtpx:hr>
</gpxtpx:TrackPointExtension>
</extensions>
</trkpt>
<trkpt lat="36.9666218" lon="127.8717581">
<ele>75.032</ele>
<time>2026-05-05T10:24:28Z</time>
<extensions>
<gpxtpx:TrackPointExtension>
<gpxtpx:hr>157</gpxtpx:hr>
<gpxtpx:cad>174</gpxtpx:cad>
</gpxtpx:TrackPointExtension>
</extensions>
</trkpt>
<trkpt lat="36.966608" lon="127.8717972">
<ele>74.955</ele>
<time>2026-05-05T10:24:29Z</time>
<extensions>
<gpxtpx:TrackPointExtension>
<gpxtpx:hr>158</gpxtpx:hr>
</gpxtpx:TrackPointExtension>
</extensions>
</trkpt>
<trkpt lat="36.9665953" lon="127.871836">
<ele>74.956</ele>
<time>2026-05-05T10:24:30Z</time>
<extensions>
<gpxtpx:TrackPointExtension>
<gpxtpx:hr>158</gpxtpx:hr>
<gpxtpx:cad>175</gpxtpx:cad>
</gpxtpx:TrackPointExtension>
</extensions>
</trkpt>
<trkpt lat="36.9665826" lon="127.8718747">
<ele>74.809</ele>
<time>2026-05-05T10:24:31Z</time>
<extensions>
<gpxtpx:TrackPointExtension>
<gpxtpx:hr>158</gpxtpx:hr>
</gpxtpx:TrackPointExtension>
</extensions>
</trkpt>
<trkpt lat="36.966572" lon="127.8719118">
<ele>74.814</ele>
<time>2026-05-05T10:24:32Z</time>
<extensions>
<gpxtpx:TrackPointExtension>
<gpxtpx:hr>159</gpxtpx:hr>
</gpxtpx:TrackPointExtension>
</extensions>
</trkpt>
<trkpt lat="36.9665609" lon="127.8719485">
<ele>74.724</ele>
<time>2026-05-05T10:24:33Z</time>
<extensions>
<gpxtpx:TrackPointExtension>
<gpxtpx:hr>159</gpxtpx:hr>
<gpxtpx:cad>175</gpxtpx:cad>
</gpxtpx:TrackPointExtension>
</extensions>
</trkpt>
<trkpt lat="36.9665491" lon="127.8719855">
<ele>74.725</ele>
<time>2026-05-05T10:24:34Z</time>
<extensions>
<gpxtpx:TrackPointExtension>
<gpxtpx:hr>159</gpxtpx:hr>
</gpxtpx:TrackPointExtension>
</extensions>
</trkpt>
<trkpt lat="36.966538" lon="127.872021">
<ele>74.697</ele>
<time>2026-05-05T10:24:35Z</time>
<extensions>
<gpxtpx:TrackPointExtension>
<gpxtpx:hr>160</gpxtpx:hr>
</gpxtpx:TrackPointExtension>
</extensions>
</trkpt>
<trkpt lat="36.9665261" lon="127.8720583">
<ele>74.714</ele>
<time>2026-05-05T10:24:36Z</time>
<extensions>
<gpxtpx:TrackPointExtension>
<gpxtpx:hr>159</gpxtpx:hr>
</gpxtpx:TrackPointExtension>
</extensions>
</trkpt>
<trkpt lat="36.966515" lon="127.8720933">
<ele>74.795</ele>
<time>2026-05-05T10:24:37Z</time>
<extensions>
<gpxtpx:TrackPointExtension>
<gpxtpx:hr>160</gpxtpx:hr>
</gpxtpx:TrackPointExtension>
</extensions>
</trkpt>
<trkpt lat="36.9665037" lon="127.8721289">
<ele>74.84</ele>
<time>2026-05-05T10:24:38Z</time>
<extensions>
<gpxtpx:TrackPointExtension>
<gpxtpx:hr>160</gpxtpx:hr>
<gpxtpx:cad>175</gpxtpx:cad>
</gpxtpx:TrackPointExtension>
</extensions>
</trkpt>
<trkpt lat="36.9664926" lon="127.8721644">
<ele>74.97</ele>
<time>2026-05-05T10:24:39Z</time>
<extensions>
<gpxtpx:TrackPointExtension>
<gpxtpx:hr>160</gpxtpx:hr>
</gpxtpx:TrackPointExtension>
</extensions>
</trkpt>
<trkpt lat="36.9664818" lon="127.8721996">
<ele>74.98</ele>
<time>2026-05-05T10:24:40Z</time>
<extensions>
<gpxtpx:TrackPointExtension>
<gpxtpx:hr>160</gpxtpx:hr>
</gpxtpx:TrackPointExtension>
</extensions>
</trkpt>
<trkpt lat="36.9664713" lon="127.8722347">
<ele>75.013</ele>
<time>2026-05-05T10:24:41Z</time>
<extensions>
<gpxtpx:TrackPointExtension>
<gpxtpx:hr>160</gpxtpx:hr>
</gpxtpx:TrackPointExtension>
</extensions>
</trkpt>
<trkpt lat="36.966461" lon="127.8722697">
<ele>75.06</ele>
<time>2026-05-05T10:24:42Z</time>
<extensions>
<gpxtpx:TrackPointExtension>
<gpxtpx:hr>160</gpxtpx:hr>
</gpxtpx:TrackPointExtension>
</extensions>
</trkpt>
<trkpt lat="36.966451" lon="127.8723047">
<ele>75.121</ele>
<time>2026-05-05T10:24:43Z</time>
<extensions>
<gpxtpx:TrackPointExtension>
<gpxtpx:hr>160</gpxtpx:hr>
<gpxtpx:cad>173</gpxtpx:cad>
</gpxtpx:TrackPointExtension>
</extensions>
</trkpt>
<trkpt lat="36.9664403" lon="127.8723392">
<ele>75.144</ele>
<time>2026-05-05T10:24:44Z</time>
<extensions>
<gpxtpx:TrackPointExtension>
<gpxtpx:hr>160</gpxtpx:hr>
</gpxtpx:TrackPointExtension>
</extensions>
</trkpt>
<trkpt lat="36.9664318" lon="127.8723746">
<ele>75.167</ele>
<time>2026-05-05T10:24:45Z</time>
<extensions>
<gpxtpx:TrackPointExtension>
<gpxtpx:hr>160</gpxtpx:hr>
</gpxtpx:TrackPointExtension>
</extensions>
</trkpt>
<trkpt lat="36.9664214" lon="127.8724092">
<ele>75.224</ele>
<time>2026-05-05T10:24:46Z</time>
<extensions>
<gpxtpx:TrackPointExtension>
<gpxtpx:hr>160</gpxtpx:hr>
</gpxtpx:TrackPointExtension>
</extensions>
</trkpt>
<trkpt lat="36.9664134" lon="127.8724444">
<ele>75.212</ele>
<time>2026-05-05T10:24:47Z</time>
<extensions>
<gpxtpx:TrackPointExtension>
<gpxtpx:hr>160</gpxtpx:hr>
</gpxtpx:TrackPointExtension>
</extensions>
</trkpt>
<trkpt lat="36.9664044" lon="127.8724794">
<ele>75.199</ele>
<time>2026-05-05T10:24:48Z</time>
<extensions>
<gpxtpx:TrackPointExtension>
<gpxtpx:hr>160</gpxtpx:hr>
<gpxtpx:cad>172</gpxtpx:cad>
</gpxtpx:TrackPointExtension>
</extensions>
</trkpt>
<trkpt lat="36.9663956" lon="127.8725142">
<ele>75.145</ele>
<time>2026-05-05T10:24:49Z</time>
<extensions>
<gpxtpx:TrackPointExtension>
<gpxtpx:hr>161</gpxtpx:hr>
</gpxtpx:TrackPointExtension>
</extensions>
</trkpt>
<trkpt lat="36.9663869" lon="127.872549">
<ele>75.197</ele>
<time>2026-05-05T10:24:50Z</time>
<extensions>
<gpxtpx:TrackPointExtension>
<gpxtpx:hr>161</gpxtpx:hr>
</gpxtpx:TrackPointExtension>
</extensions>
</trkpt>
<trkpt lat="36.9663782" lon="127.8725837">
<ele>75.176</ele>
<time>2026-05-05T10:24:51Z</time>
<extensions>
<gpxtpx:TrackPointExtension>
<gpxtpx:hr>161</gpxtpx:hr>
</gpxtpx:TrackPointExtension>
</extensions>
</trkpt>
<trkpt lat="36.9663696" lon="127.8726182">
<ele>75.086</ele>
<time>2026-05-05T10:24:52Z</time>
<extensions>
<gpxtpx:TrackPointExtension>
<gpxtpx:hr>162</gpxtpx:hr>
</gpxtpx:TrackPointExtension>
</extensions>
</trkpt>
<trkpt lat="36.9663602" lon="127.8726517">
<ele>75.238</ele>
<time>2026-05-05T10:24:53Z</time>
<extensions>
<gpxtpx:TrackPointExtension>
<gpxtpx:hr>161</gpxtpx:hr>
<gpxtpx:cad>172</gpxtpx:cad>
</gpxtpx:TrackPointExtension>
</extensions>
</trkpt>
<trkpt lat="36.9663519" lon="127.8726865">
<ele>75.286</ele>
<time>2026-05-05T10:24:54Z</time>
<extensions>
<gpxtpx:TrackPointExtension>
<gpxtpx:hr>161</gpxtpx:hr>
</gpxtpx:TrackPointExtension>
</extensions>
</trkpt>
<trkpt lat="36.9663419" lon="127.8727192">
<ele>75.302</ele>
<time>2026-05-05T10:24:55Z</time>
<extensions>
<gpxtpx:TrackPointExtension>
<gpxtpx:hr>161</gpxtpx:hr>
</gpxtpx:TrackPointExtension>
</extensions>
</trkpt>
<trkpt lat="36.9663335" lon="127.8727535">
<ele>75.28</ele>
<time>2026-05-05T10:24:56Z</time>
</trkpt>
<trkpt lat="36.9663239" lon="127.8727865">
<ele>75.323</ele>
<time>2026-05-05T10:24:57Z</time>
<extensions>
<gpxtpx:TrackPointExtension>
<gpxtpx:hr>161</gpxtpx:hr>
</gpxtpx:TrackPointExtension>
</extensions>
</trkpt>
<trkpt lat="36.9663134" lon="127.8728185">
<ele>75.327</ele>
<time>2026-05-05T10:24:58Z</time>
<extensions>
<gpxtpx:TrackPointExtension>
<gpxtpx:hr>161</gpxtpx:hr>
<gpxtpx:cad>169</gpxtpx:cad>
</gpxtpx:TrackPointExtension>
</extensions>
</trkpt>
<trkpt lat="36.9663041" lon="127.8728518">
<ele>75.328</ele>
<time>2026-05-05T10:24:59Z</time>
<extensions>
<gpxtpx:TrackPointExtension>
<gpxtpx:hr>161</gpxtpx:hr>
</gpxtpx:TrackPointExtension>
</extensions>
</trkpt>
<trkpt lat="36.9662934" lon="127.8728836">
<ele>75.325</ele>
<time>2026-05-05T10:25:00Z</time>
<extensions>
<gpxtpx:TrackPointExtension>
<gpxtpx:hr>161</gpxtpx:hr>
<gpxtpx:cad>169</gpxtpx:cad>
</gpxtpx:TrackPointExtension>
</extensions>
</trkpt>
<trkpt lat="36.9662832" lon="127.8729162">
<ele>75.321</ele>
<time>2026-05-05T10:25:01Z</time>
<extensions>
<gpxtpx:TrackPointExtension>
<gpxtpx:hr>162</gpxtpx:hr>
</gpxtpx:TrackPointExtension>
</extensions>
</trkpt>
<trkpt lat="36.9662728" lon="127.872948">
<ele>75.349</ele>
<time>2026-05-05T10:25:02Z</time>
<extensions>
<gpxtpx:TrackPointExtension>
<gpxtpx:hr>161</gpxtpx:hr>
</gpxtpx:TrackPointExtension>
</extensions>
</trkpt>
<trkpt lat="36.9662625" lon="127.87298">
<ele>75.376</ele>
<time>2026-05-05T10:25:03Z</time>
<extensions>
<gpxtpx:TrackPointExtension>
<gpxtpx:hr>161</gpxtpx:hr>
<gpxtpx:cad>168</gpxtpx:cad>
</gpxtpx:TrackPointExtension>
</extensions>
</trkpt>
<trkpt lat="36.9662524" lon="127.873012">
<ele>75.373</ele>
<time>2026-05-05T10:25:04Z</time>
<extensions>
<gpxtpx:TrackPointExtension>
<gpxtpx:hr>161</gpxtpx:hr>
</gpxtpx:TrackPointExtension>
</extensions>
</trkpt>
<trkpt lat="36.9662425" lon="127.8730439">
<ele>75.385</ele>
<time>2026-05-05T10:25:05Z</time>
<extensions>
<gpxtpx:TrackPointExtension>
<gpxtpx:hr>161</gpxtpx:hr>
</gpxtpx:TrackPointExtension>
</extensions>
</trkpt>
<trkpt lat="36.966233" lon="127.873076">
<ele>75.377</ele>
<time>2026-05-05T10:25:06Z</time>
<extensions>
<gpxtpx:TrackPointExtension>
<gpxtpx:hr>160</gpxtpx:hr>
</gpxtpx:TrackPointExtension>
</extensions>
</trkpt>
<trkpt lat="36.9662239" lon="127.8731081">
<ele>75.394</ele>
<time>2026-05-05T10:25:07Z</time>
<extensions>
<gpxtpx:TrackPointExtension>
<gpxtpx:hr>160</gpxtpx:hr>
</gpxtpx:TrackPointExtension>
</extensions>
</trkpt>
<trkpt lat="36.9662153" lon="127.8731402">
<ele>75.432</ele>
<time>2026-05-05T10:25:08Z</time>
<extensions>
<gpxtpx:TrackPointExtension>
<gpxtpx:hr>160</gpxtpx:hr>
<gpxtpx:cad>171</gpxtpx:cad>
</gpxtpx:TrackPointExtension>
</extensions>
</trkpt>
<trkpt lat="36.966207" lon="127.8731725">
<ele>75.449</ele>
<time>2026-05-05T10:25:09Z</time>
<extensions>
<gpxtpx:TrackPointExtension>
<gpxtpx:hr>160</gpxtpx:hr>
</gpxtpx:TrackPointExtension>
</extensions>
</trkpt>
<trkpt lat="36.9661992" lon="127.8732049">
<ele>75.461</ele>
<time>2026-05-05T10:25:10Z</time>
<extensions>
<gpxtpx:TrackPointExtension>
<gpxtpx:hr>160</gpxtpx:hr>
</gpxtpx:TrackPointExtension>
</extensions>
</trkpt>
<trkpt lat="36.9661916" lon="127.8732374">
<ele>75.455</ele>
<time>2026-05-05T10:25:11Z</time>
<extensions>
<gpxtpx:TrackPointExtension>
<gpxtpx:hr>160</gpxtpx:hr>
</gpxtpx:TrackPointExtension>
</extensions>
</trkpt>
<trkpt lat="36.9661844" lon="127.87327">
<ele>75.425</ele>
<time>2026-05-05T10:25:12Z</time>
<extensions>
<gpxtpx:TrackPointExtension>
<gpxtpx:hr>160</gpxtpx:hr>
</gpxtpx:TrackPointExtension>
</extensions>
</trkpt>
<trkpt lat="36.9661775" lon="127.8733028">
<ele>75.402</ele>
<time>2026-05-05T10:25:13Z</time>
<extensions>
<gpxtpx:TrackPointExtension>
<gpxtpx:hr>160</gpxtpx:hr>
<gpxtpx:cad>174</gpxtpx:cad>
</gpxtpx:TrackPointExtension>
</extensions>
</trkpt>
<trkpt lat="36.9661708" lon="127.8733356">
<ele>75.408</ele>
<time>2026-05-05T10:25:14Z</time>
<extensions>
<gpxtpx:TrackPointExtension>
<gpxtpx:hr>160</gpxtpx:hr>
</gpxtpx:TrackPointExtension>
</extensions>
</trkpt>
<trkpt lat="36.9661643" lon="127.8733687">
<ele>75.344</ele>
<time>2026-05-05T10:25:15Z</time>
<extensions>
<gpxtpx:TrackPointExtension>
<gpxtpx:hr>160</gpxtpx:hr>
</gpxtpx:TrackPointExtension>
</extensions>
</trkpt>
<trkpt lat="36.9661578" lon="127.8734016">
<ele>75.349</ele>
<time>2026-05-05T10:25:16Z</time>
<extensions>
<gpxtpx:TrackPointExtension>
<gpxtpx:hr>160</gpxtpx:hr>
</gpxtpx:TrackPointExtension>
</extensions>
</trkpt>
<trkpt lat="36.9661517" lon="127.8734351">
<ele>75.334</ele>
<time>2026-05-05T10:25:17Z</time>
<extensions>
<gpxtpx:TrackPointExtension>
<gpxtpx:hr>160</gpxtpx:hr>
</gpxtpx:TrackPointExtension>
</extensions>
</trkpt>
<trkpt lat="36.9661458" lon="127.8734682">
<ele>75.343</ele>
<time>2026-05-05T10:25:18Z</time>
<extensions>
<gpxtpx:TrackPointExtension>
<gpxtpx:hr>161</gpxtpx:hr>
<gpxtpx:cad>178</gpxtpx:cad>
</gpxtpx:TrackPointExtension>
</extensions>
</trkpt>
<trkpt lat="36.9661392" lon="127.8735016">
<ele>75.298</ele>
<time>2026-05-05T10:25:19Z</time>
<extensions>
<gpxtpx:TrackPointExtension>
<gpxtpx:hr>161</gpxtpx:hr>
</gpxtpx:TrackPointExtension>
</extensions>
</trkpt>
<trkpt lat="36.9661336" lon="127.8735348">
<ele>75.336</ele>
<time>2026-05-05T10:25:20Z</time>
<extensions>
<gpxtpx:TrackPointExtension>
<gpxtpx:hr>161</gpxtpx:hr>
</gpxtpx:TrackPointExtension>
</extensions>
</trkpt>
<trkpt lat="36.9661264" lon="127.8735679">
<ele>75.359</ele>
<time>2026-05-05T10:25:21Z</time>
<extensions>
<gpxtpx:TrackPointExtension>
<gpxtpx:hr>161</gpxtpx:hr>
</gpxtpx:TrackPointExtension>
</extensions>
</trkpt>
<trkpt lat="36.9661207" lon="127.8736012">
<ele>75.308</ele>
<time>2026-05-05T10:25:22Z</time>
<extensions>
<gpxtpx:TrackPointExtension>
<gpxtpx:hr>160</gpxtpx:hr>
</gpxtpx:TrackPointExtension>
</extensions>
</trkpt>
<trkpt lat="36.966113" lon="127.873634">
<ele>75.269</ele>
<time>2026-05-05T10:25:23Z</time>
<extensions>
<gpxtpx:TrackPointExtension>
<gpxtpx:hr>159</gpxtpx:hr>
<gpxtpx:cad>180</gpxtpx:cad>
</gpxtpx:TrackPointExtension>
</extensions>
</trkpt>
<trkpt lat="36.9661066" lon="127.8736673">
<ele>75.283</ele>
<time>2026-05-05T10:25:24Z</time>
<extensions>
<gpxtpx:TrackPointExtension>
<gpxtpx:hr>159</gpxtpx:hr>
</gpxtpx:TrackPointExtension>
</extensions>
</trkpt>
<trkpt lat="36.9660989" lon="127.8737003">
<ele>75.32</ele>
<time>2026-05-05T10:25:25Z</time>
<extensions>
<gpxtpx:TrackPointExtension>
<gpxtpx:hr>158</gpxtpx:hr>
</gpxtpx:TrackPointExtension>
</extensions>
</trkpt>
<trkpt lat="36.9660918" lon="127.8737335">
<ele>75.319</ele>
<time>2026-05-05T10:25:26Z</time>
<extensions>
<gpxtpx:TrackPointExtension>
<gpxtpx:hr>158</gpxtpx:hr>
</gpxtpx:TrackPointExtension>
</extensions>
</trkpt>
<trkpt lat="36.9660843" lon="127.873767">
<ele>75.324</ele>
<time>2026-05-05T10:25:27Z</time>
<extensions>
<gpxtpx:TrackPointExtension>
<gpxtpx:hr>158</gpxtpx:hr>
</gpxtpx:TrackPointExtension>
</extensions>
</trkpt>
<trkpt lat="36.9660768" lon="127.8738006">
<ele>75.329</ele>
<time>2026-05-05T10:25:28Z</time>
<extensions>
<gpxtpx:TrackPointExtension>
<gpxtpx:hr>157</gpxtpx:hr>
<gpxtpx:cad>180</gpxtpx:cad>
</gpxtpx:TrackPointExtension>
</extensions>
</trkpt>
<trkpt lat="36.9660691" lon="127.8738345">
<ele>75.359</ele>
<time>2026-05-05T10:25:29Z</time>
<extensions>
<gpxtpx:TrackPointExtension>
<gpxtpx:hr>157</gpxtpx:hr>
</gpxtpx:TrackPointExtension>
</extensions>
</trkpt>
<trkpt lat="36.9660613" lon="127.8738678">
<ele>75.407</ele>
<time>2026-05-05T10:25:30Z</time>
<extensions>
<gpxtpx:TrackPointExtension>
<gpxtpx:hr>157</gpxtpx:hr>
</gpxtpx:TrackPointExtension>
</extensions>
</trkpt>
<trkpt lat="36.9660534" lon="127.8739014">
<ele>75.428</ele>
<time>2026-05-05T10:25:31Z</time>
<extensions>
<gpxtpx:TrackPointExtension>
<gpxtpx:hr>157</gpxtpx:hr>
</gpxtpx:TrackPointExtension>
</extensions>
</trkpt>
<trkpt lat="36.9660454" lon="127.8739351">
<ele>75.422</ele>
<time>2026-05-05T10:25:32Z</time>
<extensions>
<gpxtpx:TrackPointExtension>
<gpxtpx:hr>157</gpxtpx:hr>
</gpxtpx:TrackPointExtension>
</extensions>
</trkpt>
<trkpt lat="36.9660376" lon="127.8739685">
<ele>75.343</ele>
<time>2026-05-05T10:25:33Z</time>
<extensions>
<gpxtpx:TrackPointExtension>
<gpxtpx:hr>157</gpxtpx:hr>
<gpxtpx:cad>176</gpxtpx:cad>
</gpxtpx:TrackPointExtension>
</extensions>
</trkpt>
<trkpt lat="36.966029" lon="127.8740026">
<ele>75.366</ele>
<time>2026-05-05T10:25:34Z</time>
<extensions>
<gpxtpx:TrackPointExtension>
<gpxtpx:hr>157</gpxtpx:hr>
<gpxtpx:cad>175</gpxtpx:cad>
</gpxtpx:TrackPointExtension>
</extensions>
</trkpt>
<trkpt lat="36.9660212" lon="127.8740363">
<ele>75.365</ele>
<time>2026-05-05T10:25:35Z</time>
<extensions>
<gpxtpx:TrackPointExtension>
<gpxtpx:hr>157</gpxtpx:hr>
</gpxtpx:TrackPointExtension>
</extensions>
</trkpt>
<trkpt lat="36.9660127" lon="127.8740703">
<ele>75.359</ele>
<time>2026-05-05T10:25:36Z</time>
<extensions>
<gpxtpx:TrackPointExtension>
<gpxtpx:hr>157</gpxtpx:hr>
</gpxtpx:TrackPointExtension>
</extensions>
</trkpt>
<trkpt lat="36.9660041" lon="127.8741043">
<ele>75.303</ele>
<time>2026-05-05T10:25:37Z</time>
<extensions>
<gpxtpx:TrackPointExtension>
<gpxtpx:hr>157</gpxtpx:hr>
</gpxtpx:TrackPointExtension>
</extensions>
</trkpt>
<trkpt lat="36.9659946" lon="127.8741381">
<ele>75.277</ele>
<time>2026-05-05T10:25:38Z</time>
<extensions>
<gpxtpx:TrackPointExtension>
<gpxtpx:hr>157</gpxtpx:hr>
<gpxtpx:cad>173</gpxtpx:cad>
</gpxtpx:TrackPointExtension>
</extensions>
</trkpt>
<trkpt lat="36.9659863" lon="127.8741723">
<ele>75.381</ele>
<time>2026-05-05T10:25:39Z</time>
<extensions>
<gpxtpx:TrackPointExtension>
<gpxtpx:hr>157</gpxtpx:hr>
</gpxtpx:TrackPointExtension>
</extensions>
</trkpt>
<trkpt lat="36.9659764" lon="127.8742058">
<ele>75.409</ele>
<time>2026-05-05T10:25:40Z</time>
<extensions>
<gpxtpx:TrackPointExtension>
<gpxtpx:hr>158</gpxtpx:hr>
</gpxtpx:TrackPointExtension>
</extensions>
</trkpt>
<trkpt lat="36.9659676" lon="127.8742402">
<ele>75.414</ele>
<time>2026-05-05T10:25:41Z</time>
<extensions>
<gpxtpx:TrackPointExtension>
<gpxtpx:hr>158</gpxtpx:hr>
</gpxtpx:TrackPointExtension>
</extensions>
</trkpt>
<trkpt lat="36.965957" lon="127.8742731">
<ele>75.404</ele>
<time>2026-05-05T10:25:42Z</time>
<extensions>
<gpxtpx:TrackPointExtension>
<gpxtpx:hr>158</gpxtpx:hr>
</gpxtpx:TrackPointExtension>
</extensions>
</trkpt>
<trkpt lat="36.965947" lon="127.8743066">
<ele>75.379</ele>
<time>2026-05-05T10:25:43Z</time>
<extensions>
<gpxtpx:TrackPointExtension>
<gpxtpx:hr>159</gpxtpx:hr>
<gpxtpx:cad>174</gpxtpx:cad>
</gpxtpx:TrackPointExtension>
</extensions>
</trkpt>
<trkpt lat="36.9659374" lon="127.8743404">
<ele>75.268</ele>
<time>2026-05-05T10:25:44Z</time>
<extensions>
<gpxtpx:TrackPointExtension>
<gpxtpx:hr>159</gpxtpx:hr>
</gpxtpx:TrackPointExtension>
</extensions>
</trkpt>
<trkpt lat="36.9659259" lon="127.8743726">
<ele>75.317</ele>
<time>2026-05-05T10:25:45Z</time>
<extensions>
<gpxtpx:TrackPointExtension>
<gpxtpx:hr>159</gpxtpx:hr>
</gpxtpx:TrackPointExtension>
</extensions>
</trkpt>
<trkpt lat="36.9659154" lon="127.8744058">
<ele>75.359</ele>
<time>2026-05-05T10:25:46Z</time>
<extensions>
<gpxtpx:TrackPointExtension>
<gpxtpx:hr>159</gpxtpx:hr>
</gpxtpx:TrackPointExtension>
</extensions>
</trkpt>
<trkpt lat="36.9659039" lon="127.8744376">
<ele>75.399</ele>
<time>2026-05-05T10:25:47Z</time>
<extensions>
<gpxtpx:TrackPointExtension>
<gpxtpx:hr>159</gpxtpx:hr>
</gpxtpx:TrackPointExtension>
</extensions>
</trkpt>
<trkpt lat="36.9658929" lon="127.8744701">
<ele>75.399</ele>
<time>2026-05-05T10:25:48Z</time>
<extensions>
<gpxtpx:TrackPointExtension>
<gpxtpx:hr>159</gpxtpx:hr>
<gpxtpx:cad>172</gpxtpx:cad>
</gpxtpx:TrackPointExtension>
</extensions>
</trkpt>
<trkpt lat="36.9658819" lon="127.8745019">
<ele>75.395</ele>
<time>2026-05-05T10:25:49Z</time>
<extensions>
<gpxtpx:TrackPointExtension>
<gpxtpx:hr>159</gpxtpx:hr>
</gpxtpx:TrackPointExtension>
</extensions>
</trkpt>
<trkpt lat="36.9658708" lon="127.8745341">
<ele>75.467</ele>
<time>2026-05-05T10:25:50Z</time>
<extensions>
<gpxtpx:TrackPointExtension>
<gpxtpx:hr>159</gpxtpx:hr>
</gpxtpx:TrackPointExtension>
</extensions>
</trkpt>
<trkpt lat="36.9658606" lon="127.8745657">
<ele>75.496</ele>
<time>2026-05-05T10:25:51Z</time>
<extensions>
<gpxtpx:TrackPointExtension>
<gpxtpx:hr>159</gpxtpx:hr>
</gpxtpx:TrackPointExtension>
</extensions>
</trkpt>
<trkpt lat="36.9658496" lon="127.8745978">
<ele>75.47</ele>
<time>2026-05-05T10:25:52Z</time>
<extensions>
<gpxtpx:TrackPointExtension>
<gpxtpx:hr>159</gpxtpx:hr>
</gpxtpx:TrackPointExtension>
</extensions>
</trkpt>
<trkpt lat="36.9658397" lon="127.8746289">
<ele>75.465</ele>
<time>2026-05-05T10:25:53Z</time>
<extensions>
<gpxtpx:TrackPointExtension>
<gpxtpx:hr>159</gpxtpx:hr>
<gpxtpx:cad>169</gpxtpx:cad>
</gpxtpx:TrackPointExtension>
</extensions>
</trkpt>
<trkpt lat="36.9658288" lon="127.8746606">
<ele>75.459</ele>
<time>2026-05-05T10:25:54Z</time>
<extensions>
<gpxtpx:TrackPointExtension>
<gpxtpx:hr>159</gpxtpx:hr>
</gpxtpx:TrackPointExtension>
</extensions>
</trkpt>
<trkpt lat="36.965818" lon="127.8746917">
<ele>75.447</ele>
<time>2026-05-05T10:25:55Z</time>
<extensions>
<gpxtpx:TrackPointExtension>
<gpxtpx:hr>160</gpxtpx:hr>
</gpxtpx:TrackPointExtension>
</extensions>
</trkpt>
<trkpt lat="36.9658062" lon="127.8747231">
<ele>75.504</ele>
<time>2026-05-05T10:25:56Z</time>
<extensions>
<gpxtpx:TrackPointExtension>
<gpxtpx:hr>160</gpxtpx:hr>
</gpxtpx:TrackPointExtension>
</extensions>
</trkpt>
<trkpt lat="36.9657967" lon="127.8747542">
<ele>75.515</ele>
<time>2026-05-05T10:25:57Z</time>
<extensions>
<gpxtpx:TrackPointExtension>
<gpxtpx:hr>161</gpxtpx:hr>
</gpxtpx:TrackPointExtension>
</extensions>
</trkpt>
<trkpt lat="36.9657877" lon="127.8747855">
<ele>75.52</ele>
<time>2026-05-05T10:25:58Z</time>
<extensions>
<gpxtpx:TrackPointExtension>
<gpxtpx:hr>161</gpxtpx:hr>
<gpxtpx:cad>167</gpxtpx:cad>
</gpxtpx:TrackPointExtension>
</extensions>
</trkpt>
<trkpt lat="36.9657798" lon="127.8748168">
<ele>75.535</ele>
<time>2026-05-05T10:25:59Z</time>
<extensions>
<gpxtpx:TrackPointExtension>
<gpxtpx:hr>161</gpxtpx:hr>
</gpxtpx:TrackPointExtension>
</extensions>
</trkpt>
<trkpt lat="36.9657714" lon="127.8748474">
<ele>75.561</ele>
<time>2026-05-05T10:26:00Z</time>
<extensions>
<gpxtpx:TrackPointExtension>
<gpxtpx:hr>162</gpxtpx:hr>
</gpxtpx:TrackPointExtension>
</extensions>
</trkpt>
<trkpt lat="36.9657632" lon="127.8748781">
<ele>75.571</ele>
<time>2026-05-05T10:26:01Z</time>
<extensions>
<gpxtpx:TrackPointExtension>
<gpxtpx:hr>162</gpxtpx:hr>
</gpxtpx:TrackPointExtension>
</extensions>
</trkpt>
<trkpt lat="36.9657542" lon="127.8749086">
<ele>75.62</ele>
<time>2026-05-05T10:26:02Z</time>
<extensions>
<gpxtpx:TrackPointExtension>
<gpxtpx:hr>162</gpxtpx:hr>
</gpxtpx:TrackPointExtension>
</extensions>
</trkpt>
<trkpt lat="36.9657452" lon="127.8749392">
<ele>75.595</ele>
<time>2026-05-05T10:26:03Z</time>
<extensions>
<gpxtpx:TrackPointExtension>
<gpxtpx:hr>161</gpxtpx:hr>
<gpxtpx:cad>168</gpxtpx:cad>
</gpxtpx:TrackPointExtension>
</extensions>
</trkpt>
<trkpt lat="36.9657367" lon="127.87497">
<ele>75.622</ele>
<time>2026-05-05T10:26:04Z</time>
<extensions>
<gpxtpx:TrackPointExtension>
<gpxtpx:hr>161</gpxtpx:hr>
</gpxtpx:TrackPointExtension>
</extensions>
</trkpt>
<trkpt lat="36.9657291" lon="127.8750012">
<ele>75.646</ele>
<time>2026-05-05T10:26:05Z</time>
<extensions>
<gpxtpx:TrackPointExtension>
<gpxtpx:hr>161</gpxtpx:hr>
<gpxtpx:cad>169</gpxtpx:cad>
</gpxtpx:TrackPointExtension>
</extensions>
</trkpt>
<trkpt lat="36.9657228" lon="127.8750326">
<ele>75.687</ele>
<time>2026-05-05T10:26:06Z</time>
<extensions>
<gpxtpx:TrackPointExtension>
<gpxtpx:hr>161</gpxtpx:hr>
</gpxtpx:TrackPointExtension>
</extensions>
</trkpt>
<trkpt lat="36.9657184" lon="127.8750644">
<ele>75.697</ele>
<time>2026-05-05T10:26:07Z</time>
<extensions>
<gpxtpx:TrackPointExtension>
<gpxtpx:hr>161</gpxtpx:hr>
</gpxtpx:TrackPointExtension>
</extensions>
</trkpt>
<trkpt lat="36.9657136" lon="127.8750961">
<ele>75.725</ele>
<time>2026-05-05T10:26:08Z</time>
<extensions>
<gpxtpx:TrackPointExtension>
<gpxtpx:hr>160</gpxtpx:hr>
<gpxtpx:cad>169</gpxtpx:cad>
</gpxtpx:TrackPointExtension>
</extensions>
</trkpt>
<trkpt lat="36.9657103" lon="127.8751282">
<ele>75.73</ele>
<time>2026-05-05T10:26:09Z</time>
<extensions>
<gpxtpx:TrackPointExtension>
<gpxtpx:hr>160</gpxtpx:hr>
</gpxtpx:TrackPointExtension>
</extensions>
</trkpt>
<trkpt lat="36.9657069" lon="127.8751602">
<ele>75.744</ele>
<time>2026-05-05T10:26:10Z</time>
<extensions>
<gpxtpx:TrackPointExtension>
<gpxtpx:hr>160</gpxtpx:hr>
</gpxtpx:TrackPointExtension>
</extensions>
</trkpt>
<trkpt lat="36.9657039" lon="127.8751926">
<ele>75.778</ele>
<time>2026-05-05T10:26:11Z</time>
<extensions>
<gpxtpx:TrackPointExtension>
<gpxtpx:hr>159</gpxtpx:hr>
</gpxtpx:TrackPointExtension>
</extensions>
</trkpt>
<trkpt lat="36.9657008" lon="127.8752249">
<ele>75.801</ele>
<time>2026-05-05T10:26:12Z</time>
<extensions>
<gpxtpx:TrackPointExtension>
<gpxtpx:hr>159</gpxtpx:hr>
</gpxtpx:TrackPointExtension>
</extensions>
</trkpt>
<trkpt lat="36.9656981" lon="127.8752576">
<ele>75.825</ele>
<time>2026-05-05T10:26:13Z</time>
<extensions>
<gpxtpx:TrackPointExtension>
<gpxtpx:hr>159</gpxtpx:hr>
<gpxtpx:cad>170</gpxtpx:cad>
</gpxtpx:TrackPointExtension>
</extensions>
</trkpt>
<trkpt lat="36.9656959" lon="127.8752906">
<ele>75.891</ele>
<time>2026-05-05T10:26:14Z</time>
<extensions>
<gpxtpx:TrackPointExtension>
<gpxtpx:hr>158</gpxtpx:hr>
</gpxtpx:TrackPointExtension>
</extensions>
</trkpt>
<trkpt lat="36.9656938" lon="127.8753236">
<ele>75.907</ele>
<time>2026-05-05T10:26:15Z</time>
<extensions>
<gpxtpx:TrackPointExtension>
<gpxtpx:hr>158</gpxtpx:hr>
</gpxtpx:TrackPointExtension>
</extensions>
</trkpt>
<trkpt lat="36.9656928" lon="127.8753568">
<ele>75.854</ele>
<time>2026-05-05T10:26:16Z</time>
<extensions>
<gpxtpx:TrackPointExtension>
<gpxtpx:hr>158</gpxtpx:hr>
</gpxtpx:TrackPointExtension>
</extensions>
</trkpt>
<trkpt lat="36.9656922" lon="127.8753899">
<ele>75.834</ele>
<time>2026-05-05T10:26:17Z</time>
<extensions>
<gpxtpx:TrackPointExtension>
<gpxtpx:hr>157</gpxtpx:hr>
</gpxtpx:TrackPointExtension>
</extensions>
</trkpt>
<trkpt lat="36.9656916" lon="127.875423">
<ele>75.87</ele>
<time>2026-05-05T10:26:18Z</time>
<extensions>
<gpxtpx:TrackPointExtension>
<gpxtpx:hr>157</gpxtpx:hr>
<gpxtpx:cad>172</gpxtpx:cad>
</gpxtpx:TrackPointExtension>
</extensions>
</trkpt>
<trkpt lat="36.9656912" lon="127.8754559">
<ele>75.877</ele>
<time>2026-05-05T10:26:19Z</time>
<extensions>
<gpxtpx:TrackPointExtension>
<gpxtpx:hr>157</gpxtpx:hr>
</gpxtpx:TrackPointExtension>
</extensions>
</trkpt>
<trkpt lat="36.965691" lon="127.8754884">
<ele>75.915</ele>
<time>2026-05-05T10:26:20Z</time>
<extensions>
<gpxtpx:TrackPointExtension>
<gpxtpx:hr>158</gpxtpx:hr>
</gpxtpx:TrackPointExtension>
</extensions>
</trkpt>
<trkpt lat="36.9656911" lon="127.8755209">
<ele>75.957</ele>
<time>2026-05-05T10:26:21Z</time>
<extensions>
<gpxtpx:TrackPointExtension>
<gpxtpx:hr>158</gpxtpx:hr>
</gpxtpx:TrackPointExtension>
</extensions>
</trkpt>
<trkpt lat="36.9656921" lon="127.875553">
<ele>75.909</ele>
<time>2026-05-05T10:26:22Z</time>
<extensions>
<gpxtpx:TrackPointExtension>
<gpxtpx:hr>158</gpxtpx:hr>
</gpxtpx:TrackPointExtension>
</extensions>
</trkpt>
<trkpt lat="36.9656928" lon="127.8755852">
<ele>75.91</ele>
<time>2026-05-05T10:26:23Z</time>
<extensions>
<gpxtpx:TrackPointExtension>
<gpxtpx:hr>159</gpxtpx:hr>
<gpxtpx:cad>177</gpxtpx:cad>
</gpxtpx:TrackPointExtension>
</extensions>
</trkpt>
<trkpt lat="36.9656954" lon="127.8756171">
<ele>75.914</ele>
<time>2026-05-05T10:26:24Z</time>
<extensions>
<gpxtpx:TrackPointExtension>
<gpxtpx:hr>159</gpxtpx:hr>
</gpxtpx:TrackPointExtension>
</extensions>
</trkpt>
<trkpt lat="36.9656976" lon="127.8756489">
<ele>75.903</ele>
<time>2026-05-05T10:26:25Z</time>
<extensions>
<gpxtpx:TrackPointExtension>
<gpxtpx:hr>159</gpxtpx:hr>
</gpxtpx:TrackPointExtension>
</extensions>
</trkpt>
<trkpt lat="36.965701" lon="127.8756807">
<ele>75.933</ele>
<time>2026-05-05T10:26:26Z</time>
<extensions>
<gpxtpx:TrackPointExtension>
<gpxtpx:hr>160</gpxtpx:hr>
</gpxtpx:TrackPointExtension>
</extensions>
</trkpt>
<trkpt lat="36.9657051" lon="127.8757125">
<ele>76.013</ele>
<time>2026-05-05T10:26:27Z</time>
<extensions>
<gpxtpx:TrackPointExtension>
<gpxtpx:hr>159</gpxtpx:hr>
</gpxtpx:TrackPointExtension>
</extensions>
</trkpt>
<trkpt lat="36.9657095" lon="127.8757443">
<ele>75.91</ele>
<time>2026-05-05T10:26:28Z</time>
<extensions>
<gpxtpx:TrackPointExtension>
<gpxtpx:hr>159</gpxtpx:hr>
<gpxtpx:cad>179</gpxtpx:cad>
</gpxtpx:TrackPointExtension>
</extensions>
</trkpt>
<trkpt lat="36.9657142" lon="127.875776">
<ele>75.867</ele>
<time>2026-05-05T10:26:29Z</time>
<extensions>
<gpxtpx:TrackPointExtension>
<gpxtpx:hr>159</gpxtpx:hr>
</gpxtpx:TrackPointExtension>
</extensions>
</trkpt>
<trkpt lat="36.9657191" lon="127.8758078">
<ele>75.837</ele>
<time>2026-05-05T10:26:30Z</time>
<extensions>
<gpxtpx:TrackPointExtension>
<gpxtpx:hr>159</gpxtpx:hr>
</gpxtpx:TrackPointExtension>
</extensions>
</trkpt>
<trkpt lat="36.9657242" lon="127.8758395">
<ele>75.788</ele>
<time>2026-05-05T10:26:31Z</time>
<extensions>
<gpxtpx:TrackPointExtension>
<gpxtpx:hr>159</gpxtpx:hr>
</gpxtpx:TrackPointExtension>
</extensions>
</trkpt>
<trkpt lat="36.9657295" lon="127.8758713">
<ele>75.815</ele>
<time>2026-05-05T10:26:32Z</time>
<extensions>
<gpxtpx:TrackPointExtension>
<gpxtpx:hr>160</gpxtpx:hr>
</gpxtpx:TrackPointExtension>
</extensions>
</trkpt>
<trkpt lat="36.965735" lon="127.8759032">
<ele>75.84</ele>
<time>2026-05-05T10:26:33Z</time>
<extensions>
<gpxtpx:TrackPointExtension>
<gpxtpx:hr>160</gpxtpx:hr>
<gpxtpx:cad>174</gpxtpx:cad>
</gpxtpx:TrackPointExtension>
</extensions>
</trkpt>
<trkpt lat="36.9657407" lon="127.8759351">
<ele>75.823</ele>
<time>2026-05-05T10:26:34Z</time>
<extensions>
<gpxtpx:TrackPointExtension>
<gpxtpx:hr>161</gpxtpx:hr>
</gpxtpx:TrackPointExtension>
</extensions>
</trkpt>
<trkpt lat="36.965747" lon="127.8759671">
<ele>75.878</ele>
<time>2026-05-05T10:26:35Z</time>
<extensions>
<gpxtpx:TrackPointExtension>
<gpxtpx:hr>162</gpxtpx:hr>
</gpxtpx:TrackPointExtension>
</extensions>
</trkpt>
<trkpt lat="36.9657542" lon="127.8759991">
<ele>75.837</ele>
<time>2026-05-05T10:26:36Z</time>
<extensions>
<gpxtpx:TrackPointExtension>
<gpxtpx:hr>163</gpxtpx:hr>
</gpxtpx:TrackPointExtension>
</extensions>
</trkpt>
<trkpt lat="36.965761" lon="127.8760309">
<ele>75.765</ele>
<time>2026-05-05T10:26:37Z</time>
<extensions>
<gpxtpx:TrackPointExtension>
<gpxtpx:hr>163</gpxtpx:hr>
</gpxtpx:TrackPointExtension>
</extensions>
</trkpt>
<trkpt lat="36.9657686" lon="127.8760622">
<ele>75.725</ele>
<time>2026-05-05T10:26:38Z</time>
<extensions>
<gpxtpx:TrackPointExtension>
<gpxtpx:hr>163</gpxtpx:hr>
<gpxtpx:cad>173</gpxtpx:cad>
</gpxtpx:TrackPointExtension>
</extensions>
</trkpt>
<trkpt lat="36.9657772" lon="127.8760922">
<ele>75.725</ele>
<time>2026-05-05T10:26:39Z</time>
<extensions>
<gpxtpx:TrackPointExtension>
<gpxtpx:hr>162</gpxtpx:hr>
</gpxtpx:TrackPointExtension>
</extensions>
</trkpt>
<trkpt lat="36.9657838" lon="127.8761238">
<ele>75.784</ele>
<time>2026-05-05T10:26:40Z</time>
<extensions>
<gpxtpx:TrackPointExtension>
<gpxtpx:hr>162</gpxtpx:hr>
<gpxtpx:cad>175</gpxtpx:cad>
</gpxtpx:TrackPointExtension>
</extensions>
</trkpt>
<trkpt lat="36.9657917" lon="127.8761534">
<ele>75.813</ele>
<time>2026-05-05T10:26:41Z</time>
<extensions>
<gpxtpx:TrackPointExtension>
<gpxtpx:hr>162</gpxtpx:hr>
</gpxtpx:TrackPointExtension>
</extensions>
</trkpt>
<trkpt lat="36.9657989" lon="127.8761846">
<ele>75.853</ele>
<time>2026-05-05T10:26:42Z</time>
<extensions>
<gpxtpx:TrackPointExtension>
<gpxtpx:hr>162</gpxtpx:hr>
</gpxtpx:TrackPointExtension>
</extensions>
</trkpt>
<trkpt lat="36.9658072" lon="127.8762143">
<ele>75.873</ele>
<time>2026-05-05T10:26:43Z</time>
<extensions>
<gpxtpx:TrackPointExtension>
<gpxtpx:hr>162</gpxtpx:hr>
<gpxtpx:cad>179</gpxtpx:cad>
</gpxtpx:TrackPointExtension>
</extensions>
</trkpt>
<trkpt lat="36.9658147" lon="127.8762451">
<ele>75.914</ele>
<time>2026-05-05T10:26:44Z</time>
<extensions>
<gpxtpx:TrackPointExtension>
<gpxtpx:hr>161</gpxtpx:hr>
</gpxtpx:TrackPointExtension>
</extensions>
</trkpt>
<trkpt lat="36.9658227" lon="127.8762749">
<ele>75.959</ele>
<time>2026-05-05T10:26:45Z</time>
<extensions>
<gpxtpx:TrackPointExtension>
<gpxtpx:hr>161</gpxtpx:hr>
</gpxtpx:TrackPointExtension>
</extensions>
</trkpt>
<trkpt lat="36.9658308" lon="127.8763052">
<ele>75.968</ele>
<time>2026-05-05T10:26:46Z</time>
<extensions>
<gpxtpx:TrackPointExtension>
<gpxtpx:hr>160</gpxtpx:hr>
</gpxtpx:TrackPointExtension>
</extensions>
</trkpt>
<trkpt lat="36.9658391" lon="127.8763344">
<ele>75.983</ele>
<time>2026-05-05T10:26:47Z</time>
<extensions>
<gpxtpx:TrackPointExtension>
<gpxtpx:hr>160</gpxtpx:hr>
</gpxtpx:TrackPointExtension>
</extensions>
</trkpt>
<trkpt lat="36.9658475" lon="127.8763631">
<ele>75.949</ele>
<time>2026-05-05T10:26:48Z</time>
<extensions>
<gpxtpx:TrackPointExtension>
<gpxtpx:hr>160</gpxtpx:hr>
<gpxtpx:cad>178</gpxtpx:cad>
</gpxtpx:TrackPointExtension>
</extensions>
</trkpt>
<trkpt lat="36.965856" lon="127.8763914">
<ele>75.976</ele>
<time>2026-05-05T10:26:49Z</time>
<extensions>
<gpxtpx:TrackPointExtension>
<gpxtpx:hr>160</gpxtpx:hr>
</gpxtpx:TrackPointExtension>
</extensions>
</trkpt>
<trkpt lat="36.9658641" lon="127.8764196">
<ele>75.953</ele>
<time>2026-05-05T10:26:50Z</time>
<extensions>
<gpxtpx:TrackPointExtension>
<gpxtpx:hr>161</gpxtpx:hr>
</gpxtpx:TrackPointExtension>
</extensions>
</trkpt>
<trkpt lat="36.9658724" lon="127.8764477">
<ele>75.923</ele>
<time>2026-05-05T10:26:51Z</time>
<extensions>
<gpxtpx:TrackPointExtension>
<gpxtpx:hr>161</gpxtpx:hr>
</gpxtpx:TrackPointExtension>
</extensions>
</trkpt>
<trkpt lat="36.9658805" lon="127.876476">
<ele>75.934</ele>
<time>2026-05-05T10:26:52Z</time>
<extensions>
<gpxtpx:TrackPointExtension>
<gpxtpx:hr>162</gpxtpx:hr>
</gpxtpx:TrackPointExtension>
</extensions>
</trkpt>
<trkpt lat="36.9658888" lon="127.8765045">
<ele>75.892</ele>
<time>2026-05-05T10:26:53Z</time>
<extensions>
<gpxtpx:TrackPointExtension>
<gpxtpx:hr>162</gpxtpx:hr>
<gpxtpx:cad>175</gpxtpx:cad>
</gpxtpx:TrackPointExtension>
</extensions>
</trkpt>
<trkpt lat="36.9658969" lon="127.8765331">
<ele>75.858</ele>
<time>2026-05-05T10:26:54Z</time>
<extensions>
<gpxtpx:TrackPointExtension>
<gpxtpx:hr>162</gpxtpx:hr>
</gpxtpx:TrackPointExtension>
</extensions>
</trkpt>
<trkpt lat="36.965906" lon="127.8765613">
<ele>75.888</ele>
<time>2026-05-05T10:26:55Z</time>
<extensions>
<gpxtpx:TrackPointExtension>
<gpxtpx:hr>162</gpxtpx:hr>
</gpxtpx:TrackPointExtension>
</extensions>
</trkpt>
<trkpt lat="36.9659147" lon="127.8765896">
<ele>75.905</ele>
<time>2026-05-05T10:26:56Z</time>
<extensions>
<gpxtpx:TrackPointExtension>
<gpxtpx:hr>163</gpxtpx:hr>
</gpxtpx:TrackPointExtension>
</extensions>
</trkpt>
<trkpt lat="36.9659258" lon="127.8766178">
<ele>75.874</ele>
<time>2026-05-05T10:26:57Z</time>
<extensions>
<gpxtpx:TrackPointExtension>
<gpxtpx:hr>163</gpxtpx:hr>
</gpxtpx:TrackPointExtension>
</extensions>
</trkpt>
<trkpt lat="36.9659361" lon="127.8766459">
<ele>75.918</ele>
<time>2026-05-05T10:26:58Z</time>
<extensions>
<gpxtpx:TrackPointExtension>
<gpxtpx:hr>163</gpxtpx:hr>
<gpxtpx:cad>176</gpxtpx:cad>
</gpxtpx:TrackPointExtension>
</extensions>
</trkpt>
<trkpt lat="36.9659501" lon="127.8766745">
<ele>75.917</ele>
<time>2026-05-05T10:26:59Z</time>
<extensions>
<gpxtpx:TrackPointExtension>
<gpxtpx:hr>164</gpxtpx:hr>
</gpxtpx:TrackPointExtension>
</extensions>
</trkpt>
<trkpt lat="36.9659632" lon="127.876703">
<ele>75.914</ele>
<time>2026-05-05T10:27:00Z</time>
<extensions>
<gpxtpx:TrackPointExtension>
<gpxtpx:hr>165</gpxtpx:hr>
</gpxtpx:TrackPointExtension>
</extensions>
</trkpt>
<trkpt lat="36.965978" lon="127.876732">
<ele>75.929</ele>
<time>2026-05-05T10:27:01Z</time>
<extensions>
<gpxtpx:TrackPointExtension>
<gpxtpx:hr>165</gpxtpx:hr>
</gpxtpx:TrackPointExtension>
</extensions>
</trkpt>
<trkpt lat="36.9659957" lon="127.8767605">
<ele>75.904</ele>
<time>2026-05-05T10:27:02Z</time>
<extensions>
<gpxtpx:TrackPointExtension>
<gpxtpx:hr>165</gpxtpx:hr>
</gpxtpx:TrackPointExtension>
</extensions>
</trkpt>
<trkpt lat="36.966013" lon="127.8767894">
<ele>75.893</ele>
<time>2026-05-05T10:27:03Z</time>
<extensions>
<gpxtpx:TrackPointExtension>
<gpxtpx:hr>165</gpxtpx:hr>
<gpxtpx:cad>176</gpxtpx:cad>
</gpxtpx:TrackPointExtension>
</extensions>
</trkpt>
<trkpt lat="36.9660312" lon="127.8768158">
<ele>75.897</ele>
<time>2026-05-05T10:27:04Z</time>
<extensions>
<gpxtpx:TrackPointExtension>
<gpxtpx:hr>164</gpxtpx:hr>
</gpxtpx:TrackPointExtension>
</extensions>
</trkpt>
<trkpt lat="36.9660492" lon="127.8768419">
<ele>75.94</ele>
<time>2026-05-05T10:27:05Z</time>
<extensions>
<gpxtpx:TrackPointExtension>
<gpxtpx:hr>164</gpxtpx:hr>
</gpxtpx:TrackPointExtension>
</extensions>
</trkpt>
<trkpt lat="36.9660669" lon="127.8768662">
<ele>76.026</ele>
<time>2026-05-05T10:27:06Z</time>
<extensions>
<gpxtpx:TrackPointExtension>
<gpxtpx:hr>164</gpxtpx:hr>
</gpxtpx:TrackPointExtension>
</extensions>
</trkpt>
<trkpt lat="36.9660846" lon="127.8768903">
<ele>75.987</ele>
<time>2026-05-05T10:27:07Z</time>
<extensions>
<gpxtpx:TrackPointExtension>
<gpxtpx:hr>164</gpxtpx:hr>
</gpxtpx:TrackPointExtension>
</extensions>
</trkpt>
<trkpt lat="36.966102" lon="127.876913">
<ele>75.955</ele>
<time>2026-05-05T10:27:08Z</time>
<extensions>
<gpxtpx:TrackPointExtension>
<gpxtpx:hr>164</gpxtpx:hr>
<gpxtpx:cad>176</gpxtpx:cad>
</gpxtpx:TrackPointExtension>
</extensions>
</trkpt>
<trkpt lat="36.9661194" lon="127.8769352">
<ele>75.938</ele>
<time>2026-05-05T10:27:09Z</time>
<extensions>
<gpxtpx:TrackPointExtension>
<gpxtpx:hr>163</gpxtpx:hr>
</gpxtpx:TrackPointExtension>
</extensions>
</trkpt>
<trkpt lat="36.9661371" lon="127.8769572">
<ele>75.961</ele>
<time>2026-05-05T10:27:10Z</time>
<extensions>
<gpxtpx:TrackPointExtension>
<gpxtpx:hr>162</gpxtpx:hr>
</gpxtpx:TrackPointExtension>
</extensions>
</trkpt>
<trkpt lat="36.9661561" lon="127.8769779">
<ele>76.039</ele>
<time>2026-05-05T10:27:11Z</time>
<extensions>
<gpxtpx:TrackPointExtension>
<gpxtpx:hr>162</gpxtpx:hr>
</gpxtpx:TrackPointExtension>
</extensions>
</trkpt>
<trkpt lat="36.9661752" lon="127.8769997">
<ele>76.129</ele>
<time>2026-05-05T10:27:12Z</time>
<extensions>
<gpxtpx:TrackPointExtension>
<gpxtpx:hr>161</gpxtpx:hr>
</gpxtpx:TrackPointExtension>
</extensions>
</trkpt>
<trkpt lat="36.9661955" lon="127.8770213">
<ele>76.123</ele>
<time>2026-05-05T10:27:13Z</time>
<extensions>
<gpxtpx:TrackPointExtension>
<gpxtpx:hr>161</gpxtpx:hr>
<gpxtpx:cad>174</gpxtpx:cad>
</gpxtpx:TrackPointExtension>
</extensions>
</trkpt>
<trkpt lat="36.9662157" lon="127.8770439">
<ele>76.148</ele>
<time>2026-05-05T10:27:14Z</time>
<extensions>
<gpxtpx:TrackPointExtension>
<gpxtpx:hr>161</gpxtpx:hr>
</gpxtpx:TrackPointExtension>
</extensions>
</trkpt>
<trkpt lat="36.966236" lon="127.8770668">
<ele>76.195</ele>
<time>2026-05-05T10:27:15Z</time>
<extensions>
<gpxtpx:TrackPointExtension>
<gpxtpx:hr>160</gpxtpx:hr>
</gpxtpx:TrackPointExtension>
</extensions>
</trkpt>
<trkpt lat="36.9662556" lon="127.8770885">
<ele>76.311</ele>
<time>2026-05-05T10:27:16Z</time>
<extensions>
<gpxtpx:TrackPointExtension>
<gpxtpx:hr>160</gpxtpx:hr>
<gpxtpx:cad>177</gpxtpx:cad>
</gpxtpx:TrackPointExtension>
</extensions>
</trkpt>
<trkpt lat="36.9662748" lon="127.8771105">
<ele>76.353</ele>
<time>2026-05-05T10:27:17Z</time>
<extensions>
<gpxtpx:TrackPointExtension>
<gpxtpx:hr>160</gpxtpx:hr>
</gpxtpx:TrackPointExtension>
</extensions>
</trkpt>
<trkpt lat="36.9662947" lon="127.8771323">
<ele>76.408</ele>
<time>2026-05-05T10:27:18Z</time>
<extensions>
<gpxtpx:TrackPointExtension>
<gpxtpx:hr>160</gpxtpx:hr>
<gpxtpx:cad>179</gpxtpx:cad>
</gpxtpx:TrackPointExtension>
</extensions>
</trkpt>
<trkpt lat="36.9663153" lon="127.877155">
<ele>76.45</ele>
<time>2026-05-05T10:27:19Z</time>
<extensions>
<gpxtpx:TrackPointExtension>
<gpxtpx:hr>161</gpxtpx:hr>
</gpxtpx:TrackPointExtension>
</extensions>
</trkpt>
<trkpt lat="36.9663357" lon="127.8771776">
<ele>76.415</ele>
<time>2026-05-05T10:27:20Z</time>
<extensions>
<gpxtpx:TrackPointExtension>
<gpxtpx:hr>160</gpxtpx:hr>
</gpxtpx:TrackPointExtension>
</extensions>
</trkpt>
<trkpt lat="36.9663551" lon="127.8771987">
<ele>76.429</ele>
<time>2026-05-05T10:27:21Z</time>
<extensions>
<gpxtpx:TrackPointExtension>
<gpxtpx:hr>161</gpxtpx:hr>
</gpxtpx:TrackPointExtension>
</extensions>
</trkpt>
<trkpt lat="36.9663755" lon="127.8772205">
<ele>76.387</ele>
<time>2026-05-05T10:27:22Z</time>
<extensions>
<gpxtpx:TrackPointExtension>
<gpxtpx:hr>161</gpxtpx:hr>
</gpxtpx:TrackPointExtension>
</extensions>
</trkpt>
<trkpt lat="36.9663967" lon="127.8772427">
<ele>76.356</ele>
<time>2026-05-05T10:27:23Z</time>
<extensions>
<gpxtpx:TrackPointExtension>
<gpxtpx:hr>162</gpxtpx:hr>
<gpxtpx:cad>180</gpxtpx:cad>
</gpxtpx:TrackPointExtension>
</extensions>
</trkpt>
<trkpt lat="36.966418" lon="127.8772648">
<ele>76.307</ele>
<time>2026-05-05T10:27:24Z</time>
<extensions>
<gpxtpx:TrackPointExtension>
<gpxtpx:hr>162</gpxtpx:hr>
</gpxtpx:TrackPointExtension>
</extensions>
</trkpt>
<trkpt lat="36.9664391" lon="127.8772871">
<ele>76.329</ele>
<time>2026-05-05T10:27:25Z</time>
<extensions>
<gpxtpx:TrackPointExtension>
<gpxtpx:hr>163</gpxtpx:hr>
</gpxtpx:TrackPointExtension>
</extensions>
</trkpt>
<trkpt lat="36.96646" lon="127.87731">
<ele>76.34</ele>
<time>2026-05-05T10:27:26Z</time>
<extensions>
<gpxtpx:TrackPointExtension>
<gpxtpx:hr>163</gpxtpx:hr>
</gpxtpx:TrackPointExtension>
</extensions>
</trkpt>
<trkpt lat="36.9664805" lon="127.8773329">
<ele>76.324</ele>
<time>2026-05-05T10:27:27Z</time>
<extensions>
<gpxtpx:TrackPointExtension>
<gpxtpx:hr>163</gpxtpx:hr>
</gpxtpx:TrackPointExtension>
</extensions>
</trkpt>
<trkpt lat="36.9665011" lon="127.8773554">
<ele>76.366</ele>
<time>2026-05-05T10:27:28Z</time>
<extensions>
<gpxtpx:TrackPointExtension>
<gpxtpx:hr>163</gpxtpx:hr>
<gpxtpx:cad>175</gpxtpx:cad>
</gpxtpx:TrackPointExtension>
</extensions>
</trkpt>
<trkpt lat="36.9665221" lon="127.8773778">
<ele>76.408</ele>
<time>2026-05-05T10:27:29Z</time>
<extensions>
<gpxtpx:TrackPointExtension>
<gpxtpx:hr>163</gpxtpx:hr>
</gpxtpx:TrackPointExtension>
</extensions>
</trkpt>
<trkpt lat="36.9665431" lon="127.8774002">
<ele>76.3</ele>
<time>2026-05-05T10:27:30Z</time>
<extensions>
<gpxtpx:TrackPointExtension>
<gpxtpx:hr>163</gpxtpx:hr>
</gpxtpx:TrackPointExtension>
</extensions>
</trkpt>
<trkpt lat="36.9665665" lon="127.8774227">
<ele>76.251</ele>
<time>2026-05-05T10:27:31Z</time>
<extensions>
<gpxtpx:TrackPointExtension>
<gpxtpx:hr>162</gpxtpx:hr>
</gpxtpx:TrackPointExtension>
</extensions>
</trkpt>
<trkpt lat="36.9665893" lon="127.8774453">
<ele>76.197</ele>
<time>2026-05-05T10:27:32Z</time>
<extensions>
<gpxtpx:TrackPointExtension>
<gpxtpx:hr>163</gpxtpx:hr>
</gpxtpx:TrackPointExtension>
</extensions>
</trkpt>
<trkpt lat="36.9666146" lon="127.8774677">
<ele>76.179</ele>
<time>2026-05-05T10:27:33Z</time>
<extensions>
<gpxtpx:TrackPointExtension>
<gpxtpx:hr>163</gpxtpx:hr>
<gpxtpx:cad>171</gpxtpx:cad>
</gpxtpx:TrackPointExtension>
</extensions>
</trkpt>
<trkpt lat="36.9666393" lon="127.8774903">
<ele>76.159</ele>
<time>2026-05-05T10:27:34Z</time>
<extensions>
<gpxtpx:TrackPointExtension>
<gpxtpx:hr>163</gpxtpx:hr>
</gpxtpx:TrackPointExtension>
</extensions>
</trkpt>
<trkpt lat="36.966665" lon="127.8775128">
<ele>76.113</ele>
<time>2026-05-05T10:27:35Z</time>
<extensions>
<gpxtpx:TrackPointExtension>
<gpxtpx:hr>163</gpxtpx:hr>
</gpxtpx:TrackPointExtension>
</extensions>
</trkpt>
<trkpt lat="36.9666918" lon="127.8775346">
<ele>76.043</ele>
<time>2026-05-05T10:27:36Z</time>
<extensions>
<gpxtpx:TrackPointExtension>
<gpxtpx:hr>164</gpxtpx:hr>
</gpxtpx:TrackPointExtension>
</extensions>
</trkpt>
<trkpt lat="36.966719" lon="127.8775557">
<ele>76.096</ele>
<time>2026-05-05T10:27:37Z</time>
<extensions>
<gpxtpx:TrackPointExtension>
<gpxtpx:hr>164</gpxtpx:hr>
</gpxtpx:TrackPointExtension>
</extensions>
</trkpt>
<trkpt lat="36.9667464" lon="127.8775767">
<ele>76.094</ele>
<time>2026-05-05T10:27:38Z</time>
<extensions>
<gpxtpx:TrackPointExtension>
<gpxtpx:hr>164</gpxtpx:hr>
<gpxtpx:cad>173</gpxtpx:cad>
</gpxtpx:TrackPointExtension>
</extensions>
</trkpt>
<trkpt lat="36.9667738" lon="127.8775962">
<ele>76.097</ele>
<time>2026-05-05T10:27:39Z</time>
<extensions>
<gpxtpx:TrackPointExtension>
<gpxtpx:hr>164</gpxtpx:hr>
</gpxtpx:TrackPointExtension>
</extensions>
</trkpt>
<trkpt lat="36.9668011" lon="127.8776157">
<ele>76.17</ele>
<time>2026-05-05T10:27:40Z</time>
<extensions>
<gpxtpx:TrackPointExtension>
<gpxtpx:hr>164</gpxtpx:hr>
</gpxtpx:TrackPointExtension>
</extensions>
</trkpt>
<trkpt lat="36.9668283" lon="127.8776348">
<ele>76.163</ele>
<time>2026-05-05T10:27:41Z</time>
<extensions>
<gpxtpx:TrackPointExtension>
<gpxtpx:hr>164</gpxtpx:hr>
</gpxtpx:TrackPointExtension>
</extensions>
</trkpt>
<trkpt lat="36.9668555" lon="127.8776536">
<ele>76.168</ele>
<time>2026-05-05T10:27:42Z</time>
<extensions>
<gpxtpx:TrackPointExtension>
<gpxtpx:hr>165</gpxtpx:hr>
</gpxtpx:TrackPointExtension>
</extensions>
</trkpt>
<trkpt lat="36.966883" lon="127.8776721">
<ele>76.115</ele>
<time>2026-05-05T10:27:43Z</time>
<extensions>
<gpxtpx:TrackPointExtension>
<gpxtpx:hr>165</gpxtpx:hr>
<gpxtpx:cad>172</gpxtpx:cad>
</gpxtpx:TrackPointExtension>
</extensions>
</trkpt>
<trkpt lat="36.9669105" lon="127.8776907">
<ele>76.125</ele>
<time>2026-05-05T10:27:44Z</time>
<extensions>
<gpxtpx:TrackPointExtension>
<gpxtpx:hr>166</gpxtpx:hr>
</gpxtpx:TrackPointExtension>
</extensions>
</trkpt>
<trkpt lat="36.9669379" lon="127.8777096">
<ele>76.075</ele>
<time>2026-05-05T10:27:45Z</time>
<extensions>
<gpxtpx:TrackPointExtension>
<gpxtpx:hr>166</gpxtpx:hr>
</gpxtpx:TrackPointExtension>
</extensions>
</trkpt>
<trkpt lat="36.9669647" lon="127.8777294">
<ele>76.124</ele>
<time>2026-05-05T10:27:46Z</time>
<extensions>
<gpxtpx:TrackPointExtension>
<gpxtpx:hr>166</gpxtpx:hr>
<gpxtpx:cad>172</gpxtpx:cad>
</gpxtpx:TrackPointExtension>
</extensions>
</trkpt>
<trkpt lat="36.9669915" lon="127.877749">
<ele>76.11</ele>
<time>2026-05-05T10:27:47Z</time>
<extensions>
<gpxtpx:TrackPointExtension>
<gpxtpx:hr>167</gpxtpx:hr>
</gpxtpx:TrackPointExtension>
</extensions>
</trkpt>
<trkpt lat="36.9670178" lon="127.8777686">
<ele>76.048</ele>
<time>2026-05-05T10:27:48Z</time>
<extensions>
<gpxtpx:TrackPointExtension>
<gpxtpx:hr>167</gpxtpx:hr>
<gpxtpx:cad>172</gpxtpx:cad>
</gpxtpx:TrackPointExtension>
</extensions>
</trkpt>
<trkpt lat="36.9670444" lon="127.8777878">
<ele>76.078</ele>
<time>2026-05-05T10:27:49Z</time>
<extensions>
<gpxtpx:TrackPointExtension>
<gpxtpx:hr>167</gpxtpx:hr>
</gpxtpx:TrackPointExtension>
</extensions>
</trkpt>
<trkpt lat="36.9670708" lon="127.8778069">
<ele>76.051</ele>
<time>2026-05-05T10:27:50Z</time>
<extensions>
<gpxtpx:TrackPointExtension>
<gpxtpx:hr>167</gpxtpx:hr>
</gpxtpx:TrackPointExtension>
</extensions>
</trkpt>
<trkpt lat="36.9670971" lon="127.8778257">
<ele>75.997</ele>
<time>2026-05-05T10:27:51Z</time>
<extensions>
<gpxtpx:TrackPointExtension>
<gpxtpx:hr>167</gpxtpx:hr>
</gpxtpx:TrackPointExtension>
</extensions>
</trkpt>
<trkpt lat="36.9671231" lon="127.8778444">
<ele>76.004</ele>
<time>2026-05-05T10:27:52Z</time>
<extensions>
<gpxtpx:TrackPointExtension>
<gpxtpx:hr>167</gpxtpx:hr>
</gpxtpx:TrackPointExtension>
</extensions>
</trkpt>
<trkpt lat="36.967149" lon="127.8778628">
<ele>75.982</ele>
<time>2026-05-05T10:27:53Z</time>
<extensions>
<gpxtpx:TrackPointExtension>
<gpxtpx:hr>167</gpxtpx:hr>
<gpxtpx:cad>170</gpxtpx:cad>
</gpxtpx:TrackPointExtension>
</extensions>
</trkpt>
<trkpt lat="36.9671748" lon="127.8778811">
<ele>75.924</ele>
<time>2026-05-05T10:27:54Z</time>
<extensions>
<gpxtpx:TrackPointExtension>
<gpxtpx:hr>167</gpxtpx:hr>
</gpxtpx:TrackPointExtension>
</extensions>
</trkpt>
<trkpt lat="36.9672005" lon="127.8778997">
<ele>75.878</ele>
<time>2026-05-05T10:27:55Z</time>
<extensions>
<gpxtpx:TrackPointExtension>
<gpxtpx:hr>167</gpxtpx:hr>
</gpxtpx:TrackPointExtension>
</extensions>
</trkpt>
<trkpt lat="36.9672264" lon="127.8779202">
<ele>75.852</ele>
<time>2026-05-05T10:27:56Z</time>
<extensions>
<gpxtpx:TrackPointExtension>
<gpxtpx:hr>167</gpxtpx:hr>
</gpxtpx:TrackPointExtension>
</extensions>
</trkpt>
<trkpt lat="36.9672517" lon="127.8779381">
<ele>75.861</ele>
<time>2026-05-05T10:27:57Z</time>
<extensions>
<gpxtpx:TrackPointExtension>
<gpxtpx:hr>167</gpxtpx:hr>
</gpxtpx:TrackPointExtension>
</extensions>
</trkpt>
<trkpt lat="36.967277" lon="127.8779565">
<ele>75.955</ele>
<time>2026-05-05T10:27:58Z</time>
<extensions>
<gpxtpx:TrackPointExtension>
<gpxtpx:hr>166</gpxtpx:hr>
<gpxtpx:cad>169</gpxtpx:cad>
</gpxtpx:TrackPointExtension>
</extensions>
</trkpt>
<trkpt lat="36.9673021" lon="127.8779724">
<ele>75.962</ele>
<time>2026-05-05T10:27:59Z</time>
<extensions>
<gpxtpx:TrackPointExtension>
<gpxtpx:hr>166</gpxtpx:hr>
</gpxtpx:TrackPointExtension>
</extensions>
</trkpt>
<trkpt lat="36.967327" lon="127.8779875">
<ele>75.987</ele>
<time>2026-05-05T10:28:00Z</time>
<extensions>
<gpxtpx:TrackPointExtension>
<gpxtpx:hr>166</gpxtpx:hr>
</gpxtpx:TrackPointExtension>
</extensions>
</trkpt>
<trkpt lat="36.9673519" lon="127.8780025">
<ele>75.929</ele>
<time>2026-05-05T10:28:01Z</time>
<extensions>
<gpxtpx:TrackPointExtension>
<gpxtpx:hr>166</gpxtpx:hr>
</gpxtpx:TrackPointExtension>
</extensions>
</trkpt>
<trkpt lat="36.9673769" lon="127.8780175">
<ele>75.862</ele>
<time>2026-05-05T10:28:02Z</time>
<extensions>
<gpxtpx:TrackPointExtension>
<gpxtpx:hr>165</gpxtpx:hr>
</gpxtpx:TrackPointExtension>
</extensions>
</trkpt>
<trkpt lat="36.9674018" lon="127.8780324">
<ele>75.829</ele>
<time>2026-05-05T10:28:03Z</time>
<extensions>
<gpxtpx:TrackPointExtension>
<gpxtpx:cad>169</gpxtpx:cad>
</gpxtpx:TrackPointExtension>
</extensions>
</trkpt>
<trkpt lat="36.9674268" lon="127.8780475">
<ele>75.883</ele>
<time>2026-05-05T10:28:04Z</time>
<extensions>
<gpxtpx:TrackPointExtension>
<gpxtpx:hr>165</gpxtpx:hr>
</gpxtpx:TrackPointExtension>
</extensions>
</trkpt>
<trkpt lat="36.9674528" lon="127.8780626">
<ele>75.996</ele>
<time>2026-05-05T10:28:05Z</time>
<extensions>
<gpxtpx:TrackPointExtension>
<gpxtpx:hr>165</gpxtpx:hr>
</gpxtpx:TrackPointExtension>
</extensions>
</trkpt>
<trkpt lat="36.9674785" lon="127.8780779">
<ele>76.035</ele>
<time>2026-05-05T10:28:06Z</time>
<extensions>
<gpxtpx:TrackPointExtension>
<gpxtpx:hr>165</gpxtpx:hr>
</gpxtpx:TrackPointExtension>
</extensions>
</trkpt>
<trkpt lat="36.9675047" lon="127.878093">
<ele>76.026</ele>
<time>2026-05-05T10:28:07Z</time>
<extensions>
<gpxtpx:TrackPointExtension>
<gpxtpx:hr>165</gpxtpx:hr>
</gpxtpx:TrackPointExtension>
</extensions>
</trkpt>
<trkpt lat="36.9675315" lon="127.8781076">
<ele>75.975</ele>
<time>2026-05-05T10:28:08Z</time>
<extensions>
<gpxtpx:TrackPointExtension>
<gpxtpx:hr>165</gpxtpx:hr>
<gpxtpx:cad>170</gpxtpx:cad>
</gpxtpx:TrackPointExtension>
</extensions>
</trkpt>
<trkpt lat="36.9675587" lon="127.8781204">
<ele>76.0</ele>
<time>2026-05-05T10:28:09Z</time>
<extensions>
<gpxtpx:TrackPointExtension>
<gpxtpx:hr>165</gpxtpx:hr>
</gpxtpx:TrackPointExtension>
</extensions>
</trkpt>
<trkpt lat="36.9675861" lon="127.878133">
<ele>76.002</ele>
<time>2026-05-05T10:28:10Z</time>
<extensions>
<gpxtpx:TrackPointExtension>
<gpxtpx:hr>165</gpxtpx:hr>
</gpxtpx:TrackPointExtension>
</extensions>
</trkpt>
<trkpt lat="36.9676134" lon="127.8781428">
<ele>76.005</ele>
<time>2026-05-05T10:28:11Z</time>
<extensions>
<gpxtpx:TrackPointExtension>
<gpxtpx:hr>165</gpxtpx:hr>
</gpxtpx:TrackPointExtension>
</extensions>
</trkpt>
<trkpt lat="36.9676408" lon="127.8781514">
<ele>75.966</ele>
<time>2026-05-05T10:28:12Z</time>
<extensions>
<gpxtpx:TrackPointExtension>
<gpxtpx:hr>165</gpxtpx:hr>
</gpxtpx:TrackPointExtension>
</extensions>
</trkpt>
<trkpt lat="36.967668" lon="127.8781592">
<ele>75.984</ele>
<time>2026-05-05T10:28:13Z</time>
<extensions>
<gpxtpx:TrackPointExtension>
<gpxtpx:hr>166</gpxtpx:hr>
<gpxtpx:cad>176</gpxtpx:cad>
</gpxtpx:TrackPointExtension>
</extensions>
</trkpt>
<trkpt lat="36.9676955" lon="127.8781665">
<ele>76.013</ele>
<time>2026-05-05T10:28:14Z</time>
<extensions>
<gpxtpx:TrackPointExtension>
<gpxtpx:hr>165</gpxtpx:hr>
</gpxtpx:TrackPointExtension>
</extensions>
</trkpt>
<trkpt lat="36.9677231" lon="127.8781738">
<ele>76.015</ele>
<time>2026-05-05T10:28:15Z</time>
<extensions>
<gpxtpx:TrackPointExtension>
<gpxtpx:hr>165</gpxtpx:hr>
</gpxtpx:TrackPointExtension>
</extensions>
</trkpt>
<trkpt lat="36.9677513" lon="127.8781816">
<ele>75.966</ele>
<time>2026-05-05T10:28:16Z</time>
<extensions>
<gpxtpx:TrackPointExtension>
<gpxtpx:hr>165</gpxtpx:hr>
</gpxtpx:TrackPointExtension>
</extensions>
</trkpt>
<trkpt lat="36.9677796" lon="127.8781891">
<ele>75.966</ele>
<time>2026-05-05T10:28:17Z</time>
<extensions>
<gpxtpx:TrackPointExtension>
<gpxtpx:hr>165</gpxtpx:hr>
<gpxtpx:cad>180</gpxtpx:cad>
</gpxtpx:TrackPointExtension>
</extensions>
</trkpt>
<trkpt lat="36.9678085" lon="127.8781959">
<ele>75.989</ele>
<time>2026-05-05T10:28:18Z</time>
<extensions>
<gpxtpx:TrackPointExtension>
<gpxtpx:hr>165</gpxtpx:hr>
<gpxtpx:cad>180</gpxtpx:cad>
</gpxtpx:TrackPointExtension>
</extensions>
</trkpt>
<trkpt lat="36.9678377" lon="127.8782013">
<ele>75.995</ele>
<time>2026-05-05T10:28:19Z</time>
<extensions>
<gpxtpx:TrackPointExtension>
<gpxtpx:hr>165</gpxtpx:hr>
</gpxtpx:TrackPointExtension>
</extensions>
</trkpt>
<trkpt lat="36.9678671" lon="127.8782061">
<ele>76.005</ele>
<time>2026-05-05T10:28:20Z</time>
<extensions>
<gpxtpx:TrackPointExtension>
<gpxtpx:hr>165</gpxtpx:hr>
</gpxtpx:TrackPointExtension>
</extensions>
</trkpt>
<trkpt lat="36.967897" lon="127.8782087">
<ele>76.066</ele>
<time>2026-05-05T10:28:21Z</time>
<extensions>
<gpxtpx:TrackPointExtension>
<gpxtpx:hr>165</gpxtpx:hr>
</gpxtpx:TrackPointExtension>
</extensions>
</trkpt>
<trkpt lat="36.9679268" lon="127.8782117">
<ele>76.096</ele>
<time>2026-05-05T10:28:22Z</time>
<extensions>
<gpxtpx:TrackPointExtension>
<gpxtpx:hr>165</gpxtpx:hr>
</gpxtpx:TrackPointExtension>
</extensions>
</trkpt>
<trkpt lat="36.967957" lon="127.878213">
<ele>76.127</ele>
<time>2026-05-05T10:28:23Z</time>
<extensions>
<gpxtpx:TrackPointExtension>
<gpxtpx:hr>165</gpxtpx:hr>
<gpxtpx:cad>181</gpxtpx:cad>
</gpxtpx:TrackPointExtension>
</extensions>
</trkpt>
<trkpt lat="36.9679873" lon="127.8782138">
<ele>76.098</ele>
<time>2026-05-05T10:28:24Z</time>
<extensions>
<gpxtpx:TrackPointExtension>
<gpxtpx:hr>165</gpxtpx:hr>
</gpxtpx:TrackPointExtension>
</extensions>
</trkpt>
<trkpt lat="36.9680177" lon="127.8782142">
<ele>76.063</ele>
<time>2026-05-05T10:28:25Z</time>
<extensions>
<gpxtpx:TrackPointExtension>
<gpxtpx:hr>165</gpxtpx:hr>
</gpxtpx:TrackPointExtension>
</extensions>
</trkpt>
<trkpt lat="36.968048" lon="127.8782149">
<ele>76.072</ele>
<time>2026-05-05T10:28:26Z</time>
<extensions>
<gpxtpx:TrackPointExtension>
<gpxtpx:hr>165</gpxtpx:hr>
</gpxtpx:TrackPointExtension>
</extensions>
</trkpt>
<trkpt lat="36.9680781" lon="127.878216">
<ele>76.096</ele>
<time>2026-05-05T10:28:27Z</time>
<extensions>
<gpxtpx:TrackPointExtension>
<gpxtpx:hr>165</gpxtpx:hr>
</gpxtpx:TrackPointExtension>
</extensions>
</trkpt>
<trkpt lat="36.9681082" lon="127.8782174">
<ele>76.1</ele>
<time>2026-05-05T10:28:28Z</time>
<extensions>
<gpxtpx:TrackPointExtension>
<gpxtpx:hr>165</gpxtpx:hr>
<gpxtpx:cad>181</gpxtpx:cad>
</gpxtpx:TrackPointExtension>
</extensions>
</trkpt>
<trkpt lat="36.9681378" lon="127.878219">
<ele>76.031</ele>
<time>2026-05-05T10:28:29Z</time>
<extensions>
<gpxtpx:TrackPointExtension>
<gpxtpx:hr>165</gpxtpx:hr>
</gpxtpx:TrackPointExtension>
</extensions>
</trkpt>
<trkpt lat="36.9681674" lon="127.87822">
<ele>76.034</ele>
<time>2026-05-05T10:28:30Z</time>
<extensions>
<gpxtpx:TrackPointExtension>
<gpxtpx:hr>165</gpxtpx:hr>
</gpxtpx:TrackPointExtension>
</extensions>
</trkpt>
<trkpt lat="36.9681965" lon="127.8782205">
<ele>75.991</ele>
<time>2026-05-05T10:28:31Z</time>
<extensions>
<gpxtpx:TrackPointExtension>
<gpxtpx:hr>165</gpxtpx:hr>
</gpxtpx:TrackPointExtension>
</extensions>
</trkpt>
<trkpt lat="36.9682261" lon="127.8782215">
<ele>76.01</ele>
<time>2026-05-05T10:28:32Z</time>
<extensions>
<gpxtpx:TrackPointExtension>
<gpxtpx:hr>165</gpxtpx:hr>
</gpxtpx:TrackPointExtension>
</extensions>
</trkpt>
<trkpt lat="36.9682552" lon="127.878222">
<ele>76.044</ele>
<time>2026-05-05T10:28:33Z</time>
<extensions>
<gpxtpx:TrackPointExtension>
<gpxtpx:hr>165</gpxtpx:hr>
<gpxtpx:cad>181</gpxtpx:cad>
</gpxtpx:TrackPointExtension>
</extensions>
</trkpt>
<trkpt lat="36.9682847" lon="127.8782233">
<ele>76.069</ele>
<time>2026-05-05T10:28:34Z</time>
<extensions>
<gpxtpx:TrackPointExtension>
<gpxtpx:hr>165</gpxtpx:hr>
</gpxtpx:TrackPointExtension>
</extensions>
</trkpt>
<trkpt lat="36.9683131" lon="127.8782225">
<ele>76.033</ele>
<time>2026-05-05T10:28:35Z</time>
<extensions>
<gpxtpx:TrackPointExtension>
<gpxtpx:hr>165</gpxtpx:hr>
</gpxtpx:TrackPointExtension>
</extensions>
</trkpt>
<trkpt lat="36.9683412" lon="127.878221">
<ele>76.039</ele>
<time>2026-05-05T10:28:36Z</time>
<extensions>
<gpxtpx:TrackPointExtension>
<gpxtpx:hr>165</gpxtpx:hr>
</gpxtpx:TrackPointExtension>
</extensions>
</trkpt>
<trkpt lat="36.968369" lon="127.878219">
<ele>76.1</ele>
<time>2026-05-05T10:28:37Z</time>
<extensions>
<gpxtpx:TrackPointExtension>
<gpxtpx:hr>165</gpxtpx:hr>
</gpxtpx:TrackPointExtension>
</extensions>
</trkpt>
<trkpt lat="36.9683965" lon="127.8782163">
<ele>76.113</ele>
<time>2026-05-05T10:28:38Z</time>
<extensions>
<gpxtpx:TrackPointExtension>
<gpxtpx:hr>165</gpxtpx:hr>
<gpxtpx:cad>181</gpxtpx:cad>
</gpxtpx:TrackPointExtension>
</extensions>
</trkpt>
<trkpt lat="36.9684238" lon="127.8782131">
<ele>76.106</ele>
<time>2026-05-05T10:28:39Z</time>
<extensions>
<gpxtpx:TrackPointExtension>
<gpxtpx:hr>165</gpxtpx:hr>
</gpxtpx:TrackPointExtension>
</extensions>
</trkpt>
<trkpt lat="36.968451" lon="127.878209">
<ele>76.12</ele>
<time>2026-05-05T10:28:40Z</time>
<extensions>
<gpxtpx:TrackPointExtension>
<gpxtpx:hr>165</gpxtpx:hr>
</gpxtpx:TrackPointExtension>
</extensions>
</trkpt>
<trkpt lat="36.9684781" lon="127.8782039">
<ele>76.158</ele>
<time>2026-05-05T10:28:41Z</time>
<extensions>
<gpxtpx:TrackPointExtension>
<gpxtpx:hr>165</gpxtpx:hr>
</gpxtpx:TrackPointExtension>
</extensions>
</trkpt>
<trkpt lat="36.9685052" lon="127.8781978">
<ele>76.124</ele>
<time>2026-05-05T10:28:42Z</time>
<extensions>
<gpxtpx:TrackPointExtension>
<gpxtpx:hr>165</gpxtpx:hr>
</gpxtpx:TrackPointExtension>
</extensions>
</trkpt>
<trkpt lat="36.9685324" lon="127.8781906">
<ele>76.174</ele>
<time>2026-05-05T10:28:43Z</time>
<extensions>
<gpxtpx:TrackPointExtension>
<gpxtpx:hr>165</gpxtpx:hr>
<gpxtpx:cad>180</gpxtpx:cad>
</gpxtpx:TrackPointExtension>
</extensions>
</trkpt>
<trkpt lat="36.9685597" lon="127.8781826">
<ele>76.174</ele>
<time>2026-05-05T10:28:44Z</time>
<extensions>
<gpxtpx:TrackPointExtension>
<gpxtpx:hr>165</gpxtpx:hr>
</gpxtpx:TrackPointExtension>
</extensions>
</trkpt>
<trkpt lat="36.9685869" lon="127.878174">
<ele>76.177</ele>
<time>2026-05-05T10:28:45Z</time>
<extensions>
<gpxtpx:TrackPointExtension>
<gpxtpx:hr>165</gpxtpx:hr>
</gpxtpx:TrackPointExtension>
</extensions>
</trkpt>
<trkpt lat="36.9686139" lon="127.8781652">
<ele>76.144</ele>
<time>2026-05-05T10:28:46Z</time>
<extensions>
<gpxtpx:TrackPointExtension>
<gpxtpx:hr>165</gpxtpx:hr>
</gpxtpx:TrackPointExtension>
</extensions>
</trkpt>
<trkpt lat="36.9686408" lon="127.8781563">
<ele>76.361</ele>
<time>2026-05-05T10:28:47Z</time>
<extensions>
<gpxtpx:TrackPointExtension>
<gpxtpx:hr>166</gpxtpx:hr>
</gpxtpx:TrackPointExtension>
</extensions>
</trkpt>
<trkpt lat="36.9686673" lon="127.8781475">
<ele>76.407</ele>
<time>2026-05-05T10:28:48Z</time>
<extensions>
<gpxtpx:TrackPointExtension>
<gpxtpx:hr>165</gpxtpx:hr>
<gpxtpx:cad>176</gpxtpx:cad>
</gpxtpx:TrackPointExtension>
</extensions>
</trkpt>
<trkpt lat="36.9686936" lon="127.8781388">
<ele>76.29</ele>
<time>2026-05-05T10:28:49Z</time>
<extensions>
<gpxtpx:TrackPointExtension>
<gpxtpx:hr>165</gpxtpx:hr>
<gpxtpx:cad>174</gpxtpx:cad>
</gpxtpx:TrackPointExtension>
</extensions>
</trkpt>
<trkpt lat="36.9687193" lon="127.8781304">
<ele>75.979</ele>
<time>2026-05-05T10:28:50Z</time>
<extensions>
<gpxtpx:TrackPointExtension>
<gpxtpx:hr>165</gpxtpx:hr>
</gpxtpx:TrackPointExtension>
</extensions>
</trkpt>
<trkpt lat="36.9687447" lon="127.8781228">
<ele>75.811</ele>
<time>2026-05-05T10:28:51Z</time>
<extensions>
<gpxtpx:TrackPointExtension>
<gpxtpx:hr>165</gpxtpx:hr>
</gpxtpx:TrackPointExtension>
</extensions>
</trkpt>
<trkpt lat="36.9687699" lon="127.878116">
<ele>75.869</ele>
<time>2026-05-05T10:28:52Z</time>
<extensions>
<gpxtpx:TrackPointExtension>
<gpxtpx:hr>165</gpxtpx:hr>
</gpxtpx:TrackPointExtension>
</extensions>
</trkpt>
<trkpt lat="36.9687952" lon="127.87811">
<ele>75.83</ele>
<time>2026-05-05T10:28:53Z</time>
<extensions>
<gpxtpx:TrackPointExtension>
<gpxtpx:hr>164</gpxtpx:hr>
<gpxtpx:cad>171</gpxtpx:cad>
</gpxtpx:TrackPointExtension>
</extensions>
</trkpt>
<trkpt lat="36.9688204" lon="127.8781043">
<ele>75.834</ele>
<time>2026-05-05T10:28:54Z</time>
<extensions>
<gpxtpx:TrackPointExtension>
<gpxtpx:hr>164</gpxtpx:hr>
</gpxtpx:TrackPointExtension>
</extensions>
</trkpt>
<trkpt lat="36.9688458" lon="127.8780977">
<ele>75.747</ele>
<time>2026-05-05T10:28:55Z</time>
<extensions>
<gpxtpx:TrackPointExtension>
<gpxtpx:hr>163</gpxtpx:hr>
</gpxtpx:TrackPointExtension>
</extensions>
</trkpt>
<trkpt lat="36.9688707" lon="127.878092">
<ele>75.673</ele>
<time>2026-05-05T10:28:56Z</time>
<extensions>
<gpxtpx:TrackPointExtension>
<gpxtpx:hr>164</gpxtpx:hr>
</gpxtpx:TrackPointExtension>
</extensions>
</trkpt>
<trkpt lat="36.9688961" lon="127.8780853">
<ele>75.678</ele>
<time>2026-05-05T10:28:57Z</time>
<extensions>
<gpxtpx:TrackPointExtension>
<gpxtpx:hr>164</gpxtpx:hr>
</gpxtpx:TrackPointExtension>
</extensions>
</trkpt>
<trkpt lat="36.9689208" lon="127.8780798">
<ele>75.759</ele>
<time>2026-05-05T10:28:58Z</time>
<extensions>
<gpxtpx:TrackPointExtension>
<gpxtpx:hr>167</gpxtpx:hr>
<gpxtpx:cad>171</gpxtpx:cad>
</gpxtpx:TrackPointExtension>
</extensions>
</trkpt>
<trkpt lat="36.968946" lon="127.8780736">
<ele>75.899</ele>
<time>2026-05-05T10:28:59Z</time>
<extensions>
<gpxtpx:TrackPointExtension>
<gpxtpx:hr>168</gpxtpx:hr>
</gpxtpx:TrackPointExtension>
</extensions>
</trkpt>
<trkpt lat="36.9689708" lon="127.8780681">
<ele>75.948</ele>
<time>2026-05-05T10:29:00Z</time>
<extensions>
<gpxtpx:TrackPointExtension>
<gpxtpx:hr>168</gpxtpx:hr>
</gpxtpx:TrackPointExtension>
</extensions>
</trkpt>
<trkpt lat="36.9689958" lon="127.8780623">
<ele>76.117</ele>
<time>2026-05-05T10:29:01Z</time>
<extensions>
<gpxtpx:TrackPointExtension>
<gpxtpx:hr>168</gpxtpx:hr>
</gpxtpx:TrackPointExtension>
</extensions>
</trkpt>
<trkpt lat="36.9690209" lon="127.8780565">
<ele>76.279</ele>
<time>2026-05-05T10:29:02Z</time>
<extensions>
<gpxtpx:TrackPointExtension>
<gpxtpx:hr>168</gpxtpx:hr>
</gpxtpx:TrackPointExtension>
</extensions>
</trkpt>
<trkpt lat="36.9690461" lon="127.8780507">
<ele>76.366</ele>
<time>2026-05-05T10:29:03Z</time>
<extensions>
<gpxtpx:TrackPointExtension>
<gpxtpx:hr>168</gpxtpx:hr>
<gpxtpx:cad>169</gpxtpx:cad>
</gpxtpx:TrackPointExtension>
</extensions>
</trkpt>
<trkpt lat="36.9690714" lon="127.8780448">
<ele>76.471</ele>
<time>2026-05-05T10:29:04Z</time>
<extensions>
<gpxtpx:TrackPointExtension>
<gpxtpx:hr>169</gpxtpx:hr>
</gpxtpx:TrackPointExtension>
</extensions>
</trkpt>
<trkpt lat="36.9690969" lon="127.8780389">
<ele>76.276</ele>
<time>2026-05-05T10:29:05Z</time>
<extensions>
<gpxtpx:TrackPointExtension>
<gpxtpx:hr>169</gpxtpx:hr>
</gpxtpx:TrackPointExtension>
</extensions>
</trkpt>
<trkpt lat="36.9691224" lon="127.8780328">
<ele>75.996</ele>
<time>2026-05-05T10:29:06Z</time>
<extensions>
<gpxtpx:TrackPointExtension>
<gpxtpx:hr>169</gpxtpx:hr>
</gpxtpx:TrackPointExtension>
</extensions>
</trkpt>
<trkpt lat="36.9691481" lon="127.8780266">
<ele>75.789</ele>
<time>2026-05-05T10:29:07Z</time>
<extensions>
<gpxtpx:TrackPointExtension>
<gpxtpx:hr>169</gpxtpx:hr>
</gpxtpx:TrackPointExtension>
</extensions>
</trkpt>
<trkpt lat="36.9691733" lon="127.8780208">
<ele>75.786</ele>
<time>2026-05-05T10:29:08Z</time>
<extensions>
<gpxtpx:TrackPointExtension>
<gpxtpx:hr>168</gpxtpx:hr>
<gpxtpx:cad>166</gpxtpx:cad>
</gpxtpx:TrackPointExtension>
</extensions>
</trkpt>
<trkpt lat="36.9691998" lon="127.8780136">
<ele>75.9</ele>
<time>2026-05-05T10:29:09Z</time>
<extensions>
<gpxtpx:TrackPointExtension>
<gpxtpx:hr>168</gpxtpx:hr>
</gpxtpx:TrackPointExtension>
</extensions>
</trkpt>
<trkpt lat="36.9692253" lon="127.8780074">
<ele>75.973</ele>
<time>2026-05-05T10:29:10Z</time>
<extensions>
<gpxtpx:TrackPointExtension>
<gpxtpx:hr>167</gpxtpx:hr>
</gpxtpx:TrackPointExtension>
</extensions>
</trkpt>
<trkpt lat="36.9692515" lon="127.8780003">
<ele>75.962</ele>
<time>2026-05-05T10:29:11Z</time>
<extensions>
<gpxtpx:TrackPointExtension>
<gpxtpx:hr>167</gpxtpx:hr>
</gpxtpx:TrackPointExtension>
</extensions>
</trkpt>
<trkpt lat="36.9692779" lon="127.8779932">
<ele>75.988</ele>
<time>2026-05-05T10:29:12Z</time>
<extensions>
<gpxtpx:TrackPointExtension>
<gpxtpx:hr>167</gpxtpx:hr>
</gpxtpx:TrackPointExtension>
</extensions>
</trkpt>
<trkpt lat="36.9693044" lon="127.8779861">
<ele>76.035</ele>
<time>2026-05-05T10:29:13Z</time>
<extensions>
<gpxtpx:TrackPointExtension>
<gpxtpx:hr>167</gpxtpx:hr>
<gpxtpx:cad>167</gpxtpx:cad>
</gpxtpx:TrackPointExtension>
</extensions>
</trkpt>
<trkpt lat="36.969331" lon="127.8779788">
<ele>76.062</ele>
<time>2026-05-05T10:29:14Z</time>
<extensions>
<gpxtpx:TrackPointExtension>
<gpxtpx:hr>167</gpxtpx:hr>
</gpxtpx:TrackPointExtension>
</extensions>
</trkpt>
<trkpt lat="36.9693578" lon="127.8779715">
<ele>76.045</ele>
<time>2026-05-05T10:29:15Z</time>
<extensions>
<gpxtpx:TrackPointExtension>
<gpxtpx:hr>167</gpxtpx:hr>
</gpxtpx:TrackPointExtension>
</extensions>
</trkpt>
<trkpt lat="36.9693847" lon="127.8779642">
<ele>75.952</ele>
<time>2026-05-05T10:29:16Z</time>
<extensions>
<gpxtpx:TrackPointExtension>
<gpxtpx:hr>167</gpxtpx:hr>
</gpxtpx:TrackPointExtension>
</extensions>
</trkpt>
<trkpt lat="36.9694117" lon="127.8779569">
<ele>75.823</ele>
<time>2026-05-05T10:29:17Z</time>
<extensions>
<gpxtpx:TrackPointExtension>
<gpxtpx:hr>166</gpxtpx:hr>
</gpxtpx:TrackPointExtension>
</extensions>
</trkpt>
<trkpt lat="36.9694387" lon="127.8779496">
<ele>75.757</ele>
<time>2026-05-05T10:29:18Z</time>
<extensions>
<gpxtpx:TrackPointExtension>
<gpxtpx:hr>166</gpxtpx:hr>
<gpxtpx:cad>175</gpxtpx:cad>
</gpxtpx:TrackPointExtension>
</extensions>
</trkpt>
<trkpt lat="36.9694658" lon="127.8779425">
<ele>75.718</ele>
<time>2026-05-05T10:29:19Z</time>
<extensions>
<gpxtpx:TrackPointExtension>
<gpxtpx:hr>166</gpxtpx:hr>
</gpxtpx:TrackPointExtension>
</extensions>
</trkpt>
<trkpt lat="36.9694928" lon="127.8779356">
<ele>75.884</ele>
<time>2026-05-05T10:29:20Z</time>
<extensions>
<gpxtpx:TrackPointExtension>
<gpxtpx:hr>166</gpxtpx:hr>
</gpxtpx:TrackPointExtension>
</extensions>
</trkpt>
<trkpt lat="36.9695198" lon="127.8779288">
<ele>75.921</ele>
<time>2026-05-05T10:29:21Z</time>
<extensions>
<gpxtpx:TrackPointExtension>
<gpxtpx:hr>166</gpxtpx:hr>
</gpxtpx:TrackPointExtension>
</extensions>
</trkpt>
<trkpt lat="36.9695468" lon="127.8779222">
<ele>76.031</ele>
<time>2026-05-05T10:29:22Z</time>
<extensions>
<gpxtpx:TrackPointExtension>
<gpxtpx:hr>166</gpxtpx:hr>
<gpxtpx:cad>179</gpxtpx:cad>
</gpxtpx:TrackPointExtension>
</extensions>
</trkpt>
<trkpt lat="36.9695735" lon="127.8779157">
<ele>76.603</ele>
<time>2026-05-05T10:29:23Z</time>
<extensions>
<gpxtpx:TrackPointExtension>
<gpxtpx:hr>166</gpxtpx:hr>
<gpxtpx:cad>179</gpxtpx:cad>
</gpxtpx:TrackPointExtension>
</extensions>
</trkpt>
<trkpt lat="36.9696002" lon="127.8779093">
<ele>76.308</ele>
<time>2026-05-05T10:29:24Z</time>
<extensions>
<gpxtpx:TrackPointExtension>
<gpxtpx:hr>166</gpxtpx:hr>
</gpxtpx:TrackPointExtension>
</extensions>
</trkpt>
<trkpt lat="36.9696267" lon="127.877903">
<ele>76.187</ele>
<time>2026-05-05T10:29:25Z</time>
<extensions>
<gpxtpx:TrackPointExtension>
<gpxtpx:hr>166</gpxtpx:hr>
</gpxtpx:TrackPointExtension>
</extensions>
</trkpt>
<trkpt lat="36.9696529" lon="127.8778967">
<ele>76.117</ele>
<time>2026-05-05T10:29:26Z</time>
<extensions>
<gpxtpx:TrackPointExtension>
<gpxtpx:hr>165</gpxtpx:hr>
</gpxtpx:TrackPointExtension>
</extensions>
</trkpt>
<trkpt lat="36.9696796" lon="127.8778904">
<ele>76.199</ele>
<time>2026-05-05T10:29:27Z</time>
<extensions>
<gpxtpx:TrackPointExtension>
<gpxtpx:hr>165</gpxtpx:hr>
</gpxtpx:TrackPointExtension>
</extensions>
</trkpt>
<trkpt lat="36.9697056" lon="127.8778834">
<ele>76.178</ele>
<time>2026-05-05T10:29:28Z</time>
<extensions>
<gpxtpx:TrackPointExtension>
<gpxtpx:hr>164</gpxtpx:hr>
<gpxtpx:cad>174</gpxtpx:cad>
</gpxtpx:TrackPointExtension>
</extensions>
</trkpt>
<trkpt lat="36.9697321" lon="127.8778772">
<ele>75.931</ele>
<time>2026-05-05T10:29:29Z</time>
<extensions>
<gpxtpx:TrackPointExtension>
<gpxtpx:hr>164</gpxtpx:hr>
</gpxtpx:TrackPointExtension>
</extensions>
</trkpt>
<trkpt lat="36.969758" lon="127.8778697">
<ele>76.019</ele>
<time>2026-05-05T10:29:30Z</time>
<extensions>
<gpxtpx:TrackPointExtension>
<gpxtpx:hr>164</gpxtpx:hr>
</gpxtpx:TrackPointExtension>
</extensions>
</trkpt>
<trkpt lat="36.9697843" lon="127.8778634">
<ele>76.293</ele>
<time>2026-05-05T10:29:31Z</time>
<extensions>
<gpxtpx:TrackPointExtension>
<gpxtpx:hr>164</gpxtpx:hr>
</gpxtpx:TrackPointExtension>
</extensions>
</trkpt>
<trkpt lat="36.96981" lon="127.8778555">
<ele>76.495</ele>
<time>2026-05-05T10:29:32Z</time>
<extensions>
<gpxtpx:TrackPointExtension>
<gpxtpx:hr>164</gpxtpx:hr>
</gpxtpx:TrackPointExtension>
</extensions>
</trkpt>
<trkpt lat="36.9698362" lon="127.877849">
<ele>76.367</ele>
<time>2026-05-05T10:29:33Z</time>
<extensions>
<gpxtpx:TrackPointExtension>
<gpxtpx:hr>164</gpxtpx:hr>
<gpxtpx:cad>169</gpxtpx:cad>
</gpxtpx:TrackPointExtension>
</extensions>
</trkpt>
<trkpt lat="36.9698619" lon="127.877841">
<ele>76.224</ele>
<time>2026-05-05T10:29:34Z</time>
<extensions>
<gpxtpx:TrackPointExtension>
<gpxtpx:hr>164</gpxtpx:hr>
</gpxtpx:TrackPointExtension>
</extensions>
</trkpt>
<trkpt lat="36.9698879" lon="127.8778341">
<ele>76.217</ele>
<time>2026-05-05T10:29:35Z</time>
<extensions>
<gpxtpx:TrackPointExtension>
<gpxtpx:hr>163</gpxtpx:hr>
</gpxtpx:TrackPointExtension>
</extensions>
</trkpt>
<trkpt lat="36.9699137" lon="127.8778266">
<ele>76.207</ele>
<time>2026-05-05T10:29:36Z</time>
<extensions>
<gpxtpx:TrackPointExtension>
<gpxtpx:hr>163</gpxtpx:hr>
</gpxtpx:TrackPointExtension>
</extensions>
</trkpt>
<trkpt lat="36.9699394" lon="127.877819">
<ele>76.113</ele>
<time>2026-05-05T10:29:37Z</time>
<extensions>
<gpxtpx:TrackPointExtension>
<gpxtpx:hr>163</gpxtpx:hr>
</gpxtpx:TrackPointExtension>
</extensions>
</trkpt>
<trkpt lat="36.9699651" lon="127.8778114">
<ele>76.064</ele>
<time>2026-05-05T10:29:38Z</time>
<extensions>
<gpxtpx:TrackPointExtension>
<gpxtpx:hr>163</gpxtpx:hr>
<gpxtpx:cad>169</gpxtpx:cad>
</gpxtpx:TrackPointExtension>
</extensions>
</trkpt>
<trkpt lat="36.9699909" lon="127.8778037">
<ele>76.013</ele>
<time>2026-05-05T10:29:39Z</time>
<extensions>
<gpxtpx:TrackPointExtension>
<gpxtpx:hr>163</gpxtpx:hr>
</gpxtpx:TrackPointExtension>
</extensions>
</trkpt>
<trkpt lat="36.9700168" lon="127.8777959">
<ele>75.952</ele>
<time>2026-05-05T10:29:40Z</time>
<extensions>
<gpxtpx:TrackPointExtension>
<gpxtpx:hr>163</gpxtpx:hr>
</gpxtpx:TrackPointExtension>
</extensions>
</trkpt>
<trkpt lat="36.970043" lon="127.8777884">
<ele>75.899</ele>
<time>2026-05-05T10:29:41Z</time>
<extensions>
<gpxtpx:TrackPointExtension>
<gpxtpx:hr>163</gpxtpx:hr>
</gpxtpx:TrackPointExtension>
</extensions>
</trkpt>
<trkpt lat="36.9700687" lon="127.8777802">
<ele>75.843</ele>
<time>2026-05-05T10:29:42Z</time>
<extensions>
<gpxtpx:TrackPointExtension>
<gpxtpx:hr>163</gpxtpx:hr>
</gpxtpx:TrackPointExtension>
</extensions>
</trkpt>
<trkpt lat="36.9700947" lon="127.8777724">
<ele>75.899</ele>
<time>2026-05-05T10:29:43Z</time>
<extensions>
<gpxtpx:TrackPointExtension>
<gpxtpx:hr>163</gpxtpx:hr>
<gpxtpx:cad>170</gpxtpx:cad>
</gpxtpx:TrackPointExtension>
</extensions>
</trkpt>
<trkpt lat="36.9701208" lon="127.8777646">
<ele>75.992</ele>
<time>2026-05-05T10:29:44Z</time>
<extensions>
<gpxtpx:TrackPointExtension>
<gpxtpx:hr>163</gpxtpx:hr>
</gpxtpx:TrackPointExtension>
</extensions>
</trkpt>
<trkpt lat="36.970147" lon="127.8777569">
<ele>76.174</ele>
<time>2026-05-05T10:29:45Z</time>
<extensions>
<gpxtpx:TrackPointExtension>
<gpxtpx:hr>163</gpxtpx:hr>
</gpxtpx:TrackPointExtension>
</extensions>
</trkpt>
<trkpt lat="36.9701734" lon="127.8777493">
<ele>76.221</ele>
<time>2026-05-05T10:29:46Z</time>
<extensions>
<gpxtpx:TrackPointExtension>
<gpxtpx:hr>163</gpxtpx:hr>
</gpxtpx:TrackPointExtension>
</extensions>
</trkpt>
<trkpt lat="36.9701996" lon="127.8777422">
<ele>76.203</ele>
<time>2026-05-05T10:29:47Z</time>
<extensions>
<gpxtpx:TrackPointExtension>
<gpxtpx:hr>164</gpxtpx:hr>
</gpxtpx:TrackPointExtension>
</extensions>
</trkpt>
<trkpt lat="36.9702257" lon="127.8777359">
<ele>76.201</ele>
<time>2026-05-05T10:29:48Z</time>
<extensions>
<gpxtpx:TrackPointExtension>
<gpxtpx:hr>164</gpxtpx:hr>
<gpxtpx:cad>169</gpxtpx:cad>
</gpxtpx:TrackPointExtension>
</extensions>
</trkpt>
<trkpt lat="36.9702524" lon="127.8777287">
<ele>76.134</ele>
<time>2026-05-05T10:29:49Z</time>
<extensions>
<gpxtpx:TrackPointExtension>
<gpxtpx:hr>164</gpxtpx:hr>
</gpxtpx:TrackPointExtension>
</extensions>
</trkpt>
<trkpt lat="36.9702791" lon="127.8777215">
<ele>76.062</ele>
<time>2026-05-05T10:29:50Z</time>
<extensions>
<gpxtpx:TrackPointExtension>
<gpxtpx:hr>164</gpxtpx:hr>
</gpxtpx:TrackPointExtension>
</extensions>
</trkpt>
<trkpt lat="36.9703059" lon="127.8777132">
<ele>76.026</ele>
<time>2026-05-05T10:29:51Z</time>
<extensions>
<gpxtpx:TrackPointExtension>
<gpxtpx:hr>164</gpxtpx:hr>
</gpxtpx:TrackPointExtension>
</extensions>
</trkpt>
<trkpt lat="36.9703327" lon="127.8777047">
<ele>75.993</ele>
<time>2026-05-05T10:29:52Z</time>
<extensions>
<gpxtpx:TrackPointExtension>
<gpxtpx:hr>164</gpxtpx:hr>
</gpxtpx:TrackPointExtension>
</extensions>
</trkpt>
<trkpt lat="36.9703596" lon="127.8776963">
<ele>75.964</ele>
<time>2026-05-05T10:29:53Z</time>
<extensions>
<gpxtpx:TrackPointExtension>
<gpxtpx:hr>164</gpxtpx:hr>
<gpxtpx:cad>171</gpxtpx:cad>
</gpxtpx:TrackPointExtension>
</extensions>
</trkpt>
<trkpt lat="36.9703866" lon="127.877688">
<ele>75.889</ele>
<time>2026-05-05T10:29:54Z</time>
<extensions>
<gpxtpx:TrackPointExtension>
<gpxtpx:hr>164</gpxtpx:hr>
</gpxtpx:TrackPointExtension>
</extensions>
</trkpt>
<trkpt lat="36.9704137" lon="127.8776798">
<ele>75.877</ele>
<time>2026-05-05T10:29:55Z</time>
<extensions>
<gpxtpx:TrackPointExtension>
<gpxtpx:hr>164</gpxtpx:hr>
<gpxtpx:cad>173</gpxtpx:cad>
</gpxtpx:TrackPointExtension>
</extensions>
</trkpt>
<trkpt lat="36.9704408" lon="127.8776716">
<ele>75.941</ele>
<time>2026-05-05T10:29:56Z</time>
<extensions>
<gpxtpx:TrackPointExtension>
<gpxtpx:hr>164</gpxtpx:hr>
</gpxtpx:TrackPointExtension>
</extensions>
</trkpt>
<trkpt lat="36.970468" lon="127.8776635">
<ele>75.938</ele>
<time>2026-05-05T10:29:57Z</time>
<extensions>
<gpxtpx:TrackPointExtension>
<gpxtpx:hr>164</gpxtpx:hr>
</gpxtpx:TrackPointExtension>
</extensions>
</trkpt>
<trkpt lat="36.9704944" lon="127.8776551">
<ele>76.25</ele>
<time>2026-05-05T10:29:58Z</time>
<extensions>
<gpxtpx:TrackPointExtension>
<gpxtpx:hr>163</gpxtpx:hr>
<gpxtpx:cad>177</gpxtpx:cad>
</gpxtpx:TrackPointExtension>
</extensions>
</trkpt>
<trkpt lat="36.9705205" lon="127.8776466">
<ele>76.186</ele>
<time>2026-05-05T10:29:59Z</time>
<extensions>
<gpxtpx:TrackPointExtension>
<gpxtpx:hr>163</gpxtpx:hr>
</gpxtpx:TrackPointExtension>
</extensions>
</trkpt>
<trkpt lat="36.970546" lon="127.8776382">
<ele>75.973</ele>
<time>2026-05-05T10:30:00Z</time>
<extensions>
<gpxtpx:TrackPointExtension>
<gpxtpx:hr>163</gpxtpx:hr>
</gpxtpx:TrackPointExtension>
</extensions>
</trkpt>
<trkpt lat="36.9705704" lon="127.8776295">
<ele>75.861</ele>
<time>2026-05-05T10:30:01Z</time>
<extensions>
<gpxtpx:TrackPointExtension>
<gpxtpx:hr>163</gpxtpx:hr>
</gpxtpx:TrackPointExtension>
</extensions>
</trkpt>
<trkpt lat="36.9705946" lon="127.8776207">
<ele>75.92</ele>
<time>2026-05-05T10:30:02Z</time>
<extensions>
<gpxtpx:TrackPointExtension>
<gpxtpx:hr>163</gpxtpx:hr>
</gpxtpx:TrackPointExtension>
</extensions>
</trkpt>
<trkpt lat="36.9706179" lon="127.8776116">
<ele>75.931</ele>
<time>2026-05-05T10:30:03Z</time>
<extensions>
<gpxtpx:TrackPointExtension>
<gpxtpx:hr>163</gpxtpx:hr>
<gpxtpx:cad>177</gpxtpx:cad>
</gpxtpx:TrackPointExtension>
</extensions>
</trkpt>
<trkpt lat="36.9706415" lon="127.8776027">
<ele>75.969</ele>
<time>2026-05-05T10:30:04Z</time>
<extensions>
<gpxtpx:TrackPointExtension>
<gpxtpx:hr>163</gpxtpx:hr>
</gpxtpx:TrackPointExtension>
</extensions>
</trkpt>
<trkpt lat="36.9706646" lon="127.8775929">
<ele>76.111</ele>
<time>2026-05-05T10:30:05Z</time>
<extensions>
<gpxtpx:TrackPointExtension>
<gpxtpx:hr>163</gpxtpx:hr>
</gpxtpx:TrackPointExtension>
</extensions>
</trkpt>
<trkpt lat="36.9706876" lon="127.8775834">
<ele>76.121</ele>
<time>2026-05-05T10:30:06Z</time>
<extensions>
<gpxtpx:TrackPointExtension>
<gpxtpx:hr>163</gpxtpx:hr>
</gpxtpx:TrackPointExtension>
</extensions>
</trkpt>
<trkpt lat="36.970711" lon="127.8775715">
<ele>76.119</ele>
<time>2026-05-05T10:30:07Z</time>
<extensions>
<gpxtpx:TrackPointExtension>
<gpxtpx:hr>164</gpxtpx:hr>
</gpxtpx:TrackPointExtension>
</extensions>
</trkpt>
<trkpt lat="36.9707343" lon="127.877561">
<ele>76.142</ele>
<time>2026-05-05T10:30:08Z</time>
<extensions>
<gpxtpx:TrackPointExtension>
<gpxtpx:hr>164</gpxtpx:hr>
<gpxtpx:cad>172</gpxtpx:cad>
</gpxtpx:TrackPointExtension>
</extensions>
</trkpt>
<trkpt lat="36.9707576" lon="127.8775499">
<ele>76.232</ele>
<time>2026-05-05T10:30:09Z</time>
<extensions>
<gpxtpx:TrackPointExtension>
<gpxtpx:hr>164</gpxtpx:hr>
</gpxtpx:TrackPointExtension>
</extensions>
</trkpt>
<trkpt lat="36.9707811" lon="127.8775366">
<ele>76.376</ele>
<time>2026-05-05T10:30:10Z</time>
<extensions>
<gpxtpx:TrackPointExtension>
<gpxtpx:hr>164</gpxtpx:hr>
</gpxtpx:TrackPointExtension>
</extensions>
</trkpt>
<trkpt lat="36.9708045" lon="127.877524">
<ele>76.496</ele>
<time>2026-05-05T10:30:11Z</time>
<extensions>
<gpxtpx:TrackPointExtension>
<gpxtpx:hr>164</gpxtpx:hr>
</gpxtpx:TrackPointExtension>
</extensions>
</trkpt>
<trkpt lat="36.9708279" lon="127.8775103">
<ele>76.512</ele>
<time>2026-05-05T10:30:12Z</time>
<extensions>
<gpxtpx:TrackPointExtension>
<gpxtpx:hr>164</gpxtpx:hr>
</gpxtpx:TrackPointExtension>
</extensions>
</trkpt>
<trkpt lat="36.9708509" lon="127.8774964">
<ele>76.455</ele>
<time>2026-05-05T10:30:13Z</time>
<extensions>
<gpxtpx:TrackPointExtension>
<gpxtpx:hr>163</gpxtpx:hr>
<gpxtpx:cad>169</gpxtpx:cad>
</gpxtpx:TrackPointExtension>
</extensions>
</trkpt>
<trkpt lat="36.9708737" lon="127.8774828">
<ele>76.44</ele>
<time>2026-05-05T10:30:14Z</time>
<extensions>
<gpxtpx:TrackPointExtension>
<gpxtpx:hr>163</gpxtpx:hr>
</gpxtpx:TrackPointExtension>
</extensions>
</trkpt>
<trkpt lat="36.9708961" lon="127.8774714">
<ele>76.479</ele>
<time>2026-05-05T10:30:15Z</time>
<extensions>
<gpxtpx:TrackPointExtension>
<gpxtpx:hr>162</gpxtpx:hr>
</gpxtpx:TrackPointExtension>
</extensions>
</trkpt>
<trkpt lat="36.9709185" lon="127.8774607">
<ele>76.556</ele>
<time>2026-05-05T10:30:16Z</time>
<extensions>
<gpxtpx:TrackPointExtension>
<gpxtpx:hr>162</gpxtpx:hr>
</gpxtpx:TrackPointExtension>
</extensions>
</trkpt>
<trkpt lat="36.9709403" lon="127.8774542">
<ele>76.678</ele>
<time>2026-05-05T10:30:17Z</time>
<extensions>
<gpxtpx:TrackPointExtension>
<gpxtpx:hr>162</gpxtpx:hr>
</gpxtpx:TrackPointExtension>
</extensions>
</trkpt>
<trkpt lat="36.970962" lon="127.8774481">
<ele>76.642</ele>
<time>2026-05-05T10:30:18Z</time>
<extensions>
<gpxtpx:TrackPointExtension>
<gpxtpx:hr>162</gpxtpx:hr>
<gpxtpx:cad>169</gpxtpx:cad>
</gpxtpx:TrackPointExtension>
</extensions>
</trkpt>
<trkpt lat="36.9709831" lon="127.877447">
<ele>76.706</ele>
<time>2026-05-05T10:30:19Z</time>
<extensions>
<gpxtpx:TrackPointExtension>
<gpxtpx:hr>162</gpxtpx:hr>
</gpxtpx:TrackPointExtension>
</extensions>
</trkpt>
<trkpt lat="36.9710039" lon="127.8774484">
<ele>76.794</ele>
<time>2026-05-05T10:30:20Z</time>
<extensions>
<gpxtpx:TrackPointExtension>
<gpxtpx:hr>162</gpxtpx:hr>
</gpxtpx:TrackPointExtension>
</extensions>
</trkpt>
<trkpt lat="36.971025" lon="127.8774472">
<ele>76.77</ele>
<time>2026-05-05T10:30:21Z</time>
<extensions>
<gpxtpx:TrackPointExtension>
<gpxtpx:hr>162</gpxtpx:hr>
</gpxtpx:TrackPointExtension>
</extensions>
</trkpt>
<trkpt lat="36.9710456" lon="127.8774506">
<ele>76.747</ele>
<time>2026-05-05T10:30:22Z</time>
<extensions>
<gpxtpx:TrackPointExtension>
<gpxtpx:hr>163</gpxtpx:hr>
</gpxtpx:TrackPointExtension>
</extensions>
</trkpt>
<trkpt lat="36.9710662" lon="127.8774591">
<ele>76.734</ele>
<time>2026-05-05T10:30:23Z</time>
<extensions>
<gpxtpx:TrackPointExtension>
<gpxtpx:hr>163</gpxtpx:hr>
<gpxtpx:cad>169</gpxtpx:cad>
</gpxtpx:TrackPointExtension>
</extensions>
</trkpt>
<trkpt lat="36.971087" lon="127.8774667">
<ele>76.788</ele>
<time>2026-05-05T10:30:24Z</time>
<extensions>
<gpxtpx:TrackPointExtension>
<gpxtpx:hr>163</gpxtpx:hr>
</gpxtpx:TrackPointExtension>
</extensions>
</trkpt>
<trkpt lat="36.9711089" lon="127.877479">
<ele>76.786</ele>
<time>2026-05-05T10:30:25Z</time>
<extensions>
<gpxtpx:TrackPointExtension>
<gpxtpx:hr>164</gpxtpx:hr>
</gpxtpx:TrackPointExtension>
</extensions>
</trkpt>
<trkpt lat="36.9711307" lon="127.8774868">
<ele>76.662</ele>
<time>2026-05-05T10:30:26Z</time>
<extensions>
<gpxtpx:TrackPointExtension>
<gpxtpx:hr>164</gpxtpx:hr>
</gpxtpx:TrackPointExtension>
</extensions>
</trkpt>
<trkpt lat="36.9711533" lon="127.8774988">
<ele>76.63</ele>
<time>2026-05-05T10:30:27Z</time>
<extensions>
<gpxtpx:TrackPointExtension>
<gpxtpx:hr>165</gpxtpx:hr>
</gpxtpx:TrackPointExtension>
</extensions>
</trkpt>
<trkpt lat="36.9711747" lon="127.8775029">
<ele>76.711</ele>
<time>2026-05-05T10:30:28Z</time>
<extensions>
<gpxtpx:TrackPointExtension>
<gpxtpx:hr>166</gpxtpx:hr>
<gpxtpx:cad>173</gpxtpx:cad>
</gpxtpx:TrackPointExtension>
</extensions>
</trkpt>
<trkpt lat="36.9711966" lon="127.877512">
<ele>76.789</ele>
<time>2026-05-05T10:30:29Z</time>
<extensions>
<gpxtpx:TrackPointExtension>
<gpxtpx:hr>166</gpxtpx:hr>
</gpxtpx:TrackPointExtension>
</extensions>
</trkpt>
<trkpt lat="36.9712181" lon="127.8775186">
<ele>76.735</ele>
<time>2026-05-05T10:30:30Z</time>
<extensions>
<gpxtpx:TrackPointExtension>
<gpxtpx:hr>167</gpxtpx:hr>
</gpxtpx:TrackPointExtension>
</extensions>
</trkpt>
<trkpt lat="36.9712402" lon="127.8775274">
<ele>76.764</ele>
<time>2026-05-05T10:30:31Z</time>
<extensions>
<gpxtpx:TrackPointExtension>
<gpxtpx:hr>167</gpxtpx:hr>
</gpxtpx:TrackPointExtension>
</extensions>
</trkpt>
<trkpt lat="36.9712623" lon="127.8775364">
<ele>76.75</ele>
<time>2026-05-05T10:30:32Z</time>
<extensions>
<gpxtpx:TrackPointExtension>
<gpxtpx:hr>168</gpxtpx:hr>
<gpxtpx:cad>175</gpxtpx:cad>
</gpxtpx:TrackPointExtension>
</extensions>
</trkpt>
<trkpt lat="36.9712838" lon="127.8775456">
<ele>76.744</ele>
<time>2026-05-05T10:30:33Z</time>
<extensions>
<gpxtpx:TrackPointExtension>
<gpxtpx:hr>168</gpxtpx:hr>
<gpxtpx:cad>175</gpxtpx:cad>
</gpxtpx:TrackPointExtension>
</extensions>
</trkpt>
<trkpt lat="36.9713066" lon="127.8775553">
<ele>76.845</ele>
<time>2026-05-05T10:30:34Z</time>
<extensions>
<gpxtpx:TrackPointExtension>
<gpxtpx:hr>169</gpxtpx:hr>
</gpxtpx:TrackPointExtension>
</extensions>
</trkpt>
<trkpt lat="36.9713284" lon="127.8775651">
<ele>76.992</ele>
<time>2026-05-05T10:30:35Z</time>
<extensions>
<gpxtpx:TrackPointExtension>
<gpxtpx:hr>170</gpxtpx:hr>
</gpxtpx:TrackPointExtension>
</extensions>
</trkpt>
<trkpt lat="36.9713513" lon="127.8775747">
<ele>76.949</ele>
<time>2026-05-05T10:30:36Z</time>
<extensions>
<gpxtpx:TrackPointExtension>
<gpxtpx:hr>171</gpxtpx:hr>
</gpxtpx:TrackPointExtension>
</extensions>
</trkpt>
<trkpt lat="36.9713743" lon="127.8775845">
<ele>76.949</ele>
<time>2026-05-05T10:30:37Z</time>
<extensions>
<gpxtpx:TrackPointExtension>
<gpxtpx:hr>171</gpxtpx:hr>
</gpxtpx:TrackPointExtension>
</extensions>
</trkpt>
<trkpt lat="36.971397" lon="127.8775949">
<ele>76.959</ele>
<time>2026-05-05T10:30:38Z</time>
<extensions>
<gpxtpx:TrackPointExtension>
<gpxtpx:hr>171</gpxtpx:hr>
<gpxtpx:cad>171</gpxtpx:cad>
</gpxtpx:TrackPointExtension>
</extensions>
</trkpt>
<trkpt lat="36.9714192" lon="127.8776048">
<ele>76.954</ele>
<time>2026-05-05T10:30:39Z</time>
<extensions>
<gpxtpx:TrackPointExtension>
<gpxtpx:hr>172</gpxtpx:hr>
</gpxtpx:TrackPointExtension>
</extensions>
</trkpt>
<trkpt lat="36.9714417" lon="127.8776147">
<ele>76.962</ele>
<time>2026-05-05T10:30:40Z</time>
<extensions>
<gpxtpx:TrackPointExtension>
<gpxtpx:hr>172</gpxtpx:hr>
</gpxtpx:TrackPointExtension>
</extensions>
</trkpt>
<trkpt lat="36.9714645" lon="127.8776243">
<ele>77.003</ele>
<time>2026-05-05T10:30:41Z</time>
<extensions>
<gpxtpx:TrackPointExtension>
<gpxtpx:hr>173</gpxtpx:hr>
</gpxtpx:TrackPointExtension>
</extensions>
</trkpt>
<trkpt lat="36.9714874" lon="127.8776344">
<ele>76.981</ele>
<time>2026-05-05T10:30:42Z</time>
<extensions>
<gpxtpx:TrackPointExtension>
<gpxtpx:hr>173</gpxtpx:hr>
</gpxtpx:TrackPointExtension>
</extensions>
</trkpt>
<trkpt lat="36.9715102" lon="127.8776446">
<ele>77.027</ele>
<time>2026-05-05T10:30:43Z</time>
<extensions>
<gpxtpx:TrackPointExtension>
<gpxtpx:hr>174</gpxtpx:hr>
<gpxtpx:cad>173</gpxtpx:cad>
</gpxtpx:TrackPointExtension>
</extensions>
</trkpt>
<trkpt lat="36.9715331" lon="127.8776541">
<ele>77.083</ele>
<time>2026-05-05T10:30:44Z</time>
<extensions>
<gpxtpx:TrackPointExtension>
<gpxtpx:hr>174</gpxtpx:hr>
</gpxtpx:TrackPointExtension>
</extensions>
</trkpt>
<trkpt lat="36.9715557" lon="127.8776648">
<ele>77.182</ele>
<time>2026-05-05T10:30:45Z</time>
<extensions>
<gpxtpx:TrackPointExtension>
<gpxtpx:hr>174</gpxtpx:hr>
</gpxtpx:TrackPointExtension>
</extensions>
</trkpt>
<trkpt lat="36.9715783" lon="127.8776749">
<ele>77.255</ele>
<time>2026-05-05T10:30:46Z</time>
<extensions>
<gpxtpx:TrackPointExtension>
<gpxtpx:hr>174</gpxtpx:hr>
</gpxtpx:TrackPointExtension>
</extensions>
</trkpt>
<trkpt lat="36.9716014" lon="127.8776852">
<ele>77.237</ele>
<time>2026-05-05T10:30:47Z</time>
<extensions>
<gpxtpx:TrackPointExtension>
<gpxtpx:hr>174</gpxtpx:hr>
</gpxtpx:TrackPointExtension>
</extensions>
</trkpt>
<trkpt lat="36.9716243" lon="127.8776951">
<ele>77.263</ele>
<time>2026-05-05T10:30:48Z</time>
<extensions>
<gpxtpx:TrackPointExtension>
<gpxtpx:hr>174</gpxtpx:hr>
<gpxtpx:cad>179</gpxtpx:cad>
</gpxtpx:TrackPointExtension>
</extensions>
</trkpt>
<trkpt lat="36.9716472" lon="127.8777052">
<ele>77.276</ele>
<time>2026-05-05T10:30:49Z</time>
<extensions>
<gpxtpx:TrackPointExtension>
<gpxtpx:hr>173</gpxtpx:hr>
</gpxtpx:TrackPointExtension>
</extensions>
</trkpt>
<trkpt lat="36.97167" lon="127.8777152">
<ele>77.315</ele>
<time>2026-05-05T10:30:50Z</time>
<extensions>
<gpxtpx:TrackPointExtension>
<gpxtpx:hr>173</gpxtpx:hr>
</gpxtpx:TrackPointExtension>
</extensions>
</trkpt>
<trkpt lat="36.9716932" lon="127.8777252">
<ele>77.352</ele>
<time>2026-05-05T10:30:51Z</time>
<extensions>
<gpxtpx:TrackPointExtension>
<gpxtpx:hr>172</gpxtpx:hr>
</gpxtpx:TrackPointExtension>
</extensions>
</trkpt>
<trkpt lat="36.9717161" lon="127.8777353">
<ele>77.389</ele>
<time>2026-05-05T10:30:52Z</time>
<extensions>
<gpxtpx:TrackPointExtension>
<gpxtpx:hr>171</gpxtpx:hr>
</gpxtpx:TrackPointExtension>
</extensions>
</trkpt>
<trkpt lat="36.9717392" lon="127.8777453">
<ele>77.47</ele>
<time>2026-05-05T10:30:53Z</time>
<extensions>
<gpxtpx:TrackPointExtension>
<gpxtpx:hr>171</gpxtpx:hr>
<gpxtpx:cad>181</gpxtpx:cad>
</gpxtpx:TrackPointExtension>
</extensions>
</trkpt>
<trkpt lat="36.9717622" lon="127.8777548">
<ele>77.521</ele>
<time>2026-05-05T10:30:54Z</time>
<extensions>
<gpxtpx:TrackPointExtension>
<gpxtpx:hr>170</gpxtpx:hr>
</gpxtpx:TrackPointExtension>
</extensions>
</trkpt>
<trkpt lat="36.9717854" lon="127.877765">
<ele>77.529</ele>
<time>2026-05-05T10:30:55Z</time>
<extensions>
<gpxtpx:TrackPointExtension>
<gpxtpx:hr>169</gpxtpx:hr>
</gpxtpx:TrackPointExtension>
</extensions>
</trkpt>
<trkpt lat="36.9718087" lon="127.8777745">
<ele>77.567</ele>
<time>2026-05-05T10:30:56Z</time>
<extensions>
<gpxtpx:TrackPointExtension>
<gpxtpx:hr>168</gpxtpx:hr>
</gpxtpx:TrackPointExtension>
</extensions>
</trkpt>
<trkpt lat="36.971832" lon="127.8777848">
<ele>77.616</ele>
<time>2026-05-05T10:30:57Z</time>
<extensions>
<gpxtpx:TrackPointExtension>
<gpxtpx:hr>168</gpxtpx:hr>
</gpxtpx:TrackPointExtension>
</extensions>
</trkpt>
<trkpt lat="36.9718555" lon="127.8777948">
<ele>77.689</ele>
<time>2026-05-05T10:30:58Z</time>
<extensions>
<gpxtpx:TrackPointExtension>
<gpxtpx:hr>167</gpxtpx:hr>
<gpxtpx:cad>181</gpxtpx:cad>
</gpxtpx:TrackPointExtension>
</extensions>
</trkpt>
<trkpt lat="36.9718787" lon="127.877805">
<ele>77.775</ele>
<time>2026-05-05T10:30:59Z</time>
<extensions>
<gpxtpx:TrackPointExtension>
<gpxtpx:hr>167</gpxtpx:hr>
</gpxtpx:TrackPointExtension>
</extensions>
</trkpt>
<trkpt lat="36.971902" lon="127.8778148">
<ele>77.74</ele>
<time>2026-05-05T10:31:00Z</time>
<extensions>
<gpxtpx:TrackPointExtension>
<gpxtpx:hr>166</gpxtpx:hr>
</gpxtpx:TrackPointExtension>
</extensions>
</trkpt>
<trkpt lat="36.9719259" lon="127.8778246">
<ele>77.79</ele>
<time>2026-05-05T10:31:01Z</time>
<extensions>
<gpxtpx:TrackPointExtension>
<gpxtpx:hr>166</gpxtpx:hr>
</gpxtpx:TrackPointExtension>
</extensions>
</trkpt>
<trkpt lat="36.9719489" lon="127.8778348">
<ele>77.859</ele>
<time>2026-05-05T10:31:02Z</time>
<extensions>
<gpxtpx:TrackPointExtension>
<gpxtpx:hr>166</gpxtpx:hr>
</gpxtpx:TrackPointExtension>
</extensions>
</trkpt>
<trkpt lat="36.9719728" lon="127.877845">
<ele>77.926</ele>
<time>2026-05-05T10:31:03Z</time>
<extensions>
<gpxtpx:TrackPointExtension>
<gpxtpx:hr>166</gpxtpx:hr>
<gpxtpx:cad>181</gpxtpx:cad>
</gpxtpx:TrackPointExtension>
</extensions>
</trkpt>
<trkpt lat="36.9719962" lon="127.8778554">
<ele>77.951</ele>
<time>2026-05-05T10:31:04Z</time>
<extensions>
<gpxtpx:TrackPointExtension>
<gpxtpx:hr>166</gpxtpx:hr>
</gpxtpx:TrackPointExtension>
</extensions>
</trkpt>
<trkpt lat="36.9720194" lon="127.8778657">
<ele>78.015</ele>
<time>2026-05-05T10:31:05Z</time>
<extensions>
<gpxtpx:TrackPointExtension>
<gpxtpx:hr>166</gpxtpx:hr>
</gpxtpx:TrackPointExtension>
</extensions>
</trkpt>
<trkpt lat="36.9720428" lon="127.8778757">
<ele>78.12</ele>
<time>2026-05-05T10:31:06Z</time>
<extensions>
<gpxtpx:TrackPointExtension>
<gpxtpx:hr>166</gpxtpx:hr>
</gpxtpx:TrackPointExtension>
</extensions>
</trkpt>
<trkpt lat="36.9720662" lon="127.8778855">
<ele>78.211</ele>
<time>2026-05-05T10:31:07Z</time>
<extensions>
<gpxtpx:TrackPointExtension>
<gpxtpx:hr>166</gpxtpx:hr>
</gpxtpx:TrackPointExtension>
</extensions>
</trkpt>
<trkpt lat="36.9720898" lon="127.8778946">
<ele>78.216</ele>
<time>2026-05-05T10:31:08Z</time>
<extensions>
<gpxtpx:TrackPointExtension>
<gpxtpx:hr>166</gpxtpx:hr>
<gpxtpx:cad>181</gpxtpx:cad>
</gpxtpx:TrackPointExtension>
</extensions>
</trkpt>
<trkpt lat="36.9721136" lon="127.877904">
<ele>78.246</ele>
<time>2026-05-05T10:31:09Z</time>
<extensions>
<gpxtpx:TrackPointExtension>
<gpxtpx:hr>166</gpxtpx:hr>
<gpxtpx:cad>181</gpxtpx:cad>
</gpxtpx:TrackPointExtension>
</extensions>
</trkpt>
<trkpt lat="36.9721371" lon="127.8779143">
<ele>78.238</ele>
<time>2026-05-05T10:31:10Z</time>
<extensions>
<gpxtpx:TrackPointExtension>
<gpxtpx:hr>166</gpxtpx:hr>
</gpxtpx:TrackPointExtension>
</extensions>
</trkpt>
<trkpt lat="36.9721608" lon="127.8779242">
<ele>78.207</ele>
<time>2026-05-05T10:31:11Z</time>
<extensions>
<gpxtpx:TrackPointExtension>
<gpxtpx:hr>166</gpxtpx:hr>
</gpxtpx:TrackPointExtension>
</extensions>
</trkpt>
<trkpt lat="36.9721839" lon="127.8779354">
<ele>78.169</ele>
<time>2026-05-05T10:31:12Z</time>
<extensions>
<gpxtpx:TrackPointExtension>
<gpxtpx:hr>166</gpxtpx:hr>
</gpxtpx:TrackPointExtension>
</extensions>
</trkpt>
<trkpt lat="36.9722067" lon="127.8779469">
<ele>78.22</ele>
<time>2026-05-05T10:31:13Z</time>
<extensions>
<gpxtpx:TrackPointExtension>
<gpxtpx:hr>165</gpxtpx:hr>
<gpxtpx:cad>180</gpxtpx:cad>
</gpxtpx:TrackPointExtension>
</extensions>
</trkpt>
<trkpt lat="36.9722298" lon="127.8779579">
<ele>78.213</ele>
<time>2026-05-05T10:31:14Z</time>
<extensions>
<gpxtpx:TrackPointExtension>
<gpxtpx:hr>165</gpxtpx:hr>
</gpxtpx:TrackPointExtension>
</extensions>
</trkpt>
<trkpt lat="36.9722532" lon="127.8779685">
<ele>78.12</ele>
<time>2026-05-05T10:31:15Z</time>
<extensions>
<gpxtpx:TrackPointExtension>
<gpxtpx:hr>164</gpxtpx:hr>
</gpxtpx:TrackPointExtension>
</extensions>
</trkpt>
<trkpt lat="36.972276" lon="127.8779802">
<ele>78.052</ele>
<time>2026-05-05T10:31:16Z</time>
<extensions>
<gpxtpx:TrackPointExtension>
<gpxtpx:hr>164</gpxtpx:hr>
</gpxtpx:TrackPointExtension>
</extensions>
</trkpt>
<trkpt lat="36.9722993" lon="127.8779914">
<ele>78.065</ele>
<time>2026-05-05T10:31:17Z</time>
<extensions>
<gpxtpx:TrackPointExtension>
<gpxtpx:hr>163</gpxtpx:hr>
</gpxtpx:TrackPointExtension>
</extensions>
</trkpt>
<trkpt lat="36.972323" lon="127.8780028">
<ele>77.964</ele>
<time>2026-05-05T10:31:18Z</time>
<extensions>
<gpxtpx:TrackPointExtension>
<gpxtpx:hr>163</gpxtpx:hr>
<gpxtpx:cad>179</gpxtpx:cad>
</gpxtpx:TrackPointExtension>
</extensions>
</trkpt>
<trkpt lat="36.9723471" lon="127.8780139">
<ele>77.977</ele>
<time>2026-05-05T10:31:19Z</time>
<extensions>
<gpxtpx:TrackPointExtension>
<gpxtpx:hr>163</gpxtpx:hr>
</gpxtpx:TrackPointExtension>
</extensions>
</trkpt>
<trkpt lat="36.9723704" lon="127.8780251">
<ele>78.045</ele>
<time>2026-05-05T10:31:20Z</time>
<extensions>
<gpxtpx:TrackPointExtension>
<gpxtpx:hr>163</gpxtpx:hr>
</gpxtpx:TrackPointExtension>
</extensions>
</trkpt>
<trkpt lat="36.9723949" lon="127.8780361">
<ele>78.068</ele>
<time>2026-05-05T10:31:21Z</time>
<extensions>
<gpxtpx:TrackPointExtension>
<gpxtpx:hr>162</gpxtpx:hr>
</gpxtpx:TrackPointExtension>
</extensions>
</trkpt>
<trkpt lat="36.9724185" lon="127.8780475">
<ele>77.98</ele>
<time>2026-05-05T10:31:22Z</time>
<extensions>
<gpxtpx:TrackPointExtension>
<gpxtpx:hr>162</gpxtpx:hr>
</gpxtpx:TrackPointExtension>
</extensions>
</trkpt>
<trkpt lat="36.9724436" lon="127.8780585">
<ele>77.905</ele>
<time>2026-05-05T10:31:23Z</time>
<extensions>
<gpxtpx:TrackPointExtension>
<gpxtpx:hr>162</gpxtpx:hr>
<gpxtpx:cad>175</gpxtpx:cad>
</gpxtpx:TrackPointExtension>
</extensions>
</trkpt>
<trkpt lat="36.9724673" lon="127.87807">
<ele>77.787</ele>
<time>2026-05-05T10:31:24Z</time>
<extensions>
<gpxtpx:TrackPointExtension>
<gpxtpx:hr>162</gpxtpx:hr>
</gpxtpx:TrackPointExtension>
</extensions>
</trkpt>
<trkpt lat="36.9724922" lon="127.8780812">
<ele>77.73</ele>
<time>2026-05-05T10:31:25Z</time>
<extensions>
<gpxtpx:TrackPointExtension>
<gpxtpx:hr>162</gpxtpx:hr>
</gpxtpx:TrackPointExtension>
</extensions>
</trkpt>
<trkpt lat="36.9725158" lon="127.8780928">
<ele>77.744</ele>
<time>2026-05-05T10:31:26Z</time>
<extensions>
<gpxtpx:TrackPointExtension>
<gpxtpx:hr>162</gpxtpx:hr>
</gpxtpx:TrackPointExtension>
</extensions>
</trkpt>
<trkpt lat="36.9725395" lon="127.8781042">
<ele>77.852</ele>
<time>2026-05-05T10:31:27Z</time>
<extensions>
<gpxtpx:TrackPointExtension>
<gpxtpx:hr>163</gpxtpx:hr>
</gpxtpx:TrackPointExtension>
</extensions>
</trkpt>
<trkpt lat="36.9725633" lon="127.8781155">
<ele>77.812</ele>
<time>2026-05-05T10:31:28Z</time>
<extensions>
<gpxtpx:TrackPointExtension>
<gpxtpx:hr>163</gpxtpx:hr>
<gpxtpx:cad>171</gpxtpx:cad>
</gpxtpx:TrackPointExtension>
</extensions>
</trkpt>
<trkpt lat="36.9725908" lon="127.8781263">
<ele>77.791</ele>
<time>2026-05-05T10:31:29Z</time>
<extensions>
<gpxtpx:TrackPointExtension>
<gpxtpx:hr>163</gpxtpx:hr>
</gpxtpx:TrackPointExtension>
</extensions>
</trkpt>
<trkpt lat="36.9726155" lon="127.8781372">
<ele>77.645</ele>
<time>2026-05-05T10:31:30Z</time>
<extensions>
<gpxtpx:TrackPointExtension>
<gpxtpx:hr>163</gpxtpx:hr>
</gpxtpx:TrackPointExtension>
</extensions>
</trkpt>
<trkpt lat="36.9726437" lon="127.8781483">
<ele>77.612</ele>
<time>2026-05-05T10:31:31Z</time>
<extensions>
<gpxtpx:TrackPointExtension>
<gpxtpx:hr>163</gpxtpx:hr>
</gpxtpx:TrackPointExtension>
</extensions>
</trkpt>
<trkpt lat="36.9726717" lon="127.8781596">
<ele>77.593</ele>
<time>2026-05-05T10:31:32Z</time>
<extensions>
<gpxtpx:TrackPointExtension>
<gpxtpx:hr>163</gpxtpx:hr>
</gpxtpx:TrackPointExtension>
</extensions>
</trkpt>
<trkpt lat="36.9726986" lon="127.8781707">
<ele>77.557</ele>
<time>2026-05-05T10:31:33Z</time>
<extensions>
<gpxtpx:TrackPointExtension>
<gpxtpx:hr>163</gpxtpx:hr>
<gpxtpx:cad>171</gpxtpx:cad>
</gpxtpx:TrackPointExtension>
</extensions>
</trkpt>
<trkpt lat="36.9727257" lon="127.8781819">
<ele>77.534</ele>
<time>2026-05-05T10:31:34Z</time>
<extensions>
<gpxtpx:TrackPointExtension>
<gpxtpx:hr>163</gpxtpx:hr>
</gpxtpx:TrackPointExtension>
</extensions>
</trkpt>
<trkpt lat="36.9727526" lon="127.8781928">
<ele>77.483</ele>
<time>2026-05-05T10:31:35Z</time>
<extensions>
<gpxtpx:TrackPointExtension>
<gpxtpx:hr>163</gpxtpx:hr>
</gpxtpx:TrackPointExtension>
</extensions>
</trkpt>
<trkpt lat="36.9727802" lon="127.878204">
<ele>77.405</ele>
<time>2026-05-05T10:31:36Z</time>
<extensions>
<gpxtpx:TrackPointExtension>
<gpxtpx:hr>163</gpxtpx:hr>
</gpxtpx:TrackPointExtension>
</extensions>
</trkpt>
<trkpt lat="36.9728082" lon="127.8782149">
<ele>77.284</ele>
<time>2026-05-05T10:31:37Z</time>
<extensions>
<gpxtpx:TrackPointExtension>
<gpxtpx:hr>163</gpxtpx:hr>
</gpxtpx:TrackPointExtension>
</extensions>
</trkpt>
<trkpt lat="36.9728367" lon="127.8782257">
<ele>77.228</ele>
<time>2026-05-05T10:31:38Z</time>
<extensions>
<gpxtpx:TrackPointExtension>
<gpxtpx:hr>162</gpxtpx:hr>
<gpxtpx:cad>172</gpxtpx:cad>
</gpxtpx:TrackPointExtension>
</extensions>
</trkpt>
<trkpt lat="36.972864" lon="127.878237">
<ele>77.152</ele>
<time>2026-05-05T10:31:39Z</time>
<extensions>
<gpxtpx:TrackPointExtension>
<gpxtpx:hr>162</gpxtpx:hr>
</gpxtpx:TrackPointExtension>
</extensions>
</trkpt>
<trkpt lat="36.9728924" lon="127.8782482">
<ele>77.105</ele>
<time>2026-05-05T10:31:40Z</time>
<extensions>
<gpxtpx:TrackPointExtension>
<gpxtpx:hr>162</gpxtpx:hr>
</gpxtpx:TrackPointExtension>
</extensions>
</trkpt>
<trkpt lat="36.9729192" lon="127.878259">
<ele>77.131</ele>
<time>2026-05-05T10:31:41Z</time>
<extensions>
<gpxtpx:TrackPointExtension>
<gpxtpx:hr>161</gpxtpx:hr>
</gpxtpx:TrackPointExtension>
</extensions>
</trkpt>
<trkpt lat="36.972947" lon="127.8782703">
<ele>77.139</ele>
<time>2026-05-05T10:31:42Z</time>
<extensions>
<gpxtpx:TrackPointExtension>
<gpxtpx:hr>161</gpxtpx:hr>
<gpxtpx:cad>170</gpxtpx:cad>
</gpxtpx:TrackPointExtension>
</extensions>
</trkpt>
<trkpt lat="36.9729749" lon="127.8782819">
<ele>77.199</ele>
<time>2026-05-05T10:31:43Z</time>
<extensions>
<gpxtpx:TrackPointExtension>
<gpxtpx:hr>161</gpxtpx:hr>
<gpxtpx:cad>170</gpxtpx:cad>
</gpxtpx:TrackPointExtension>
</extensions>
</trkpt>
<trkpt lat="36.9730024" lon="127.8782935">
<ele>77.185</ele>
<time>2026-05-05T10:31:44Z</time>
<extensions>
<gpxtpx:TrackPointExtension>
<gpxtpx:hr>161</gpxtpx:hr>
</gpxtpx:TrackPointExtension>
</extensions>
</trkpt>
<trkpt lat="36.9730298" lon="127.8783053">
<ele>77.082</ele>
<time>2026-05-05T10:31:45Z</time>
<extensions>
<gpxtpx:TrackPointExtension>
<gpxtpx:hr>161</gpxtpx:hr>
</gpxtpx:TrackPointExtension>
</extensions>
</trkpt>
<trkpt lat="36.9730562" lon="127.8783167">
<ele>77.095</ele>
<time>2026-05-05T10:31:46Z</time>
<extensions>
<gpxtpx:TrackPointExtension>
<gpxtpx:hr>161</gpxtpx:hr>
</gpxtpx:TrackPointExtension>
</extensions>
</trkpt>
<trkpt lat="36.9730818" lon="127.8783268">
<ele>77.122</ele>
<time>2026-05-05T10:31:47Z</time>
<extensions>
<gpxtpx:TrackPointExtension>
<gpxtpx:hr>161</gpxtpx:hr>
</gpxtpx:TrackPointExtension>
</extensions>
</trkpt>
<trkpt lat="36.9731072" lon="127.8783368">
<ele>77.098</ele>
<time>2026-05-05T10:31:48Z</time>
<extensions>
<gpxtpx:TrackPointExtension>
<gpxtpx:hr>162</gpxtpx:hr>
<gpxtpx:cad>168</gpxtpx:cad>
</gpxtpx:TrackPointExtension>
</extensions>
</trkpt>
<trkpt lat="36.9731327" lon="127.8783463">
<ele>77.013</ele>
<time>2026-05-05T10:31:49Z</time>
<extensions>
<gpxtpx:TrackPointExtension>
<gpxtpx:hr>162</gpxtpx:hr>
</gpxtpx:TrackPointExtension>
</extensions>
</trkpt>
<trkpt lat="36.9731582" lon="127.8783555">
<ele>77.036</ele>
<time>2026-05-05T10:31:50Z</time>
<extensions>
<gpxtpx:TrackPointExtension>
<gpxtpx:hr>162</gpxtpx:hr>
</gpxtpx:TrackPointExtension>
</extensions>
</trkpt>
<trkpt lat="36.9731845" lon="127.8783649">
<ele>77.069</ele>
<time>2026-05-05T10:31:51Z</time>
<extensions>
<gpxtpx:TrackPointExtension>
<gpxtpx:hr>162</gpxtpx:hr>
</gpxtpx:TrackPointExtension>
</extensions>
</trkpt>
<trkpt lat="36.9732112" lon="127.8783748">
<ele>77.017</ele>
<time>2026-05-05T10:31:52Z</time>
<extensions>
<gpxtpx:TrackPointExtension>
<gpxtpx:hr>163</gpxtpx:hr>
</gpxtpx:TrackPointExtension>
</extensions>
</trkpt>
<trkpt lat="36.9732384" lon="127.8783855">
<ele>77.071</ele>
<time>2026-05-05T10:31:53Z</time>
<extensions>
<gpxtpx:TrackPointExtension>
<gpxtpx:hr>163</gpxtpx:hr>
<gpxtpx:cad>168</gpxtpx:cad>
</gpxtpx:TrackPointExtension>
</extensions>
</trkpt>
<trkpt lat="36.973266" lon="127.878397">
<ele>77.129</ele>
<time>2026-05-05T10:31:54Z</time>
<extensions>
<gpxtpx:TrackPointExtension>
<gpxtpx:hr>163</gpxtpx:hr>
</gpxtpx:TrackPointExtension>
</extensions>
</trkpt>
<trkpt lat="36.9732939" lon="127.8784095">
<ele>77.202</ele>
<time>2026-05-05T10:31:55Z</time>
<extensions>
<gpxtpx:TrackPointExtension>
<gpxtpx:hr>163</gpxtpx:hr>
</gpxtpx:TrackPointExtension>
</extensions>
</trkpt>
<trkpt lat="36.9733219" lon="127.8784222">
<ele>77.197</ele>
<time>2026-05-05T10:31:56Z</time>
<extensions>
<gpxtpx:TrackPointExtension>
<gpxtpx:hr>162</gpxtpx:hr>
</gpxtpx:TrackPointExtension>
</extensions>
</trkpt>
<trkpt lat="36.9733507" lon="127.8784376">
<ele>77.021</ele>
<time>2026-05-05T10:31:57Z</time>
<extensions>
<gpxtpx:TrackPointExtension>
<gpxtpx:hr>162</gpxtpx:hr>
</gpxtpx:TrackPointExtension>
</extensions>
</trkpt>
<trkpt lat="36.9733793" lon="127.8784524">
<ele>77.024</ele>
<time>2026-05-05T10:31:58Z</time>
<extensions>
<gpxtpx:TrackPointExtension>
<gpxtpx:hr>162</gpxtpx:hr>
<gpxtpx:cad>167</gpxtpx:cad>
</gpxtpx:TrackPointExtension>
</extensions>
</trkpt>
<trkpt lat="36.9734082" lon="127.8784698">
<ele>77.062</ele>
<time>2026-05-05T10:31:59Z</time>
<extensions>
<gpxtpx:TrackPointExtension>
<gpxtpx:hr>162</gpxtpx:hr>
</gpxtpx:TrackPointExtension>
</extensions>
</trkpt>
<trkpt lat="36.9734371" lon="127.8784866">
<ele>77.104</ele>
<time>2026-05-05T10:32:00Z</time>
<extensions>
<gpxtpx:TrackPointExtension>
<gpxtpx:hr>162</gpxtpx:hr>
</gpxtpx:TrackPointExtension>
</extensions>
</trkpt>
<trkpt lat="36.9734661" lon="127.8785044">
<ele>77.185</ele>
<time>2026-05-05T10:32:01Z</time>
<extensions>
<gpxtpx:TrackPointExtension>
<gpxtpx:hr>162</gpxtpx:hr>
</gpxtpx:TrackPointExtension>
</extensions>
</trkpt>
<trkpt lat="36.9734945" lon="127.8785238">
<ele>77.185</ele>
<time>2026-05-05T10:32:02Z</time>
<extensions>
<gpxtpx:TrackPointExtension>
<gpxtpx:hr>162</gpxtpx:hr>
</gpxtpx:TrackPointExtension>
</extensions>
</trkpt>
<trkpt lat="36.9735229" lon="127.8785435">
<ele>77.242</ele>
<time>2026-05-05T10:32:03Z</time>
<extensions>
<gpxtpx:TrackPointExtension>
<gpxtpx:hr>162</gpxtpx:hr>
<gpxtpx:cad>168</gpxtpx:cad>
</gpxtpx:TrackPointExtension>
</extensions>
</trkpt>
<trkpt lat="36.9735493" lon="127.878564">
<ele>77.249</ele>
<time>2026-05-05T10:32:04Z</time>
<extensions>
<gpxtpx:TrackPointExtension>
<gpxtpx:hr>162</gpxtpx:hr>
</gpxtpx:TrackPointExtension>
</extensions>
</trkpt>
<trkpt lat="36.9735742" lon="127.8785846">
<ele>77.22</ele>
<time>2026-05-05T10:32:05Z</time>
<extensions>
<gpxtpx:TrackPointExtension>
<gpxtpx:hr>162</gpxtpx:hr>
</gpxtpx:TrackPointExtension>
</extensions>
</trkpt>
<trkpt lat="36.9735976" lon="127.8786046">
<ele>77.199</ele>
<time>2026-05-05T10:32:06Z</time>
<extensions>
<gpxtpx:TrackPointExtension>
<gpxtpx:hr>162</gpxtpx:hr>
</gpxtpx:TrackPointExtension>
</extensions>
</trkpt>
<trkpt lat="36.97362" lon="127.8786244">
<ele>77.185</ele>
<time>2026-05-05T10:32:07Z</time>
<extensions>
<gpxtpx:TrackPointExtension>
<gpxtpx:hr>162</gpxtpx:hr>
</gpxtpx:TrackPointExtension>
</extensions>
</trkpt>
<trkpt lat="36.9736405" lon="127.8786423">
<ele>77.206</ele>
<time>2026-05-05T10:32:08Z</time>
<extensions>
<gpxtpx:TrackPointExtension>
<gpxtpx:hr>162</gpxtpx:hr>
<gpxtpx:cad>169</gpxtpx:cad>
</gpxtpx:TrackPointExtension>
</extensions>
</trkpt>
<trkpt lat="36.9736608" lon="127.8786595">
<ele>77.204</ele>
<time>2026-05-05T10:32:09Z</time>
<extensions>
<gpxtpx:TrackPointExtension>
<gpxtpx:hr>162</gpxtpx:hr>
</gpxtpx:TrackPointExtension>
</extensions>
</trkpt>
<trkpt lat="36.9736812" lon="127.8786762">
<ele>77.176</ele>
<time>2026-05-05T10:32:10Z</time>
<extensions>
<gpxtpx:TrackPointExtension>
<gpxtpx:hr>162</gpxtpx:hr>
</gpxtpx:TrackPointExtension>
</extensions>
</trkpt>
<trkpt lat="36.9737019" lon="127.8786929">
<ele>77.159</ele>
<time>2026-05-05T10:32:11Z</time>
<extensions>
<gpxtpx:TrackPointExtension>
<gpxtpx:hr>162</gpxtpx:hr>
</gpxtpx:TrackPointExtension>
</extensions>
</trkpt>
<trkpt lat="36.9737228" lon="127.8787097">
<ele>77.112</ele>
<time>2026-05-05T10:32:12Z</time>
<extensions>
<gpxtpx:TrackPointExtension>
<gpxtpx:hr>162</gpxtpx:hr>
</gpxtpx:TrackPointExtension>
</extensions>
</trkpt>
<trkpt lat="36.9737437" lon="127.878727">
<ele>77.13</ele>
<time>2026-05-05T10:32:13Z</time>
<extensions>
<gpxtpx:TrackPointExtension>
<gpxtpx:hr>162</gpxtpx:hr>
<gpxtpx:cad>168</gpxtpx:cad>
</gpxtpx:TrackPointExtension>
</extensions>
</trkpt>
<trkpt lat="36.9737647" lon="127.8787446">
<ele>77.123</ele>
<time>2026-05-05T10:32:14Z</time>
<extensions>
<gpxtpx:TrackPointExtension>
<gpxtpx:hr>162</gpxtpx:hr>
<gpxtpx:cad>168</gpxtpx:cad>
</gpxtpx:TrackPointExtension>
</extensions>
</trkpt>
<trkpt lat="36.9737856" lon="127.8787628">
<ele>77.129</ele>
<time>2026-05-05T10:32:15Z</time>
<extensions>
<gpxtpx:TrackPointExtension>
<gpxtpx:hr>162</gpxtpx:hr>
</gpxtpx:TrackPointExtension>
</extensions>
</trkpt>
<trkpt lat="36.9738064" lon="127.8787823">
<ele>77.107</ele>
<time>2026-05-05T10:32:16Z</time>
<extensions>
<gpxtpx:TrackPointExtension>
<gpxtpx:hr>162</gpxtpx:hr>
</gpxtpx:TrackPointExtension>
</extensions>
</trkpt>
<trkpt lat="36.9738273" lon="127.8788013">
<ele>77.157</ele>
<time>2026-05-05T10:32:17Z</time>
<extensions>
<gpxtpx:TrackPointExtension>
<gpxtpx:hr>162</gpxtpx:hr>
</gpxtpx:TrackPointExtension>
</extensions>
</trkpt>
<trkpt lat="36.973848" lon="127.8788221">
<ele>77.159</ele>
<time>2026-05-05T10:32:18Z</time>
<extensions>
<gpxtpx:TrackPointExtension>
<gpxtpx:hr>162</gpxtpx:hr>
<gpxtpx:cad>167</gpxtpx:cad>
</gpxtpx:TrackPointExtension>
</extensions>
</trkpt>
<trkpt lat="36.9738687" lon="127.8788424">
<ele>77.072</ele>
<time>2026-05-05T10:32:19Z</time>
<extensions>
<gpxtpx:TrackPointExtension>
<gpxtpx:hr>162</gpxtpx:hr>
</gpxtpx:TrackPointExtension>
</extensions>
</trkpt>
<trkpt lat="36.9738894" lon="127.8788637">
<ele>77.004</ele>
<time>2026-05-05T10:32:20Z</time>
<extensions>
<gpxtpx:TrackPointExtension>
<gpxtpx:hr>162</gpxtpx:hr>
</gpxtpx:TrackPointExtension>
</extensions>
</trkpt>
<trkpt lat="36.9739101" lon="127.8788853">
<ele>77.034</ele>
<time>2026-05-05T10:32:21Z</time>
<extensions>
<gpxtpx:TrackPointExtension>
<gpxtpx:hr>162</gpxtpx:hr>
</gpxtpx:TrackPointExtension>
</extensions>
</trkpt>
<trkpt lat="36.973931" lon="127.878907">
<ele>76.758</ele>
<time>2026-05-05T10:32:22Z</time>
<extensions>
<gpxtpx:TrackPointExtension>
<gpxtpx:hr>162</gpxtpx:hr>
</gpxtpx:TrackPointExtension>
</extensions>
</trkpt>
<trkpt lat="36.9739517" lon="127.8789296">
<ele>76.608</ele>
<time>2026-05-05T10:32:23Z</time>
<extensions>
<gpxtpx:TrackPointExtension>
<gpxtpx:hr>162</gpxtpx:hr>
<gpxtpx:cad>168</gpxtpx:cad>
</gpxtpx:TrackPointExtension>
</extensions>
</trkpt>
<trkpt lat="36.9739726" lon="127.8789519">
<ele>76.63</ele>
<time>2026-05-05T10:32:24Z</time>
<extensions>
<gpxtpx:TrackPointExtension>
<gpxtpx:hr>162</gpxtpx:hr>
</gpxtpx:TrackPointExtension>
</extensions>
</trkpt>
<trkpt lat="36.9739931" lon="127.8789748">
<ele>76.608</ele>
<time>2026-05-05T10:32:25Z</time>
<extensions>
<gpxtpx:TrackPointExtension>
<gpxtpx:hr>162</gpxtpx:hr>
</gpxtpx:TrackPointExtension>
</extensions>
</trkpt>
<trkpt lat="36.9740135" lon="127.878998">
<ele>76.66</ele>
<time>2026-05-05T10:32:26Z</time>
<extensions>
<gpxtpx:TrackPointExtension>
<gpxtpx:hr>163</gpxtpx:hr>
</gpxtpx:TrackPointExtension>
</extensions>
</trkpt>
<trkpt lat="36.974033" lon="127.8790223">
<ele>76.695</ele>
<time>2026-05-05T10:32:27Z</time>
<extensions>
<gpxtpx:TrackPointExtension>
<gpxtpx:hr>163</gpxtpx:hr>
</gpxtpx:TrackPointExtension>
</extensions>
</trkpt>
<trkpt lat="36.9740526" lon="127.8790464">
<ele>76.798</ele>
<time>2026-05-05T10:32:28Z</time>
<extensions>
<gpxtpx:TrackPointExtension>
<gpxtpx:hr>163</gpxtpx:hr>
<gpxtpx:cad>168</gpxtpx:cad>
</gpxtpx:TrackPointExtension>
</extensions>
</trkpt>
<trkpt lat="36.9740715" lon="127.8790712">
<ele>76.758</ele>
<time>2026-05-05T10:32:29Z</time>
<extensions>
<gpxtpx:TrackPointExtension>
<gpxtpx:hr>163</gpxtpx:hr>
</gpxtpx:TrackPointExtension>
</extensions>
</trkpt>
<trkpt lat="36.9740893" lon="127.8790961">
<ele>76.743</ele>
<time>2026-05-05T10:32:30Z</time>
<extensions>
<gpxtpx:TrackPointExtension>
<gpxtpx:hr>163</gpxtpx:hr>
</gpxtpx:TrackPointExtension>
</extensions>
</trkpt>
<trkpt lat="36.9741078" lon="127.879121">
<ele>76.649</ele>
<time>2026-05-05T10:32:31Z</time>
<extensions>
<gpxtpx:TrackPointExtension>
<gpxtpx:hr>163</gpxtpx:hr>
</gpxtpx:TrackPointExtension>
</extensions>
</trkpt>
<trkpt lat="36.9741255" lon="127.8791456">
<ele>76.628</ele>
<time>2026-05-05T10:32:32Z</time>
<extensions>
<gpxtpx:TrackPointExtension>
<gpxtpx:hr>163</gpxtpx:hr>
</gpxtpx:TrackPointExtension>
</extensions>
</trkpt>
<trkpt lat="36.9741434" lon="127.8791704">
<ele>76.656</ele>
<time>2026-05-05T10:32:33Z</time>
<extensions>
<gpxtpx:TrackPointExtension>
<gpxtpx:hr>163</gpxtpx:hr>
<gpxtpx:cad>169</gpxtpx:cad>
</gpxtpx:TrackPointExtension>
</extensions>
</trkpt>
<trkpt lat="36.974161" lon="127.8791947">
<ele>76.625</ele>
<time>2026-05-05T10:32:34Z</time>
<extensions>
<gpxtpx:TrackPointExtension>
<gpxtpx:hr>163</gpxtpx:hr>
</gpxtpx:TrackPointExtension>
</extensions>
</trkpt>
<trkpt lat="36.9741788" lon="127.8792191">
<ele>76.608</ele>
<time>2026-05-05T10:32:35Z</time>
<extensions>
<gpxtpx:TrackPointExtension>
<gpxtpx:hr>163</gpxtpx:hr>
</gpxtpx:TrackPointExtension>
</extensions>
</trkpt>
<trkpt lat="36.9741962" lon="127.8792433">
<ele>76.588</ele>
<time>2026-05-05T10:32:36Z</time>
<extensions>
<gpxtpx:TrackPointExtension>
<gpxtpx:hr>163</gpxtpx:hr>
</gpxtpx:TrackPointExtension>
</extensions>
</trkpt>
<trkpt lat="36.9742136" lon="127.8792675">
<ele>76.616</ele>
<time>2026-05-05T10:32:37Z</time>
<extensions>
<gpxtpx:TrackPointExtension>
<gpxtpx:hr>163</gpxtpx:hr>
</gpxtpx:TrackPointExtension>
</extensions>
</trkpt>
<trkpt lat="36.9742307" lon="127.8792919">
<ele>76.644</ele>
<time>2026-05-05T10:32:38Z</time>
<extensions>
<gpxtpx:TrackPointExtension>
<gpxtpx:hr>163</gpxtpx:hr>
<gpxtpx:cad>170</gpxtpx:cad>
</gpxtpx:TrackPointExtension>
</extensions>
</trkpt>
<trkpt lat="36.9742481" lon="127.8793159">
<ele>76.657</ele>
<time>2026-05-05T10:32:39Z</time>
<extensions>
<gpxtpx:TrackPointExtension>
<gpxtpx:hr>163</gpxtpx:hr>
</gpxtpx:TrackPointExtension>
</extensions>
</trkpt>
<trkpt lat="36.9742643" lon="127.8793408">
<ele>76.621</ele>
<time>2026-05-05T10:32:40Z</time>
<extensions>
<gpxtpx:TrackPointExtension>
<gpxtpx:hr>163</gpxtpx:hr>
</gpxtpx:TrackPointExtension>
</extensions>
</trkpt>
<trkpt lat="36.9742803" lon="127.8793657">
<ele>76.575</ele>
<time>2026-05-05T10:32:41Z</time>
<extensions>
<gpxtpx:TrackPointExtension>
<gpxtpx:hr>163</gpxtpx:hr>
</gpxtpx:TrackPointExtension>
</extensions>
</trkpt>
<trkpt lat="36.9742955" lon="127.8793913">
<ele>76.579</ele>
<time>2026-05-05T10:32:42Z</time>
<extensions>
<gpxtpx:TrackPointExtension>
<gpxtpx:hr>162</gpxtpx:hr>
</gpxtpx:TrackPointExtension>
</extensions>
</trkpt>
<trkpt lat="36.9743105" lon="127.8794176">
<ele>76.581</ele>
<time>2026-05-05T10:32:43Z</time>
<extensions>
<gpxtpx:TrackPointExtension>
<gpxtpx:hr>162</gpxtpx:hr>
<gpxtpx:cad>171</gpxtpx:cad>
</gpxtpx:TrackPointExtension>
</extensions>
</trkpt>
<trkpt lat="36.9743257" lon="127.8794443">
<ele>76.617</ele>
<time>2026-05-05T10:32:44Z</time>
<extensions>
<gpxtpx:TrackPointExtension>
<gpxtpx:hr>161</gpxtpx:hr>
</gpxtpx:TrackPointExtension>
</extensions>
</trkpt>
<trkpt lat="36.9743409" lon="127.8794714">
<ele>76.599</ele>
<time>2026-05-05T10:32:45Z</time>
<extensions>
<gpxtpx:TrackPointExtension>
<gpxtpx:hr>161</gpxtpx:hr>
</gpxtpx:TrackPointExtension>
</extensions>
</trkpt>
<trkpt lat="36.9743567" lon="127.8794994">
<ele>76.557</ele>
<time>2026-05-05T10:32:46Z</time>
<extensions>
<gpxtpx:TrackPointExtension>
<gpxtpx:hr>161</gpxtpx:hr>
</gpxtpx:TrackPointExtension>
</extensions>
</trkpt>
<trkpt lat="36.9743729" lon="127.8795283">
<ele>76.531</ele>
<time>2026-05-05T10:32:47Z</time>
<extensions>
<gpxtpx:TrackPointExtension>
<gpxtpx:hr>161</gpxtpx:hr>
</gpxtpx:TrackPointExtension>
</extensions>
</trkpt>
<trkpt lat="36.9743896" lon="127.8795583">
<ele>76.5</ele>
<time>2026-05-05T10:32:48Z</time>
<extensions>
<gpxtpx:TrackPointExtension>
<gpxtpx:hr>161</gpxtpx:hr>
<gpxtpx:cad>175</gpxtpx:cad>
</gpxtpx:TrackPointExtension>
</extensions>
</trkpt>
<trkpt lat="36.9744063" lon="127.8795887">
<ele>76.412</ele>
<time>2026-05-05T10:32:49Z</time>
<extensions>
<gpxtpx:TrackPointExtension>
<gpxtpx:hr>161</gpxtpx:hr>
<gpxtpx:cad>176</gpxtpx:cad>
</gpxtpx:TrackPointExtension>
</extensions>
</trkpt>
<trkpt lat="36.9744222" lon="127.8796204">
<ele>76.364</ele>
<time>2026-05-05T10:32:50Z</time>
<extensions>
<gpxtpx:TrackPointExtension>
<gpxtpx:hr>161</gpxtpx:hr>
</gpxtpx:TrackPointExtension>
</extensions>
</trkpt>
<trkpt lat="36.9744379" lon="127.879652">
<ele>76.326</ele>
<time>2026-05-05T10:32:51Z</time>
<extensions>
<gpxtpx:TrackPointExtension>
<gpxtpx:hr>161</gpxtpx:hr>
</gpxtpx:TrackPointExtension>
</extensions>
</trkpt>
<trkpt lat="36.9744522" lon="127.8796843">
<ele>76.287</ele>
<time>2026-05-05T10:32:52Z</time>
<extensions>
<gpxtpx:TrackPointExtension>
<gpxtpx:hr>162</gpxtpx:hr>
</gpxtpx:TrackPointExtension>
</extensions>
</trkpt>
<trkpt lat="36.974466" lon="127.8797165">
<ele>76.308</ele>
<time>2026-05-05T10:32:53Z</time>
<extensions>
<gpxtpx:TrackPointExtension>
<gpxtpx:hr>162</gpxtpx:hr>
<gpxtpx:cad>179</gpxtpx:cad>
</gpxtpx:TrackPointExtension>
</extensions>
</trkpt>
<trkpt lat="36.9744787" lon="127.879749">
<ele>76.409</ele>
<time>2026-05-05T10:32:54Z</time>
<extensions>
<gpxtpx:TrackPointExtension>
<gpxtpx:hr>162</gpxtpx:hr>
</gpxtpx:TrackPointExtension>
</extensions>
</trkpt>
<trkpt lat="36.9744887" lon="127.8797815">
<ele>76.437</ele>
<time>2026-05-05T10:32:55Z</time>
<extensions>
<gpxtpx:TrackPointExtension>
<gpxtpx:hr>162</gpxtpx:hr>
</gpxtpx:TrackPointExtension>
</extensions>
</trkpt>
<trkpt lat="36.9744983" lon="127.8798139">
<ele>76.339</ele>
<time>2026-05-05T10:32:56Z</time>
<extensions>
<gpxtpx:TrackPointExtension>
<gpxtpx:hr>162</gpxtpx:hr>
</gpxtpx:TrackPointExtension>
</extensions>
</trkpt>
<trkpt lat="36.9745063" lon="127.8798462">
<ele>76.296</ele>
<time>2026-05-05T10:32:57Z</time>
<extensions>
<gpxtpx:TrackPointExtension>
<gpxtpx:hr>163</gpxtpx:hr>
</gpxtpx:TrackPointExtension>
</extensions>
</trkpt>
<trkpt lat="36.9745118" lon="127.8798785">
<ele>76.325</ele>
<time>2026-05-05T10:32:58Z</time>
<extensions>
<gpxtpx:TrackPointExtension>
<gpxtpx:hr>163</gpxtpx:hr>
<gpxtpx:cad>180</gpxtpx:cad>
</gpxtpx:TrackPointExtension>
</extensions>
</trkpt>
<trkpt lat="36.9745182" lon="127.8799107">
<ele>76.324</ele>
<time>2026-05-05T10:32:59Z</time>
<extensions>
<gpxtpx:TrackPointExtension>
<gpxtpx:hr>163</gpxtpx:hr>
</gpxtpx:TrackPointExtension>
</extensions>
</trkpt>
<trkpt lat="36.9745214" lon="127.879943">
<ele>76.37</ele>
<time>2026-05-05T10:33:00Z</time>
<extensions>
<gpxtpx:TrackPointExtension>
<gpxtpx:hr>163</gpxtpx:hr>
</gpxtpx:TrackPointExtension>
</extensions>
</trkpt>
<trkpt lat="36.9745243" lon="127.8799755">
<ele>76.379</ele>
<time>2026-05-05T10:33:01Z</time>
<extensions>
<gpxtpx:TrackPointExtension>
<gpxtpx:hr>163</gpxtpx:hr>
</gpxtpx:TrackPointExtension>
</extensions>
</trkpt>
<trkpt lat="36.9745281" lon="127.8800081">
<ele>76.386</ele>
<time>2026-05-05T10:33:02Z</time>
<extensions>
<gpxtpx:TrackPointExtension>
<gpxtpx:hr>163</gpxtpx:hr>
</gpxtpx:TrackPointExtension>
</extensions>
</trkpt>
<trkpt lat="36.9745322" lon="127.880041">
<ele>76.393</ele>
<time>2026-05-05T10:33:03Z</time>
<extensions>
<gpxtpx:TrackPointExtension>
<gpxtpx:hr>163</gpxtpx:hr>
<gpxtpx:cad>177</gpxtpx:cad>
</gpxtpx:TrackPointExtension>
</extensions>
</trkpt>
<trkpt lat="36.9745361" lon="127.8800735">
<ele>76.408</ele>
<time>2026-05-05T10:33:04Z</time>
<extensions>
<gpxtpx:TrackPointExtension>
<gpxtpx:hr>163</gpxtpx:hr>
</gpxtpx:TrackPointExtension>
</extensions>
</trkpt>
<trkpt lat="36.9745398" lon="127.8801062">
<ele>76.474</ele>
<time>2026-05-05T10:33:05Z</time>
<extensions>
<gpxtpx:TrackPointExtension>
<gpxtpx:hr>164</gpxtpx:hr>
</gpxtpx:TrackPointExtension>
</extensions>
</trkpt>
<trkpt lat="36.974542" lon="127.8801388">
<ele>76.421</ele>
<time>2026-05-05T10:33:06Z</time>
<extensions>
<gpxtpx:TrackPointExtension>
<gpxtpx:hr>164</gpxtpx:hr>
</gpxtpx:TrackPointExtension>
</extensions>
</trkpt>
<trkpt lat="36.9745459" lon="127.8801719">
<ele>76.449</ele>
<time>2026-05-05T10:33:07Z</time>
<extensions>
<gpxtpx:TrackPointExtension>
<gpxtpx:hr>164</gpxtpx:hr>
</gpxtpx:TrackPointExtension>
</extensions>
</trkpt>
<trkpt lat="36.974552" lon="127.8802054">
<ele>76.521</ele>
<time>2026-05-05T10:33:08Z</time>
<extensions>
<gpxtpx:TrackPointExtension>
<gpxtpx:hr>164</gpxtpx:hr>
<gpxtpx:cad>175</gpxtpx:cad>
</gpxtpx:TrackPointExtension>
</extensions>
</trkpt>
<trkpt lat="36.9745593" lon="127.880239">
<ele>76.529</ele>
<time>2026-05-05T10:33:09Z</time>
<extensions>
<gpxtpx:TrackPointExtension>
<gpxtpx:hr>164</gpxtpx:hr>
</gpxtpx:TrackPointExtension>
</extensions>
</trkpt>
<trkpt lat="36.9745675" lon="127.8802723">
<ele>76.678</ele>
<time>2026-05-05T10:33:10Z</time>
<extensions>
<gpxtpx:TrackPointExtension>
<gpxtpx:hr>164</gpxtpx:hr>
</gpxtpx:TrackPointExtension>
</extensions>
</trkpt>
<trkpt lat="36.9745762" lon="127.8803052">
<ele>76.685</ele>
<time>2026-05-05T10:33:11Z</time>
<extensions>
<gpxtpx:TrackPointExtension>
<gpxtpx:hr>164</gpxtpx:hr>
</gpxtpx:TrackPointExtension>
</extensions>
</trkpt>
<trkpt lat="36.9745845" lon="127.8803369">
<ele>76.692</ele>
<time>2026-05-05T10:33:12Z</time>
<extensions>
<gpxtpx:TrackPointExtension>
<gpxtpx:hr>164</gpxtpx:hr>
</gpxtpx:TrackPointExtension>
</extensions>
</trkpt>
<trkpt lat="36.9745931" lon="127.880369">
<ele>76.686</ele>
<time>2026-05-05T10:33:13Z</time>
<extensions>
<gpxtpx:TrackPointExtension>
<gpxtpx:hr>164</gpxtpx:hr>
<gpxtpx:cad>174</gpxtpx:cad>
</gpxtpx:TrackPointExtension>
</extensions>
</trkpt>
<trkpt lat="36.9745994" lon="127.8803995">
<ele>76.658</ele>
<time>2026-05-05T10:33:14Z</time>
<extensions>
<gpxtpx:TrackPointExtension>
<gpxtpx:hr>164</gpxtpx:hr>
</gpxtpx:TrackPointExtension>
</extensions>
</trkpt>
<trkpt lat="36.9746043" lon="127.8804299">
<ele>76.678</ele>
<time>2026-05-05T10:33:15Z</time>
<extensions>
<gpxtpx:TrackPointExtension>
<gpxtpx:hr>164</gpxtpx:hr>
</gpxtpx:TrackPointExtension>
</extensions>
</trkpt>
<trkpt lat="36.9746084" lon="127.8804607">
<ele>76.693</ele>
<time>2026-05-05T10:33:16Z</time>
<extensions>
<gpxtpx:TrackPointExtension>
<gpxtpx:hr>164</gpxtpx:hr>
</gpxtpx:TrackPointExtension>
</extensions>
</trkpt>
<trkpt lat="36.9746129" lon="127.880492">
<ele>76.689</ele>
<time>2026-05-05T10:33:17Z</time>
<extensions>
<gpxtpx:TrackPointExtension>
<gpxtpx:hr>164</gpxtpx:hr>
</gpxtpx:TrackPointExtension>
</extensions>
</trkpt>
<trkpt lat="36.9746167" lon="127.8805244">
<ele>76.725</ele>
<time>2026-05-05T10:33:18Z</time>
<extensions>
<gpxtpx:TrackPointExtension>
<gpxtpx:hr>164</gpxtpx:hr>
<gpxtpx:cad>172</gpxtpx:cad>
</gpxtpx:TrackPointExtension>
</extensions>
</trkpt>
<trkpt lat="36.9746204" lon="127.8805575">
<ele>76.724</ele>
<time>2026-05-05T10:33:19Z</time>
<extensions>
<gpxtpx:TrackPointExtension>
<gpxtpx:hr>164</gpxtpx:hr>
</gpxtpx:TrackPointExtension>
</extensions>
</trkpt>
<trkpt lat="36.9746256" lon="127.880589">
<ele>76.785</ele>
<time>2026-05-05T10:33:20Z</time>
<extensions>
<gpxtpx:TrackPointExtension>
<gpxtpx:hr>163</gpxtpx:hr>
</gpxtpx:TrackPointExtension>
</extensions>
</trkpt>
<trkpt lat="36.9746276" lon="127.8806222">
<ele>76.78</ele>
<time>2026-05-05T10:33:21Z</time>
<extensions>
<gpxtpx:TrackPointExtension>
<gpxtpx:hr>164</gpxtpx:hr>
<gpxtpx:cad>171</gpxtpx:cad>
</gpxtpx:TrackPointExtension>
</extensions>
</trkpt>
<trkpt lat="36.9746317" lon="127.880654">
<ele>76.769</ele>
<time>2026-05-05T10:33:22Z</time>
<extensions>
<gpxtpx:TrackPointExtension>
<gpxtpx:hr>164</gpxtpx:hr>
</gpxtpx:TrackPointExtension>
</extensions>
</trkpt>
<trkpt lat="36.9746318" lon="127.8806874">
<ele>76.853</ele>
<time>2026-05-05T10:33:23Z</time>
<extensions>
<gpxtpx:TrackPointExtension>
<gpxtpx:hr>164</gpxtpx:hr>
<gpxtpx:cad>172</gpxtpx:cad>
</gpxtpx:TrackPointExtension>
</extensions>
</trkpt>
<trkpt lat="36.9746339" lon="127.8807199">
<ele>76.841</ele>
<time>2026-05-05T10:33:24Z</time>
<extensions>
<gpxtpx:TrackPointExtension>
<gpxtpx:hr>164</gpxtpx:hr>
</gpxtpx:TrackPointExtension>
</extensions>
</trkpt>
<trkpt lat="36.9746315" lon="127.8807533">
<ele>76.76</ele>
<time>2026-05-05T10:33:25Z</time>
<extensions>
<gpxtpx:TrackPointExtension>
<gpxtpx:hr>164</gpxtpx:hr>
</gpxtpx:TrackPointExtension>
</extensions>
</trkpt>
<trkpt lat="36.9746306" lon="127.8807861">
<ele>76.727</ele>
<time>2026-05-05T10:33:26Z</time>
<extensions>
<gpxtpx:TrackPointExtension>
<gpxtpx:hr>164</gpxtpx:hr>
</gpxtpx:TrackPointExtension>
</extensions>
</trkpt>
<trkpt lat="36.9746298" lon="127.8808191">
<ele>76.784</ele>
<time>2026-05-05T10:33:27Z</time>
<extensions>
<gpxtpx:TrackPointExtension>
<gpxtpx:hr>164</gpxtpx:hr>
</gpxtpx:TrackPointExtension>
</extensions>
</trkpt>
<trkpt lat="36.9746296" lon="127.8808522">
<ele>76.811</ele>
<time>2026-05-05T10:33:28Z</time>
<extensions>
<gpxtpx:TrackPointExtension>
<gpxtpx:hr>164</gpxtpx:hr>
<gpxtpx:cad>172</gpxtpx:cad>
</gpxtpx:TrackPointExtension>
</extensions>
</trkpt>
<trkpt lat="36.9746299" lon="127.8808855">
<ele>76.846</ele>
<time>2026-05-05T10:33:29Z</time>
<extensions>
<gpxtpx:TrackPointExtension>
<gpxtpx:hr>163</gpxtpx:hr>
</gpxtpx:TrackPointExtension>
</extensions>
</trkpt>
<trkpt lat="36.9746307" lon="127.8809192">
<ele>76.853</ele>
<time>2026-05-05T10:33:30Z</time>
<extensions>
<gpxtpx:TrackPointExtension>
<gpxtpx:hr>163</gpxtpx:hr>
</gpxtpx:TrackPointExtension>
</extensions>
</trkpt>
<trkpt lat="36.9746305" lon="127.880952">
<ele>76.839</ele>
<time>2026-05-05T10:33:31Z</time>
</trkpt>
<trkpt lat="36.9746303" lon="127.8809852">
<ele>76.797</ele>
<time>2026-05-05T10:33:32Z</time>
<extensions>
<gpxtpx:TrackPointExtension>
<gpxtpx:hr>163</gpxtpx:hr>
</gpxtpx:TrackPointExtension>
</extensions>
</trkpt>
<trkpt lat="36.9746297" lon="127.8810183">
<ele>76.808</ele>
<time>2026-05-05T10:33:33Z</time>
<extensions>
<gpxtpx:TrackPointExtension>
<gpxtpx:hr>163</gpxtpx:hr>
<gpxtpx:cad>169</gpxtpx:cad>
</gpxtpx:TrackPointExtension>
</extensions>
</trkpt>
<trkpt lat="36.9746286" lon="127.8810512">
<ele>76.771</ele>
<time>2026-05-05T10:33:34Z</time>
<extensions>
<gpxtpx:TrackPointExtension>
<gpxtpx:hr>163</gpxtpx:hr>
</gpxtpx:TrackPointExtension>
</extensions>
</trkpt>
<trkpt lat="36.9746273" lon="127.881084">
<ele>76.767</ele>
<time>2026-05-05T10:33:35Z</time>
<extensions>
<gpxtpx:TrackPointExtension>
<gpxtpx:hr>164</gpxtpx:hr>
</gpxtpx:TrackPointExtension>
</extensions>
</trkpt>
<trkpt lat="36.974625" lon="127.8811169">
<ele>76.687</ele>
<time>2026-05-05T10:33:36Z</time>
<extensions>
<gpxtpx:TrackPointExtension>
<gpxtpx:hr>164</gpxtpx:hr>
</gpxtpx:TrackPointExtension>
</extensions>
</trkpt>
<trkpt lat="36.9746243" lon="127.8811491">
<ele>76.597</ele>
<time>2026-05-05T10:33:37Z</time>
<extensions>
<gpxtpx:TrackPointExtension>
<gpxtpx:hr>165</gpxtpx:hr>
</gpxtpx:TrackPointExtension>
</extensions>
</trkpt>
<trkpt lat="36.9746229" lon="127.8811816">
<ele>76.557</ele>
<time>2026-05-05T10:33:38Z</time>
<extensions>
<gpxtpx:TrackPointExtension>
<gpxtpx:hr>165</gpxtpx:hr>
<gpxtpx:cad>170</gpxtpx:cad>
</gpxtpx:TrackPointExtension>
</extensions>
</trkpt>
<trkpt lat="36.9746217" lon="127.8812141">
<ele>76.555</ele>
<time>2026-05-05T10:33:39Z</time>
<extensions>
<gpxtpx:TrackPointExtension>
<gpxtpx:hr>165</gpxtpx:hr>
</gpxtpx:TrackPointExtension>
</extensions>
</trkpt>
<trkpt lat="36.974622" lon="127.8812471">
<ele>76.541</ele>
<time>2026-05-05T10:33:40Z</time>
<extensions>
<gpxtpx:TrackPointExtension>
<gpxtpx:hr>165</gpxtpx:hr>
</gpxtpx:TrackPointExtension>
</extensions>
</trkpt>
<trkpt lat="36.9746204" lon="127.8812796">
<ele>76.527</ele>
<time>2026-05-05T10:33:41Z</time>
<extensions>
<gpxtpx:TrackPointExtension>
<gpxtpx:hr>165</gpxtpx:hr>
</gpxtpx:TrackPointExtension>
</extensions>
</trkpt>
<trkpt lat="36.9746205" lon="127.8813126">
<ele>76.497</ele>
<time>2026-05-05T10:33:42Z</time>
<extensions>
<gpxtpx:TrackPointExtension>
<gpxtpx:hr>165</gpxtpx:hr>
</gpxtpx:TrackPointExtension>
</extensions>
</trkpt>
<trkpt lat="36.9746209" lon="127.8813458">
<ele>76.502</ele>
<time>2026-05-05T10:33:43Z</time>
<extensions>
<gpxtpx:TrackPointExtension>
<gpxtpx:hr>166</gpxtpx:hr>
<gpxtpx:cad>175</gpxtpx:cad>
</gpxtpx:TrackPointExtension>
</extensions>
</trkpt>
<trkpt lat="36.9746213" lon="127.8813799">
<ele>76.471</ele>
<time>2026-05-05T10:33:44Z</time>
<extensions>
<gpxtpx:TrackPointExtension>
<gpxtpx:hr>166</gpxtpx:hr>
</gpxtpx:TrackPointExtension>
</extensions>
</trkpt>
<trkpt lat="36.9746223" lon="127.8814127">
<ele>76.428</ele>
<time>2026-05-05T10:33:45Z</time>
<extensions>
<gpxtpx:TrackPointExtension>
<gpxtpx:hr>166</gpxtpx:hr>
</gpxtpx:TrackPointExtension>
</extensions>
</trkpt>
<trkpt lat="36.9746228" lon="127.8814468">
<ele>76.426</ele>
<time>2026-05-05T10:33:46Z</time>
<extensions>
<gpxtpx:TrackPointExtension>
<gpxtpx:hr>166</gpxtpx:hr>
</gpxtpx:TrackPointExtension>
</extensions>
</trkpt>
<trkpt lat="36.9746239" lon="127.8814799">
<ele>76.437</ele>
<time>2026-05-05T10:33:47Z</time>
<extensions>
<gpxtpx:TrackPointExtension>
<gpxtpx:hr>166</gpxtpx:hr>
</gpxtpx:TrackPointExtension>
</extensions>
</trkpt>
<trkpt lat="36.9746242" lon="127.881514">
<ele>76.467</ele>
<time>2026-05-05T10:33:48Z</time>
<extensions>
<gpxtpx:TrackPointExtension>
<gpxtpx:hr>166</gpxtpx:hr>
<gpxtpx:cad>179</gpxtpx:cad>
</gpxtpx:TrackPointExtension>
</extensions>
</trkpt>
<trkpt lat="36.9746245" lon="127.881547">
<ele>76.44</ele>
<time>2026-05-05T10:33:49Z</time>
<extensions>
<gpxtpx:TrackPointExtension>
<gpxtpx:hr>166</gpxtpx:hr>
</gpxtpx:TrackPointExtension>
</extensions>
</trkpt>
<trkpt lat="36.9746241" lon="127.8815802">
<ele>76.419</ele>
<time>2026-05-05T10:33:50Z</time>
<extensions>
<gpxtpx:TrackPointExtension>
<gpxtpx:hr>166</gpxtpx:hr>
</gpxtpx:TrackPointExtension>
</extensions>
</trkpt>
<trkpt lat="36.9746242" lon="127.8816145">
<ele>76.524</ele>
<time>2026-05-05T10:33:51Z</time>
<extensions>
<gpxtpx:TrackPointExtension>
<gpxtpx:hr>166</gpxtpx:hr>
</gpxtpx:TrackPointExtension>
</extensions>
</trkpt>
<trkpt lat="36.9746238" lon="127.8816481">
<ele>76.502</ele>
<time>2026-05-05T10:33:52Z</time>
<extensions>
<gpxtpx:TrackPointExtension>
<gpxtpx:hr>165</gpxtpx:hr>
</gpxtpx:TrackPointExtension>
</extensions>
</trkpt>
<trkpt lat="36.9746236" lon="127.8816821">
<ele>76.529</ele>
<time>2026-05-05T10:33:53Z</time>
<extensions>
<gpxtpx:TrackPointExtension>
<gpxtpx:hr>165</gpxtpx:hr>
<gpxtpx:cad>179</gpxtpx:cad>
</gpxtpx:TrackPointExtension>
</extensions>
</trkpt>
<trkpt lat="36.9746236" lon="127.8817159">
<ele>76.532</ele>
<time>2026-05-05T10:33:54Z</time>
<extensions>
<gpxtpx:TrackPointExtension>
<gpxtpx:hr>165</gpxtpx:hr>
<gpxtpx:cad>179</gpxtpx:cad>
</gpxtpx:TrackPointExtension>
</extensions>
</trkpt>
<trkpt lat="36.9746235" lon="127.8817493">
<ele>76.533</ele>
<time>2026-05-05T10:33:55Z</time>
<extensions>
<gpxtpx:TrackPointExtension>
<gpxtpx:hr>164</gpxtpx:hr>
</gpxtpx:TrackPointExtension>
</extensions>
</trkpt>
<trkpt lat="36.9746241" lon="127.8817835">
<ele>76.531</ele>
<time>2026-05-05T10:33:56Z</time>
<extensions>
<gpxtpx:TrackPointExtension>
<gpxtpx:hr>164</gpxtpx:hr>
</gpxtpx:TrackPointExtension>
</extensions>
</trkpt>
<trkpt lat="36.9746233" lon="127.8818164">
<ele>76.463</ele>
<time>2026-05-05T10:33:57Z</time>
<extensions>
<gpxtpx:TrackPointExtension>
<gpxtpx:hr>164</gpxtpx:hr>
</gpxtpx:TrackPointExtension>
</extensions>
</trkpt>
<trkpt lat="36.9746238" lon="127.8818507">
<ele>76.464</ele>
<time>2026-05-05T10:33:58Z</time>
<extensions>
<gpxtpx:TrackPointExtension>
<gpxtpx:hr>164</gpxtpx:hr>
<gpxtpx:cad>176</gpxtpx:cad>
</gpxtpx:TrackPointExtension>
</extensions>
</trkpt>
<trkpt lat="36.9746223" lon="127.8818834">
<ele>76.482</ele>
<time>2026-05-05T10:33:59Z</time>
<extensions>
<gpxtpx:TrackPointExtension>
<gpxtpx:hr>164</gpxtpx:hr>
</gpxtpx:TrackPointExtension>
</extensions>
</trkpt>
<trkpt lat="36.9746222" lon="127.8819177">
<ele>76.465</ele>
<time>2026-05-05T10:34:00Z</time>
<extensions>
<gpxtpx:TrackPointExtension>
<gpxtpx:hr>164</gpxtpx:hr>
</gpxtpx:TrackPointExtension>
</extensions>
</trkpt>
<trkpt lat="36.9746199" lon="127.8819502">
<ele>76.483</ele>
<time>2026-05-05T10:34:01Z</time>
<extensions>
<gpxtpx:TrackPointExtension>
<gpxtpx:hr>164</gpxtpx:hr>
</gpxtpx:TrackPointExtension>
</extensions>
</trkpt>
<trkpt lat="36.9746183" lon="127.8819833">
<ele>76.474</ele>
<time>2026-05-05T10:34:02Z</time>
<extensions>
<gpxtpx:TrackPointExtension>
<gpxtpx:hr>164</gpxtpx:hr>
</gpxtpx:TrackPointExtension>
</extensions>
</trkpt>
<trkpt lat="36.9746166" lon="127.8820163">
<ele>76.464</ele>
<time>2026-05-05T10:34:03Z</time>
<extensions>
<gpxtpx:TrackPointExtension>
<gpxtpx:hr>164</gpxtpx:hr>
<gpxtpx:cad>175</gpxtpx:cad>
</gpxtpx:TrackPointExtension>
</extensions>
</trkpt>
<trkpt lat="36.9746149" lon="127.8820491">
<ele>76.502</ele>
<time>2026-05-05T10:34:04Z</time>
<extensions>
<gpxtpx:TrackPointExtension>
<gpxtpx:hr>164</gpxtpx:hr>
</gpxtpx:TrackPointExtension>
</extensions>
</trkpt>
<trkpt lat="36.9746132" lon="127.8820818">
<ele>76.573</ele>
<time>2026-05-05T10:34:05Z</time>
<extensions>
<gpxtpx:TrackPointExtension>
<gpxtpx:hr>163</gpxtpx:hr>
</gpxtpx:TrackPointExtension>
</extensions>
</trkpt>
<trkpt lat="36.9746115" lon="127.8821144">
<ele>76.527</ele>
<time>2026-05-05T10:34:06Z</time>
<extensions>
<gpxtpx:TrackPointExtension>
<gpxtpx:hr>163</gpxtpx:hr>
</gpxtpx:TrackPointExtension>
</extensions>
</trkpt>
<trkpt lat="36.9746102" lon="127.8821469">
<ele>76.482</ele>
<time>2026-05-05T10:34:07Z</time>
<extensions>
<gpxtpx:TrackPointExtension>
<gpxtpx:hr>163</gpxtpx:hr>
</gpxtpx:TrackPointExtension>
</extensions>
</trkpt>
<trkpt lat="36.9746082" lon="127.8821794">
<ele>76.512</ele>
<time>2026-05-05T10:34:08Z</time>
<extensions>
<gpxtpx:TrackPointExtension>
<gpxtpx:hr>163</gpxtpx:hr>
<gpxtpx:cad>175</gpxtpx:cad>
</gpxtpx:TrackPointExtension>
</extensions>
</trkpt>
<trkpt lat="36.9746062" lon="127.8822119">
<ele>76.517</ele>
<time>2026-05-05T10:34:09Z</time>
<extensions>
<gpxtpx:TrackPointExtension>
<gpxtpx:hr>163</gpxtpx:hr>
</gpxtpx:TrackPointExtension>
</extensions>
</trkpt>
<trkpt lat="36.9746041" lon="127.8822443">
<ele>76.514</ele>
<time>2026-05-05T10:34:10Z</time>
<extensions>
<gpxtpx:TrackPointExtension>
<gpxtpx:hr>163</gpxtpx:hr>
</gpxtpx:TrackPointExtension>
</extensions>
</trkpt>
<trkpt lat="36.9746019" lon="127.8822767">
<ele>76.517</ele>
<time>2026-05-05T10:34:11Z</time>
<extensions>
<gpxtpx:TrackPointExtension>
<gpxtpx:hr>164</gpxtpx:hr>
</gpxtpx:TrackPointExtension>
</extensions>
</trkpt>
<trkpt lat="36.9746" lon="127.8823093">
<ele>76.487</ele>
<time>2026-05-05T10:34:12Z</time>
<extensions>
<gpxtpx:TrackPointExtension>
<gpxtpx:hr>164</gpxtpx:hr>
</gpxtpx:TrackPointExtension>
</extensions>
</trkpt>
<trkpt lat="36.9745985" lon="127.8823421">
<ele>76.472</ele>
<time>2026-05-05T10:34:13Z</time>
<extensions>
<gpxtpx:TrackPointExtension>
<gpxtpx:hr>164</gpxtpx:hr>
<gpxtpx:cad>174</gpxtpx:cad>
</gpxtpx:TrackPointExtension>
</extensions>
</trkpt>
<trkpt lat="36.9745974" lon="127.882375">
<ele>76.412</ele>
<time>2026-05-05T10:34:14Z</time>
<extensions>
<gpxtpx:TrackPointExtension>
<gpxtpx:hr>164</gpxtpx:hr>
</gpxtpx:TrackPointExtension>
</extensions>
</trkpt>
<trkpt lat="36.9745966" lon="127.882408">
<ele>76.407</ele>
<time>2026-05-05T10:34:15Z</time>
<extensions>
<gpxtpx:TrackPointExtension>
<gpxtpx:hr>164</gpxtpx:hr>
</gpxtpx:TrackPointExtension>
</extensions>
</trkpt>
<trkpt lat="36.974596" lon="127.8824412">
<ele>76.393</ele>
<time>2026-05-05T10:34:16Z</time>
<extensions>
<gpxtpx:TrackPointExtension>
<gpxtpx:hr>164</gpxtpx:hr>
</gpxtpx:TrackPointExtension>
</extensions>
</trkpt>
<trkpt lat="36.9745959" lon="127.8824745">
<ele>76.41</ele>
<time>2026-05-05T10:34:17Z</time>
<extensions>
<gpxtpx:TrackPointExtension>
<gpxtpx:hr>164</gpxtpx:hr>
</gpxtpx:TrackPointExtension>
</extensions>
</trkpt>
<trkpt lat="36.9745963" lon="127.882508">
<ele>76.439</ele>
<time>2026-05-05T10:34:18Z</time>
<extensions>
<gpxtpx:TrackPointExtension>
<gpxtpx:hr>164</gpxtpx:hr>
<gpxtpx:cad>174</gpxtpx:cad>
</gpxtpx:TrackPointExtension>
</extensions>
</trkpt>
<trkpt lat="36.9745985" lon="127.8825418">
<ele>76.451</ele>
<time>2026-05-05T10:34:19Z</time>
<extensions>
<gpxtpx:TrackPointExtension>
<gpxtpx:hr>164</gpxtpx:hr>
</gpxtpx:TrackPointExtension>
</extensions>
</trkpt>
<trkpt lat="36.9745986" lon="127.8825752">
<ele>76.455</ele>
<time>2026-05-05T10:34:20Z</time>
<extensions>
<gpxtpx:TrackPointExtension>
<gpxtpx:hr>164</gpxtpx:hr>
</gpxtpx:TrackPointExtension>
</extensions>
</trkpt>
<trkpt lat="36.9746016" lon="127.8826094">
<ele>76.438</ele>
<time>2026-05-05T10:34:21Z</time>
<extensions>
<gpxtpx:TrackPointExtension>
<gpxtpx:hr>164</gpxtpx:hr>
</gpxtpx:TrackPointExtension>
</extensions>
</trkpt>
<trkpt lat="36.9746028" lon="127.8826431">
<ele>76.439</ele>
<time>2026-05-05T10:34:22Z</time>
<extensions>
<gpxtpx:TrackPointExtension>
<gpxtpx:hr>164</gpxtpx:hr>
</gpxtpx:TrackPointExtension>
</extensions>
</trkpt>
<trkpt lat="36.9746064" lon="127.8826779">
<ele>76.405</ele>
<time>2026-05-05T10:34:23Z</time>
<extensions>
<gpxtpx:TrackPointExtension>
<gpxtpx:hr>164</gpxtpx:hr>
<gpxtpx:cad>176</gpxtpx:cad>
</gpxtpx:TrackPointExtension>
</extensions>
</trkpt>
<trkpt lat="36.9746087" lon="127.8827118">
<ele>76.358</ele>
<time>2026-05-05T10:34:24Z</time>
<extensions>
<gpxtpx:TrackPointExtension>
<gpxtpx:hr>164</gpxtpx:hr>
</gpxtpx:TrackPointExtension>
</extensions>
</trkpt>
<trkpt lat="36.9746121" lon="127.8827465">
<ele>76.414</ele>
<time>2026-05-05T10:34:25Z</time>
<extensions>
<gpxtpx:TrackPointExtension>
<gpxtpx:hr>165</gpxtpx:hr>
</gpxtpx:TrackPointExtension>
</extensions>
</trkpt>
<trkpt lat="36.9746158" lon="127.8827814">
<ele>76.501</ele>
<time>2026-05-05T10:34:26Z</time>
<extensions>
<gpxtpx:TrackPointExtension>
<gpxtpx:hr>165</gpxtpx:hr>
</gpxtpx:TrackPointExtension>
</extensions>
</trkpt>
<trkpt lat="36.9746197" lon="127.8828164">
<ele>76.572</ele>
<time>2026-05-05T10:34:27Z</time>
<extensions>
<gpxtpx:TrackPointExtension>
<gpxtpx:hr>165</gpxtpx:hr>
</gpxtpx:TrackPointExtension>
</extensions>
</trkpt>
<trkpt lat="36.9746233" lon="127.8828507">
<ele>76.625</ele>
<time>2026-05-05T10:34:28Z</time>
<extensions>
<gpxtpx:TrackPointExtension>
<gpxtpx:hr>165</gpxtpx:hr>
<gpxtpx:cad>174</gpxtpx:cad>
</gpxtpx:TrackPointExtension>
</extensions>
</trkpt>
<trkpt lat="36.9746268" lon="127.8828848">
<ele>76.579</ele>
<time>2026-05-05T10:34:29Z</time>
<extensions>
<gpxtpx:TrackPointExtension>
<gpxtpx:hr>166</gpxtpx:hr>
<gpxtpx:cad>174</gpxtpx:cad>
</gpxtpx:TrackPointExtension>
</extensions>
</trkpt>
<trkpt lat="36.9746312" lon="127.8829203">
<ele>76.559</ele>
<time>2026-05-05T10:34:30Z</time>
<extensions>
<gpxtpx:TrackPointExtension>
<gpxtpx:hr>166</gpxtpx:hr>
</gpxtpx:TrackPointExtension>
</extensions>
</trkpt>
<trkpt lat="36.9746355" lon="127.8829557">
<ele>76.516</ele>
<time>2026-05-05T10:34:31Z</time>
<extensions>
<gpxtpx:TrackPointExtension>
<gpxtpx:hr>166</gpxtpx:hr>
</gpxtpx:TrackPointExtension>
</extensions>
</trkpt>
<trkpt lat="36.9746406" lon="127.8829923">
<ele>76.46</ele>
<time>2026-05-05T10:34:32Z</time>
<extensions>
<gpxtpx:TrackPointExtension>
<gpxtpx:hr>166</gpxtpx:hr>
</gpxtpx:TrackPointExtension>
</extensions>
</trkpt>
<trkpt lat="36.974646" lon="127.8830293">
<ele>76.372</ele>
<time>2026-05-05T10:34:33Z</time>
<extensions>
<gpxtpx:TrackPointExtension>
<gpxtpx:hr>165</gpxtpx:hr>
<gpxtpx:cad>172</gpxtpx:cad>
</gpxtpx:TrackPointExtension>
</extensions>
</trkpt>
<trkpt lat="36.9746513" lon="127.883066">
<ele>76.357</ele>
<time>2026-05-05T10:34:34Z</time>
<extensions>
<gpxtpx:TrackPointExtension>
<gpxtpx:hr>165</gpxtpx:hr>
</gpxtpx:TrackPointExtension>
</extensions>
</trkpt>
<trkpt lat="36.9746558" lon="127.8831016">
<ele>76.429</ele>
<time>2026-05-05T10:34:35Z</time>
<extensions>
<gpxtpx:TrackPointExtension>
<gpxtpx:hr>165</gpxtpx:hr>
</gpxtpx:TrackPointExtension>
</extensions>
</trkpt>
<trkpt lat="36.9746598" lon="127.883137">
<ele>76.356</ele>
<time>2026-05-05T10:34:36Z</time>
<extensions>
<gpxtpx:TrackPointExtension>
<gpxtpx:hr>165</gpxtpx:hr>
</gpxtpx:TrackPointExtension>
</extensions>
</trkpt>
<trkpt lat="36.9746628" lon="127.8831718">
<ele>76.32</ele>
<time>2026-05-05T10:34:37Z</time>
<extensions>
<gpxtpx:TrackPointExtension>
<gpxtpx:hr>165</gpxtpx:hr>
</gpxtpx:TrackPointExtension>
</extensions>
</trkpt>
<trkpt lat="36.9746644" lon="127.8832062">
<ele>76.318</ele>
<time>2026-05-05T10:34:38Z</time>
<extensions>
<gpxtpx:TrackPointExtension>
<gpxtpx:hr>165</gpxtpx:hr>
<gpxtpx:cad>173</gpxtpx:cad>
</gpxtpx:TrackPointExtension>
</extensions>
</trkpt>
<trkpt lat="36.9746645" lon="127.8832405">
<ele>76.415</ele>
<time>2026-05-05T10:34:39Z</time>
<extensions>
<gpxtpx:TrackPointExtension>
<gpxtpx:hr>165</gpxtpx:hr>
</gpxtpx:TrackPointExtension>
</extensions>
</trkpt>
<trkpt lat="36.9746629" lon="127.8832749">
<ele>76.424</ele>
<time>2026-05-05T10:34:40Z</time>
<extensions>
<gpxtpx:TrackPointExtension>
<gpxtpx:hr>165</gpxtpx:hr>
</gpxtpx:TrackPointExtension>
</extensions>
</trkpt>
<trkpt lat="36.9746608" lon="127.8833093">
<ele>76.384</ele>
<time>2026-05-05T10:34:41Z</time>
<extensions>
<gpxtpx:TrackPointExtension>
<gpxtpx:hr>165</gpxtpx:hr>
</gpxtpx:TrackPointExtension>
</extensions>
</trkpt>
<trkpt lat="36.9746564" lon="127.8833449">
<ele>76.354</ele>
<time>2026-05-05T10:34:42Z</time>
<extensions>
<gpxtpx:TrackPointExtension>
<gpxtpx:hr>165</gpxtpx:hr>
</gpxtpx:TrackPointExtension>
</extensions>
</trkpt>
<trkpt lat="36.9746514" lon="127.8833809">
<ele>76.411</ele>
<time>2026-05-05T10:34:43Z</time>
<extensions>
<gpxtpx:TrackPointExtension>
<gpxtpx:hr>165</gpxtpx:hr>
<gpxtpx:cad>171</gpxtpx:cad>
</gpxtpx:TrackPointExtension>
</extensions>
</trkpt>
<trkpt lat="36.9746463" lon="127.8834182">
<ele>76.457</ele>
<time>2026-05-05T10:34:44Z</time>
<extensions>
<gpxtpx:TrackPointExtension>
<gpxtpx:hr>165</gpxtpx:hr>
</gpxtpx:TrackPointExtension>
</extensions>
</trkpt>
<trkpt lat="36.9746412" lon="127.8834554">
<ele>76.5</ele>
<time>2026-05-05T10:34:45Z</time>
<extensions>
<gpxtpx:TrackPointExtension>
<gpxtpx:hr>165</gpxtpx:hr>
</gpxtpx:TrackPointExtension>
</extensions>
</trkpt>
<trkpt lat="36.9746383" lon="127.8834921">
<ele>76.476</ele>
<time>2026-05-05T10:34:46Z</time>
<extensions>
<gpxtpx:TrackPointExtension>
<gpxtpx:hr>165</gpxtpx:hr>
</gpxtpx:TrackPointExtension>
</extensions>
</trkpt>
<trkpt lat="36.9746389" lon="127.8835277">
<ele>76.48</ele>
<time>2026-05-05T10:34:47Z</time>
<extensions>
<gpxtpx:TrackPointExtension>
<gpxtpx:hr>166</gpxtpx:hr>
</gpxtpx:TrackPointExtension>
</extensions>
</trkpt>
<trkpt lat="36.9746406" lon="127.8835629">
<ele>76.425</ele>
<time>2026-05-05T10:34:48Z</time>
<extensions>
<gpxtpx:TrackPointExtension>
<gpxtpx:hr>166</gpxtpx:hr>
<gpxtpx:cad>170</gpxtpx:cad>
</gpxtpx:TrackPointExtension>
</extensions>
</trkpt>
<trkpt lat="36.9746438" lon="127.8835973">
<ele>76.348</ele>
<time>2026-05-05T10:34:49Z</time>
<extensions>
<gpxtpx:TrackPointExtension>
<gpxtpx:hr>166</gpxtpx:hr>
</gpxtpx:TrackPointExtension>
</extensions>
</trkpt>
<trkpt lat="36.9746458" lon="127.8836318">
<ele>76.35</ele>
<time>2026-05-05T10:34:50Z</time>
<extensions>
<gpxtpx:TrackPointExtension>
<gpxtpx:hr>166</gpxtpx:hr>
</gpxtpx:TrackPointExtension>
</extensions>
</trkpt>
<trkpt lat="36.974649" lon="127.8836651">
<ele>76.363</ele>
<time>2026-05-05T10:34:51Z</time>
<extensions>
<gpxtpx:TrackPointExtension>
<gpxtpx:hr>166</gpxtpx:hr>
</gpxtpx:TrackPointExtension>
</extensions>
</trkpt>
<trkpt lat="36.9746508" lon="127.8836991">
<ele>76.434</ele>
<time>2026-05-05T10:34:52Z</time>
<extensions>
<gpxtpx:TrackPointExtension>
<gpxtpx:hr>166</gpxtpx:hr>
</gpxtpx:TrackPointExtension>
</extensions>
</trkpt>
<trkpt lat="36.9746533" lon="127.8837317">
<ele>76.429</ele>
<time>2026-05-05T10:34:53Z</time>
<extensions>
<gpxtpx:TrackPointExtension>
<gpxtpx:hr>166</gpxtpx:hr>
<gpxtpx:cad>172</gpxtpx:cad>
</gpxtpx:TrackPointExtension>
</extensions>
</trkpt>
<trkpt lat="36.9746554" lon="127.8837645">
<ele>76.317</ele>
<time>2026-05-05T10:34:54Z</time>
<extensions>
<gpxtpx:TrackPointExtension>
<gpxtpx:hr>167</gpxtpx:hr>
</gpxtpx:TrackPointExtension>
</extensions>
</trkpt>
<trkpt lat="36.974657" lon="127.883798">
<ele>76.285</ele>
<time>2026-05-05T10:34:55Z</time>
<extensions>
<gpxtpx:TrackPointExtension>
<gpxtpx:hr>167</gpxtpx:hr>
</gpxtpx:TrackPointExtension>
</extensions>
</trkpt>
<trkpt lat="36.9746587" lon="127.8838314">
<ele>76.424</ele>
<time>2026-05-05T10:34:56Z</time>
<extensions>
<gpxtpx:TrackPointExtension>
<gpxtpx:hr>167</gpxtpx:hr>
</gpxtpx:TrackPointExtension>
</extensions>
</trkpt>
<trkpt lat="36.9746605" lon="127.8838646">
<ele>76.461</ele>
<time>2026-05-05T10:34:57Z</time>
<extensions>
<gpxtpx:TrackPointExtension>
<gpxtpx:hr>167</gpxtpx:hr>
</gpxtpx:TrackPointExtension>
</extensions>
</trkpt>
<trkpt lat="36.9746637" lon="127.8838975">
<ele>76.524</ele>
<time>2026-05-05T10:34:58Z</time>
<extensions>
<gpxtpx:TrackPointExtension>
<gpxtpx:hr>168</gpxtpx:hr>
<gpxtpx:cad>171</gpxtpx:cad>
</gpxtpx:TrackPointExtension>
</extensions>
</trkpt>
<trkpt lat="36.9746675" lon="127.8839295">
<ele>76.525</ele>
<time>2026-05-05T10:34:59Z</time>
<extensions>
<gpxtpx:TrackPointExtension>
<gpxtpx:hr>168</gpxtpx:hr>
<gpxtpx:cad>171</gpxtpx:cad>
</gpxtpx:TrackPointExtension>
</extensions>
</trkpt>
<trkpt lat="36.9746689" lon="127.8839617">
<ele>76.533</ele>
<time>2026-05-05T10:35:00Z</time>
<extensions>
<gpxtpx:TrackPointExtension>
<gpxtpx:hr>169</gpxtpx:hr>
</gpxtpx:TrackPointExtension>
</extensions>
</trkpt>
<trkpt lat="36.9746703" lon="127.8839931">
<ele>76.682</ele>
<time>2026-05-05T10:35:01Z</time>
<extensions>
<gpxtpx:TrackPointExtension>
<gpxtpx:hr>169</gpxtpx:hr>
</gpxtpx:TrackPointExtension>
</extensions>
</trkpt>
<trkpt lat="36.9746704" lon="127.884026">
<ele>76.745</ele>
<time>2026-05-05T10:35:02Z</time>
</trkpt>
<trkpt lat="36.9746703" lon="127.8840592">
<ele>76.735</ele>
<time>2026-05-05T10:35:03Z</time>
<extensions>
<gpxtpx:TrackPointExtension>
<gpxtpx:hr>169</gpxtpx:hr>
<gpxtpx:cad>173</gpxtpx:cad>
</gpxtpx:TrackPointExtension>
</extensions>
</trkpt>
<trkpt lat="36.9746699" lon="127.8840934">
<ele>76.729</ele>
<time>2026-05-05T10:35:04Z</time>
<extensions>
<gpxtpx:TrackPointExtension>
<gpxtpx:hr>169</gpxtpx:hr>
</gpxtpx:TrackPointExtension>
</extensions>
</trkpt>
<trkpt lat="36.9746693" lon="127.8841279">
<ele>76.58</ele>
<time>2026-05-05T10:35:05Z</time>
<extensions>
<gpxtpx:TrackPointExtension>
<gpxtpx:hr>169</gpxtpx:hr>
</gpxtpx:TrackPointExtension>
</extensions>
</trkpt>
<trkpt lat="36.9746689" lon="127.8841626">
<ele>76.54</ele>
<time>2026-05-05T10:35:06Z</time>
<extensions>
<gpxtpx:TrackPointExtension>
<gpxtpx:hr>169</gpxtpx:hr>
</gpxtpx:TrackPointExtension>
</extensions>
</trkpt>
<trkpt lat="36.9746688" lon="127.8841972">
<ele>76.548</ele>
<time>2026-05-05T10:35:07Z</time>
<extensions>
<gpxtpx:TrackPointExtension>
<gpxtpx:hr>169</gpxtpx:hr>
</gpxtpx:TrackPointExtension>
</extensions>
</trkpt>
<trkpt lat="36.9746693" lon="127.8842317">
<ele>76.547</ele>
<time>2026-05-05T10:35:08Z</time>
<extensions>
<gpxtpx:TrackPointExtension>
<gpxtpx:hr>169</gpxtpx:hr>
<gpxtpx:cad>178</gpxtpx:cad>
</gpxtpx:TrackPointExtension>
</extensions>
</trkpt>
<trkpt lat="36.9746717" lon="127.8842657">
<ele>76.598</ele>
<time>2026-05-05T10:35:09Z</time>
<extensions>
<gpxtpx:TrackPointExtension>
<gpxtpx:hr>168</gpxtpx:hr>
</gpxtpx:TrackPointExtension>
</extensions>
</trkpt>
<trkpt lat="36.9746755" lon="127.8842994">
<ele>76.668</ele>
<time>2026-05-05T10:35:10Z</time>
<extensions>
<gpxtpx:TrackPointExtension>
<gpxtpx:hr>168</gpxtpx:hr>
</gpxtpx:TrackPointExtension>
</extensions>
</trkpt>
<trkpt lat="36.9746807" lon="127.8843324">
<ele>76.655</ele>
<time>2026-05-05T10:35:11Z</time>
<extensions>
<gpxtpx:TrackPointExtension>
<gpxtpx:hr>168</gpxtpx:hr>
</gpxtpx:TrackPointExtension>
</extensions>
</trkpt>
<trkpt lat="36.9746842" lon="127.8843658">
<ele>76.577</ele>
<time>2026-05-05T10:35:12Z</time>
<extensions>
<gpxtpx:TrackPointExtension>
<gpxtpx:hr>167</gpxtpx:hr>
</gpxtpx:TrackPointExtension>
</extensions>
</trkpt>
<trkpt lat="36.9746877" lon="127.8843975">
<ele>76.619</ele>
<time>2026-05-05T10:35:13Z</time>
<extensions>
<gpxtpx:TrackPointExtension>
<gpxtpx:hr>167</gpxtpx:hr>
<gpxtpx:cad>173</gpxtpx:cad>
</gpxtpx:TrackPointExtension>
</extensions>
</trkpt>
<trkpt lat="36.9746901" lon="127.8844313">
<ele>76.661</ele>
<time>2026-05-05T10:35:14Z</time>
<extensions>
<gpxtpx:TrackPointExtension>
<gpxtpx:hr>166</gpxtpx:hr>
</gpxtpx:TrackPointExtension>
</extensions>
</trkpt>
<trkpt lat="36.9746926" lon="127.8844639">
<ele>76.681</ele>
<time>2026-05-05T10:35:15Z</time>
<extensions>
<gpxtpx:TrackPointExtension>
<gpxtpx:hr>166</gpxtpx:hr>
</gpxtpx:TrackPointExtension>
</extensions>
</trkpt>
<trkpt lat="36.974695" lon="127.8844964">
<ele>76.699</ele>
<time>2026-05-05T10:35:16Z</time>
<extensions>
<gpxtpx:TrackPointExtension>
<gpxtpx:hr>166</gpxtpx:hr>
</gpxtpx:TrackPointExtension>
</extensions>
</trkpt>
<trkpt lat="36.9746965" lon="127.8845283">
<ele>76.69</ele>
<time>2026-05-05T10:35:17Z</time>
<extensions>
<gpxtpx:TrackPointExtension>
<gpxtpx:hr>166</gpxtpx:hr>
</gpxtpx:TrackPointExtension>
</extensions>
</trkpt>
<trkpt lat="36.9746995" lon="127.8845611">
<ele>76.66</ele>
<time>2026-05-05T10:35:18Z</time>
<extensions>
<gpxtpx:TrackPointExtension>
<gpxtpx:hr>167</gpxtpx:hr>
<gpxtpx:cad>168</gpxtpx:cad>
</gpxtpx:TrackPointExtension>
</extensions>
</trkpt>
<trkpt lat="36.9747006" lon="127.8845933">
<ele>76.645</ele>
<time>2026-05-05T10:35:19Z</time>
<extensions>
<gpxtpx:TrackPointExtension>
<gpxtpx:hr>166</gpxtpx:hr>
</gpxtpx:TrackPointExtension>
</extensions>
</trkpt>
<trkpt lat="36.9747019" lon="127.8846258">
<ele>76.788</ele>
<time>2026-05-05T10:35:20Z</time>
<extensions>
<gpxtpx:TrackPointExtension>
<gpxtpx:hr>166</gpxtpx:hr>
</gpxtpx:TrackPointExtension>
</extensions>
</trkpt>
<trkpt lat="36.9747041" lon="127.8846583">
<ele>76.881</ele>
<time>2026-05-05T10:35:21Z</time>
<extensions>
<gpxtpx:TrackPointExtension>
<gpxtpx:hr>167</gpxtpx:hr>
</gpxtpx:TrackPointExtension>
</extensions>
</trkpt>
<trkpt lat="36.9747056" lon="127.8846911">
<ele>76.922</ele>
<time>2026-05-05T10:35:22Z</time>
<extensions>
<gpxtpx:TrackPointExtension>
<gpxtpx:hr>167</gpxtpx:hr>
</gpxtpx:TrackPointExtension>
</extensions>
</trkpt>
<trkpt lat="36.974708" lon="127.8847234">
<ele>76.982</ele>
<time>2026-05-05T10:35:23Z</time>
<extensions>
<gpxtpx:TrackPointExtension>
<gpxtpx:hr>167</gpxtpx:hr>
<gpxtpx:cad>168</gpxtpx:cad>
</gpxtpx:TrackPointExtension>
</extensions>
</trkpt>
<trkpt lat="36.97471" lon="127.8847566">
<ele>76.975</ele>
<time>2026-05-05T10:35:24Z</time>
<extensions>
<gpxtpx:TrackPointExtension>
<gpxtpx:hr>166</gpxtpx:hr>
</gpxtpx:TrackPointExtension>
</extensions>
</trkpt>
<trkpt lat="36.9747118" lon="127.884789">
<ele>76.916</ele>
<time>2026-05-05T10:35:25Z</time>
<extensions>
<gpxtpx:TrackPointExtension>
<gpxtpx:hr>166</gpxtpx:hr>
</gpxtpx:TrackPointExtension>
</extensions>
</trkpt>
<trkpt lat="36.9747134" lon="127.8848215">
<ele>76.886</ele>
<time>2026-05-05T10:35:26Z</time>
<extensions>
<gpxtpx:TrackPointExtension>
<gpxtpx:hr>166</gpxtpx:hr>
</gpxtpx:TrackPointExtension>
</extensions>
</trkpt>
<trkpt lat="36.9747142" lon="127.8848539">
<ele>76.956</ele>
<time>2026-05-05T10:35:27Z</time>
<extensions>
<gpxtpx:TrackPointExtension>
<gpxtpx:hr>166</gpxtpx:hr>
</gpxtpx:TrackPointExtension>
</extensions>
</trkpt>
<trkpt lat="36.9747184" lon="127.8848879">
<ele>76.972</ele>
<time>2026-05-05T10:35:28Z</time>
<extensions>
<gpxtpx:TrackPointExtension>
<gpxtpx:hr>167</gpxtpx:hr>
<gpxtpx:cad>172</gpxtpx:cad>
</gpxtpx:TrackPointExtension>
</extensions>
</trkpt>
<trkpt lat="36.9747196" lon="127.8849206">
<ele>76.999</ele>
<time>2026-05-05T10:35:29Z</time>
<extensions>
<gpxtpx:TrackPointExtension>
<gpxtpx:hr>166</gpxtpx:hr>
</gpxtpx:TrackPointExtension>
</extensions>
</trkpt>
<trkpt lat="36.9747253" lon="127.8849547">
<ele>76.999</ele>
<time>2026-05-05T10:35:30Z</time>
<extensions>
<gpxtpx:TrackPointExtension>
<gpxtpx:hr>166</gpxtpx:hr>
</gpxtpx:TrackPointExtension>
</extensions>
</trkpt>
<trkpt lat="36.974732" lon="127.8849887">
<ele>76.96</ele>
<time>2026-05-05T10:35:31Z</time>
<extensions>
<gpxtpx:TrackPointExtension>
<gpxtpx:hr>166</gpxtpx:hr>
</gpxtpx:TrackPointExtension>
</extensions>
</trkpt>
<trkpt lat="36.9747347" lon="127.8850221">
<ele>76.898</ele>
<time>2026-05-05T10:35:32Z</time>
<extensions>
<gpxtpx:TrackPointExtension>
<gpxtpx:hr>166</gpxtpx:hr>
</gpxtpx:TrackPointExtension>
</extensions>
</trkpt>
<trkpt lat="36.974743" lon="127.8850555">
<ele>76.93</ele>
<time>2026-05-05T10:35:33Z</time>
<extensions>
<gpxtpx:TrackPointExtension>
<gpxtpx:hr>166</gpxtpx:hr>
<gpxtpx:cad>178</gpxtpx:cad>
</gpxtpx:TrackPointExtension>
</extensions>
</trkpt>
<trkpt lat="36.9747473" lon="127.8850894">
<ele>76.926</ele>
<time>2026-05-05T10:35:34Z</time>
<extensions>
<gpxtpx:TrackPointExtension>
<gpxtpx:hr>166</gpxtpx:hr>
<gpxtpx:cad>179</gpxtpx:cad>
</gpxtpx:TrackPointExtension>
</extensions>
</trkpt>
<trkpt lat="36.9747502" lon="127.8851243">
<ele>77.0</ele>
<time>2026-05-05T10:35:35Z</time>
<extensions>
<gpxtpx:TrackPointExtension>
<gpxtpx:hr>166</gpxtpx:hr>
</gpxtpx:TrackPointExtension>
</extensions>
</trkpt>
<trkpt lat="36.9747564" lon="127.8851585">
<ele>76.964</ele>
<time>2026-05-05T10:35:36Z</time>
<extensions>
<gpxtpx:TrackPointExtension>
<gpxtpx:hr>166</gpxtpx:hr>
</gpxtpx:TrackPointExtension>
</extensions>
</trkpt>
<trkpt lat="36.974764" lon="127.8851927">
<ele>76.925</ele>
<time>2026-05-05T10:35:37Z</time>
<extensions>
<gpxtpx:TrackPointExtension>
<gpxtpx:hr>166</gpxtpx:hr>
</gpxtpx:TrackPointExtension>
</extensions>
</trkpt>
<trkpt lat="36.9747724" lon="127.8852272">
<ele>76.811</ele>
<time>2026-05-05T10:35:38Z</time>
<extensions>
<gpxtpx:TrackPointExtension>
<gpxtpx:hr>166</gpxtpx:hr>
<gpxtpx:cad>180</gpxtpx:cad>
</gpxtpx:TrackPointExtension>
</extensions>
</trkpt>
<trkpt lat="36.9747831" lon="127.8852615">
<ele>76.717</ele>
<time>2026-05-05T10:35:39Z</time>
<extensions>
<gpxtpx:TrackPointExtension>
<gpxtpx:hr>166</gpxtpx:hr>
</gpxtpx:TrackPointExtension>
</extensions>
</trkpt>
<trkpt lat="36.974795" lon="127.8852945">
<ele>76.7</ele>
<time>2026-05-05T10:35:40Z</time>
<extensions>
<gpxtpx:TrackPointExtension>
<gpxtpx:hr>167</gpxtpx:hr>
</gpxtpx:TrackPointExtension>
</extensions>
</trkpt>
<trkpt lat="36.9748068" lon="127.8853276">
<ele>76.584</ele>
<time>2026-05-05T10:35:41Z</time>
<extensions>
<gpxtpx:TrackPointExtension>
<gpxtpx:hr>167</gpxtpx:hr>
</gpxtpx:TrackPointExtension>
</extensions>
</trkpt>
<trkpt lat="36.9748196" lon="127.8853586">
<ele>76.521</ele>
<time>2026-05-05T10:35:42Z</time>
<extensions>
<gpxtpx:TrackPointExtension>
<gpxtpx:hr>168</gpxtpx:hr>
</gpxtpx:TrackPointExtension>
</extensions>
</trkpt>
<trkpt lat="36.9748332" lon="127.8853884">
<ele>76.441</ele>
<time>2026-05-05T10:35:43Z</time>
<extensions>
<gpxtpx:TrackPointExtension>
<gpxtpx:hr>168</gpxtpx:hr>
<gpxtpx:cad>176</gpxtpx:cad>
</gpxtpx:TrackPointExtension>
</extensions>
</trkpt>
<trkpt lat="36.9748475" lon="127.885417">
<ele>76.419</ele>
<time>2026-05-05T10:35:44Z</time>
<extensions>
<gpxtpx:TrackPointExtension>
<gpxtpx:hr>168</gpxtpx:hr>
</gpxtpx:TrackPointExtension>
</extensions>
</trkpt>
<trkpt lat="36.9748626" lon="127.8854443">
<ele>76.321</ele>
<time>2026-05-05T10:35:45Z</time>
<extensions>
<gpxtpx:TrackPointExtension>
<gpxtpx:hr>167</gpxtpx:hr>
</gpxtpx:TrackPointExtension>
</extensions>
</trkpt>
<trkpt lat="36.9748786" lon="127.8854706">
<ele>76.274</ele>
<time>2026-05-05T10:35:46Z</time>
<extensions>
<gpxtpx:TrackPointExtension>
<gpxtpx:hr>167</gpxtpx:hr>
</gpxtpx:TrackPointExtension>
</extensions>
</trkpt>
<trkpt lat="36.9748958" lon="127.8854956">
<ele>76.192</ele>
<time>2026-05-05T10:35:47Z</time>
<extensions>
<gpxtpx:TrackPointExtension>
<gpxtpx:hr>167</gpxtpx:hr>
</gpxtpx:TrackPointExtension>
</extensions>
</trkpt>
<trkpt lat="36.9749147" lon="127.8855189">
<ele>76.113</ele>
<time>2026-05-05T10:35:48Z</time>
<extensions>
<gpxtpx:TrackPointExtension>
<gpxtpx:hr>167</gpxtpx:hr>
<gpxtpx:cad>175</gpxtpx:cad>
</gpxtpx:TrackPointExtension>
</extensions>
</trkpt>
<trkpt lat="36.9749343" lon="127.8855413">
<ele>75.986</ele>
<time>2026-05-05T10:35:49Z</time>
<extensions>
<gpxtpx:TrackPointExtension>
<gpxtpx:hr>167</gpxtpx:hr>
</gpxtpx:TrackPointExtension>
</extensions>
</trkpt>
<trkpt lat="36.9749561" lon="127.8855609">
<ele>75.938</ele>
<time>2026-05-05T10:35:50Z</time>
<extensions>
<gpxtpx:TrackPointExtension>
<gpxtpx:hr>167</gpxtpx:hr>
</gpxtpx:TrackPointExtension>
</extensions>
</trkpt>
<trkpt lat="36.9749773" lon="127.8855813">
<ele>75.863</ele>
<time>2026-05-05T10:35:51Z</time>
<extensions>
<gpxtpx:TrackPointExtension>
<gpxtpx:hr>167</gpxtpx:hr>
</gpxtpx:TrackPointExtension>
</extensions>
</trkpt>
<trkpt lat="36.9750005" lon="127.8855989">
<ele>75.822</ele>
<time>2026-05-05T10:35:52Z</time>
<extensions>
<gpxtpx:TrackPointExtension>
<gpxtpx:hr>167</gpxtpx:hr>
</gpxtpx:TrackPointExtension>
</extensions>
</trkpt>
<trkpt lat="36.9750243" lon="127.8856152">
<ele>75.612</ele>
<time>2026-05-05T10:35:53Z</time>
<extensions>
<gpxtpx:TrackPointExtension>
<gpxtpx:hr>167</gpxtpx:hr>
<gpxtpx:cad>178</gpxtpx:cad>
</gpxtpx:TrackPointExtension>
</extensions>
</trkpt>
<trkpt lat="36.9750485" lon="127.8856308">
<ele>75.575</ele>
<time>2026-05-05T10:35:54Z</time>
<extensions>
<gpxtpx:TrackPointExtension>
<gpxtpx:hr>167</gpxtpx:hr>
</gpxtpx:TrackPointExtension>
</extensions>
</trkpt>
<trkpt lat="36.9750727" lon="127.8856461">
<ele>75.488</ele>
<time>2026-05-05T10:35:55Z</time>
<extensions>
<gpxtpx:TrackPointExtension>
<gpxtpx:hr>166</gpxtpx:hr>
</gpxtpx:TrackPointExtension>
</extensions>
</trkpt>
<trkpt lat="36.9750966" lon="127.8856618">
<ele>75.486</ele>
<time>2026-05-05T10:35:56Z</time>
<extensions>
<gpxtpx:TrackPointExtension>
<gpxtpx:hr>166</gpxtpx:hr>
</gpxtpx:TrackPointExtension>
</extensions>
</trkpt>
<trkpt lat="36.9751206" lon="127.8856774">
<ele>75.502</ele>
<time>2026-05-05T10:35:57Z</time>
<extensions>
<gpxtpx:TrackPointExtension>
<gpxtpx:hr>166</gpxtpx:hr>
</gpxtpx:TrackPointExtension>
</extensions>
</trkpt>
<trkpt lat="36.9751442" lon="127.8856935">
<ele>75.463</ele>
<time>2026-05-05T10:35:58Z</time>
<extensions>
<gpxtpx:TrackPointExtension>
<gpxtpx:hr>166</gpxtpx:hr>
<gpxtpx:cad>176</gpxtpx:cad>
</gpxtpx:TrackPointExtension>
</extensions>
</trkpt>
<trkpt lat="36.9751676" lon="127.8857101">
<ele>75.462</ele>
<time>2026-05-05T10:35:59Z</time>
<extensions>
<gpxtpx:TrackPointExtension>
<gpxtpx:hr>166</gpxtpx:hr>
</gpxtpx:TrackPointExtension>
</extensions>
</trkpt>
<trkpt lat="36.9751909" lon="127.8857263">
<ele>75.323</ele>
<time>2026-05-05T10:36:00Z</time>
<extensions>
<gpxtpx:TrackPointExtension>
<gpxtpx:hr>166</gpxtpx:hr>
</gpxtpx:TrackPointExtension>
</extensions>
</trkpt>
<trkpt lat="36.9752144" lon="127.8857418">
<ele>75.279</ele>
<time>2026-05-05T10:36:01Z</time>
<extensions>
<gpxtpx:TrackPointExtension>
<gpxtpx:hr>166</gpxtpx:hr>
</gpxtpx:TrackPointExtension>
</extensions>
</trkpt>
<trkpt lat="36.9752383" lon="127.885756">
<ele>75.186</ele>
<time>2026-05-05T10:36:02Z</time>
<extensions>
<gpxtpx:TrackPointExtension>
<gpxtpx:hr>166</gpxtpx:hr>
</gpxtpx:TrackPointExtension>
</extensions>
</trkpt>
<trkpt lat="36.9752626" lon="127.8857688">
<ele>75.108</ele>
<time>2026-05-05T10:36:03Z</time>
<extensions>
<gpxtpx:TrackPointExtension>
<gpxtpx:hr>167</gpxtpx:hr>
<gpxtpx:cad>171</gpxtpx:cad>
</gpxtpx:TrackPointExtension>
</extensions>
</trkpt>
<trkpt lat="36.9752877" lon="127.8857776">
<ele>75.156</ele>
<time>2026-05-05T10:36:04Z</time>
<extensions>
<gpxtpx:TrackPointExtension>
<gpxtpx:hr>167</gpxtpx:hr>
</gpxtpx:TrackPointExtension>
</extensions>
</trkpt>
<trkpt lat="36.9753124" lon="127.8857884">
<ele>75.108</ele>
<time>2026-05-05T10:36:05Z</time>
<extensions>
<gpxtpx:TrackPointExtension>
<gpxtpx:hr>167</gpxtpx:hr>
</gpxtpx:TrackPointExtension>
</extensions>
</trkpt>
<trkpt lat="36.9753371" lon="127.8857953">
<ele>75.114</ele>
<time>2026-05-05T10:36:06Z</time>
<extensions>
<gpxtpx:TrackPointExtension>
<gpxtpx:hr>168</gpxtpx:hr>
<gpxtpx:cad>170</gpxtpx:cad>
</gpxtpx:TrackPointExtension>
</extensions>
</trkpt>
<trkpt lat="36.9753617" lon="127.8858019">
<ele>75.062</ele>
<time>2026-05-05T10:36:07Z</time>
<extensions>
<gpxtpx:TrackPointExtension>
<gpxtpx:hr>167</gpxtpx:hr>
</gpxtpx:TrackPointExtension>
</extensions>
</trkpt>
<trkpt lat="36.9753856" lon="127.8858055">
<ele>75.0</ele>
<time>2026-05-05T10:36:08Z</time>
<extensions>
<gpxtpx:TrackPointExtension>
<gpxtpx:hr>167</gpxtpx:hr>
<gpxtpx:cad>170</gpxtpx:cad>
</gpxtpx:TrackPointExtension>
</extensions>
</trkpt>
<trkpt lat="36.9754095" lon="127.8858089">
<ele>75.062</ele>
<time>2026-05-05T10:36:09Z</time>
<extensions>
<gpxtpx:TrackPointExtension>
<gpxtpx:hr>167</gpxtpx:hr>
</gpxtpx:TrackPointExtension>
</extensions>
</trkpt>
<trkpt lat="36.9754332" lon="127.8858094">
<ele>75.153</ele>
<time>2026-05-05T10:36:10Z</time>
<extensions>
<gpxtpx:TrackPointExtension>
<gpxtpx:hr>167</gpxtpx:hr>
</gpxtpx:TrackPointExtension>
</extensions>
</trkpt>
<trkpt lat="36.9754569" lon="127.8858111">
<ele>75.221</ele>
<time>2026-05-05T10:36:11Z</time>
<extensions>
<gpxtpx:TrackPointExtension>
<gpxtpx:hr>167</gpxtpx:hr>
</gpxtpx:TrackPointExtension>
</extensions>
</trkpt>
<trkpt lat="36.9754806" lon="127.8858101">
<ele>75.223</ele>
<time>2026-05-05T10:36:12Z</time>
<extensions>
<gpxtpx:TrackPointExtension>
<gpxtpx:hr>168</gpxtpx:hr>
</gpxtpx:TrackPointExtension>
</extensions>
</trkpt>
<trkpt lat="36.9755043" lon="127.8858087">
<ele>75.238</ele>
<time>2026-05-05T10:36:13Z</time>
<extensions>
<gpxtpx:TrackPointExtension>
<gpxtpx:hr>167</gpxtpx:hr>
<gpxtpx:cad>170</gpxtpx:cad>
</gpxtpx:TrackPointExtension>
</extensions>
</trkpt>
<trkpt lat="36.9755282" lon="127.8858059">
<ele>75.232</ele>
<time>2026-05-05T10:36:14Z</time>
<extensions>
<gpxtpx:TrackPointExtension>
<gpxtpx:hr>167</gpxtpx:hr>
</gpxtpx:TrackPointExtension>
</extensions>
</trkpt>
<trkpt lat="36.9755533" lon="127.8858018">
<ele>75.241</ele>
<time>2026-05-05T10:36:15Z</time>
<extensions>
<gpxtpx:TrackPointExtension>
<gpxtpx:hr>167</gpxtpx:hr>
</gpxtpx:TrackPointExtension>
</extensions>
</trkpt>
<trkpt lat="36.9755782" lon="127.8857978">
<ele>75.292</ele>
<time>2026-05-05T10:36:16Z</time>
<extensions>
<gpxtpx:TrackPointExtension>
<gpxtpx:hr>167</gpxtpx:hr>
</gpxtpx:TrackPointExtension>
</extensions>
</trkpt>
<trkpt lat="36.9756039" lon="127.885794">
<ele>75.287</ele>
<time>2026-05-05T10:36:17Z</time>
<extensions>
<gpxtpx:TrackPointExtension>
<gpxtpx:hr>166</gpxtpx:hr>
</gpxtpx:TrackPointExtension>
</extensions>
</trkpt>
<trkpt lat="36.9756295" lon="127.8857902">
<ele>75.198</ele>
<time>2026-05-05T10:36:18Z</time>
<extensions>
<gpxtpx:TrackPointExtension>
<gpxtpx:hr>166</gpxtpx:hr>
<gpxtpx:cad>170</gpxtpx:cad>
</gpxtpx:TrackPointExtension>
</extensions>
</trkpt>
<trkpt lat="36.9756555" lon="127.8857872">
<ele>75.14</ele>
<time>2026-05-05T10:36:19Z</time>
<extensions>
<gpxtpx:TrackPointExtension>
<gpxtpx:hr>166</gpxtpx:hr>
</gpxtpx:TrackPointExtension>
</extensions>
</trkpt>
<trkpt lat="36.9756814" lon="127.8857846">
<ele>75.205</ele>
<time>2026-05-05T10:36:20Z</time>
<extensions>
<gpxtpx:TrackPointExtension>
<gpxtpx:hr>166</gpxtpx:hr>
</gpxtpx:TrackPointExtension>
</extensions>
</trkpt>
<trkpt lat="36.9757072" lon="127.8857816">
<ele>75.296</ele>
<time>2026-05-05T10:36:21Z</time>
<extensions>
<gpxtpx:TrackPointExtension>
<gpxtpx:hr>166</gpxtpx:hr>
</gpxtpx:TrackPointExtension>
</extensions>
</trkpt>
<trkpt lat="36.9757329" lon="127.8857784">
<ele>75.298</ele>
<time>2026-05-05T10:36:22Z</time>
<extensions>
<gpxtpx:TrackPointExtension>
<gpxtpx:hr>166</gpxtpx:hr>
</gpxtpx:TrackPointExtension>
</extensions>
</trkpt>
<trkpt lat="36.9757582" lon="127.8857744">
<ele>75.313</ele>
<time>2026-05-05T10:36:23Z</time>
<extensions>
<gpxtpx:TrackPointExtension>
<gpxtpx:hr>166</gpxtpx:hr>
<gpxtpx:cad>166</gpxtpx:cad>
</gpxtpx:TrackPointExtension>
</extensions>
</trkpt>
<trkpt lat="36.9757837" lon="127.8857705">
<ele>75.369</ele>
<time>2026-05-05T10:36:24Z</time>
<extensions>
<gpxtpx:TrackPointExtension>
<gpxtpx:hr>165</gpxtpx:hr>
</gpxtpx:TrackPointExtension>
</extensions>
</trkpt>
<trkpt lat="36.9758092" lon="127.8857664">
<ele>75.395</ele>
<time>2026-05-05T10:36:25Z</time>
<extensions>
<gpxtpx:TrackPointExtension>
<gpxtpx:hr>165</gpxtpx:hr>
</gpxtpx:TrackPointExtension>
</extensions>
</trkpt>
<trkpt lat="36.9758349" lon="127.8857629">
<ele>75.469</ele>
<time>2026-05-05T10:36:26Z</time>
<extensions>
<gpxtpx:TrackPointExtension>
<gpxtpx:hr>165</gpxtpx:hr>
</gpxtpx:TrackPointExtension>
</extensions>
</trkpt>
<trkpt lat="36.9758606" lon="127.8857586">
<ele>75.462</ele>
<time>2026-05-05T10:36:27Z</time>
<extensions>
<gpxtpx:TrackPointExtension>
<gpxtpx:hr>165</gpxtpx:hr>
</gpxtpx:TrackPointExtension>
</extensions>
</trkpt>
<trkpt lat="36.9758862" lon="127.885755">
<ele>75.533</ele>
<time>2026-05-05T10:36:28Z</time>
<extensions>
<gpxtpx:TrackPointExtension>
<gpxtpx:hr>165</gpxtpx:hr>
<gpxtpx:cad>167</gpxtpx:cad>
</gpxtpx:TrackPointExtension>
</extensions>
</trkpt>
<trkpt lat="36.975912" lon="127.8857506">
<ele>75.52</ele>
<time>2026-05-05T10:36:29Z</time>
<extensions>
<gpxtpx:TrackPointExtension>
<gpxtpx:hr>165</gpxtpx:hr>
</gpxtpx:TrackPointExtension>
</extensions>
</trkpt>
<trkpt lat="36.9759376" lon="127.8857469">
<ele>75.532</ele>
<time>2026-05-05T10:36:30Z</time>
<extensions>
<gpxtpx:TrackPointExtension>
<gpxtpx:hr>165</gpxtpx:hr>
</gpxtpx:TrackPointExtension>
</extensions>
</trkpt>
<trkpt lat="36.9759634" lon="127.8857426">
<ele>75.507</ele>
<time>2026-05-05T10:36:31Z</time>
<extensions>
<gpxtpx:TrackPointExtension>
<gpxtpx:hr>165</gpxtpx:hr>
</gpxtpx:TrackPointExtension>
</extensions>
</trkpt>
<trkpt lat="36.9759891" lon="127.8857385">
<ele>75.611</ele>
<time>2026-05-05T10:36:32Z</time>
<extensions>
<gpxtpx:TrackPointExtension>
<gpxtpx:hr>165</gpxtpx:hr>
</gpxtpx:TrackPointExtension>
</extensions>
</trkpt>
<trkpt lat="36.9760148" lon="127.8857342">
<ele>75.523</ele>
<time>2026-05-05T10:36:33Z</time>
<extensions>
<gpxtpx:TrackPointExtension>
<gpxtpx:hr>166</gpxtpx:hr>
<gpxtpx:cad>171</gpxtpx:cad>
</gpxtpx:TrackPointExtension>
</extensions>
</trkpt>
<trkpt lat="36.9760406" lon="127.8857301">
<ele>75.517</ele>
<time>2026-05-05T10:36:34Z</time>
<extensions>
<gpxtpx:TrackPointExtension>
<gpxtpx:hr>166</gpxtpx:hr>
</gpxtpx:TrackPointExtension>
</extensions>
</trkpt>
<trkpt lat="36.9760662" lon="127.8857256">
<ele>75.517</ele>
<time>2026-05-05T10:36:35Z</time>
<extensions>
<gpxtpx:TrackPointExtension>
<gpxtpx:hr>166</gpxtpx:hr>
</gpxtpx:TrackPointExtension>
</extensions>
</trkpt>
<trkpt lat="36.9760918" lon="127.8857221">
<ele>75.494</ele>
<time>2026-05-05T10:36:36Z</time>
<extensions>
<gpxtpx:TrackPointExtension>
<gpxtpx:hr>166</gpxtpx:hr>
</gpxtpx:TrackPointExtension>
</extensions>
</trkpt>
<trkpt lat="36.9761175" lon="127.8857178">
<ele>75.452</ele>
<time>2026-05-05T10:36:37Z</time>
<extensions>
<gpxtpx:TrackPointExtension>
<gpxtpx:hr>166</gpxtpx:hr>
</gpxtpx:TrackPointExtension>
</extensions>
</trkpt>
<trkpt lat="36.9761429" lon="127.8857146">
<ele>75.424</ele>
<time>2026-05-05T10:36:38Z</time>
<extensions>
<gpxtpx:TrackPointExtension>
<gpxtpx:hr>166</gpxtpx:hr>
<gpxtpx:cad>174</gpxtpx:cad>
</gpxtpx:TrackPointExtension>
</extensions>
</trkpt>
<trkpt lat="36.9761687" lon="127.8857106">
<ele>75.357</ele>
<time>2026-05-05T10:36:39Z</time>
<extensions>
<gpxtpx:TrackPointExtension>
<gpxtpx:hr>166</gpxtpx:hr>
</gpxtpx:TrackPointExtension>
</extensions>
</trkpt>
<trkpt lat="36.9761946" lon="127.885707">
<ele>75.4</ele>
<time>2026-05-05T10:36:40Z</time>
<extensions>
<gpxtpx:TrackPointExtension>
<gpxtpx:hr>165</gpxtpx:hr>
</gpxtpx:TrackPointExtension>
</extensions>
</trkpt>
<trkpt lat="36.9762207" lon="127.8857027">
<ele>75.394</ele>
<time>2026-05-05T10:36:41Z</time>
<extensions>
<gpxtpx:TrackPointExtension>
<gpxtpx:hr>165</gpxtpx:hr>
<gpxtpx:cad>176</gpxtpx:cad>
</gpxtpx:TrackPointExtension>
</extensions>
</trkpt>
<trkpt lat="36.9762463" lon="127.8856996">
<ele>75.404</ele>
<time>2026-05-05T10:36:42Z</time>
<extensions>
<gpxtpx:TrackPointExtension>
<gpxtpx:hr>165</gpxtpx:hr>
</gpxtpx:TrackPointExtension>
</extensions>
</trkpt>
<trkpt lat="36.9762717" lon="127.8856965">
<ele>75.311</ele>
<time>2026-05-05T10:36:43Z</time>
<extensions>
<gpxtpx:TrackPointExtension>
<gpxtpx:hr>165</gpxtpx:hr>
<gpxtpx:cad>178</gpxtpx:cad>
</gpxtpx:TrackPointExtension>
</extensions>
</trkpt>
<trkpt lat="36.9762967" lon="127.8856937">
<ele>75.295</ele>
<time>2026-05-05T10:36:44Z</time>
<extensions>
<gpxtpx:TrackPointExtension>
<gpxtpx:hr>165</gpxtpx:hr>
</gpxtpx:TrackPointExtension>
</extensions>
</trkpt>
<trkpt lat="36.9763217" lon="127.8856915">
<ele>75.379</ele>
<time>2026-05-05T10:36:45Z</time>
<extensions>
<gpxtpx:TrackPointExtension>
<gpxtpx:hr>164</gpxtpx:hr>
</gpxtpx:TrackPointExtension>
</extensions>
</trkpt>
<trkpt lat="36.976347" lon="127.8856896">
<ele>75.389</ele>
<time>2026-05-05T10:36:46Z</time>
<extensions>
<gpxtpx:TrackPointExtension>
<gpxtpx:hr>164</gpxtpx:hr>
</gpxtpx:TrackPointExtension>
</extensions>
</trkpt>
<trkpt lat="36.9763722" lon="127.8856876">
<ele>75.347</ele>
<time>2026-05-05T10:36:47Z</time>
<extensions>
<gpxtpx:TrackPointExtension>
<gpxtpx:hr>165</gpxtpx:hr>
</gpxtpx:TrackPointExtension>
</extensions>
</trkpt>
<trkpt lat="36.9763975" lon="127.8856857">
<ele>75.344</ele>
<time>2026-05-05T10:36:48Z</time>
<extensions>
<gpxtpx:TrackPointExtension>
<gpxtpx:hr>165</gpxtpx:hr>
<gpxtpx:cad>181</gpxtpx:cad>
</gpxtpx:TrackPointExtension>
</extensions>
</trkpt>
<trkpt lat="36.9764235" lon="127.885684">
<ele>75.306</ele>
<time>2026-05-05T10:36:49Z</time>
<extensions>
<gpxtpx:TrackPointExtension>
<gpxtpx:hr>165</gpxtpx:hr>
</gpxtpx:TrackPointExtension>
</extensions>
</trkpt>
<trkpt lat="36.9764497" lon="127.8856825">
<ele>75.384</ele>
<time>2026-05-05T10:36:50Z</time>
<extensions>
<gpxtpx:TrackPointExtension>
<gpxtpx:hr>165</gpxtpx:hr>
</gpxtpx:TrackPointExtension>
</extensions>
</trkpt>
<trkpt lat="36.9764761" lon="127.8856814">
<ele>75.308</ele>
<time>2026-05-05T10:36:51Z</time>
<extensions>
<gpxtpx:TrackPointExtension>
<gpxtpx:hr>166</gpxtpx:hr>
</gpxtpx:TrackPointExtension>
</extensions>
</trkpt>
<trkpt lat="36.9765022" lon="127.885681">
<ele>75.341</ele>
<time>2026-05-05T10:36:52Z</time>
<extensions>
<gpxtpx:TrackPointExtension>
<gpxtpx:hr>166</gpxtpx:hr>
</gpxtpx:TrackPointExtension>
</extensions>
</trkpt>
<trkpt lat="36.9765284" lon="127.8856805">
<ele>75.312</ele>
<time>2026-05-05T10:36:53Z</time>
<extensions>
<gpxtpx:TrackPointExtension>
<gpxtpx:hr>166</gpxtpx:hr>
<gpxtpx:cad>179</gpxtpx:cad>
</gpxtpx:TrackPointExtension>
</extensions>
</trkpt>
<trkpt lat="36.9765539" lon="127.8856808">
<ele>75.265</ele>
<time>2026-05-05T10:36:54Z</time>
<extensions>
<gpxtpx:TrackPointExtension>
<gpxtpx:hr>166</gpxtpx:hr>
</gpxtpx:TrackPointExtension>
</extensions>
</trkpt>
<trkpt lat="36.9765792" lon="127.885681">
<ele>75.33</ele>
<time>2026-05-05T10:36:55Z</time>
<extensions>
<gpxtpx:TrackPointExtension>
<gpxtpx:hr>166</gpxtpx:hr>
</gpxtpx:TrackPointExtension>
</extensions>
</trkpt>
<trkpt lat="36.9766041" lon="127.8856817">
<ele>75.433</ele>
<time>2026-05-05T10:36:56Z</time>
<extensions>
<gpxtpx:TrackPointExtension>
<gpxtpx:hr>165</gpxtpx:hr>
</gpxtpx:TrackPointExtension>
</extensions>
</trkpt>
<trkpt lat="36.9766291" lon="127.8856822">
<ele>75.534</ele>
<time>2026-05-05T10:36:57Z</time>
<extensions>
<gpxtpx:TrackPointExtension>
<gpxtpx:hr>165</gpxtpx:hr>
</gpxtpx:TrackPointExtension>
</extensions>
</trkpt>
<trkpt lat="36.9766539" lon="127.885683">
<ele>75.238</ele>
<time>2026-05-05T10:36:58Z</time>
<extensions>
<gpxtpx:TrackPointExtension>
<gpxtpx:hr>165</gpxtpx:hr>
<gpxtpx:cad>176</gpxtpx:cad>
</gpxtpx:TrackPointExtension>
</extensions>
</trkpt>
<trkpt lat="36.9766786" lon="127.8856838">
<ele>75.33</ele>
<time>2026-05-05T10:36:59Z</time>
<extensions>
<gpxtpx:TrackPointExtension>
<gpxtpx:hr>165</gpxtpx:hr>
</gpxtpx:TrackPointExtension>
</extensions>
</trkpt>
<trkpt lat="36.9767039" lon="127.8856848">
<ele>75.28</ele>
<time>2026-05-05T10:37:00Z</time>
<extensions>
<gpxtpx:TrackPointExtension>
<gpxtpx:hr>165</gpxtpx:hr>
</gpxtpx:TrackPointExtension>
</extensions>
</trkpt>
<trkpt lat="36.9767296" lon="127.8856856">
<ele>75.22</ele>
<time>2026-05-05T10:37:01Z</time>
<extensions>
<gpxtpx:TrackPointExtension>
<gpxtpx:hr>165</gpxtpx:hr>
</gpxtpx:TrackPointExtension>
</extensions>
</trkpt>
<trkpt lat="36.9767552" lon="127.8856861">
<ele>75.083</ele>
<time>2026-05-05T10:37:02Z</time>
<extensions>
<gpxtpx:TrackPointExtension>
<gpxtpx:hr>165</gpxtpx:hr>
</gpxtpx:TrackPointExtension>
</extensions>
</trkpt>
<trkpt lat="36.9767815" lon="127.8856862">
<ele>75.08</ele>
<time>2026-05-05T10:37:03Z</time>
<extensions>
<gpxtpx:TrackPointExtension>
<gpxtpx:hr>164</gpxtpx:hr>
<gpxtpx:cad>177</gpxtpx:cad>
</gpxtpx:TrackPointExtension>
</extensions>
</trkpt>
<trkpt lat="36.9768073" lon="127.8856866">
<ele>75.136</ele>
<time>2026-05-05T10:37:04Z</time>
<extensions>
<gpxtpx:TrackPointExtension>
<gpxtpx:hr>164</gpxtpx:hr>
</gpxtpx:TrackPointExtension>
</extensions>
</trkpt>
<trkpt lat="36.9768329" lon="127.8856876">
<ele>75.083</ele>
<time>2026-05-05T10:37:05Z</time>
<extensions>
<gpxtpx:TrackPointExtension>
<gpxtpx:hr>164</gpxtpx:hr>
</gpxtpx:TrackPointExtension>
</extensions>
</trkpt>
<trkpt lat="36.9768583" lon="127.8856882">
<ele>74.87</ele>
<time>2026-05-05T10:37:06Z</time>
<extensions>
<gpxtpx:TrackPointExtension>
<gpxtpx:hr>163</gpxtpx:hr>
</gpxtpx:TrackPointExtension>
</extensions>
</trkpt>
<trkpt lat="36.9768835" lon="127.8856899">
<ele>75.176</ele>
<time>2026-05-05T10:37:07Z</time>
<extensions>
<gpxtpx:TrackPointExtension>
<gpxtpx:hr>163</gpxtpx:hr>
</gpxtpx:TrackPointExtension>
</extensions>
</trkpt>
<trkpt lat="36.9769091" lon="127.8856906">
<ele>74.938</ele>
<time>2026-05-05T10:37:08Z</time>
<extensions>
<gpxtpx:TrackPointExtension>
<gpxtpx:hr>163</gpxtpx:hr>
<gpxtpx:cad>180</gpxtpx:cad>
</gpxtpx:TrackPointExtension>
</extensions>
</trkpt>
<trkpt lat="36.9769337" lon="127.885693">
<ele>74.978</ele>
<time>2026-05-05T10:37:09Z</time>
<extensions>
<gpxtpx:TrackPointExtension>
<gpxtpx:hr>163</gpxtpx:hr>
</gpxtpx:TrackPointExtension>
</extensions>
</trkpt>
<trkpt lat="36.9769594" lon="127.885694">
<ele>75.009</ele>
<time>2026-05-05T10:37:10Z</time>
<extensions>
<gpxtpx:TrackPointExtension>
<gpxtpx:hr>163</gpxtpx:hr>
</gpxtpx:TrackPointExtension>
</extensions>
</trkpt>
<trkpt lat="36.9769843" lon="127.885696">
<ele>75.044</ele>
<time>2026-05-05T10:37:11Z</time>
<extensions>
<gpxtpx:TrackPointExtension>
<gpxtpx:hr>163</gpxtpx:hr>
</gpxtpx:TrackPointExtension>
</extensions>
</trkpt>
<trkpt lat="36.9770084" lon="127.885699">
<ele>74.925</ele>
<time>2026-05-05T10:37:12Z</time>
<extensions>
<gpxtpx:TrackPointExtension>
<gpxtpx:hr>163</gpxtpx:hr>
</gpxtpx:TrackPointExtension>
</extensions>
</trkpt>
<trkpt lat="36.9770331" lon="127.8857014">
<ele>74.893</ele>
<time>2026-05-05T10:37:13Z</time>
<extensions>
<gpxtpx:TrackPointExtension>
<gpxtpx:hr>164</gpxtpx:hr>
<gpxtpx:cad>178</gpxtpx:cad>
</gpxtpx:TrackPointExtension>
</extensions>
</trkpt>
<trkpt lat="36.9770573" lon="127.8857047">
<ele>75.019</ele>
<time>2026-05-05T10:37:14Z</time>
<extensions>
<gpxtpx:TrackPointExtension>
<gpxtpx:hr>164</gpxtpx:hr>
</gpxtpx:TrackPointExtension>
</extensions>
</trkpt>
<trkpt lat="36.9770819" lon="127.8857074">
<ele>75.143</ele>
<time>2026-05-05T10:37:15Z</time>
<extensions>
<gpxtpx:TrackPointExtension>
<gpxtpx:hr>164</gpxtpx:hr>
</gpxtpx:TrackPointExtension>
</extensions>
</trkpt>
<trkpt lat="36.9771062" lon="127.8857107">
<ele>75.171</ele>
<time>2026-05-05T10:37:16Z</time>
<extensions>
<gpxtpx:TrackPointExtension>
<gpxtpx:hr>164</gpxtpx:hr>
<gpxtpx:cad>176</gpxtpx:cad>
</gpxtpx:TrackPointExtension>
</extensions>
</trkpt>
<trkpt lat="36.9771308" lon="127.885713">
<ele>75.166</ele>
<time>2026-05-05T10:37:17Z</time>
</trkpt>
<trkpt lat="36.9771553" lon="127.8857162">
<ele>75.2</ele>
<time>2026-05-05T10:37:18Z</time>
<extensions>
<gpxtpx:TrackPointExtension>
<gpxtpx:hr>164</gpxtpx:hr>
<gpxtpx:cad>174</gpxtpx:cad>
</gpxtpx:TrackPointExtension>
</extensions>
</trkpt>
<trkpt lat="36.9771797" lon="127.885719">
<ele>75.233</ele>
<time>2026-05-05T10:37:19Z</time>
<extensions>
<gpxtpx:TrackPointExtension>
<gpxtpx:hr>164</gpxtpx:hr>
</gpxtpx:TrackPointExtension>
</extensions>
</trkpt>
<trkpt lat="36.9772042" lon="127.8857221">
<ele>75.185</ele>
<time>2026-05-05T10:37:20Z</time>
<extensions>
<gpxtpx:TrackPointExtension>
<gpxtpx:hr>165</gpxtpx:hr>
</gpxtpx:TrackPointExtension>
</extensions>
</trkpt>
<trkpt lat="36.9772283" lon="127.8857255">
<ele>75.086</ele>
<time>2026-05-05T10:37:21Z</time>
<extensions>
<gpxtpx:TrackPointExtension>
<gpxtpx:hr>165</gpxtpx:hr>
</gpxtpx:TrackPointExtension>
</extensions>
</trkpt>
<trkpt lat="36.9772527" lon="127.8857287">
<ele>75.058</ele>
<time>2026-05-05T10:37:22Z</time>
<extensions>
<gpxtpx:TrackPointExtension>
<gpxtpx:hr>165</gpxtpx:hr>
</gpxtpx:TrackPointExtension>
</extensions>
</trkpt>
<trkpt lat="36.9772773" lon="127.8857317">
<ele>75.037</ele>
<time>2026-05-05T10:37:23Z</time>
<extensions>
<gpxtpx:TrackPointExtension>
<gpxtpx:hr>165</gpxtpx:hr>
<gpxtpx:cad>170</gpxtpx:cad>
</gpxtpx:TrackPointExtension>
</extensions>
</trkpt>
<trkpt lat="36.9773012" lon="127.8857353">
<ele>75.103</ele>
<time>2026-05-05T10:37:24Z</time>
<extensions>
<gpxtpx:TrackPointExtension>
<gpxtpx:hr>165</gpxtpx:hr>
</gpxtpx:TrackPointExtension>
</extensions>
</trkpt>
<trkpt lat="36.9773264" lon="127.885737">
<ele>75.108</ele>
<time>2026-05-05T10:37:25Z</time>
<extensions>
<gpxtpx:TrackPointExtension>
<gpxtpx:hr>165</gpxtpx:hr>
</gpxtpx:TrackPointExtension>
</extensions>
</trkpt>
<trkpt lat="36.9773511" lon="127.8857393">
<ele>75.04</ele>
<time>2026-05-05T10:37:26Z</time>
<extensions>
<gpxtpx:TrackPointExtension>
<gpxtpx:hr>165</gpxtpx:hr>
</gpxtpx:TrackPointExtension>
</extensions>
</trkpt>
<trkpt lat="36.9773759" lon="127.8857414">
<ele>75.013</ele>
<time>2026-05-05T10:37:27Z</time>
<extensions>
<gpxtpx:TrackPointExtension>
<gpxtpx:hr>165</gpxtpx:hr>
</gpxtpx:TrackPointExtension>
</extensions>
</trkpt>
<trkpt lat="36.9774008" lon="127.8857434">
<ele>74.942</ele>
<time>2026-05-05T10:37:28Z</time>
<extensions>
<gpxtpx:TrackPointExtension>
<gpxtpx:hr>165</gpxtpx:hr>
<gpxtpx:cad>170</gpxtpx:cad>
</gpxtpx:TrackPointExtension>
</extensions>
</trkpt>
<trkpt lat="36.9774258" lon="127.8857456">
<ele>74.88</ele>
<time>2026-05-05T10:37:29Z</time>
<extensions>
<gpxtpx:TrackPointExtension>
<gpxtpx:hr>165</gpxtpx:hr>
</gpxtpx:TrackPointExtension>
</extensions>
</trkpt>
<trkpt lat="36.9774508" lon="127.885747">
<ele>74.857</ele>
<time>2026-05-05T10:37:30Z</time>
<extensions>
<gpxtpx:TrackPointExtension>
<gpxtpx:hr>165</gpxtpx:hr>
</gpxtpx:TrackPointExtension>
</extensions>
</trkpt>
<trkpt lat="36.9774759" lon="127.8857488">
<ele>74.867</ele>
<time>2026-05-05T10:37:31Z</time>
<extensions>
<gpxtpx:TrackPointExtension>
<gpxtpx:hr>165</gpxtpx:hr>
</gpxtpx:TrackPointExtension>
</extensions>
</trkpt>
<trkpt lat="36.9775011" lon="127.8857506">
<ele>74.828</ele>
<time>2026-05-05T10:37:32Z</time>
<extensions>
<gpxtpx:TrackPointExtension>
<gpxtpx:hr>166</gpxtpx:hr>
</gpxtpx:TrackPointExtension>
</extensions>
</trkpt>
<trkpt lat="36.9775261" lon="127.8857529">
<ele>74.856</ele>
<time>2026-05-05T10:37:33Z</time>
<extensions>
<gpxtpx:TrackPointExtension>
<gpxtpx:hr>166</gpxtpx:hr>
<gpxtpx:cad>173</gpxtpx:cad>
</gpxtpx:TrackPointExtension>
</extensions>
</trkpt>
<trkpt lat="36.9775514" lon="127.8857545">
<ele>74.889</ele>
<time>2026-05-05T10:37:34Z</time>
<extensions>
<gpxtpx:TrackPointExtension>
<gpxtpx:hr>167</gpxtpx:hr>
</gpxtpx:TrackPointExtension>
</extensions>
</trkpt>
<trkpt lat="36.9775765" lon="127.8857573">
<ele>74.864</ele>
<time>2026-05-05T10:37:35Z</time>
<extensions>
<gpxtpx:TrackPointExtension>
<gpxtpx:hr>167</gpxtpx:hr>
</gpxtpx:TrackPointExtension>
</extensions>
</trkpt>
<trkpt lat="36.9776017" lon="127.885759">
<ele>74.93</ele>
<time>2026-05-05T10:37:36Z</time>
<extensions>
<gpxtpx:TrackPointExtension>
<gpxtpx:hr>167</gpxtpx:hr>
</gpxtpx:TrackPointExtension>
</extensions>
</trkpt>
<trkpt lat="36.9776268" lon="127.8857624">
<ele>74.955</ele>
<time>2026-05-05T10:37:37Z</time>
<extensions>
<gpxtpx:TrackPointExtension>
<gpxtpx:hr>167</gpxtpx:hr>
</gpxtpx:TrackPointExtension>
</extensions>
</trkpt>
<trkpt lat="36.9776519" lon="127.8857642">
<ele>74.958</ele>
<time>2026-05-05T10:37:38Z</time>
<extensions>
<gpxtpx:TrackPointExtension>
<gpxtpx:hr>167</gpxtpx:hr>
<gpxtpx:cad>176</gpxtpx:cad>
</gpxtpx:TrackPointExtension>
</extensions>
</trkpt>
<trkpt lat="36.9776771" lon="127.8857679">
<ele>74.944</ele>
<time>2026-05-05T10:37:39Z</time>
<extensions>
<gpxtpx:TrackPointExtension>
<gpxtpx:hr>167</gpxtpx:hr>
</gpxtpx:TrackPointExtension>
</extensions>
</trkpt>
<trkpt lat="36.9777021" lon="127.8857702">
<ele>74.995</ele>
<time>2026-05-05T10:37:40Z</time>
<extensions>
<gpxtpx:TrackPointExtension>
<gpxtpx:hr>167</gpxtpx:hr>
</gpxtpx:TrackPointExtension>
</extensions>
</trkpt>
<trkpt lat="36.9777274" lon="127.8857734">
<ele>74.998</ele>
<time>2026-05-05T10:37:41Z</time>
<extensions>
<gpxtpx:TrackPointExtension>
<gpxtpx:hr>167</gpxtpx:hr>
</gpxtpx:TrackPointExtension>
</extensions>
</trkpt>
<trkpt lat="36.9777523" lon="127.8857762">
<ele>75.023</ele>
<time>2026-05-05T10:37:42Z</time>
<extensions>
<gpxtpx:TrackPointExtension>
<gpxtpx:hr>168</gpxtpx:hr>
</gpxtpx:TrackPointExtension>
</extensions>
</trkpt>
<trkpt lat="36.977777" lon="127.8857794">
<ele>74.95</ele>
<time>2026-05-05T10:37:43Z</time>
<extensions>
<gpxtpx:TrackPointExtension>
<gpxtpx:hr>168</gpxtpx:hr>
<gpxtpx:cad>179</gpxtpx:cad>
</gpxtpx:TrackPointExtension>
</extensions>
</trkpt>
<trkpt lat="36.9778024" lon="127.8857839">
<ele>74.918</ele>
<time>2026-05-05T10:37:44Z</time>
<extensions>
<gpxtpx:TrackPointExtension>
<gpxtpx:hr>168</gpxtpx:hr>
</gpxtpx:TrackPointExtension>
</extensions>
</trkpt>
<trkpt lat="36.9778277" lon="127.8857885">
<ele>74.84</ele>
<time>2026-05-05T10:37:45Z</time>
<extensions>
<gpxtpx:TrackPointExtension>
<gpxtpx:hr>168</gpxtpx:hr>
</gpxtpx:TrackPointExtension>
</extensions>
</trkpt>
<trkpt lat="36.9778533" lon="127.8857933">
<ele>74.791</ele>
<time>2026-05-05T10:37:46Z</time>
<extensions>
<gpxtpx:TrackPointExtension>
<gpxtpx:hr>167</gpxtpx:hr>
</gpxtpx:TrackPointExtension>
</extensions>
</trkpt>
<trkpt lat="36.9778789" lon="127.885798">
<ele>74.895</ele>
<time>2026-05-05T10:37:47Z</time>
<extensions>
<gpxtpx:TrackPointExtension>
<gpxtpx:hr>167</gpxtpx:hr>
</gpxtpx:TrackPointExtension>
</extensions>
</trkpt>
<trkpt lat="36.9779047" lon="127.8858027">
<ele>74.926</ele>
<time>2026-05-05T10:37:48Z</time>
<extensions>
<gpxtpx:TrackPointExtension>
<gpxtpx:hr>166</gpxtpx:hr>
<gpxtpx:cad>180</gpxtpx:cad>
</gpxtpx:TrackPointExtension>
</extensions>
</trkpt>
<trkpt lat="36.9779306" lon="127.8858073">
<ele>74.937</ele>
<time>2026-05-05T10:37:49Z</time>
<extensions>
<gpxtpx:TrackPointExtension>
<gpxtpx:hr>166</gpxtpx:hr>
</gpxtpx:TrackPointExtension>
</extensions>
</trkpt>
<trkpt lat="36.9779567" lon="127.8858119">
<ele>74.968</ele>
<time>2026-05-05T10:37:50Z</time>
<extensions>
<gpxtpx:TrackPointExtension>
<gpxtpx:hr>165</gpxtpx:hr>
</gpxtpx:TrackPointExtension>
</extensions>
</trkpt>
<trkpt lat="36.9779828" lon="127.8858164">
<ele>75.054</ele>
<time>2026-05-05T10:37:51Z</time>
<extensions>
<gpxtpx:TrackPointExtension>
<gpxtpx:hr>165</gpxtpx:hr>
</gpxtpx:TrackPointExtension>
</extensions>
</trkpt>
<trkpt lat="36.9780093" lon="127.885822">
<ele>75.088</ele>
<time>2026-05-05T10:37:52Z</time>
<extensions>
<gpxtpx:TrackPointExtension>
<gpxtpx:hr>164</gpxtpx:hr>
<gpxtpx:cad>180</gpxtpx:cad>
</gpxtpx:TrackPointExtension>
</extensions>
</trkpt>
<trkpt lat="36.9780358" lon="127.8858278">
<ele>75.086</ele>
<time>2026-05-05T10:37:53Z</time>
<extensions>
<gpxtpx:TrackPointExtension>
<gpxtpx:hr>164</gpxtpx:hr>
<gpxtpx:cad>180</gpxtpx:cad>
</gpxtpx:TrackPointExtension>
</extensions>
</trkpt>
<trkpt lat="36.9780622" lon="127.8858343">
<ele>75.063</ele>
<time>2026-05-05T10:37:54Z</time>
<extensions>
<gpxtpx:TrackPointExtension>
<gpxtpx:hr>164</gpxtpx:hr>
</gpxtpx:TrackPointExtension>
</extensions>
</trkpt>
<trkpt lat="36.9780884" lon="127.8858415">
<ele>75.091</ele>
<time>2026-05-05T10:37:55Z</time>
<extensions>
<gpxtpx:TrackPointExtension>
<gpxtpx:hr>164</gpxtpx:hr>
</gpxtpx:TrackPointExtension>
</extensions>
</trkpt>
<trkpt lat="36.9781147" lon="127.885849">
<ele>75.162</ele>
<time>2026-05-05T10:37:56Z</time>
<extensions>
<gpxtpx:TrackPointExtension>
<gpxtpx:hr>164</gpxtpx:hr>
</gpxtpx:TrackPointExtension>
</extensions>
</trkpt>
<trkpt lat="36.9781404" lon="127.8858579">
<ele>75.135</ele>
<time>2026-05-05T10:37:57Z</time>
<extensions>
<gpxtpx:TrackPointExtension>
<gpxtpx:hr>164</gpxtpx:hr>
</gpxtpx:TrackPointExtension>
</extensions>
</trkpt>
<trkpt lat="36.9781661" lon="127.8858668">
<ele>75.123</ele>
<time>2026-05-05T10:37:58Z</time>
<extensions>
<gpxtpx:TrackPointExtension>
<gpxtpx:hr>165</gpxtpx:hr>
<gpxtpx:cad>181</gpxtpx:cad>
</gpxtpx:TrackPointExtension>
</extensions>
</trkpt>
<trkpt lat="36.9781917" lon="127.8858759">
<ele>75.151</ele>
<time>2026-05-05T10:37:59Z</time>
<extensions>
<gpxtpx:TrackPointExtension>
<gpxtpx:hr>165</gpxtpx:hr>
</gpxtpx:TrackPointExtension>
</extensions>
</trkpt>
<trkpt lat="36.9782173" lon="127.8858851">
<ele>75.175</ele>
<time>2026-05-05T10:38:00Z</time>
<extensions>
<gpxtpx:TrackPointExtension>
<gpxtpx:hr>165</gpxtpx:hr>
</gpxtpx:TrackPointExtension>
</extensions>
</trkpt>
<trkpt lat="36.978243" lon="127.8858943">
<ele>75.202</ele>
<time>2026-05-05T10:38:01Z</time>
<extensions>
<gpxtpx:TrackPointExtension>
<gpxtpx:hr>165</gpxtpx:hr>
</gpxtpx:TrackPointExtension>
</extensions>
</trkpt>
<trkpt lat="36.978269" lon="127.8859037">
<ele>75.213</ele>
<time>2026-05-05T10:38:02Z</time>
<extensions>
<gpxtpx:TrackPointExtension>
<gpxtpx:hr>165</gpxtpx:hr>
</gpxtpx:TrackPointExtension>
</extensions>
</trkpt>
<trkpt lat="36.9782955" lon="127.8859132">
<ele>75.189</ele>
<time>2026-05-05T10:38:03Z</time>
<extensions>
<gpxtpx:TrackPointExtension>
<gpxtpx:hr>166</gpxtpx:hr>
<gpxtpx:cad>181</gpxtpx:cad>
</gpxtpx:TrackPointExtension>
</extensions>
</trkpt>
<trkpt lat="36.9783231" lon="127.8859231">
<ele>75.154</ele>
<time>2026-05-05T10:38:04Z</time>
<extensions>
<gpxtpx:TrackPointExtension>
<gpxtpx:hr>167</gpxtpx:hr>
</gpxtpx:TrackPointExtension>
</extensions>
</trkpt>
<trkpt lat="36.9783512" lon="127.8859333">
<ele>75.239</ele>
<time>2026-05-05T10:38:05Z</time>
<extensions>
<gpxtpx:TrackPointExtension>
<gpxtpx:hr>167</gpxtpx:hr>
</gpxtpx:TrackPointExtension>
</extensions>
</trkpt>
<trkpt lat="36.9783795" lon="127.8859437">
<ele>75.278</ele>
<time>2026-05-05T10:38:06Z</time>
<extensions>
<gpxtpx:TrackPointExtension>
<gpxtpx:hr>167</gpxtpx:hr>
</gpxtpx:TrackPointExtension>
</extensions>
</trkpt>
<trkpt lat="36.9784071" lon="127.8859539">
<ele>75.232</ele>
<time>2026-05-05T10:38:07Z</time>
<extensions>
<gpxtpx:TrackPointExtension>
<gpxtpx:hr>167</gpxtpx:hr>
</gpxtpx:TrackPointExtension>
</extensions>
</trkpt>
<trkpt lat="36.9784347" lon="127.8859642">
<ele>75.168</ele>
<time>2026-05-05T10:38:08Z</time>
<extensions>
<gpxtpx:TrackPointExtension>
<gpxtpx:hr>167</gpxtpx:hr>
<gpxtpx:cad>181</gpxtpx:cad>
</gpxtpx:TrackPointExtension>
</extensions>
</trkpt>
<trkpt lat="36.978462" lon="127.8859742">
<ele>75.187</ele>
<time>2026-05-05T10:38:09Z</time>
<extensions>
<gpxtpx:TrackPointExtension>
<gpxtpx:hr>166</gpxtpx:hr>
</gpxtpx:TrackPointExtension>
</extensions>
</trkpt>
<trkpt lat="36.9784891" lon="127.8859846">
<ele>75.116</ele>
<time>2026-05-05T10:38:10Z</time>
<extensions>
<gpxtpx:TrackPointExtension>
<gpxtpx:hr>166</gpxtpx:hr>
</gpxtpx:TrackPointExtension>
</extensions>
</trkpt>
<trkpt lat="36.978517" lon="127.8859948">
<ele>75.018</ele>
<time>2026-05-05T10:38:11Z</time>
<extensions>
<gpxtpx:TrackPointExtension>
<gpxtpx:hr>166</gpxtpx:hr>
</gpxtpx:TrackPointExtension>
</extensions>
</trkpt>
<trkpt lat="36.9785452" lon="127.8860053">
<ele>74.941</ele>
<time>2026-05-05T10:38:12Z</time>
<extensions>
<gpxtpx:TrackPointExtension>
<gpxtpx:hr>165</gpxtpx:hr>
</gpxtpx:TrackPointExtension>
</extensions>
</trkpt>
<trkpt lat="36.9785726" lon="127.8860158">
<ele>74.858</ele>
<time>2026-05-05T10:38:13Z</time>
<extensions>
<gpxtpx:TrackPointExtension>
<gpxtpx:hr>165</gpxtpx:hr>
<gpxtpx:cad>181</gpxtpx:cad>
</gpxtpx:TrackPointExtension>
</extensions>
</trkpt>
<trkpt lat="36.9786008" lon="127.8860264">
<ele>74.785</ele>
<time>2026-05-05T10:38:14Z</time>
<extensions>
<gpxtpx:TrackPointExtension>
<gpxtpx:hr>165</gpxtpx:hr>
</gpxtpx:TrackPointExtension>
</extensions>
</trkpt>
<trkpt lat="36.9786272" lon="127.8860368">
<ele>74.865</ele>
<time>2026-05-05T10:38:15Z</time>
<extensions>
<gpxtpx:TrackPointExtension>
<gpxtpx:hr>165</gpxtpx:hr>
</gpxtpx:TrackPointExtension>
</extensions>
</trkpt>
<trkpt lat="36.9786528" lon="127.8860472">
<ele>74.838</ele>
<time>2026-05-05T10:38:16Z</time>
<extensions>
<gpxtpx:TrackPointExtension>
<gpxtpx:hr>164</gpxtpx:hr>
</gpxtpx:TrackPointExtension>
</extensions>
</trkpt>
<trkpt lat="36.978678" lon="127.8860575">
<ele>74.867</ele>
<time>2026-05-05T10:38:17Z</time>
<extensions>
<gpxtpx:TrackPointExtension>
<gpxtpx:hr>164</gpxtpx:hr>
</gpxtpx:TrackPointExtension>
</extensions>
</trkpt>
<trkpt lat="36.9787026" lon="127.886068">
<ele>74.779</ele>
<time>2026-05-05T10:38:18Z</time>
<extensions>
<gpxtpx:TrackPointExtension>
<gpxtpx:hr>164</gpxtpx:hr>
<gpxtpx:cad>178</gpxtpx:cad>
</gpxtpx:TrackPointExtension>
</extensions>
</trkpt>
<trkpt lat="36.9787269" lon="127.8860786">
<ele>74.786</ele>
<time>2026-05-05T10:38:19Z</time>
<extensions>
<gpxtpx:TrackPointExtension>
<gpxtpx:hr>164</gpxtpx:hr>
</gpxtpx:TrackPointExtension>
</extensions>
</trkpt>
<trkpt lat="36.9787511" lon="127.8860892">
<ele>74.82</ele>
<time>2026-05-05T10:38:20Z</time>
<extensions>
<gpxtpx:TrackPointExtension>
<gpxtpx:hr>165</gpxtpx:hr>
</gpxtpx:TrackPointExtension>
</extensions>
</trkpt>
<trkpt lat="36.9787747" lon="127.8861004">
<ele>74.851</ele>
<time>2026-05-05T10:38:21Z</time>
<extensions>
<gpxtpx:TrackPointExtension>
<gpxtpx:hr>165</gpxtpx:hr>
</gpxtpx:TrackPointExtension>
</extensions>
</trkpt>
<trkpt lat="36.9787984" lon="127.8861115">
<ele>74.86</ele>
<time>2026-05-05T10:38:22Z</time>
<extensions>
<gpxtpx:TrackPointExtension>
<gpxtpx:hr>164</gpxtpx:hr>
</gpxtpx:TrackPointExtension>
</extensions>
</trkpt>
<trkpt lat="36.9788218" lon="127.8861232">
<ele>74.878</ele>
<time>2026-05-05T10:38:23Z</time>
<extensions>
<gpxtpx:TrackPointExtension>
<gpxtpx:hr>164</gpxtpx:hr>
<gpxtpx:cad>173</gpxtpx:cad>
</gpxtpx:TrackPointExtension>
</extensions>
</trkpt>
<trkpt lat="36.9788453" lon="127.8861348">
<ele>74.925</ele>
<time>2026-05-05T10:38:24Z</time>
<extensions>
<gpxtpx:TrackPointExtension>
<gpxtpx:hr>164</gpxtpx:hr>
</gpxtpx:TrackPointExtension>
</extensions>
</trkpt>
<trkpt lat="36.9788685" lon="127.8861468">
<ele>74.928</ele>
<time>2026-05-05T10:38:25Z</time>
<extensions>
<gpxtpx:TrackPointExtension>
<gpxtpx:hr>164</gpxtpx:hr>
<gpxtpx:cad>172</gpxtpx:cad>
</gpxtpx:TrackPointExtension>
</extensions>
</trkpt>
<trkpt lat="36.9788917" lon="127.8861589">
<ele>74.857</ele>
<time>2026-05-05T10:38:26Z</time>
<extensions>
<gpxtpx:TrackPointExtension>
<gpxtpx:hr>164</gpxtpx:hr>
</gpxtpx:TrackPointExtension>
</extensions>
</trkpt>
<trkpt lat="36.978915" lon="127.8861713">
<ele>74.819</ele>
<time>2026-05-05T10:38:27Z</time>
<extensions>
<gpxtpx:TrackPointExtension>
<gpxtpx:hr>164</gpxtpx:hr>
</gpxtpx:TrackPointExtension>
</extensions>
</trkpt>
<trkpt lat="36.9789382" lon="127.8861835">
<ele>74.733</ele>
<time>2026-05-05T10:38:28Z</time>
<extensions>
<gpxtpx:TrackPointExtension>
<gpxtpx:hr>165</gpxtpx:hr>
<gpxtpx:cad>172</gpxtpx:cad>
</gpxtpx:TrackPointExtension>
</extensions>
</trkpt>
<trkpt lat="36.9789615" lon="127.886196">
<ele>74.752</ele>
<time>2026-05-05T10:38:29Z</time>
<extensions>
<gpxtpx:TrackPointExtension>
<gpxtpx:hr>165</gpxtpx:hr>
</gpxtpx:TrackPointExtension>
</extensions>
</trkpt>
<trkpt lat="36.9789848" lon="127.8862086">
<ele>74.762</ele>
<time>2026-05-05T10:38:30Z</time>
<extensions>
<gpxtpx:TrackPointExtension>
<gpxtpx:hr>165</gpxtpx:hr>
</gpxtpx:TrackPointExtension>
</extensions>
</trkpt>
<trkpt lat="36.9790085" lon="127.8862215">
<ele>74.738</ele>
<time>2026-05-05T10:38:31Z</time>
<extensions>
<gpxtpx:TrackPointExtension>
<gpxtpx:hr>166</gpxtpx:hr>
</gpxtpx:TrackPointExtension>
</extensions>
</trkpt>
<trkpt lat="36.9790327" lon="127.8862346">
<ele>74.837</ele>
<time>2026-05-05T10:38:32Z</time>
<extensions>
<gpxtpx:TrackPointExtension>
<gpxtpx:hr>167</gpxtpx:hr>
</gpxtpx:TrackPointExtension>
</extensions>
</trkpt>
<trkpt lat="36.9790578" lon="127.8862476">
<ele>74.874</ele>
<time>2026-05-05T10:38:33Z</time>
<extensions>
<gpxtpx:TrackPointExtension>
<gpxtpx:hr>167</gpxtpx:hr>
<gpxtpx:cad>175</gpxtpx:cad>
</gpxtpx:TrackPointExtension>
</extensions>
</trkpt>
<trkpt lat="36.9790832" lon="127.8862606">
<ele>74.812</ele>
<time>2026-05-05T10:38:34Z</time>
<extensions>
<gpxtpx:TrackPointExtension>
<gpxtpx:hr>168</gpxtpx:hr>
</gpxtpx:TrackPointExtension>
</extensions>
</trkpt>
<trkpt lat="36.9791088" lon="127.8862733">
<ele>74.755</ele>
<time>2026-05-05T10:38:35Z</time>
<extensions>
<gpxtpx:TrackPointExtension>
<gpxtpx:hr>168</gpxtpx:hr>
</gpxtpx:TrackPointExtension>
</extensions>
</trkpt>
<trkpt lat="36.9791341" lon="127.8862861">
<ele>74.666</ele>
<time>2026-05-05T10:38:36Z</time>
<extensions>
<gpxtpx:TrackPointExtension>
<gpxtpx:hr>169</gpxtpx:hr>
</gpxtpx:TrackPointExtension>
</extensions>
</trkpt>
<trkpt lat="36.9791587" lon="127.8862991">
<ele>74.67</ele>
<time>2026-05-05T10:38:37Z</time>
<extensions>
<gpxtpx:TrackPointExtension>
<gpxtpx:hr>169</gpxtpx:hr>
</gpxtpx:TrackPointExtension>
</extensions>
</trkpt>
<trkpt lat="36.9791831" lon="127.8863123">
<ele>74.657</ele>
<time>2026-05-05T10:38:38Z</time>
<extensions>
<gpxtpx:TrackPointExtension>
<gpxtpx:hr>169</gpxtpx:hr>
<gpxtpx:cad>177</gpxtpx:cad>
</gpxtpx:TrackPointExtension>
</extensions>
</trkpt>
<trkpt lat="36.979206" lon="127.8863262">
<ele>74.659</ele>
<time>2026-05-05T10:38:39Z</time>
<extensions>
<gpxtpx:TrackPointExtension>
<gpxtpx:hr>170</gpxtpx:hr>
</gpxtpx:TrackPointExtension>
</extensions>
</trkpt>
<trkpt lat="36.9792289" lon="127.8863402">
<ele>74.626</ele>
<time>2026-05-05T10:38:40Z</time>
<extensions>
<gpxtpx:TrackPointExtension>
<gpxtpx:hr>170</gpxtpx:hr>
</gpxtpx:TrackPointExtension>
</extensions>
</trkpt>
<trkpt lat="36.9792504" lon="127.8863554">
<ele>74.671</ele>
<time>2026-05-05T10:38:41Z</time>
<extensions>
<gpxtpx:TrackPointExtension>
<gpxtpx:hr>171</gpxtpx:hr>
</gpxtpx:TrackPointExtension>
</extensions>
</trkpt>
<trkpt lat="36.9792724" lon="127.88637">
<ele>74.761</ele>
<time>2026-05-05T10:38:42Z</time>
<extensions>
<gpxtpx:TrackPointExtension>
<gpxtpx:hr>171</gpxtpx:hr>
</gpxtpx:TrackPointExtension>
</extensions>
</trkpt>
<trkpt lat="36.9792929" lon="127.8863863">
<ele>74.787</ele>
<time>2026-05-05T10:38:43Z</time>
<extensions>
<gpxtpx:TrackPointExtension>
<gpxtpx:hr>171</gpxtpx:hr>
<gpxtpx:cad>175</gpxtpx:cad>
</gpxtpx:TrackPointExtension>
</extensions>
</trkpt>
<trkpt lat="36.9793137" lon="127.8864022">
<ele>74.748</ele>
<time>2026-05-05T10:38:44Z</time>
<extensions>
<gpxtpx:TrackPointExtension>
<gpxtpx:hr>171</gpxtpx:hr>
</gpxtpx:TrackPointExtension>
</extensions>
</trkpt>
<trkpt lat="36.9793339" lon="127.8864187">
<ele>74.818</ele>
<time>2026-05-05T10:38:45Z</time>
<extensions>
<gpxtpx:TrackPointExtension>
<gpxtpx:hr>170</gpxtpx:hr>
</gpxtpx:TrackPointExtension>
</extensions>
</trkpt>
<trkpt lat="36.9793537" lon="127.8864357">
<ele>74.741</ele>
<time>2026-05-05T10:38:46Z</time>
<extensions>
<gpxtpx:TrackPointExtension>
<gpxtpx:hr>170</gpxtpx:hr>
</gpxtpx:TrackPointExtension>
</extensions>
</trkpt>
<trkpt lat="36.979374" lon="127.8864535">
<ele>74.621</ele>
<time>2026-05-05T10:38:47Z</time>
<extensions>
<gpxtpx:TrackPointExtension>
<gpxtpx:hr>169</gpxtpx:hr>
</gpxtpx:TrackPointExtension>
</extensions>
</trkpt>
<trkpt lat="36.9793942" lon="127.8864715">
<ele>74.627</ele>
<time>2026-05-05T10:38:48Z</time>
<extensions>
<gpxtpx:TrackPointExtension>
<gpxtpx:hr>169</gpxtpx:hr>
<gpxtpx:cad>173</gpxtpx:cad>
</gpxtpx:TrackPointExtension>
</extensions>
</trkpt>
<trkpt lat="36.9794152" lon="127.8864897">
<ele>74.621</ele>
<time>2026-05-05T10:38:49Z</time>
<extensions>
<gpxtpx:TrackPointExtension>
<gpxtpx:hr>169</gpxtpx:hr>
</gpxtpx:TrackPointExtension>
</extensions>
</trkpt>
<trkpt lat="36.979437" lon="127.886508">
<ele>74.731</ele>
<time>2026-05-05T10:38:50Z</time>
<extensions>
<gpxtpx:TrackPointExtension>
<gpxtpx:hr>169</gpxtpx:hr>
</gpxtpx:TrackPointExtension>
</extensions>
</trkpt>
<trkpt lat="36.9794591" lon="127.8865265">
<ele>74.745</ele>
<time>2026-05-05T10:38:51Z</time>
<extensions>
<gpxtpx:TrackPointExtension>
<gpxtpx:hr>168</gpxtpx:hr>
</gpxtpx:TrackPointExtension>
</extensions>
</trkpt>
<trkpt lat="36.9794818" lon="127.8865452">
<ele>74.738</ele>
<time>2026-05-05T10:38:52Z</time>
<extensions>
<gpxtpx:TrackPointExtension>
<gpxtpx:hr>168</gpxtpx:hr>
</gpxtpx:TrackPointExtension>
</extensions>
</trkpt>
<trkpt lat="36.9795046" lon="127.8865639">
<ele>74.762</ele>
<time>2026-05-05T10:38:53Z</time>
<extensions>
<gpxtpx:TrackPointExtension>
<gpxtpx:hr>167</gpxtpx:hr>
<gpxtpx:cad>172</gpxtpx:cad>
</gpxtpx:TrackPointExtension>
</extensions>
</trkpt>
<trkpt lat="36.9795279" lon="127.8865818">
<ele>74.748</ele>
<time>2026-05-05T10:38:54Z</time>
<extensions>
<gpxtpx:TrackPointExtension>
<gpxtpx:hr>167</gpxtpx:hr>
</gpxtpx:TrackPointExtension>
</extensions>
</trkpt>
<trkpt lat="36.9795515" lon="127.886599">
<ele>74.761</ele>
<time>2026-05-05T10:38:55Z</time>
<extensions>
<gpxtpx:TrackPointExtension>
<gpxtpx:hr>166</gpxtpx:hr>
</gpxtpx:TrackPointExtension>
</extensions>
</trkpt>
<trkpt lat="36.9795751" lon="127.8866159">
<ele>74.72</ele>
<time>2026-05-05T10:38:56Z</time>
<extensions>
<gpxtpx:TrackPointExtension>
<gpxtpx:hr>166</gpxtpx:hr>
</gpxtpx:TrackPointExtension>
</extensions>
</trkpt>
<trkpt lat="36.9795991" lon="127.886632">
<ele>74.693</ele>
<time>2026-05-05T10:38:57Z</time>
<extensions>
<gpxtpx:TrackPointExtension>
<gpxtpx:hr>165</gpxtpx:hr>
</gpxtpx:TrackPointExtension>
</extensions>
</trkpt>
<trkpt lat="36.9796232" lon="127.886648">
<ele>74.667</ele>
<time>2026-05-05T10:38:58Z</time>
<extensions>
<gpxtpx:TrackPointExtension>
<gpxtpx:hr>165</gpxtpx:hr>
<gpxtpx:cad>170</gpxtpx:cad>
</gpxtpx:TrackPointExtension>
</extensions>
</trkpt>
<trkpt lat="36.979648" lon="127.8866615">
<ele>74.682</ele>
<time>2026-05-05T10:38:59Z</time>
<extensions>
<gpxtpx:TrackPointExtension>
<gpxtpx:hr>164</gpxtpx:hr>
</gpxtpx:TrackPointExtension>
</extensions>
</trkpt>
<trkpt lat="36.9796727" lon="127.8866756">
<ele>74.659</ele>
<time>2026-05-05T10:39:00Z</time>
<extensions>
<gpxtpx:TrackPointExtension>
<gpxtpx:hr>164</gpxtpx:hr>
<gpxtpx:cad>169</gpxtpx:cad>
</gpxtpx:TrackPointExtension>
</extensions>
</trkpt>
<trkpt lat="36.9796976" lon="127.8866877">
<ele>74.683</ele>
<time>2026-05-05T10:39:01Z</time>
<extensions>
<gpxtpx:TrackPointExtension>
<gpxtpx:hr>164</gpxtpx:hr>
</gpxtpx:TrackPointExtension>
</extensions>
</trkpt>
<trkpt lat="36.9797224" lon="127.8866998">
<ele>74.67</ele>
<time>2026-05-05T10:39:02Z</time>
<extensions>
<gpxtpx:TrackPointExtension>
<gpxtpx:hr>163</gpxtpx:hr>
</gpxtpx:TrackPointExtension>
</extensions>
</trkpt>
<trkpt lat="36.9797472" lon="127.8867115">
<ele>74.68</ele>
<time>2026-05-05T10:39:03Z</time>
<extensions>
<gpxtpx:TrackPointExtension>
<gpxtpx:hr>163</gpxtpx:hr>
<gpxtpx:cad>169</gpxtpx:cad>
</gpxtpx:TrackPointExtension>
</extensions>
</trkpt>
<trkpt lat="36.9797718" lon="127.8867229">
<ele>74.667</ele>
<time>2026-05-05T10:39:04Z</time>
<extensions>
<gpxtpx:TrackPointExtension>
<gpxtpx:hr>162</gpxtpx:hr>
</gpxtpx:TrackPointExtension>
</extensions>
</trkpt>
<trkpt lat="36.9797965" lon="127.8867342">
<ele>74.712</ele>
<time>2026-05-05T10:39:05Z</time>
<extensions>
<gpxtpx:TrackPointExtension>
<gpxtpx:hr>162</gpxtpx:hr>
</gpxtpx:TrackPointExtension>
</extensions>
</trkpt>
<trkpt lat="36.9798212" lon="127.8867454">
<ele>74.683</ele>
<time>2026-05-05T10:39:06Z</time>
<extensions>
<gpxtpx:TrackPointExtension>
<gpxtpx:hr>162</gpxtpx:hr>
</gpxtpx:TrackPointExtension>
</extensions>
</trkpt>
<trkpt lat="36.9798461" lon="127.8867568">
<ele>74.644</ele>
<time>2026-05-05T10:39:07Z</time>
<extensions>
<gpxtpx:TrackPointExtension>
<gpxtpx:hr>162</gpxtpx:hr>
</gpxtpx:TrackPointExtension>
</extensions>
</trkpt>
<trkpt lat="36.9798713" lon="127.8867683">
<ele>74.582</ele>
<time>2026-05-05T10:39:08Z</time>
<extensions>
<gpxtpx:TrackPointExtension>
<gpxtpx:hr>162</gpxtpx:hr>
<gpxtpx:cad>172</gpxtpx:cad>
</gpxtpx:TrackPointExtension>
</extensions>
</trkpt>
<trkpt lat="36.9798971" lon="127.8867802">
<ele>74.523</ele>
<time>2026-05-05T10:39:09Z</time>
<extensions>
<gpxtpx:TrackPointExtension>
<gpxtpx:hr>162</gpxtpx:hr>
</gpxtpx:TrackPointExtension>
</extensions>
</trkpt>
<trkpt lat="36.9799226" lon="127.8867919">
<ele>74.482</ele>
<time>2026-05-05T10:39:10Z</time>
<extensions>
<gpxtpx:TrackPointExtension>
<gpxtpx:hr>162</gpxtpx:hr>
</gpxtpx:TrackPointExtension>
</extensions>
</trkpt>
<trkpt lat="36.9799481" lon="127.886804">
<ele>74.37</ele>
<time>2026-05-05T10:39:11Z</time>
<extensions>
<gpxtpx:TrackPointExtension>
<gpxtpx:hr>162</gpxtpx:hr>
</gpxtpx:TrackPointExtension>
</extensions>
</trkpt>
<trkpt lat="36.9799732" lon="127.8868157">
<ele>74.314</ele>
<time>2026-05-05T10:39:12Z</time>
<extensions>
<gpxtpx:TrackPointExtension>
<gpxtpx:hr>162</gpxtpx:hr>
</gpxtpx:TrackPointExtension>
</extensions>
</trkpt>
<trkpt lat="36.9799983" lon="127.8868279">
<ele>74.248</ele>
<time>2026-05-05T10:39:13Z</time>
<extensions>
<gpxtpx:TrackPointExtension>
<gpxtpx:hr>162</gpxtpx:hr>
<gpxtpx:cad>174</gpxtpx:cad>
</gpxtpx:TrackPointExtension>
</extensions>
</trkpt>
<trkpt lat="36.9800233" lon="127.8868397">
<ele>74.307</ele>
<time>2026-05-05T10:39:14Z</time>
<extensions>
<gpxtpx:TrackPointExtension>
<gpxtpx:hr>162</gpxtpx:hr>
</gpxtpx:TrackPointExtension>
</extensions>
</trkpt>
<trkpt lat="36.9800484" lon="127.8868516">
<ele>74.264</ele>
<time>2026-05-05T10:39:15Z</time>
<extensions>
<gpxtpx:TrackPointExtension>
<gpxtpx:hr>162</gpxtpx:hr>
</gpxtpx:TrackPointExtension>
</extensions>
</trkpt>
<trkpt lat="36.9800734" lon="127.8868635">
<ele>74.295</ele>
<time>2026-05-05T10:39:16Z</time>
<extensions>
<gpxtpx:TrackPointExtension>
<gpxtpx:hr>162</gpxtpx:hr>
</gpxtpx:TrackPointExtension>
</extensions>
</trkpt>
<trkpt lat="36.9800985" lon="127.8868754">
<ele>74.299</ele>
<time>2026-05-05T10:39:17Z</time>
<extensions>
<gpxtpx:TrackPointExtension>
<gpxtpx:hr>162</gpxtpx:hr>
</gpxtpx:TrackPointExtension>
</extensions>
</trkpt>
<trkpt lat="36.9801235" lon="127.886887">
<ele>74.343</ele>
<time>2026-05-05T10:39:18Z</time>
<extensions>
<gpxtpx:TrackPointExtension>
<gpxtpx:hr>162</gpxtpx:hr>
<gpxtpx:cad>172</gpxtpx:cad>
</gpxtpx:TrackPointExtension>
</extensions>
</trkpt>
<trkpt lat="36.9801487" lon="127.886899">
<ele>74.461</ele>
<time>2026-05-05T10:39:19Z</time>
<extensions>
<gpxtpx:TrackPointExtension>
<gpxtpx:hr>162</gpxtpx:hr>
</gpxtpx:TrackPointExtension>
</extensions>
</trkpt>
<trkpt lat="36.9801738" lon="127.8869107">
<ele>74.55</ele>
<time>2026-05-05T10:39:20Z</time>
<extensions>
<gpxtpx:TrackPointExtension>
<gpxtpx:hr>162</gpxtpx:hr>
</gpxtpx:TrackPointExtension>
</extensions>
</trkpt>
<trkpt lat="36.9801989" lon="127.8869227">
<ele>74.645</ele>
<time>2026-05-05T10:39:21Z</time>
<extensions>
<gpxtpx:TrackPointExtension>
<gpxtpx:hr>163</gpxtpx:hr>
</gpxtpx:TrackPointExtension>
</extensions>
</trkpt>
<trkpt lat="36.9802241" lon="127.8869339">
<ele>74.623</ele>
<time>2026-05-05T10:39:22Z</time>
<extensions>
<gpxtpx:TrackPointExtension>
<gpxtpx:hr>163</gpxtpx:hr>
</gpxtpx:TrackPointExtension>
</extensions>
</trkpt>
<trkpt lat="36.980249" lon="127.8869458">
<ele>74.535</ele>
<time>2026-05-05T10:39:23Z</time>
<extensions>
<gpxtpx:TrackPointExtension>
<gpxtpx:hr>163</gpxtpx:hr>
<gpxtpx:cad>174</gpxtpx:cad>
</gpxtpx:TrackPointExtension>
</extensions>
</trkpt>
<trkpt lat="36.980274" lon="127.8869574">
<ele>74.587</ele>
<time>2026-05-05T10:39:24Z</time>
<extensions>
<gpxtpx:TrackPointExtension>
<gpxtpx:hr>163</gpxtpx:hr>
</gpxtpx:TrackPointExtension>
</extensions>
</trkpt>
<trkpt lat="36.9802985" lon="127.8869697">
<ele>74.652</ele>
<time>2026-05-05T10:39:25Z</time>
<extensions>
<gpxtpx:TrackPointExtension>
<gpxtpx:hr>163</gpxtpx:hr>
</gpxtpx:TrackPointExtension>
</extensions>
</trkpt>
<trkpt lat="36.9803236" lon="127.8869809">
<ele>74.642</ele>
<time>2026-05-05T10:39:26Z</time>
<extensions>
<gpxtpx:TrackPointExtension>
<gpxtpx:hr>163</gpxtpx:hr>
</gpxtpx:TrackPointExtension>
</extensions>
</trkpt>
<trkpt lat="36.9803486" lon="127.8869923">
<ele>74.666</ele>
<time>2026-05-05T10:39:27Z</time>
<extensions>
<gpxtpx:TrackPointExtension>
<gpxtpx:hr>163</gpxtpx:hr>
</gpxtpx:TrackPointExtension>
</extensions>
</trkpt>
<trkpt lat="36.980374" lon="127.8870028">
<ele>74.651</ele>
<time>2026-05-05T10:39:28Z</time>
<extensions>
<gpxtpx:TrackPointExtension>
<gpxtpx:hr>163</gpxtpx:hr>
<gpxtpx:cad>178</gpxtpx:cad>
</gpxtpx:TrackPointExtension>
</extensions>
</trkpt>
<trkpt lat="36.9803999" lon="127.887013">
<ele>74.617</ele>
<time>2026-05-05T10:39:29Z</time>
<extensions>
<gpxtpx:TrackPointExtension>
<gpxtpx:hr>163</gpxtpx:hr>
</gpxtpx:TrackPointExtension>
</extensions>
</trkpt>
<trkpt lat="36.980426" lon="127.8870232">
<ele>74.663</ele>
<time>2026-05-05T10:39:30Z</time>
<extensions>
<gpxtpx:TrackPointExtension>
<gpxtpx:hr>163</gpxtpx:hr>
</gpxtpx:TrackPointExtension>
</extensions>
</trkpt>
<trkpt lat="36.9804522" lon="127.8870332">
<ele>74.683</ele>
<time>2026-05-05T10:39:31Z</time>
<extensions>
<gpxtpx:TrackPointExtension>
<gpxtpx:hr>163</gpxtpx:hr>
</gpxtpx:TrackPointExtension>
</extensions>
</trkpt>
<trkpt lat="36.9804786" lon="127.887043">
<ele>74.644</ele>
<time>2026-05-05T10:39:32Z</time>
<extensions>
<gpxtpx:TrackPointExtension>
<gpxtpx:hr>163</gpxtpx:hr>
</gpxtpx:TrackPointExtension>
</extensions>
</trkpt>
<trkpt lat="36.9805049" lon="127.8870529">
<ele>74.676</ele>
<time>2026-05-05T10:39:33Z</time>
<extensions>
<gpxtpx:TrackPointExtension>
<gpxtpx:hr>163</gpxtpx:hr>
<gpxtpx:cad>180</gpxtpx:cad>
</gpxtpx:TrackPointExtension>
</extensions>
</trkpt>
<trkpt lat="36.9805315" lon="127.8870621">
<ele>74.682</ele>
<time>2026-05-05T10:39:34Z</time>
<extensions>
<gpxtpx:TrackPointExtension>
<gpxtpx:hr>162</gpxtpx:hr>
<gpxtpx:cad>180</gpxtpx:cad>
</gpxtpx:TrackPointExtension>
</extensions>
</trkpt>
<trkpt lat="36.9805582" lon="127.8870708">
<ele>74.638</ele>
<time>2026-05-05T10:39:35Z</time>
<extensions>
<gpxtpx:TrackPointExtension>
<gpxtpx:hr>162</gpxtpx:hr>
</gpxtpx:TrackPointExtension>
</extensions>
</trkpt>
<trkpt lat="36.980585" lon="127.8870787">
<ele>74.634</ele>
<time>2026-05-05T10:39:36Z</time>
<extensions>
<gpxtpx:TrackPointExtension>
<gpxtpx:hr>161</gpxtpx:hr>
</gpxtpx:TrackPointExtension>
</extensions>
</trkpt>
<trkpt lat="36.980612" lon="127.8870858">
<ele>74.67</ele>
<time>2026-05-05T10:39:37Z</time>
<extensions>
<gpxtpx:TrackPointExtension>
<gpxtpx:hr>161</gpxtpx:hr>
</gpxtpx:TrackPointExtension>
</extensions>
</trkpt>
<trkpt lat="36.9806392" lon="127.8870917">
<ele>74.68</ele>
<time>2026-05-05T10:39:38Z</time>
<extensions>
<gpxtpx:TrackPointExtension>
<gpxtpx:hr>161</gpxtpx:hr>
<gpxtpx:cad>178</gpxtpx:cad>
</gpxtpx:TrackPointExtension>
</extensions>
</trkpt>
<trkpt lat="36.9806663" lon="127.887098">
<ele>74.619</ele>
<time>2026-05-05T10:39:39Z</time>
<extensions>
<gpxtpx:TrackPointExtension>
<gpxtpx:hr>161</gpxtpx:hr>
</gpxtpx:TrackPointExtension>
</extensions>
</trkpt>
<trkpt lat="36.9806936" lon="127.8871034">
<ele>74.636</ele>
<time>2026-05-05T10:39:40Z</time>
<extensions>
<gpxtpx:TrackPointExtension>
<gpxtpx:hr>162</gpxtpx:hr>
</gpxtpx:TrackPointExtension>
</extensions>
</trkpt>
<trkpt lat="36.9807209" lon="127.8871087">
<ele>74.694</ele>
<time>2026-05-05T10:39:41Z</time>
<extensions>
<gpxtpx:TrackPointExtension>
<gpxtpx:hr>162</gpxtpx:hr>
</gpxtpx:TrackPointExtension>
</extensions>
</trkpt>
<trkpt lat="36.9807482" lon="127.8871141">
<ele>74.666</ele>
<time>2026-05-05T10:39:42Z</time>
<extensions>
<gpxtpx:TrackPointExtension>
<gpxtpx:hr>162</gpxtpx:hr>
</gpxtpx:TrackPointExtension>
</extensions>
</trkpt>
<trkpt lat="36.9807751" lon="127.8871197">
<ele>74.679</ele>
<time>2026-05-05T10:39:43Z</time>
<extensions>
<gpxtpx:TrackPointExtension>
<gpxtpx:hr>162</gpxtpx:hr>
<gpxtpx:cad>178</gpxtpx:cad>
</gpxtpx:TrackPointExtension>
</extensions>
</trkpt>
<trkpt lat="36.9808011" lon="127.8871261">
<ele>74.724</ele>
<time>2026-05-05T10:39:44Z</time>
<extensions>
<gpxtpx:TrackPointExtension>
<gpxtpx:hr>162</gpxtpx:hr>
</gpxtpx:TrackPointExtension>
</extensions>
</trkpt>
<trkpt lat="36.9808268" lon="127.8871328">
<ele>74.685</ele>
<time>2026-05-05T10:39:45Z</time>
<extensions>
<gpxtpx:TrackPointExtension>
<gpxtpx:hr>162</gpxtpx:hr>
</gpxtpx:TrackPointExtension>
</extensions>
</trkpt>
<trkpt lat="36.980851" lon="127.8871412">
<ele>74.625</ele>
<time>2026-05-05T10:39:46Z</time>
<extensions>
<gpxtpx:TrackPointExtension>
<gpxtpx:hr>162</gpxtpx:hr>
</gpxtpx:TrackPointExtension>
</extensions>
</trkpt>
<trkpt lat="36.9808754" lon="127.8871498">
<ele>74.606</ele>
<time>2026-05-05T10:39:47Z</time>
<extensions>
<gpxtpx:TrackPointExtension>
<gpxtpx:hr>162</gpxtpx:hr>
</gpxtpx:TrackPointExtension>
</extensions>
</trkpt>
<trkpt lat="36.9808998" lon="127.8871585">
<ele>74.615</ele>
<time>2026-05-05T10:39:48Z</time>
<extensions>
<gpxtpx:TrackPointExtension>
<gpxtpx:hr>162</gpxtpx:hr>
<gpxtpx:cad>181</gpxtpx:cad>
</gpxtpx:TrackPointExtension>
</extensions>
</trkpt>
<trkpt lat="36.9809242" lon="127.8871679">
<ele>74.582</ele>
<time>2026-05-05T10:39:49Z</time>
<extensions>
<gpxtpx:TrackPointExtension>
<gpxtpx:hr>162</gpxtpx:hr>
</gpxtpx:TrackPointExtension>
</extensions>
</trkpt>
<trkpt lat="36.9809497" lon="127.8871751">
<ele>74.452</ele>
<time>2026-05-05T10:39:50Z</time>
<extensions>
<gpxtpx:TrackPointExtension>
<gpxtpx:hr>162</gpxtpx:hr>
</gpxtpx:TrackPointExtension>
</extensions>
</trkpt>
<trkpt lat="36.980975" lon="127.8871832">
<ele>74.423</ele>
<time>2026-05-05T10:39:51Z</time>
<extensions>
<gpxtpx:TrackPointExtension>
<gpxtpx:hr>162</gpxtpx:hr>
</gpxtpx:TrackPointExtension>
</extensions>
</trkpt>
<trkpt lat="36.9810003" lon="127.8871915">
<ele>74.549</ele>
<time>2026-05-05T10:39:52Z</time>
<extensions>
<gpxtpx:TrackPointExtension>
<gpxtpx:hr>161</gpxtpx:hr>
</gpxtpx:TrackPointExtension>
</extensions>
</trkpt>
<trkpt lat="36.9810257" lon="127.8872">
<ele>74.572</ele>
<time>2026-05-05T10:39:53Z</time>
<extensions>
<gpxtpx:TrackPointExtension>
<gpxtpx:hr>162</gpxtpx:hr>
<gpxtpx:cad>182</gpxtpx:cad>
</gpxtpx:TrackPointExtension>
</extensions>
</trkpt>
<trkpt lat="36.9810511" lon="127.8872088">
<ele>74.468</ele>
<time>2026-05-05T10:39:54Z</time>
<extensions>
<gpxtpx:TrackPointExtension>
<gpxtpx:hr>162</gpxtpx:hr>
</gpxtpx:TrackPointExtension>
</extensions>
</trkpt>
<trkpt lat="36.9810758" lon="127.8872174">
<ele>74.432</ele>
<time>2026-05-05T10:39:55Z</time>
<extensions>
<gpxtpx:TrackPointExtension>
<gpxtpx:hr>162</gpxtpx:hr>
</gpxtpx:TrackPointExtension>
</extensions>
</trkpt>
<trkpt lat="36.9811022" lon="127.8872266">
<ele>74.562</ele>
<time>2026-05-05T10:39:56Z</time>
<extensions>
<gpxtpx:TrackPointExtension>
<gpxtpx:hr>162</gpxtpx:hr>
</gpxtpx:TrackPointExtension>
</extensions>
</trkpt>
<trkpt lat="36.9811273" lon="127.8872355">
<ele>74.663</ele>
<time>2026-05-05T10:39:57Z</time>
<extensions>
<gpxtpx:TrackPointExtension>
<gpxtpx:hr>163</gpxtpx:hr>
</gpxtpx:TrackPointExtension>
</extensions>
</trkpt>
<trkpt lat="36.9811541" lon="127.8872444">
<ele>74.797</ele>
<time>2026-05-05T10:39:58Z</time>
<extensions>
<gpxtpx:TrackPointExtension>
<gpxtpx:hr>163</gpxtpx:hr>
<gpxtpx:cad>179</gpxtpx:cad>
</gpxtpx:TrackPointExtension>
</extensions>
</trkpt>
<trkpt lat="36.9811797" lon="127.8872534">
<ele>74.857</ele>
<time>2026-05-05T10:39:59Z</time>
<extensions>
<gpxtpx:TrackPointExtension>
<gpxtpx:hr>162</gpxtpx:hr>
</gpxtpx:TrackPointExtension>
</extensions>
</trkpt>
<trkpt lat="36.9812062" lon="127.8872621">
<ele>74.809</ele>
<time>2026-05-05T10:40:00Z</time>
<extensions>
<gpxtpx:TrackPointExtension>
<gpxtpx:hr>163</gpxtpx:hr>
</gpxtpx:TrackPointExtension>
</extensions>
</trkpt>
<trkpt lat="36.9812324" lon="127.8872711">
<ele>74.71</ele>
<time>2026-05-05T10:40:01Z</time>
</trkpt>
<trkpt lat="36.9812598" lon="127.8872791">
<ele>74.661</ele>
<time>2026-05-05T10:40:02Z</time>
<extensions>
<gpxtpx:TrackPointExtension>
<gpxtpx:hr>163</gpxtpx:hr>
</gpxtpx:TrackPointExtension>
</extensions>
</trkpt>
<trkpt lat="36.9812866" lon="127.8872879">
<ele>74.551</ele>
<time>2026-05-05T10:40:03Z</time>
<extensions>
<gpxtpx:TrackPointExtension>
<gpxtpx:hr>163</gpxtpx:hr>
<gpxtpx:cad>178</gpxtpx:cad>
</gpxtpx:TrackPointExtension>
</extensions>
</trkpt>
<trkpt lat="36.9813138" lon="127.887296">
<ele>74.534</ele>
<time>2026-05-05T10:40:04Z</time>
<extensions>
<gpxtpx:TrackPointExtension>
<gpxtpx:hr>164</gpxtpx:hr>
</gpxtpx:TrackPointExtension>
</extensions>
</trkpt>
<trkpt lat="36.9813411" lon="127.8873037">
<ele>74.882</ele>
<time>2026-05-05T10:40:05Z</time>
<extensions>
<gpxtpx:TrackPointExtension>
<gpxtpx:hr>165</gpxtpx:hr>
</gpxtpx:TrackPointExtension>
</extensions>
</trkpt>
<trkpt lat="36.981368" lon="127.8873104">
<ele>74.846</ele>
<time>2026-05-05T10:40:06Z</time>
<extensions>
<gpxtpx:TrackPointExtension>
<gpxtpx:hr>165</gpxtpx:hr>
</gpxtpx:TrackPointExtension>
</extensions>
</trkpt>
<trkpt lat="36.9813954" lon="127.8873185">
<ele>74.688</ele>
<time>2026-05-05T10:40:07Z</time>
<extensions>
<gpxtpx:TrackPointExtension>
<gpxtpx:hr>166</gpxtpx:hr>
<gpxtpx:cad>177</gpxtpx:cad>
</gpxtpx:TrackPointExtension>
</extensions>
</trkpt>
<trkpt lat="36.9814219" lon="127.8873245">
<ele>74.572</ele>
<time>2026-05-05T10:40:08Z</time>
<extensions>
<gpxtpx:TrackPointExtension>
<gpxtpx:hr>167</gpxtpx:hr>
<gpxtpx:cad>176</gpxtpx:cad>
</gpxtpx:TrackPointExtension>
</extensions>
</trkpt>
<trkpt lat="36.9814486" lon="127.8873312">
<ele>74.597</ele>
<time>2026-05-05T10:40:09Z</time>
<extensions>
<gpxtpx:TrackPointExtension>
<gpxtpx:hr>167</gpxtpx:hr>
</gpxtpx:TrackPointExtension>
</extensions>
</trkpt>
<trkpt lat="36.9814744" lon="127.887337">
<ele>74.883</ele>
<time>2026-05-05T10:40:10Z</time>
<extensions>
<gpxtpx:TrackPointExtension>
<gpxtpx:hr>167</gpxtpx:hr>
</gpxtpx:TrackPointExtension>
</extensions>
</trkpt>
<trkpt lat="36.9815014" lon="127.8873441">
<ele>75.013</ele>
<time>2026-05-05T10:40:11Z</time>
<extensions>
<gpxtpx:TrackPointExtension>
<gpxtpx:hr>168</gpxtpx:hr>
</gpxtpx:TrackPointExtension>
</extensions>
</trkpt>
<trkpt lat="36.9815266" lon="127.8873498">
<ele>74.786</ele>
<time>2026-05-05T10:40:12Z</time>
<extensions>
<gpxtpx:TrackPointExtension>
<gpxtpx:hr>167</gpxtpx:hr>
</gpxtpx:TrackPointExtension>
</extensions>
</trkpt>
<trkpt lat="36.9815532" lon="127.8873563">
<ele>74.591</ele>
<time>2026-05-05T10:40:13Z</time>
<extensions>
<gpxtpx:TrackPointExtension>
<gpxtpx:hr>167</gpxtpx:hr>
<gpxtpx:cad>170</gpxtpx:cad>
</gpxtpx:TrackPointExtension>
</extensions>
</trkpt>
<trkpt lat="36.981578" lon="127.8873619">
<ele>74.457</ele>
<time>2026-05-05T10:40:14Z</time>
<extensions>
<gpxtpx:TrackPointExtension>
<gpxtpx:hr>166</gpxtpx:hr>
</gpxtpx:TrackPointExtension>
</extensions>
</trkpt>
<trkpt lat="36.9816035" lon="127.8873677">
<ele>74.5</ele>
<time>2026-05-05T10:40:15Z</time>
<extensions>
<gpxtpx:TrackPointExtension>
<gpxtpx:hr>166</gpxtpx:hr>
</gpxtpx:TrackPointExtension>
</extensions>
</trkpt>
<trkpt lat="36.9816287" lon="127.8873734">
<ele>74.499</ele>
<time>2026-05-05T10:40:16Z</time>
<extensions>
<gpxtpx:TrackPointExtension>
<gpxtpx:hr>165</gpxtpx:hr>
</gpxtpx:TrackPointExtension>
</extensions>
</trkpt>
<trkpt lat="36.9816534" lon="127.8873793">
<ele>74.555</ele>
<time>2026-05-05T10:40:17Z</time>
<extensions>
<gpxtpx:TrackPointExtension>
<gpxtpx:hr>165</gpxtpx:hr>
</gpxtpx:TrackPointExtension>
</extensions>
</trkpt>
<trkpt lat="36.9816788" lon="127.8873848">
<ele>74.544</ele>
<time>2026-05-05T10:40:18Z</time>
<extensions>
<gpxtpx:TrackPointExtension>
<gpxtpx:hr>165</gpxtpx:hr>
<gpxtpx:cad>171</gpxtpx:cad>
</gpxtpx:TrackPointExtension>
</extensions>
</trkpt>
<trkpt lat="36.9817035" lon="127.8873911">
<ele>74.536</ele>
<time>2026-05-05T10:40:19Z</time>
<extensions>
<gpxtpx:TrackPointExtension>
<gpxtpx:hr>165</gpxtpx:hr>
</gpxtpx:TrackPointExtension>
</extensions>
</trkpt>
<trkpt lat="36.9817285" lon="127.8873965">
<ele>74.609</ele>
<time>2026-05-05T10:40:20Z</time>
<extensions>
<gpxtpx:TrackPointExtension>
<gpxtpx:hr>165</gpxtpx:hr>
</gpxtpx:TrackPointExtension>
</extensions>
</trkpt>
<trkpt lat="36.9817533" lon="127.8874027">
<ele>74.659</ele>
<time>2026-05-05T10:40:21Z</time>
<extensions>
<gpxtpx:TrackPointExtension>
<gpxtpx:hr>165</gpxtpx:hr>
</gpxtpx:TrackPointExtension>
</extensions>
</trkpt>
<trkpt lat="36.9817782" lon="127.887409">
<ele>74.58</ele>
<time>2026-05-05T10:40:22Z</time>
<extensions>
<gpxtpx:TrackPointExtension>
<gpxtpx:hr>165</gpxtpx:hr>
</gpxtpx:TrackPointExtension>
</extensions>
</trkpt>
<trkpt lat="36.9818031" lon="127.8874155">
<ele>74.537</ele>
<time>2026-05-05T10:40:23Z</time>
<extensions>
<gpxtpx:TrackPointExtension>
<gpxtpx:hr>165</gpxtpx:hr>
<gpxtpx:cad>174</gpxtpx:cad>
</gpxtpx:TrackPointExtension>
</extensions>
</trkpt>
<trkpt lat="36.9818276" lon="127.8874215">
<ele>74.54</ele>
<time>2026-05-05T10:40:24Z</time>
<extensions>
<gpxtpx:TrackPointExtension>
<gpxtpx:hr>165</gpxtpx:hr>
</gpxtpx:TrackPointExtension>
</extensions>
</trkpt>
<trkpt lat="36.981852" lon="127.8874276">
<ele>74.528</ele>
<time>2026-05-05T10:40:25Z</time>
<extensions>
<gpxtpx:TrackPointExtension>
<gpxtpx:hr>166</gpxtpx:hr>
</gpxtpx:TrackPointExtension>
</extensions>
</trkpt>
<trkpt lat="36.9818766" lon="127.887434">
<ele>74.482</ele>
<time>2026-05-05T10:40:26Z</time>
<extensions>
<gpxtpx:TrackPointExtension>
<gpxtpx:hr>166</gpxtpx:hr>
</gpxtpx:TrackPointExtension>
</extensions>
</trkpt>
<trkpt lat="36.9819016" lon="127.8874406">
<ele>74.297</ele>
<time>2026-05-05T10:40:27Z</time>
<extensions>
<gpxtpx:TrackPointExtension>
<gpxtpx:hr>167</gpxtpx:hr>
</gpxtpx:TrackPointExtension>
</extensions>
</trkpt>
<trkpt lat="36.9819266" lon="127.8874473">
<ele>74.141</ele>
<time>2026-05-05T10:40:28Z</time>
<extensions>
<gpxtpx:TrackPointExtension>
<gpxtpx:hr>167</gpxtpx:hr>
<gpxtpx:cad>171</gpxtpx:cad>
</gpxtpx:TrackPointExtension>
</extensions>
</trkpt>
<trkpt lat="36.9819527" lon="127.8874552">
<ele>74.189</ele>
<time>2026-05-05T10:40:29Z</time>
<extensions>
<gpxtpx:TrackPointExtension>
<gpxtpx:hr>167</gpxtpx:hr>
</gpxtpx:TrackPointExtension>
</extensions>
</trkpt>
<trkpt lat="36.9819786" lon="127.887463">
<ele>73.977</ele>
<time>2026-05-05T10:40:30Z</time>
<extensions>
<gpxtpx:TrackPointExtension>
<gpxtpx:hr>167</gpxtpx:hr>
</gpxtpx:TrackPointExtension>
</extensions>
</trkpt>
<trkpt lat="36.9820051" lon="127.8874712">
<ele>74.142</ele>
<time>2026-05-05T10:40:31Z</time>
<extensions>
<gpxtpx:TrackPointExtension>
<gpxtpx:hr>166</gpxtpx:hr>
</gpxtpx:TrackPointExtension>
</extensions>
</trkpt>
<trkpt lat="36.9820321" lon="127.8874793">
<ele>74.283</ele>
<time>2026-05-05T10:40:32Z</time>
<extensions>
<gpxtpx:TrackPointExtension>
<gpxtpx:hr>166</gpxtpx:hr>
</gpxtpx:TrackPointExtension>
</extensions>
</trkpt>
<trkpt lat="36.9820595" lon="127.8874873">
<ele>74.399</ele>
<time>2026-05-05T10:40:33Z</time>
<extensions>
<gpxtpx:TrackPointExtension>
<gpxtpx:hr>166</gpxtpx:hr>
<gpxtpx:cad>165</gpxtpx:cad>
</gpxtpx:TrackPointExtension>
</extensions>
</trkpt>
<trkpt lat="36.9820871" lon="127.8874952">
<ele>74.446</ele>
<time>2026-05-05T10:40:34Z</time>
<extensions>
<gpxtpx:TrackPointExtension>
<gpxtpx:hr>167</gpxtpx:hr>
</gpxtpx:TrackPointExtension>
</extensions>
</trkpt>
<trkpt lat="36.982115" lon="127.8875032">
<ele>74.555</ele>
<time>2026-05-05T10:40:35Z</time>
<extensions>
<gpxtpx:TrackPointExtension>
<gpxtpx:hr>167</gpxtpx:hr>
</gpxtpx:TrackPointExtension>
</extensions>
</trkpt>
<trkpt lat="36.982143" lon="127.8875115">
<ele>74.599</ele>
<time>2026-05-05T10:40:36Z</time>
<extensions>
<gpxtpx:TrackPointExtension>
<gpxtpx:hr>167</gpxtpx:hr>
</gpxtpx:TrackPointExtension>
</extensions>
</trkpt>
<trkpt lat="36.9821711" lon="127.88752">
<ele>74.681</ele>
<time>2026-05-05T10:40:37Z</time>
<extensions>
<gpxtpx:TrackPointExtension>
<gpxtpx:hr>166</gpxtpx:hr>
</gpxtpx:TrackPointExtension>
</extensions>
</trkpt>
<trkpt lat="36.9821992" lon="127.8875286">
<ele>74.767</ele>
<time>2026-05-05T10:40:38Z</time>
<extensions>
<gpxtpx:TrackPointExtension>
<gpxtpx:hr>165</gpxtpx:hr>
<gpxtpx:cad>171</gpxtpx:cad>
</gpxtpx:TrackPointExtension>
</extensions>
</trkpt>
<trkpt lat="36.9822272" lon="127.8875382">
<ele>74.797</ele>
<time>2026-05-05T10:40:39Z</time>
<extensions>
<gpxtpx:TrackPointExtension>
<gpxtpx:hr>165</gpxtpx:hr>
</gpxtpx:TrackPointExtension>
</extensions>
</trkpt>
<trkpt lat="36.9822552" lon="127.8875475">
<ele>74.776</ele>
<time>2026-05-05T10:40:40Z</time>
<extensions>
<gpxtpx:TrackPointExtension>
<gpxtpx:hr>164</gpxtpx:hr>
<gpxtpx:cad>175</gpxtpx:cad>
</gpxtpx:TrackPointExtension>
</extensions>
</trkpt>
<trkpt lat="36.9822827" lon="127.8875572">
<ele>74.836</ele>
<time>2026-05-05T10:40:41Z</time>
<extensions>
<gpxtpx:TrackPointExtension>
<gpxtpx:hr>164</gpxtpx:hr>
</gpxtpx:TrackPointExtension>
</extensions>
</trkpt>
<trkpt lat="36.9823103" lon="127.8875671">
<ele>74.87</ele>
<time>2026-05-05T10:40:42Z</time>
<extensions>
<gpxtpx:TrackPointExtension>
<gpxtpx:hr>163</gpxtpx:hr>
</gpxtpx:TrackPointExtension>
</extensions>
</trkpt>
<trkpt lat="36.9823377" lon="127.8875776">
<ele>74.819</ele>
<time>2026-05-05T10:40:43Z</time>
<extensions>
<gpxtpx:TrackPointExtension>
<gpxtpx:hr>163</gpxtpx:hr>
<gpxtpx:cad>179</gpxtpx:cad>
</gpxtpx:TrackPointExtension>
</extensions>
</trkpt>
<trkpt lat="36.9823656" lon="127.8875869">
<ele>74.758</ele>
<time>2026-05-05T10:40:44Z</time>
<extensions>
<gpxtpx:TrackPointExtension>
<gpxtpx:hr>162</gpxtpx:hr>
</gpxtpx:TrackPointExtension>
</extensions>
</trkpt>
<trkpt lat="36.9823933" lon="127.8875968">
<ele>74.746</ele>
<time>2026-05-05T10:40:45Z</time>
<extensions>
<gpxtpx:TrackPointExtension>
<gpxtpx:hr>162</gpxtpx:hr>
</gpxtpx:TrackPointExtension>
</extensions>
</trkpt>
<trkpt lat="36.9824211" lon="127.8876068">
<ele>74.672</ele>
<time>2026-05-05T10:40:46Z</time>
<extensions>
<gpxtpx:TrackPointExtension>
<gpxtpx:hr>163</gpxtpx:hr>
</gpxtpx:TrackPointExtension>
</extensions>
</trkpt>
<trkpt lat="36.9824488" lon="127.8876168">
<ele>74.632</ele>
<time>2026-05-05T10:40:47Z</time>
<extensions>
<gpxtpx:TrackPointExtension>
<gpxtpx:hr>163</gpxtpx:hr>
</gpxtpx:TrackPointExtension>
</extensions>
</trkpt>
<trkpt lat="36.9824773" lon="127.8876272">
<ele>74.573</ele>
<time>2026-05-05T10:40:48Z</time>
<extensions>
<gpxtpx:TrackPointExtension>
<gpxtpx:hr>163</gpxtpx:hr>
<gpxtpx:cad>181</gpxtpx:cad>
</gpxtpx:TrackPointExtension>
</extensions>
</trkpt>
<trkpt lat="36.9825057" lon="127.8876375">
<ele>74.548</ele>
<time>2026-05-05T10:40:49Z</time>
<extensions>
<gpxtpx:TrackPointExtension>
<gpxtpx:hr>163</gpxtpx:hr>
</gpxtpx:TrackPointExtension>
</extensions>
</trkpt>
<trkpt lat="36.9825341" lon="127.887648">
<ele>74.521</ele>
<time>2026-05-05T10:40:50Z</time>
<extensions>
<gpxtpx:TrackPointExtension>
<gpxtpx:hr>163</gpxtpx:hr>
</gpxtpx:TrackPointExtension>
</extensions>
</trkpt>
<trkpt lat="36.9825627" lon="127.8876588">
<ele>74.617</ele>
<time>2026-05-05T10:40:51Z</time>
<extensions>
<gpxtpx:TrackPointExtension>
<gpxtpx:hr>163</gpxtpx:hr>
</gpxtpx:TrackPointExtension>
</extensions>
</trkpt>
<trkpt lat="36.9825905" lon="127.8876689">
<ele>74.647</ele>
<time>2026-05-05T10:40:52Z</time>
<extensions>
<gpxtpx:TrackPointExtension>
<gpxtpx:hr>163</gpxtpx:hr>
</gpxtpx:TrackPointExtension>
</extensions>
</trkpt>
<trkpt lat="36.9826186" lon="127.8876794">
<ele>74.709</ele>
<time>2026-05-05T10:40:53Z</time>
<extensions>
<gpxtpx:TrackPointExtension>
<gpxtpx:hr>163</gpxtpx:hr>
<gpxtpx:cad>181</gpxtpx:cad>
</gpxtpx:TrackPointExtension>
</extensions>
</trkpt>
<trkpt lat="36.9826466" lon="127.8876899">
<ele>74.684</ele>
<time>2026-05-05T10:40:54Z</time>
<extensions>
<gpxtpx:TrackPointExtension>
<gpxtpx:hr>162</gpxtpx:hr>
</gpxtpx:TrackPointExtension>
</extensions>
</trkpt>
<trkpt lat="36.9826751" lon="127.8877004">
<ele>74.58</ele>
<time>2026-05-05T10:40:55Z</time>
<extensions>
<gpxtpx:TrackPointExtension>
<gpxtpx:hr>162</gpxtpx:hr>
</gpxtpx:TrackPointExtension>
</extensions>
</trkpt>
<trkpt lat="36.9827038" lon="127.8877107">
<ele>74.542</ele>
<time>2026-05-05T10:40:56Z</time>
<extensions>
<gpxtpx:TrackPointExtension>
<gpxtpx:hr>162</gpxtpx:hr>
</gpxtpx:TrackPointExtension>
</extensions>
</trkpt>
<trkpt lat="36.9827326" lon="127.8877213">
<ele>74.5</ele>
<time>2026-05-05T10:40:57Z</time>
<extensions>
<gpxtpx:TrackPointExtension>
<gpxtpx:hr>162</gpxtpx:hr>
</gpxtpx:TrackPointExtension>
</extensions>
</trkpt>
<trkpt lat="36.9827615" lon="127.8877301">
<ele>74.432</ele>
<time>2026-05-05T10:40:58Z</time>
<extensions>
<gpxtpx:TrackPointExtension>
<gpxtpx:hr>163</gpxtpx:hr>
<gpxtpx:cad>182</gpxtpx:cad>
</gpxtpx:TrackPointExtension>
</extensions>
</trkpt>
<trkpt lat="36.9827904" lon="127.8877392">
<ele>74.385</ele>
<time>2026-05-05T10:40:59Z</time>
<extensions>
<gpxtpx:TrackPointExtension>
<gpxtpx:hr>163</gpxtpx:hr>
</gpxtpx:TrackPointExtension>
</extensions>
</trkpt>
<trkpt lat="36.9828195" lon="127.8877481">
<ele>74.355</ele>
<time>2026-05-05T10:41:00Z</time>
<extensions>
<gpxtpx:TrackPointExtension>
<gpxtpx:hr>163</gpxtpx:hr>
</gpxtpx:TrackPointExtension>
</extensions>
</trkpt>
<trkpt lat="36.9828487" lon="127.8877583">
<ele>74.347</ele>
<time>2026-05-05T10:41:01Z</time>
<extensions>
<gpxtpx:TrackPointExtension>
<gpxtpx:hr>163</gpxtpx:hr>
</gpxtpx:TrackPointExtension>
</extensions>
</trkpt>
<trkpt lat="36.9828775" lon="127.8877668">
<ele>74.321</ele>
<time>2026-05-05T10:41:02Z</time>
<extensions>
<gpxtpx:TrackPointExtension>
<gpxtpx:hr>163</gpxtpx:hr>
</gpxtpx:TrackPointExtension>
</extensions>
</trkpt>
<trkpt lat="36.9829063" lon="127.8877768">
<ele>74.357</ele>
<time>2026-05-05T10:41:03Z</time>
<extensions>
<gpxtpx:TrackPointExtension>
<gpxtpx:hr>163</gpxtpx:hr>
<gpxtpx:cad>181</gpxtpx:cad>
</gpxtpx:TrackPointExtension>
</extensions>
</trkpt>
<trkpt lat="36.9829345" lon="127.8877837">
<ele>74.332</ele>
<time>2026-05-05T10:41:04Z</time>
<extensions>
<gpxtpx:TrackPointExtension>
<gpxtpx:hr>163</gpxtpx:hr>
</gpxtpx:TrackPointExtension>
</extensions>
</trkpt>
<trkpt lat="36.9829628" lon="127.8877886">
<ele>74.321</ele>
<time>2026-05-05T10:41:05Z</time>
<extensions>
<gpxtpx:TrackPointExtension>
<gpxtpx:hr>164</gpxtpx:hr>
</gpxtpx:TrackPointExtension>
</extensions>
</trkpt>
<trkpt lat="36.9829915" lon="127.8877924">
<ele>74.276</ele>
<time>2026-05-05T10:41:06Z</time>
<extensions>
<gpxtpx:TrackPointExtension>
<gpxtpx:hr>164</gpxtpx:hr>
</gpxtpx:TrackPointExtension>
</extensions>
</trkpt>
<trkpt lat="36.9830206" lon="127.887795">
<ele>74.198</ele>
<time>2026-05-05T10:41:07Z</time>
<extensions>
<gpxtpx:TrackPointExtension>
<gpxtpx:hr>164</gpxtpx:hr>
</gpxtpx:TrackPointExtension>
</extensions>
</trkpt>
<trkpt lat="36.9830495" lon="127.8877975">
<ele>74.202</ele>
<time>2026-05-05T10:41:08Z</time>
<extensions>
<gpxtpx:TrackPointExtension>
<gpxtpx:hr>164</gpxtpx:hr>
<gpxtpx:cad>181</gpxtpx:cad>
</gpxtpx:TrackPointExtension>
</extensions>
</trkpt>
<trkpt lat="36.9830779" lon="127.8878">
<ele>74.241</ele>
<time>2026-05-05T10:41:09Z</time>
<extensions>
<gpxtpx:TrackPointExtension>
<gpxtpx:hr>164</gpxtpx:hr>
</gpxtpx:TrackPointExtension>
</extensions>
</trkpt>
<trkpt lat="36.9831053" lon="127.8878025">
<ele>74.257</ele>
<time>2026-05-05T10:41:10Z</time>
<extensions>
<gpxtpx:TrackPointExtension>
<gpxtpx:hr>164</gpxtpx:hr>
</gpxtpx:TrackPointExtension>
</extensions>
</trkpt>
<trkpt lat="36.9831321" lon="127.8878049">
<ele>74.205</ele>
<time>2026-05-05T10:41:11Z</time>
<extensions>
<gpxtpx:TrackPointExtension>
<gpxtpx:hr>164</gpxtpx:hr>
<gpxtpx:cad>180</gpxtpx:cad>
</gpxtpx:TrackPointExtension>
</extensions>
</trkpt>
<trkpt lat="36.9831582" lon="127.8878071">
<ele>74.204</ele>
<time>2026-05-05T10:41:12Z</time>
<extensions>
<gpxtpx:TrackPointExtension>
<gpxtpx:hr>165</gpxtpx:hr>
</gpxtpx:TrackPointExtension>
</extensions>
</trkpt>
<trkpt lat="36.9831841" lon="127.887809">
<ele>74.24</ele>
<time>2026-05-05T10:41:13Z</time>
<extensions>
<gpxtpx:TrackPointExtension>
<gpxtpx:hr>165</gpxtpx:hr>
<gpxtpx:cad>178</gpxtpx:cad>
</gpxtpx:TrackPointExtension>
</extensions>
</trkpt>
<trkpt lat="36.9832102" lon="127.8878106">
<ele>74.275</ele>
<time>2026-05-05T10:41:14Z</time>
<extensions>
<gpxtpx:TrackPointExtension>
<gpxtpx:hr>165</gpxtpx:hr>
</gpxtpx:TrackPointExtension>
</extensions>
</trkpt>
<trkpt lat="36.9832367" lon="127.8878111">
<ele>74.271</ele>
<time>2026-05-05T10:41:15Z</time>
<extensions>
<gpxtpx:TrackPointExtension>
<gpxtpx:hr>164</gpxtpx:hr>
</gpxtpx:TrackPointExtension>
</extensions>
</trkpt>
<trkpt lat="36.9832636" lon="127.8878102">
<ele>74.255</ele>
<time>2026-05-05T10:41:16Z</time>
<extensions>
<gpxtpx:TrackPointExtension>
<gpxtpx:hr>164</gpxtpx:hr>
</gpxtpx:TrackPointExtension>
</extensions>
</trkpt>
<trkpt lat="36.9832906" lon="127.887809">
<ele>74.194</ele>
<time>2026-05-05T10:41:17Z</time>
<extensions>
<gpxtpx:TrackPointExtension>
<gpxtpx:hr>164</gpxtpx:hr>
</gpxtpx:TrackPointExtension>
</extensions>
</trkpt>
<trkpt lat="36.9833177" lon="127.8878073">
<ele>74.143</ele>
<time>2026-05-05T10:41:18Z</time>
<extensions>
<gpxtpx:TrackPointExtension>
<gpxtpx:cad>175</gpxtpx:cad>
</gpxtpx:TrackPointExtension>
</extensions>
</trkpt>
<trkpt lat="36.9833449" lon="127.8878034">
<ele>74.132</ele>
<time>2026-05-05T10:41:19Z</time>
<extensions>
<gpxtpx:TrackPointExtension>
<gpxtpx:hr>164</gpxtpx:hr>
</gpxtpx:TrackPointExtension>
</extensions>
</trkpt>
<trkpt lat="36.9833719" lon="127.8877994">
<ele>74.131</ele>
<time>2026-05-05T10:41:20Z</time>
<extensions>
<gpxtpx:TrackPointExtension>
<gpxtpx:hr>164</gpxtpx:hr>
</gpxtpx:TrackPointExtension>
</extensions>
</trkpt>
<trkpt lat="36.9833985" lon="127.8877946">
<ele>74.08</ele>
<time>2026-05-05T10:41:21Z</time>
<extensions>
<gpxtpx:TrackPointExtension>
<gpxtpx:hr>164</gpxtpx:hr>
</gpxtpx:TrackPointExtension>
</extensions>
</trkpt>
<trkpt lat="36.9834252" lon="127.88779">
<ele>74.089</ele>
<time>2026-05-05T10:41:22Z</time>
<extensions>
<gpxtpx:TrackPointExtension>
<gpxtpx:hr>163</gpxtpx:hr>
</gpxtpx:TrackPointExtension>
</extensions>
</trkpt>
<trkpt lat="36.9834513" lon="127.8877845">
<ele>74.066</ele>
<time>2026-05-05T10:41:23Z</time>
<extensions>
<gpxtpx:TrackPointExtension>
<gpxtpx:hr>163</gpxtpx:hr>
<gpxtpx:cad>178</gpxtpx:cad>
</gpxtpx:TrackPointExtension>
</extensions>
</trkpt>
<trkpt lat="36.9834774" lon="127.8877786">
<ele>74.094</ele>
<time>2026-05-05T10:41:24Z</time>
<extensions>
<gpxtpx:TrackPointExtension>
<gpxtpx:hr>163</gpxtpx:hr>
</gpxtpx:TrackPointExtension>
</extensions>
</trkpt>
<trkpt lat="36.9835033" lon="127.8877714">
<ele>74.069</ele>
<time>2026-05-05T10:41:25Z</time>
<extensions>
<gpxtpx:TrackPointExtension>
<gpxtpx:hr>163</gpxtpx:hr>
</gpxtpx:TrackPointExtension>
</extensions>
</trkpt>
<trkpt lat="36.9835294" lon="127.8877649">
<ele>74.014</ele>
<time>2026-05-05T10:41:26Z</time>
<extensions>
<gpxtpx:TrackPointExtension>
<gpxtpx:hr>163</gpxtpx:hr>
</gpxtpx:TrackPointExtension>
</extensions>
</trkpt>
<trkpt lat="36.9835553" lon="127.8877568">
<ele>74.002</ele>
<time>2026-05-05T10:41:27Z</time>
<extensions>
<gpxtpx:TrackPointExtension>
<gpxtpx:hr>163</gpxtpx:hr>
</gpxtpx:TrackPointExtension>
</extensions>
</trkpt>
<trkpt lat="36.9835814" lon="127.8877478">
<ele>74.025</ele>
<time>2026-05-05T10:41:28Z</time>
<extensions>
<gpxtpx:TrackPointExtension>
<gpxtpx:hr>163</gpxtpx:hr>
<gpxtpx:cad>181</gpxtpx:cad>
</gpxtpx:TrackPointExtension>
</extensions>
</trkpt>
<trkpt lat="36.9836075" lon="127.8877388">
<ele>74.006</ele>
<time>2026-05-05T10:41:29Z</time>
<extensions>
<gpxtpx:TrackPointExtension>
<gpxtpx:hr>163</gpxtpx:hr>
</gpxtpx:TrackPointExtension>
</extensions>
</trkpt>
<trkpt lat="36.9836338" lon="127.8877283">
<ele>74.035</ele>
<time>2026-05-05T10:41:30Z</time>
<extensions>
<gpxtpx:TrackPointExtension>
<gpxtpx:hr>163</gpxtpx:hr>
</gpxtpx:TrackPointExtension>
</extensions>
</trkpt>
<trkpt lat="36.9836604" lon="127.8877172">
<ele>74.09</ele>
<time>2026-05-05T10:41:31Z</time>
<extensions>
<gpxtpx:TrackPointExtension>
<gpxtpx:hr>163</gpxtpx:hr>
</gpxtpx:TrackPointExtension>
</extensions>
</trkpt>
<trkpt lat="36.9836873" lon="127.8877056">
<ele>74.045</ele>
<time>2026-05-05T10:41:32Z</time>
<extensions>
<gpxtpx:TrackPointExtension>
<gpxtpx:hr>163</gpxtpx:hr>
</gpxtpx:TrackPointExtension>
</extensions>
</trkpt>
<trkpt lat="36.9837145" lon="127.8876936">
<ele>74.026</ele>
<time>2026-05-05T10:41:33Z</time>
<extensions>
<gpxtpx:TrackPointExtension>
<gpxtpx:hr>163</gpxtpx:hr>
<gpxtpx:cad>180</gpxtpx:cad>
</gpxtpx:TrackPointExtension>
</extensions>
</trkpt>
<trkpt lat="36.9837418" lon="127.8876814">
<ele>74.009</ele>
<time>2026-05-05T10:41:34Z</time>
<extensions>
<gpxtpx:TrackPointExtension>
<gpxtpx:hr>163</gpxtpx:hr>
</gpxtpx:TrackPointExtension>
</extensions>
</trkpt>
<trkpt lat="36.9837701" lon="127.887668">
<ele>74.018</ele>
<time>2026-05-05T10:41:35Z</time>
<extensions>
<gpxtpx:TrackPointExtension>
<gpxtpx:hr>163</gpxtpx:hr>
</gpxtpx:TrackPointExtension>
</extensions>
</trkpt>
<trkpt lat="36.9837982" lon="127.8876547">
<ele>74.013</ele>
<time>2026-05-05T10:41:36Z</time>
<extensions>
<gpxtpx:TrackPointExtension>
<gpxtpx:hr>163</gpxtpx:hr>
</gpxtpx:TrackPointExtension>
</extensions>
</trkpt>
<trkpt lat="36.9838266" lon="127.8876407">
<ele>74.037</ele>
<time>2026-05-05T10:41:37Z</time>
<extensions>
<gpxtpx:TrackPointExtension>
<gpxtpx:hr>163</gpxtpx:hr>
</gpxtpx:TrackPointExtension>
</extensions>
</trkpt>
<trkpt lat="36.983855" lon="127.8876264">
<ele>74.086</ele>
<time>2026-05-05T10:41:38Z</time>
<extensions>
<gpxtpx:TrackPointExtension>
<gpxtpx:hr>163</gpxtpx:hr>
<gpxtpx:cad>178</gpxtpx:cad>
</gpxtpx:TrackPointExtension>
</extensions>
</trkpt>
<trkpt lat="36.9838832" lon="127.8876122">
<ele>74.018</ele>
<time>2026-05-05T10:41:39Z</time>
<extensions>
<gpxtpx:TrackPointExtension>
<gpxtpx:hr>163</gpxtpx:hr>
</gpxtpx:TrackPointExtension>
</extensions>
</trkpt>
<trkpt lat="36.9839114" lon="127.8875979">
<ele>73.99</ele>
<time>2026-05-05T10:41:40Z</time>
<extensions>
<gpxtpx:TrackPointExtension>
<gpxtpx:hr>164</gpxtpx:hr>
</gpxtpx:TrackPointExtension>
</extensions>
</trkpt>
<trkpt lat="36.9839389" lon="127.8875836">
<ele>74.07</ele>
<time>2026-05-05T10:41:41Z</time>
<extensions>
<gpxtpx:TrackPointExtension>
<gpxtpx:hr>164</gpxtpx:hr>
</gpxtpx:TrackPointExtension>
</extensions>
</trkpt>
<trkpt lat="36.9839665" lon="127.8875693">
<ele>74.2</ele>
<time>2026-05-05T10:41:42Z</time>
<extensions>
<gpxtpx:TrackPointExtension>
<gpxtpx:hr>165</gpxtpx:hr>
</gpxtpx:TrackPointExtension>
</extensions>
</trkpt>
<trkpt lat="36.9839933" lon="127.8875545">
<ele>74.189</ele>
<time>2026-05-05T10:41:43Z</time>
<extensions>
<gpxtpx:TrackPointExtension>
<gpxtpx:hr>165</gpxtpx:hr>
<gpxtpx:cad>179</gpxtpx:cad>
</gpxtpx:TrackPointExtension>
</extensions>
</trkpt>
<trkpt lat="36.9840198" lon="127.8875397">
<ele>74.178</ele>
<time>2026-05-05T10:41:44Z</time>
<extensions>
<gpxtpx:TrackPointExtension>
<gpxtpx:hr>165</gpxtpx:hr>
<gpxtpx:cad>180</gpxtpx:cad>
</gpxtpx:TrackPointExtension>
</extensions>
</trkpt>
<trkpt lat="36.9840452" lon="127.8875245">
<ele>74.222</ele>
<time>2026-05-05T10:41:45Z</time>
<extensions>
<gpxtpx:TrackPointExtension>
<gpxtpx:hr>165</gpxtpx:hr>
</gpxtpx:TrackPointExtension>
</extensions>
</trkpt>
<trkpt lat="36.984071" lon="127.8875095">
<ele>74.163</ele>
<time>2026-05-05T10:41:46Z</time>
<extensions>
<gpxtpx:TrackPointExtension>
<gpxtpx:hr>165</gpxtpx:hr>
</gpxtpx:TrackPointExtension>
</extensions>
</trkpt>
<trkpt lat="36.984096" lon="127.8874937">
<ele>74.098</ele>
<time>2026-05-05T10:41:47Z</time>
<extensions>
<gpxtpx:TrackPointExtension>
<gpxtpx:hr>165</gpxtpx:hr>
</gpxtpx:TrackPointExtension>
</extensions>
</trkpt>
<trkpt lat="36.9841215" lon="127.8874776">
<ele>74.154</ele>
<time>2026-05-05T10:41:48Z</time>
<extensions>
<gpxtpx:TrackPointExtension>
<gpxtpx:hr>165</gpxtpx:hr>
<gpxtpx:cad>181</gpxtpx:cad>
</gpxtpx:TrackPointExtension>
</extensions>
</trkpt>
<trkpt lat="36.9841474" lon="127.887462">
<ele>74.168</ele>
<time>2026-05-05T10:41:49Z</time>
<extensions>
<gpxtpx:TrackPointExtension>
<gpxtpx:hr>165</gpxtpx:hr>
</gpxtpx:TrackPointExtension>
</extensions>
</trkpt>
<trkpt lat="36.9841733" lon="127.8874467">
<ele>74.114</ele>
<time>2026-05-05T10:41:50Z</time>
<extensions>
<gpxtpx:TrackPointExtension>
<gpxtpx:hr>165</gpxtpx:hr>
</gpxtpx:TrackPointExtension>
</extensions>
</trkpt>
<trkpt lat="36.9841992" lon="127.8874302">
<ele>74.088</ele>
<time>2026-05-05T10:41:51Z</time>
<extensions>
<gpxtpx:TrackPointExtension>
<gpxtpx:hr>164</gpxtpx:hr>
</gpxtpx:TrackPointExtension>
</extensions>
</trkpt>
<trkpt lat="36.9842248" lon="127.8874144">
<ele>74.084</ele>
<time>2026-05-05T10:41:52Z</time>
<extensions>
<gpxtpx:TrackPointExtension>
<gpxtpx:hr>164</gpxtpx:hr>
</gpxtpx:TrackPointExtension>
</extensions>
</trkpt>
<trkpt lat="36.9842508" lon="127.8873977">
<ele>74.005</ele>
<time>2026-05-05T10:41:53Z</time>
<extensions>
<gpxtpx:TrackPointExtension>
<gpxtpx:hr>164</gpxtpx:hr>
<gpxtpx:cad>181</gpxtpx:cad>
</gpxtpx:TrackPointExtension>
</extensions>
</trkpt>
<trkpt lat="36.9842763" lon="127.8873816">
<ele>74.037</ele>
<time>2026-05-05T10:41:54Z</time>
<extensions>
<gpxtpx:TrackPointExtension>
<gpxtpx:hr>164</gpxtpx:hr>
</gpxtpx:TrackPointExtension>
</extensions>
</trkpt>
<trkpt lat="36.9843021" lon="127.8873652">
<ele>74.056</ele>
<time>2026-05-05T10:41:55Z</time>
<extensions>
<gpxtpx:TrackPointExtension>
<gpxtpx:hr>164</gpxtpx:hr>
</gpxtpx:TrackPointExtension>
</extensions>
</trkpt>
<trkpt lat="36.9843279" lon="127.8873487">
<ele>74.098</ele>
<time>2026-05-05T10:41:56Z</time>
<extensions>
<gpxtpx:TrackPointExtension>
<gpxtpx:hr>164</gpxtpx:hr>
</gpxtpx:TrackPointExtension>
</extensions>
</trkpt>
<trkpt lat="36.9843537" lon="127.8873323">
<ele>74.121</ele>
<time>2026-05-05T10:41:57Z</time>
<extensions>
<gpxtpx:TrackPointExtension>
<gpxtpx:hr>165</gpxtpx:hr>
</gpxtpx:TrackPointExtension>
</extensions>
</trkpt>
<trkpt lat="36.9843795" lon="127.8873159">
<ele>74.112</ele>
<time>2026-05-05T10:41:58Z</time>
<extensions>
<gpxtpx:TrackPointExtension>
<gpxtpx:hr>165</gpxtpx:hr>
<gpxtpx:cad>181</gpxtpx:cad>
</gpxtpx:TrackPointExtension>
</extensions>
</trkpt>
<trkpt lat="36.9844053" lon="127.8872996">
<ele>74.129</ele>
<time>2026-05-05T10:41:59Z</time>
<extensions>
<gpxtpx:TrackPointExtension>
<gpxtpx:hr>165</gpxtpx:hr>
</gpxtpx:TrackPointExtension>
</extensions>
</trkpt>
<trkpt lat="36.9844309" lon="127.8872833">
<ele>74.213</ele>
<time>2026-05-05T10:42:00Z</time>
<extensions>
<gpxtpx:TrackPointExtension>
<gpxtpx:hr>165</gpxtpx:hr>
</gpxtpx:TrackPointExtension>
</extensions>
</trkpt>
<trkpt lat="36.9844561" lon="127.8872676">
<ele>74.257</ele>
<time>2026-05-05T10:42:01Z</time>
<extensions>
<gpxtpx:TrackPointExtension>
<gpxtpx:hr>165</gpxtpx:hr>
</gpxtpx:TrackPointExtension>
</extensions>
</trkpt>
<trkpt lat="36.9844819" lon="127.8872511">
<ele>74.27</ele>
<time>2026-05-05T10:42:02Z</time>
<extensions>
<gpxtpx:TrackPointExtension>
<gpxtpx:hr>165</gpxtpx:hr>
</gpxtpx:TrackPointExtension>
</extensions>
</trkpt>
<trkpt lat="36.9845068" lon="127.8872356">
<ele>74.288</ele>
<time>2026-05-05T10:42:03Z</time>
<extensions>
<gpxtpx:TrackPointExtension>
<gpxtpx:hr>165</gpxtpx:hr>
<gpxtpx:cad>180</gpxtpx:cad>
</gpxtpx:TrackPointExtension>
</extensions>
</trkpt>
<trkpt lat="36.9845327" lon="127.8872195">
<ele>74.303</ele>
<time>2026-05-05T10:42:04Z</time>
<extensions>
<gpxtpx:TrackPointExtension>
<gpxtpx:hr>165</gpxtpx:hr>
</gpxtpx:TrackPointExtension>
</extensions>
</trkpt>
<trkpt lat="36.9845583" lon="127.8872038">
<ele>74.28</ele>
<time>2026-05-05T10:42:05Z</time>
<extensions>
<gpxtpx:TrackPointExtension>
<gpxtpx:hr>165</gpxtpx:hr>
</gpxtpx:TrackPointExtension>
</extensions>
</trkpt>
<trkpt lat="36.9845833" lon="127.8871886">
<ele>74.318</ele>
<time>2026-05-05T10:42:06Z</time>
<extensions>
<gpxtpx:TrackPointExtension>
<gpxtpx:hr>166</gpxtpx:hr>
</gpxtpx:TrackPointExtension>
</extensions>
</trkpt>
<trkpt lat="36.9846079" lon="127.8871735">
<ele>74.184</ele>
<time>2026-05-05T10:42:07Z</time>
<extensions>
<gpxtpx:TrackPointExtension>
<gpxtpx:hr>166</gpxtpx:hr>
</gpxtpx:TrackPointExtension>
</extensions>
</trkpt>
<trkpt lat="36.9846321" lon="127.8871584">
<ele>73.887</ele>
<time>2026-05-05T10:42:08Z</time>
<extensions>
<gpxtpx:TrackPointExtension>
<gpxtpx:hr>166</gpxtpx:hr>
<gpxtpx:cad>181</gpxtpx:cad>
</gpxtpx:TrackPointExtension>
</extensions>
</trkpt>
<trkpt lat="36.9846566" lon="127.887143">
<ele>73.946</ele>
<time>2026-05-05T10:42:09Z</time>
<extensions>
<gpxtpx:TrackPointExtension>
<gpxtpx:hr>165</gpxtpx:hr>
</gpxtpx:TrackPointExtension>
</extensions>
</trkpt>
<trkpt lat="36.984681" lon="127.8871276">
<ele>74.085</ele>
<time>2026-05-05T10:42:10Z</time>
<extensions>
<gpxtpx:TrackPointExtension>
<gpxtpx:hr>165</gpxtpx:hr>
</gpxtpx:TrackPointExtension>
</extensions>
</trkpt>
<trkpt lat="36.9847064" lon="127.8871123">
<ele>74.279</ele>
<time>2026-05-05T10:42:11Z</time>
<extensions>
<gpxtpx:TrackPointExtension>
<gpxtpx:hr>165</gpxtpx:hr>
</gpxtpx:TrackPointExtension>
</extensions>
</trkpt>
<trkpt lat="36.9847316" lon="127.887097">
<ele>74.378</ele>
<time>2026-05-05T10:42:12Z</time>
<extensions>
<gpxtpx:TrackPointExtension>
<gpxtpx:hr>165</gpxtpx:hr>
</gpxtpx:TrackPointExtension>
</extensions>
</trkpt>
<trkpt lat="36.984758" lon="127.887082">
<ele>74.455</ele>
<time>2026-05-05T10:42:13Z</time>
<extensions>
<gpxtpx:TrackPointExtension>
<gpxtpx:hr>166</gpxtpx:hr>
<gpxtpx:cad>182</gpxtpx:cad>
</gpxtpx:TrackPointExtension>
</extensions>
</trkpt>
<trkpt lat="36.9847842" lon="127.8870669">
<ele>74.544</ele>
<time>2026-05-05T10:42:14Z</time>
<extensions>
<gpxtpx:TrackPointExtension>
<gpxtpx:hr>166</gpxtpx:hr>
</gpxtpx:TrackPointExtension>
</extensions>
</trkpt>
<trkpt lat="36.9848112" lon="127.8870523">
<ele>74.511</ele>
<time>2026-05-05T10:42:15Z</time>
<extensions>
<gpxtpx:TrackPointExtension>
<gpxtpx:hr>166</gpxtpx:hr>
<gpxtpx:cad>181</gpxtpx:cad>
</gpxtpx:TrackPointExtension>
</extensions>
</trkpt>
<trkpt lat="36.9848383" lon="127.887038">
<ele>74.424</ele>
<time>2026-05-05T10:42:16Z</time>
<extensions>
<gpxtpx:TrackPointExtension>
<gpxtpx:hr>166</gpxtpx:hr>
</gpxtpx:TrackPointExtension>
</extensions>
</trkpt>
<trkpt lat="36.9848656" lon="127.887024">
<ele>74.45</ele>
<time>2026-05-05T10:42:17Z</time>
<extensions>
<gpxtpx:TrackPointExtension>
<gpxtpx:hr>166</gpxtpx:hr>
</gpxtpx:TrackPointExtension>
</extensions>
</trkpt>
<trkpt lat="36.9848928" lon="127.8870099">
<ele>74.418</ele>
<time>2026-05-05T10:42:18Z</time>
<extensions>
<gpxtpx:TrackPointExtension>
<gpxtpx:hr>167</gpxtpx:hr>
<gpxtpx:cad>179</gpxtpx:cad>
</gpxtpx:TrackPointExtension>
</extensions>
</trkpt>
<trkpt lat="36.9849199" lon="127.8869959">
<ele>74.472</ele>
<time>2026-05-05T10:42:19Z</time>
<extensions>
<gpxtpx:TrackPointExtension>
<gpxtpx:hr>167</gpxtpx:hr>
</gpxtpx:TrackPointExtension>
</extensions>
</trkpt>
<trkpt lat="36.9849469" lon="127.8869819">
<ele>74.467</ele>
<time>2026-05-05T10:42:20Z</time>
<extensions>
<gpxtpx:TrackPointExtension>
<gpxtpx:hr>168</gpxtpx:hr>
</gpxtpx:TrackPointExtension>
</extensions>
</trkpt>
<trkpt lat="36.9849738" lon="127.886968">
<ele>74.326</ele>
<time>2026-05-05T10:42:21Z</time>
<extensions>
<gpxtpx:TrackPointExtension>
<gpxtpx:hr>168</gpxtpx:hr>
</gpxtpx:TrackPointExtension>
</extensions>
</trkpt>
<trkpt lat="36.9850004" lon="127.8869547">
<ele>74.292</ele>
<time>2026-05-05T10:42:22Z</time>
<extensions>
<gpxtpx:TrackPointExtension>
<gpxtpx:hr>169</gpxtpx:hr>
</gpxtpx:TrackPointExtension>
</extensions>
</trkpt>
<trkpt lat="36.9850272" lon="127.8869412">
<ele>74.321</ele>
<time>2026-05-05T10:42:23Z</time>
<extensions>
<gpxtpx:TrackPointExtension>
<gpxtpx:hr>169</gpxtpx:hr>
<gpxtpx:cad>176</gpxtpx:cad>
</gpxtpx:TrackPointExtension>
</extensions>
</trkpt>
<trkpt lat="36.985053" lon="127.886929">
<ele>74.356</ele>
<time>2026-05-05T10:42:24Z</time>
<extensions>
<gpxtpx:TrackPointExtension>
<gpxtpx:hr>169</gpxtpx:hr>
</gpxtpx:TrackPointExtension>
</extensions>
</trkpt>
<trkpt lat="36.9850778" lon="127.8869174">
<ele>74.31</ele>
<time>2026-05-05T10:42:25Z</time>
<extensions>
<gpxtpx:TrackPointExtension>
<gpxtpx:hr>169</gpxtpx:hr>
</gpxtpx:TrackPointExtension>
</extensions>
</trkpt>
<trkpt lat="36.9851012" lon="127.8869065">
<ele>74.36</ele>
<time>2026-05-05T10:42:26Z</time>
<extensions>
<gpxtpx:TrackPointExtension>
<gpxtpx:hr>169</gpxtpx:hr>
</gpxtpx:TrackPointExtension>
</extensions>
</trkpt>
<trkpt lat="36.9851254" lon="127.886895">
<ele>74.309</ele>
<time>2026-05-05T10:42:27Z</time>
<extensions>
<gpxtpx:TrackPointExtension>
<gpxtpx:hr>168</gpxtpx:hr>
</gpxtpx:TrackPointExtension>
</extensions>
</trkpt>
<trkpt lat="36.9851488" lon="127.8868842">
<ele>74.344</ele>
<time>2026-05-05T10:42:28Z</time>
<extensions>
<gpxtpx:TrackPointExtension>
<gpxtpx:hr>168</gpxtpx:hr>
<gpxtpx:cad>178</gpxtpx:cad>
</gpxtpx:TrackPointExtension>
</extensions>
</trkpt>
<trkpt lat="36.9851733" lon="127.8868725">
<ele>74.358</ele>
<time>2026-05-05T10:42:29Z</time>
<extensions>
<gpxtpx:TrackPointExtension>
<gpxtpx:hr>168</gpxtpx:hr>
</gpxtpx:TrackPointExtension>
</extensions>
</trkpt>
<trkpt lat="36.9851977" lon="127.8868611">
<ele>74.327</ele>
<time>2026-05-05T10:42:30Z</time>
<extensions>
<gpxtpx:TrackPointExtension>
<gpxtpx:hr>168</gpxtpx:hr>
</gpxtpx:TrackPointExtension>
</extensions>
</trkpt>
<trkpt lat="36.9852224" lon="127.8868493">
<ele>74.292</ele>
<time>2026-05-05T10:42:31Z</time>
<extensions>
<gpxtpx:TrackPointExtension>
<gpxtpx:hr>168</gpxtpx:hr>
</gpxtpx:TrackPointExtension>
</extensions>
</trkpt>
<trkpt lat="36.9852468" lon="127.8868379">
<ele>74.332</ele>
<time>2026-05-05T10:42:32Z</time>
<extensions>
<gpxtpx:TrackPointExtension>
<gpxtpx:hr>167</gpxtpx:hr>
</gpxtpx:TrackPointExtension>
</extensions>
</trkpt>
<trkpt lat="36.9852709" lon="127.8868267">
<ele>74.422</ele>
<time>2026-05-05T10:42:33Z</time>
<extensions>
<gpxtpx:TrackPointExtension>
<gpxtpx:hr>167</gpxtpx:hr>
<gpxtpx:cad>179</gpxtpx:cad>
</gpxtpx:TrackPointExtension>
</extensions>
</trkpt>
<trkpt lat="36.9852954" lon="127.8868151">
<ele>74.452</ele>
<time>2026-05-05T10:42:34Z</time>
<extensions>
<gpxtpx:TrackPointExtension>
<gpxtpx:hr>167</gpxtpx:hr>
</gpxtpx:TrackPointExtension>
</extensions>
</trkpt>
<trkpt lat="36.9853194" lon="127.8868039">
<ele>74.443</ele>
<time>2026-05-05T10:42:35Z</time>
<extensions>
<gpxtpx:TrackPointExtension>
<gpxtpx:hr>166</gpxtpx:hr>
</gpxtpx:TrackPointExtension>
</extensions>
</trkpt>
<trkpt lat="36.9853439" lon="127.8867922">
<ele>74.419</ele>
<time>2026-05-05T10:42:36Z</time>
<extensions>
<gpxtpx:TrackPointExtension>
<gpxtpx:hr>166</gpxtpx:hr>
</gpxtpx:TrackPointExtension>
</extensions>
</trkpt>
<trkpt lat="36.985368" lon="127.8867808">
<ele>74.292</ele>
<time>2026-05-05T10:42:37Z</time>
<extensions>
<gpxtpx:TrackPointExtension>
<gpxtpx:hr>166</gpxtpx:hr>
</gpxtpx:TrackPointExtension>
</extensions>
</trkpt>
<trkpt lat="36.9853925" lon="127.8867688">
<ele>74.169</ele>
<time>2026-05-05T10:42:38Z</time>
<extensions>
<gpxtpx:TrackPointExtension>
<gpxtpx:hr>166</gpxtpx:hr>
<gpxtpx:cad>176</gpxtpx:cad>
</gpxtpx:TrackPointExtension>
</extensions>
</trkpt>
<trkpt lat="36.9854169" lon="127.8867573">
<ele>74.166</ele>
<time>2026-05-05T10:42:39Z</time>
<extensions>
<gpxtpx:TrackPointExtension>
<gpxtpx:hr>166</gpxtpx:hr>
</gpxtpx:TrackPointExtension>
</extensions>
</trkpt>
<trkpt lat="36.9854409" lon="127.8867453">
<ele>74.124</ele>
<time>2026-05-05T10:42:40Z</time>
<extensions>
<gpxtpx:TrackPointExtension>
<gpxtpx:hr>166</gpxtpx:hr>
</gpxtpx:TrackPointExtension>
</extensions>
</trkpt>
<trkpt lat="36.985465" lon="127.8867336">
<ele>74.125</ele>
<time>2026-05-05T10:42:41Z</time>
<extensions>
<gpxtpx:TrackPointExtension>
<gpxtpx:hr>166</gpxtpx:hr>
</gpxtpx:TrackPointExtension>
</extensions>
</trkpt>
<trkpt lat="36.985489" lon="127.8867222">
<ele>74.151</ele>
<time>2026-05-05T10:42:42Z</time>
<extensions>
<gpxtpx:TrackPointExtension>
<gpxtpx:hr>166</gpxtpx:hr>
</gpxtpx:TrackPointExtension>
</extensions>
</trkpt>
<trkpt lat="36.985513" lon="127.8867108">
<ele>74.157</ele>
<time>2026-05-05T10:42:43Z</time>
<extensions>
<gpxtpx:TrackPointExtension>
<gpxtpx:hr>166</gpxtpx:hr>
<gpxtpx:cad>171</gpxtpx:cad>
</gpxtpx:TrackPointExtension>
</extensions>
</trkpt>
<trkpt lat="36.9855369" lon="127.8866994">
<ele>74.198</ele>
<time>2026-05-05T10:42:44Z</time>
<extensions>
<gpxtpx:TrackPointExtension>
<gpxtpx:hr>166</gpxtpx:hr>
</gpxtpx:TrackPointExtension>
</extensions>
</trkpt>
<trkpt lat="36.9855606" lon="127.8866882">
<ele>74.005</ele>
<time>2026-05-05T10:42:45Z</time>
<extensions>
<gpxtpx:TrackPointExtension>
<gpxtpx:hr>166</gpxtpx:hr>
</gpxtpx:TrackPointExtension>
</extensions>
</trkpt>
<trkpt lat="36.9855848" lon="127.8866766">
<ele>73.894</ele>
<time>2026-05-05T10:42:46Z</time>
<extensions>
<gpxtpx:TrackPointExtension>
<gpxtpx:hr>166</gpxtpx:hr>
</gpxtpx:TrackPointExtension>
</extensions>
</trkpt>
<trkpt lat="36.9856088" lon="127.886665">
<ele>73.795</ele>
<time>2026-05-05T10:42:47Z</time>
<extensions>
<gpxtpx:TrackPointExtension>
<gpxtpx:hr>167</gpxtpx:hr>
</gpxtpx:TrackPointExtension>
</extensions>
</trkpt>
<trkpt lat="36.9856328" lon="127.8866532">
<ele>73.924</ele>
<time>2026-05-05T10:42:48Z</time>
<extensions>
<gpxtpx:TrackPointExtension>
<gpxtpx:hr>167</gpxtpx:hr>
<gpxtpx:cad>170</gpxtpx:cad>
</gpxtpx:TrackPointExtension>
</extensions>
</trkpt>
<trkpt lat="36.9856569" lon="127.8866413">
<ele>74.055</ele>
<time>2026-05-05T10:42:49Z</time>
<extensions>
<gpxtpx:TrackPointExtension>
<gpxtpx:cad>169</gpxtpx:cad>
</gpxtpx:TrackPointExtension>
</extensions>
</trkpt>
<trkpt lat="36.9856812" lon="127.8866285">
<ele>74.056</ele>
<time>2026-05-05T10:42:50Z</time>
<extensions>
<gpxtpx:TrackPointExtension>
<gpxtpx:hr>167</gpxtpx:hr>
</gpxtpx:TrackPointExtension>
</extensions>
</trkpt>
<trkpt lat="36.9857049" lon="127.8866168">
<ele>74.036</ele>
<time>2026-05-05T10:42:51Z</time>
<extensions>
<gpxtpx:TrackPointExtension>
<gpxtpx:hr>168</gpxtpx:hr>
</gpxtpx:TrackPointExtension>
</extensions>
</trkpt>
<trkpt lat="36.985729" lon="127.8866045">
<ele>74.032</ele>
<time>2026-05-05T10:42:52Z</time>
<extensions>
<gpxtpx:TrackPointExtension>
<gpxtpx:hr>167</gpxtpx:hr>
</gpxtpx:TrackPointExtension>
</extensions>
</trkpt>
<trkpt lat="36.9857529" lon="127.8865926">
<ele>74.141</ele>
<time>2026-05-05T10:42:53Z</time>
<extensions>
<gpxtpx:TrackPointExtension>
<gpxtpx:hr>167</gpxtpx:hr>
<gpxtpx:cad>168</gpxtpx:cad>
</gpxtpx:TrackPointExtension>
</extensions>
</trkpt>
<trkpt lat="36.9857774" lon="127.8865798">
<ele>74.385</ele>
<time>2026-05-05T10:42:54Z</time>
<extensions>
<gpxtpx:TrackPointExtension>
<gpxtpx:hr>166</gpxtpx:hr>
</gpxtpx:TrackPointExtension>
</extensions>
</trkpt>
<trkpt lat="36.9858013" lon="127.8865679">
<ele>74.392</ele>
<time>2026-05-05T10:42:55Z</time>
<extensions>
<gpxtpx:TrackPointExtension>
<gpxtpx:hr>165</gpxtpx:hr>
</gpxtpx:TrackPointExtension>
</extensions>
</trkpt>
<trkpt lat="36.985825" lon="127.8865562">
<ele>74.275</ele>
<time>2026-05-05T10:42:56Z</time>
<extensions>
<gpxtpx:TrackPointExtension>
<gpxtpx:hr>165</gpxtpx:hr>
</gpxtpx:TrackPointExtension>
</extensions>
</trkpt>
<trkpt lat="36.9858498" lon="127.8865431">
<ele>74.194</ele>
<time>2026-05-05T10:42:57Z</time>
<extensions>
<gpxtpx:TrackPointExtension>
<gpxtpx:hr>165</gpxtpx:hr>
</gpxtpx:TrackPointExtension>
</extensions>
</trkpt>
<trkpt lat="36.9858737" lon="127.8865315">
<ele>74.186</ele>
<time>2026-05-05T10:42:58Z</time>
<extensions>
<gpxtpx:TrackPointExtension>
<gpxtpx:hr>165</gpxtpx:hr>
<gpxtpx:cad>171</gpxtpx:cad>
</gpxtpx:TrackPointExtension>
</extensions>
</trkpt>
<trkpt lat="36.9858985" lon="127.8865182">
<ele>74.171</ele>
<time>2026-05-05T10:42:59Z</time>
<extensions>
<gpxtpx:TrackPointExtension>
<gpxtpx:hr>165</gpxtpx:hr>
</gpxtpx:TrackPointExtension>
</extensions>
</trkpt>
<trkpt lat="36.9859228" lon="127.886506">
<ele>74.07</ele>
<time>2026-05-05T10:43:00Z</time>
<extensions>
<gpxtpx:TrackPointExtension>
<gpxtpx:hr>165</gpxtpx:hr>
</gpxtpx:TrackPointExtension>
</extensions>
</trkpt>
<trkpt lat="36.9859476" lon="127.8864926">
<ele>74.062</ele>
<time>2026-05-05T10:43:01Z</time>
<extensions>
<gpxtpx:TrackPointExtension>
<gpxtpx:hr>165</gpxtpx:hr>
</gpxtpx:TrackPointExtension>
</extensions>
</trkpt>
<trkpt lat="36.9859723" lon="127.8864795">
<ele>73.982</ele>
<time>2026-05-05T10:43:02Z</time>
<extensions>
<gpxtpx:TrackPointExtension>
<gpxtpx:hr>165</gpxtpx:hr>
</gpxtpx:TrackPointExtension>
</extensions>
</trkpt>
<trkpt lat="36.9859972" lon="127.8864663">
<ele>74.009</ele>
<time>2026-05-05T10:43:03Z</time>
<extensions>
<gpxtpx:TrackPointExtension>
<gpxtpx:hr>165</gpxtpx:hr>
<gpxtpx:cad>178</gpxtpx:cad>
</gpxtpx:TrackPointExtension>
</extensions>
</trkpt>
<trkpt lat="36.9860222" lon="127.8864529">
<ele>73.882</ele>
<time>2026-05-05T10:43:04Z</time>
<extensions>
<gpxtpx:TrackPointExtension>
<gpxtpx:hr>165</gpxtpx:hr>
</gpxtpx:TrackPointExtension>
</extensions>
</trkpt>
<trkpt lat="36.9860473" lon="127.8864392">
<ele>73.794</ele>
<time>2026-05-05T10:43:05Z</time>
<extensions>
<gpxtpx:TrackPointExtension>
<gpxtpx:hr>165</gpxtpx:hr>
</gpxtpx:TrackPointExtension>
</extensions>
</trkpt>
<trkpt lat="36.9860724" lon="127.8864255">
<ele>73.797</ele>
<time>2026-05-05T10:43:06Z</time>
<extensions>
<gpxtpx:TrackPointExtension>
<gpxtpx:hr>166</gpxtpx:hr>
</gpxtpx:TrackPointExtension>
</extensions>
</trkpt>
<trkpt lat="36.9860975" lon="127.8864116">
<ele>73.829</ele>
<time>2026-05-05T10:43:07Z</time>
<extensions>
<gpxtpx:TrackPointExtension>
<gpxtpx:hr>166</gpxtpx:hr>
</gpxtpx:TrackPointExtension>
</extensions>
</trkpt>
<trkpt lat="36.9861226" lon="127.8863977">
<ele>73.717</ele>
<time>2026-05-05T10:43:08Z</time>
<extensions>
<gpxtpx:TrackPointExtension>
<gpxtpx:hr>166</gpxtpx:hr>
<gpxtpx:cad>180</gpxtpx:cad>
</gpxtpx:TrackPointExtension>
</extensions>
</trkpt>
<trkpt lat="36.9861476" lon="127.8863838">
<ele>73.664</ele>
<time>2026-05-05T10:43:09Z</time>
<extensions>
<gpxtpx:TrackPointExtension>
<gpxtpx:hr>166</gpxtpx:hr>
</gpxtpx:TrackPointExtension>
</extensions>
</trkpt>
<trkpt lat="36.9861725" lon="127.88637">
<ele>73.774</ele>
<time>2026-05-05T10:43:10Z</time>
<extensions>
<gpxtpx:TrackPointExtension>
<gpxtpx:hr>167</gpxtpx:hr>
</gpxtpx:TrackPointExtension>
</extensions>
</trkpt>
<trkpt lat="36.9861974" lon="127.8863564">
<ele>73.686</ele>
<time>2026-05-05T10:43:11Z</time>
<extensions>
<gpxtpx:TrackPointExtension>
<gpxtpx:hr>167</gpxtpx:hr>
</gpxtpx:TrackPointExtension>
</extensions>
</trkpt>
<trkpt lat="36.9862224" lon="127.8863429">
<ele>73.8</ele>
<time>2026-05-05T10:43:12Z</time>
<extensions>
<gpxtpx:TrackPointExtension>
<gpxtpx:hr>167</gpxtpx:hr>
</gpxtpx:TrackPointExtension>
</extensions>
</trkpt>
<trkpt lat="36.9862474" lon="127.8863292">
<ele>73.845</ele>
<time>2026-05-05T10:43:13Z</time>
<extensions>
<gpxtpx:TrackPointExtension>
<gpxtpx:hr>167</gpxtpx:hr>
<gpxtpx:cad>179</gpxtpx:cad>
</gpxtpx:TrackPointExtension>
</extensions>
</trkpt>
<trkpt lat="36.9862724" lon="127.8863154">
<ele>73.802</ele>
<time>2026-05-05T10:43:14Z</time>
<extensions>
<gpxtpx:TrackPointExtension>
<gpxtpx:hr>167</gpxtpx:hr>
</gpxtpx:TrackPointExtension>
</extensions>
</trkpt>
<trkpt lat="36.9862973" lon="127.8863017">
<ele>73.875</ele>
<time>2026-05-05T10:43:15Z</time>
<extensions>
<gpxtpx:TrackPointExtension>
<gpxtpx:hr>167</gpxtpx:hr>
</gpxtpx:TrackPointExtension>
</extensions>
</trkpt>
<trkpt lat="36.9863222" lon="127.8862881">
<ele>73.928</ele>
<time>2026-05-05T10:43:16Z</time>
<extensions>
<gpxtpx:TrackPointExtension>
<gpxtpx:hr>167</gpxtpx:hr>
</gpxtpx:TrackPointExtension>
</extensions>
</trkpt>
<trkpt lat="36.9863469" lon="127.8862747">
<ele>73.978</ele>
<time>2026-05-05T10:43:17Z</time>
<extensions>
<gpxtpx:TrackPointExtension>
<gpxtpx:hr>166</gpxtpx:hr>
</gpxtpx:TrackPointExtension>
</extensions>
</trkpt>
<trkpt lat="36.9863711" lon="127.8862626">
<ele>74.095</ele>
<time>2026-05-05T10:43:18Z</time>
<extensions>
<gpxtpx:TrackPointExtension>
<gpxtpx:hr>166</gpxtpx:hr>
<gpxtpx:cad>178</gpxtpx:cad>
</gpxtpx:TrackPointExtension>
</extensions>
</trkpt>
<trkpt lat="36.9863958" lon="127.8862493">
<ele>74.142</ele>
<time>2026-05-05T10:43:19Z</time>
<extensions>
<gpxtpx:TrackPointExtension>
<gpxtpx:hr>166</gpxtpx:hr>
</gpxtpx:TrackPointExtension>
</extensions>
</trkpt>
<trkpt lat="36.9864193" lon="127.886239">
<ele>73.978</ele>
<time>2026-05-05T10:43:20Z</time>
<extensions>
<gpxtpx:TrackPointExtension>
<gpxtpx:hr>166</gpxtpx:hr>
</gpxtpx:TrackPointExtension>
</extensions>
</trkpt>
<trkpt lat="36.9864431" lon="127.8862279">
<ele>73.853</ele>
<time>2026-05-05T10:43:21Z</time>
<extensions>
<gpxtpx:TrackPointExtension>
<gpxtpx:hr>166</gpxtpx:hr>
</gpxtpx:TrackPointExtension>
</extensions>
</trkpt>
<trkpt lat="36.9864667" lon="127.8862172">
<ele>73.763</ele>
<time>2026-05-05T10:43:22Z</time>
<extensions>
<gpxtpx:TrackPointExtension>
<gpxtpx:hr>166</gpxtpx:hr>
<gpxtpx:cad>177</gpxtpx:cad>
</gpxtpx:TrackPointExtension>
</extensions>
</trkpt>
<trkpt lat="36.9864902" lon="127.8862068">
<ele>73.681</ele>
<time>2026-05-05T10:43:23Z</time>
<extensions>
<gpxtpx:TrackPointExtension>
<gpxtpx:hr>166</gpxtpx:hr>
<gpxtpx:cad>176</gpxtpx:cad>
</gpxtpx:TrackPointExtension>
</extensions>
</trkpt>
<trkpt lat="36.9865137" lon="127.8861961">
<ele>73.625</ele>
<time>2026-05-05T10:43:24Z</time>
<extensions>
<gpxtpx:TrackPointExtension>
<gpxtpx:hr>166</gpxtpx:hr>
</gpxtpx:TrackPointExtension>
</extensions>
</trkpt>
<trkpt lat="36.986536" lon="127.8861872">
<ele>73.499</ele>
<time>2026-05-05T10:43:25Z</time>
<extensions>
<gpxtpx:TrackPointExtension>
<gpxtpx:hr>166</gpxtpx:hr>
</gpxtpx:TrackPointExtension>
</extensions>
</trkpt>
<trkpt lat="36.9865601" lon="127.8861752">
<ele>73.486</ele>
<time>2026-05-05T10:43:26Z</time>
<extensions>
<gpxtpx:TrackPointExtension>
<gpxtpx:hr>166</gpxtpx:hr>
</gpxtpx:TrackPointExtension>
</extensions>
</trkpt>
<trkpt lat="36.9865824" lon="127.8861661">
<ele>73.569</ele>
<time>2026-05-05T10:43:27Z</time>
<extensions>
<gpxtpx:TrackPointExtension>
<gpxtpx:hr>165</gpxtpx:hr>
</gpxtpx:TrackPointExtension>
</extensions>
</trkpt>
<trkpt lat="36.9866054" lon="127.8861557">
<ele>73.97</ele>
<time>2026-05-05T10:43:28Z</time>
<extensions>
<gpxtpx:TrackPointExtension>
<gpxtpx:hr>165</gpxtpx:hr>
<gpxtpx:cad>174</gpxtpx:cad>
</gpxtpx:TrackPointExtension>
</extensions>
</trkpt>
<trkpt lat="36.9866283" lon="127.8861453">
<ele>74.252</ele>
<time>2026-05-05T10:43:29Z</time>
<extensions>
<gpxtpx:TrackPointExtension>
<gpxtpx:hr>164</gpxtpx:hr>
</gpxtpx:TrackPointExtension>
</extensions>
</trkpt>
<trkpt lat="36.9866509" lon="127.8861346">
<ele>74.319</ele>
<time>2026-05-05T10:43:30Z</time>
<extensions>
<gpxtpx:TrackPointExtension>
<gpxtpx:hr>164</gpxtpx:hr>
</gpxtpx:TrackPointExtension>
</extensions>
</trkpt>
<trkpt lat="36.9866739" lon="127.8861245">
<ele>74.081</ele>
<time>2026-05-05T10:43:31Z</time>
<extensions>
<gpxtpx:TrackPointExtension>
<gpxtpx:hr>164</gpxtpx:hr>
</gpxtpx:TrackPointExtension>
</extensions>
</trkpt>
<trkpt lat="36.9866967" lon="127.886113">
<ele>73.866</ele>
<time>2026-05-05T10:43:32Z</time>
<extensions>
<gpxtpx:TrackPointExtension>
<gpxtpx:hr>163</gpxtpx:hr>
</gpxtpx:TrackPointExtension>
</extensions>
</trkpt>
<trkpt lat="36.9867194" lon="127.8861035">
<ele>73.826</ele>
<time>2026-05-05T10:43:33Z</time>
<extensions>
<gpxtpx:TrackPointExtension>
<gpxtpx:hr>163</gpxtpx:hr>
<gpxtpx:cad>172</gpxtpx:cad>
</gpxtpx:TrackPointExtension>
</extensions>
</trkpt>
<trkpt lat="36.9867426" lon="127.8860911">
<ele>73.838</ele>
<time>2026-05-05T10:43:34Z</time>
<extensions>
<gpxtpx:TrackPointExtension>
<gpxtpx:hr>162</gpxtpx:hr>
</gpxtpx:TrackPointExtension>
</extensions>
</trkpt>
<trkpt lat="36.9867652" lon="127.8860817">
<ele>73.815</ele>
<time>2026-05-05T10:43:35Z</time>
<extensions>
<gpxtpx:TrackPointExtension>
<gpxtpx:hr>163</gpxtpx:hr>
</gpxtpx:TrackPointExtension>
</extensions>
</trkpt>
<trkpt lat="36.9867876" lon="127.8860725">
<ele>73.814</ele>
<time>2026-05-05T10:43:36Z</time>
<extensions>
<gpxtpx:TrackPointExtension>
<gpxtpx:hr>163</gpxtpx:hr>
</gpxtpx:TrackPointExtension>
</extensions>
</trkpt>
<trkpt lat="36.9868114" lon="127.8860591">
<ele>73.759</ele>
<time>2026-05-05T10:43:37Z</time>
<extensions>
<gpxtpx:TrackPointExtension>
<gpxtpx:hr>163</gpxtpx:hr>
</gpxtpx:TrackPointExtension>
</extensions>
</trkpt>
<trkpt lat="36.9868337" lon="127.8860495">
<ele>73.684</ele>
<time>2026-05-05T10:43:38Z</time>
<extensions>
<gpxtpx:TrackPointExtension>
<gpxtpx:hr>164</gpxtpx:hr>
<gpxtpx:cad>172</gpxtpx:cad>
</gpxtpx:TrackPointExtension>
</extensions>
</trkpt>
<trkpt lat="36.986857" lon="127.8860376">
<ele>73.681</ele>
<time>2026-05-05T10:43:39Z</time>
<extensions>
<gpxtpx:TrackPointExtension>
<gpxtpx:hr>164</gpxtpx:hr>
</gpxtpx:TrackPointExtension>
</extensions>
</trkpt>
<trkpt lat="36.9868796" lon="127.8860271">
<ele>73.694</ele>
<time>2026-05-05T10:43:40Z</time>
<extensions>
<gpxtpx:TrackPointExtension>
<gpxtpx:hr>164</gpxtpx:hr>
</gpxtpx:TrackPointExtension>
</extensions>
</trkpt>
<trkpt lat="36.9869042" lon="127.8860128">
<ele>73.699</ele>
<time>2026-05-05T10:43:41Z</time>
<extensions>
<gpxtpx:TrackPointExtension>
<gpxtpx:hr>164</gpxtpx:hr>
</gpxtpx:TrackPointExtension>
</extensions>
</trkpt>
<trkpt lat="36.9869271" lon="127.8860012">
<ele>73.701</ele>
<time>2026-05-05T10:43:42Z</time>
<extensions>
<gpxtpx:TrackPointExtension>
<gpxtpx:hr>164</gpxtpx:hr>
</gpxtpx:TrackPointExtension>
</extensions>
</trkpt>
<trkpt lat="36.9869522" lon="127.8859865">
<ele>73.683</ele>
<time>2026-05-05T10:43:43Z</time>
<extensions>
<gpxtpx:TrackPointExtension>
<gpxtpx:hr>165</gpxtpx:hr>
<gpxtpx:cad>178</gpxtpx:cad>
</gpxtpx:TrackPointExtension>
</extensions>
</trkpt>
<trkpt lat="36.9869755" lon="127.8859736">
<ele>73.636</ele>
<time>2026-05-05T10:43:44Z</time>
<extensions>
<gpxtpx:TrackPointExtension>
<gpxtpx:hr>165</gpxtpx:hr>
</gpxtpx:TrackPointExtension>
</extensions>
</trkpt>
<trkpt lat="36.9870001" lon="127.8859592">
<ele>73.639</ele>
<time>2026-05-05T10:43:45Z</time>
<extensions>
<gpxtpx:TrackPointExtension>
<gpxtpx:hr>165</gpxtpx:hr>
</gpxtpx:TrackPointExtension>
</extensions>
</trkpt>
<trkpt lat="36.9870249" lon="127.8859443">
<ele>73.641</ele>
<time>2026-05-05T10:43:46Z</time>
<extensions>
<gpxtpx:TrackPointExtension>
<gpxtpx:hr>165</gpxtpx:hr>
</gpxtpx:TrackPointExtension>
</extensions>
</trkpt>
<trkpt lat="36.9870499" lon="127.8859293">
<ele>73.68</ele>
<time>2026-05-05T10:43:47Z</time>
<extensions>
<gpxtpx:TrackPointExtension>
<gpxtpx:hr>164</gpxtpx:hr>
</gpxtpx:TrackPointExtension>
</extensions>
</trkpt>
<trkpt lat="36.9870752" lon="127.885914">
<ele>73.679</ele>
<time>2026-05-05T10:43:48Z</time>
<extensions>
<gpxtpx:TrackPointExtension>
<gpxtpx:hr>164</gpxtpx:hr>
<gpxtpx:cad>180</gpxtpx:cad>
</gpxtpx:TrackPointExtension>
</extensions>
</trkpt>
<trkpt lat="36.9871005" lon="127.8858987">
<ele>73.681</ele>
<time>2026-05-05T10:43:49Z</time>
<extensions>
<gpxtpx:TrackPointExtension>
<gpxtpx:hr>164</gpxtpx:hr>
</gpxtpx:TrackPointExtension>
</extensions>
</trkpt>
<trkpt lat="36.9871259" lon="127.8858834">
<ele>73.605</ele>
<time>2026-05-05T10:43:50Z</time>
<extensions>
<gpxtpx:TrackPointExtension>
<gpxtpx:hr>164</gpxtpx:hr>
</gpxtpx:TrackPointExtension>
</extensions>
</trkpt>
<trkpt lat="36.9871512" lon="127.8858678">
<ele>73.613</ele>
<time>2026-05-05T10:43:51Z</time>
<extensions>
<gpxtpx:TrackPointExtension>
<gpxtpx:hr>165</gpxtpx:hr>
</gpxtpx:TrackPointExtension>
</extensions>
</trkpt>
<trkpt lat="36.987177" lon="127.8858533">
<ele>73.589</ele>
<time>2026-05-05T10:43:52Z</time>
<extensions>
<gpxtpx:TrackPointExtension>
<gpxtpx:hr>165</gpxtpx:hr>
</gpxtpx:TrackPointExtension>
</extensions>
</trkpt>
<trkpt lat="36.9872027" lon="127.8858379">
<ele>73.558</ele>
<time>2026-05-05T10:43:53Z</time>
<extensions>
<gpxtpx:TrackPointExtension>
<gpxtpx:hr>165</gpxtpx:hr>
<gpxtpx:cad>180</gpxtpx:cad>
</gpxtpx:TrackPointExtension>
</extensions>
</trkpt>
<trkpt lat="36.9872286" lon="127.8858234">
<ele>73.521</ele>
<time>2026-05-05T10:43:54Z</time>
<extensions>
<gpxtpx:TrackPointExtension>
<gpxtpx:hr>165</gpxtpx:hr>
</gpxtpx:TrackPointExtension>
</extensions>
</trkpt>
<trkpt lat="36.9872547" lon="127.885808">
<ele>73.505</ele>
<time>2026-05-05T10:43:55Z</time>
<extensions>
<gpxtpx:TrackPointExtension>
<gpxtpx:hr>165</gpxtpx:hr>
</gpxtpx:TrackPointExtension>
</extensions>
</trkpt>
<trkpt lat="36.9872805" lon="127.8857936">
<ele>73.51</ele>
<time>2026-05-05T10:43:56Z</time>
<extensions>
<gpxtpx:TrackPointExtension>
<gpxtpx:hr>165</gpxtpx:hr>
</gpxtpx:TrackPointExtension>
</extensions>
</trkpt>
<trkpt lat="36.9873064" lon="127.8857786">
<ele>73.56</ele>
<time>2026-05-05T10:43:57Z</time>
<extensions>
<gpxtpx:TrackPointExtension>
<gpxtpx:hr>165</gpxtpx:hr>
<gpxtpx:cad>181</gpxtpx:cad>
</gpxtpx:TrackPointExtension>
</extensions>
</trkpt>
<trkpt lat="36.9873319" lon="127.8857678">
<ele>73.534</ele>
<time>2026-05-05T10:43:58Z</time>
<extensions>
<gpxtpx:TrackPointExtension>
<gpxtpx:hr>165</gpxtpx:hr>
<gpxtpx:cad>181</gpxtpx:cad>
</gpxtpx:TrackPointExtension>
</extensions>
</trkpt>
<trkpt lat="36.9873575" lon="127.8857588">
<ele>73.538</ele>
<time>2026-05-05T10:43:59Z</time>
<extensions>
<gpxtpx:TrackPointExtension>
<gpxtpx:hr>165</gpxtpx:hr>
</gpxtpx:TrackPointExtension>
</extensions>
</trkpt>
<trkpt lat="36.9873833" lon="127.8857521">
<ele>73.546</ele>
<time>2026-05-05T10:44:00Z</time>
<extensions>
<gpxtpx:TrackPointExtension>
<gpxtpx:hr>165</gpxtpx:hr>
</gpxtpx:TrackPointExtension>
</extensions>
</trkpt>
<trkpt lat="36.9874091" lon="127.8857403">
<ele>73.569</ele>
<time>2026-05-05T10:44:01Z</time>
<extensions>
<gpxtpx:TrackPointExtension>
<gpxtpx:hr>165</gpxtpx:hr>
</gpxtpx:TrackPointExtension>
</extensions>
</trkpt>
<trkpt lat="36.9874348" lon="127.8857374">
<ele>73.563</ele>
<time>2026-05-05T10:44:02Z</time>
<extensions>
<gpxtpx:TrackPointExtension>
<gpxtpx:hr>165</gpxtpx:hr>
</gpxtpx:TrackPointExtension>
</extensions>
</trkpt>
<trkpt lat="36.9874606" lon="127.8857281">
<ele>73.559</ele>
<time>2026-05-05T10:44:03Z</time>
<extensions>
<gpxtpx:TrackPointExtension>
<gpxtpx:hr>165</gpxtpx:hr>
<gpxtpx:cad>181</gpxtpx:cad>
</gpxtpx:TrackPointExtension>
</extensions>
</trkpt>
<trkpt lat="36.9874863" lon="127.8857292">
<ele>73.546</ele>
<time>2026-05-05T10:44:04Z</time>
<extensions>
<gpxtpx:TrackPointExtension>
<gpxtpx:hr>165</gpxtpx:hr>
</gpxtpx:TrackPointExtension>
</extensions>
</trkpt>
<trkpt lat="36.9875119" lon="127.8857341">
<ele>73.493</ele>
<time>2026-05-05T10:44:05Z</time>
<extensions>
<gpxtpx:TrackPointExtension>
<gpxtpx:hr>165</gpxtpx:hr>
</gpxtpx:TrackPointExtension>
</extensions>
</trkpt>
<trkpt lat="36.9875376" lon="127.8857292">
<ele>73.476</ele>
<time>2026-05-05T10:44:06Z</time>
<extensions>
<gpxtpx:TrackPointExtension>
<gpxtpx:hr>165</gpxtpx:hr>
</gpxtpx:TrackPointExtension>
</extensions>
</trkpt>
<trkpt lat="36.987563" lon="127.8857309">
<ele>73.579</ele>
<time>2026-05-05T10:44:07Z</time>
<extensions>
<gpxtpx:TrackPointExtension>
<gpxtpx:hr>165</gpxtpx:hr>
</gpxtpx:TrackPointExtension>
</extensions>
</trkpt>
<trkpt lat="36.9875882" lon="127.8857341">
<ele>73.573</ele>
<time>2026-05-05T10:44:08Z</time>
<extensions>
<gpxtpx:TrackPointExtension>
<gpxtpx:hr>165</gpxtpx:hr>
<gpxtpx:cad>180</gpxtpx:cad>
</gpxtpx:TrackPointExtension>
</extensions>
</trkpt>
<trkpt lat="36.9876133" lon="127.8857387">
<ele>73.534</ele>
<time>2026-05-05T10:44:09Z</time>
<extensions>
<gpxtpx:TrackPointExtension>
<gpxtpx:hr>164</gpxtpx:hr>
</gpxtpx:TrackPointExtension>
</extensions>
</trkpt>
<trkpt lat="36.9876384" lon="127.8857442">
<ele>73.586</ele>
<time>2026-05-05T10:44:10Z</time>
<extensions>
<gpxtpx:TrackPointExtension>
<gpxtpx:hr>164</gpxtpx:hr>
</gpxtpx:TrackPointExtension>
</extensions>
</trkpt>
<trkpt lat="36.9876642" lon="127.8857491">
<ele>73.603</ele>
<time>2026-05-05T10:44:11Z</time>
<extensions>
<gpxtpx:TrackPointExtension>
<gpxtpx:hr>164</gpxtpx:hr>
</gpxtpx:TrackPointExtension>
</extensions>
</trkpt>
<trkpt lat="36.9876897" lon="127.8857569">
<ele>73.669</ele>
<time>2026-05-05T10:44:12Z</time>
<extensions>
<gpxtpx:TrackPointExtension>
<gpxtpx:hr>164</gpxtpx:hr>
</gpxtpx:TrackPointExtension>
</extensions>
</trkpt>
<trkpt lat="36.9877144" lon="127.8857668">
<ele>73.673</ele>
<time>2026-05-05T10:44:13Z</time>
<extensions>
<gpxtpx:TrackPointExtension>
<gpxtpx:hr>164</gpxtpx:hr>
<gpxtpx:cad>176</gpxtpx:cad>
</gpxtpx:TrackPointExtension>
</extensions>
</trkpt>
<trkpt lat="36.9877389" lon="127.8857772">
<ele>73.657</ele>
<time>2026-05-05T10:44:14Z</time>
<extensions>
<gpxtpx:TrackPointExtension>
<gpxtpx:hr>164</gpxtpx:hr>
</gpxtpx:TrackPointExtension>
</extensions>
</trkpt>
<trkpt lat="36.987762" lon="127.8857878">
<ele>73.652</ele>
<time>2026-05-05T10:44:15Z</time>
<extensions>
<gpxtpx:TrackPointExtension>
<gpxtpx:hr>163</gpxtpx:hr>
</gpxtpx:TrackPointExtension>
</extensions>
</trkpt>
<trkpt lat="36.987785" lon="127.8857984">
<ele>73.618</ele>
<time>2026-05-05T10:44:16Z</time>
<extensions>
<gpxtpx:TrackPointExtension>
<gpxtpx:hr>163</gpxtpx:hr>
</gpxtpx:TrackPointExtension>
</extensions>
</trkpt>
<trkpt lat="36.9878086" lon="127.8858088">
<ele>73.585</ele>
<time>2026-05-05T10:44:17Z</time>
<extensions>
<gpxtpx:TrackPointExtension>
<gpxtpx:hr>163</gpxtpx:hr>
</gpxtpx:TrackPointExtension>
</extensions>
</trkpt>
<trkpt lat="36.9878325" lon="127.8858188">
<ele>73.58</ele>
<time>2026-05-05T10:44:18Z</time>
<extensions>
<gpxtpx:TrackPointExtension>
<gpxtpx:hr>162</gpxtpx:hr>
<gpxtpx:cad>177</gpxtpx:cad>
</gpxtpx:TrackPointExtension>
</extensions>
</trkpt>
<trkpt lat="36.9878567" lon="127.8858285">
<ele>73.606</ele>
<time>2026-05-05T10:44:19Z</time>
<extensions>
<gpxtpx:TrackPointExtension>
<gpxtpx:hr>162</gpxtpx:hr>
</gpxtpx:TrackPointExtension>
</extensions>
</trkpt>
<trkpt lat="36.9878807" lon="127.885839">
<ele>73.605</ele>
<time>2026-05-05T10:44:20Z</time>
<extensions>
<gpxtpx:TrackPointExtension>
<gpxtpx:hr>162</gpxtpx:hr>
</gpxtpx:TrackPointExtension>
</extensions>
</trkpt>
<trkpt lat="36.9879049" lon="127.8858482">
<ele>73.659</ele>
<time>2026-05-05T10:44:21Z</time>
<extensions>
<gpxtpx:TrackPointExtension>
<gpxtpx:hr>162</gpxtpx:hr>
</gpxtpx:TrackPointExtension>
</extensions>
</trkpt>
<trkpt lat="36.9879287" lon="127.8858586">
<ele>73.688</ele>
<time>2026-05-05T10:44:22Z</time>
<extensions>
<gpxtpx:TrackPointExtension>
<gpxtpx:hr>162</gpxtpx:hr>
</gpxtpx:TrackPointExtension>
</extensions>
</trkpt>
<trkpt lat="36.9879531" lon="127.8858673">
<ele>73.64</ele>
<time>2026-05-05T10:44:23Z</time>
<extensions>
<gpxtpx:TrackPointExtension>
<gpxtpx:hr>162</gpxtpx:hr>
<gpxtpx:cad>180</gpxtpx:cad>
</gpxtpx:TrackPointExtension>
</extensions>
</trkpt>
<trkpt lat="36.9879769" lon="127.8858772">
<ele>73.67</ele>
<time>2026-05-05T10:44:24Z</time>
<extensions>
<gpxtpx:TrackPointExtension>
<gpxtpx:hr>163</gpxtpx:hr>
</gpxtpx:TrackPointExtension>
</extensions>
</trkpt>
<trkpt lat="36.9880017" lon="127.8858853">
<ele>73.551</ele>
<time>2026-05-05T10:44:25Z</time>
<extensions>
<gpxtpx:TrackPointExtension>
<gpxtpx:hr>163</gpxtpx:hr>
</gpxtpx:TrackPointExtension>
</extensions>
</trkpt>
<trkpt lat="36.9880257" lon="127.8858949">
<ele>73.465</ele>
<time>2026-05-05T10:44:26Z</time>
<extensions>
<gpxtpx:TrackPointExtension>
<gpxtpx:hr>163</gpxtpx:hr>
</gpxtpx:TrackPointExtension>
</extensions>
</trkpt>
<trkpt lat="36.9880504" lon="127.8859035">
<ele>73.346</ele>
<time>2026-05-05T10:44:27Z</time>
<extensions>
<gpxtpx:TrackPointExtension>
<gpxtpx:hr>163</gpxtpx:hr>
</gpxtpx:TrackPointExtension>
</extensions>
</trkpt>
<trkpt lat="36.9880745" lon="127.8859136">
<ele>73.311</ele>
<time>2026-05-05T10:44:28Z</time>
<extensions>
<gpxtpx:TrackPointExtension>
<gpxtpx:hr>163</gpxtpx:hr>
<gpxtpx:cad>177</gpxtpx:cad>
</gpxtpx:TrackPointExtension>
</extensions>
</trkpt>
<trkpt lat="36.9880993" lon="127.8859217">
<ele>73.4</ele>
<time>2026-05-05T10:44:29Z</time>
<extensions>
<gpxtpx:TrackPointExtension>
<gpxtpx:hr>164</gpxtpx:hr>
</gpxtpx:TrackPointExtension>
</extensions>
</trkpt>
<trkpt lat="36.988124" lon="127.8859302">
<ele>73.415</ele>
<time>2026-05-05T10:44:30Z</time>
<extensions>
<gpxtpx:TrackPointExtension>
<gpxtpx:hr>164</gpxtpx:hr>
</gpxtpx:TrackPointExtension>
</extensions>
</trkpt>
<trkpt lat="36.9881489" lon="127.8859372">
<ele>73.462</ele>
<time>2026-05-05T10:44:31Z</time>
<extensions>
<gpxtpx:TrackPointExtension>
<gpxtpx:hr>164</gpxtpx:hr>
</gpxtpx:TrackPointExtension>
</extensions>
</trkpt>
<trkpt lat="36.9881739" lon="127.8859437">
<ele>73.439</ele>
<time>2026-05-05T10:44:32Z</time>
<extensions>
<gpxtpx:TrackPointExtension>
<gpxtpx:hr>164</gpxtpx:hr>
<gpxtpx:cad>172</gpxtpx:cad>
</gpxtpx:TrackPointExtension>
</extensions>
</trkpt>
<trkpt lat="36.9881989" lon="127.88595">
<ele>73.254</ele>
<time>2026-05-05T10:44:33Z</time>
<extensions>
<gpxtpx:TrackPointExtension>
<gpxtpx:hr>163</gpxtpx:hr>
<gpxtpx:cad>171</gpxtpx:cad>
</gpxtpx:TrackPointExtension>
</extensions>
</trkpt>
<trkpt lat="36.9882236" lon="127.8859558">
<ele>73.204</ele>
<time>2026-05-05T10:44:34Z</time>
<extensions>
<gpxtpx:TrackPointExtension>
<gpxtpx:hr>162</gpxtpx:hr>
</gpxtpx:TrackPointExtension>
</extensions>
</trkpt>
<trkpt lat="36.9882475" lon="127.8859611">
<ele>73.172</ele>
<time>2026-05-05T10:44:35Z</time>
<extensions>
<gpxtpx:TrackPointExtension>
<gpxtpx:hr>162</gpxtpx:hr>
</gpxtpx:TrackPointExtension>
</extensions>
</trkpt>
<trkpt lat="36.988272" lon="127.8859664">
<ele>73.157</ele>
<time>2026-05-05T10:44:36Z</time>
<extensions>
<gpxtpx:TrackPointExtension>
<gpxtpx:hr>162</gpxtpx:hr>
</gpxtpx:TrackPointExtension>
</extensions>
</trkpt>
<trkpt lat="36.9882898" lon="127.8859696">
<ele>73.196</ele>
<time>2026-05-05T10:44:37Z</time>
<extensions>
<gpxtpx:TrackPointExtension>
<gpxtpx:hr>162</gpxtpx:hr>
</gpxtpx:TrackPointExtension>
</extensions>
</trkpt>
<trkpt lat="36.9883013" lon="127.8859716">
<ele>73.272</ele>
<time>2026-05-05T10:44:38Z</time>
<extensions>
<gpxtpx:TrackPointExtension>
<gpxtpx:hr>162</gpxtpx:hr>
<gpxtpx:cad>164</gpxtpx:cad>
</gpxtpx:TrackPointExtension>
</extensions>
</trkpt>
<trkpt lat="36.9883061" lon="127.8859725">
<ele>73.333</ele>
<time>2026-05-05T10:44:39Z</time>
<extensions>
<gpxtpx:TrackPointExtension>
<gpxtpx:hr>163</gpxtpx:hr>
</gpxtpx:TrackPointExtension>
</extensions>
</trkpt>
<trkpt lat="36.9883044" lon="127.8859723">
<ele>73.398</ele>
<time>2026-05-05T10:44:40Z</time>
<extensions>
<gpxtpx:TrackPointExtension>
<gpxtpx:hr>163</gpxtpx:hr>
</gpxtpx:TrackPointExtension>
</extensions>
</trkpt>
<trkpt lat="36.9883089" lon="127.8859732">
<ele>73.475</ele>
<time>2026-05-05T10:44:41Z</time>
<extensions>
<gpxtpx:TrackPointExtension>
<gpxtpx:hr>162</gpxtpx:hr>
</gpxtpx:TrackPointExtension>
</extensions>
</trkpt>
<trkpt lat="36.9883074" lon="127.8859731">
<ele>73.578</ele>
<time>2026-05-05T10:44:42Z</time>
<extensions>
<gpxtpx:TrackPointExtension>
<gpxtpx:hr>162</gpxtpx:hr>
</gpxtpx:TrackPointExtension>
</extensions>
</trkpt>
<trkpt lat="36.9882989" lon="127.8859718">
<ele>73.651</ele>
<time>2026-05-05T10:44:43Z</time>
<extensions>
<gpxtpx:TrackPointExtension>
<gpxtpx:hr>161</gpxtpx:hr>
<gpxtpx:cad>163</gpxtpx:cad>
</gpxtpx:TrackPointExtension>
</extensions>
</trkpt>
<trkpt lat="36.9882832" lon="127.8859695">
<ele>73.524</ele>
<time>2026-05-05T10:44:44Z</time>
<extensions>
<gpxtpx:TrackPointExtension>
<gpxtpx:hr>161</gpxtpx:hr>
</gpxtpx:TrackPointExtension>
</extensions>
</trkpt>
<trkpt lat="36.9882611" lon="127.8859661">
<ele>73.258</ele>
<time>2026-05-05T10:44:45Z</time>
<extensions>
<gpxtpx:TrackPointExtension>
<gpxtpx:hr>161</gpxtpx:hr>
</gpxtpx:TrackPointExtension>
</extensions>
</trkpt>
<trkpt lat="36.9882344" lon="127.8859618">
<ele>73.02</ele>
<time>2026-05-05T10:44:46Z</time>
<extensions>
<gpxtpx:TrackPointExtension>
<gpxtpx:hr>161</gpxtpx:hr>
</gpxtpx:TrackPointExtension>
</extensions>
</trkpt>
<trkpt lat="36.9882053" lon="127.8859562">
<ele>72.975</ele>
<time>2026-05-05T10:44:47Z</time>
<extensions>
<gpxtpx:TrackPointExtension>
<gpxtpx:hr>162</gpxtpx:hr>
</gpxtpx:TrackPointExtension>
</extensions>
</trkpt>
<trkpt lat="36.9881758" lon="127.8859491">
<ele>72.947</ele>
<time>2026-05-05T10:44:48Z</time>
<extensions>
<gpxtpx:TrackPointExtension>
<gpxtpx:hr>162</gpxtpx:hr>
<gpxtpx:cad>168</gpxtpx:cad>
</gpxtpx:TrackPointExtension>
</extensions>
</trkpt>
<trkpt lat="36.988147" lon="127.8859427">
<ele>73.135</ele>
<time>2026-05-05T10:44:49Z</time>
<extensions>
<gpxtpx:TrackPointExtension>
<gpxtpx:hr>162</gpxtpx:hr>
</gpxtpx:TrackPointExtension>
</extensions>
</trkpt>
<trkpt lat="36.9881188" lon="127.885936">
<ele>73.336</ele>
<time>2026-05-05T10:44:50Z</time>
<extensions>
<gpxtpx:TrackPointExtension>
<gpxtpx:hr>161</gpxtpx:hr>
</gpxtpx:TrackPointExtension>
</extensions>
</trkpt>
<trkpt lat="36.9880905" lon="127.88593">
<ele>73.443</ele>
<time>2026-05-05T10:44:51Z</time>
<extensions>
<gpxtpx:TrackPointExtension>
<gpxtpx:hr>161</gpxtpx:hr>
</gpxtpx:TrackPointExtension>
</extensions>
</trkpt>
<trkpt lat="36.9880634" lon="127.8859238">
<ele>73.464</ele>
<time>2026-05-05T10:44:52Z</time>
<extensions>
<gpxtpx:TrackPointExtension>
<gpxtpx:hr>162</gpxtpx:hr>
</gpxtpx:TrackPointExtension>
</extensions>
</trkpt>
<trkpt lat="36.9880359" lon="127.8859175">
<ele>73.454</ele>
<time>2026-05-05T10:44:53Z</time>
<extensions>
<gpxtpx:TrackPointExtension>
<gpxtpx:hr>162</gpxtpx:hr>
<gpxtpx:cad>170</gpxtpx:cad>
</gpxtpx:TrackPointExtension>
</extensions>
</trkpt>
<trkpt lat="36.988009" lon="127.885911">
<ele>73.594</ele>
<time>2026-05-05T10:44:54Z</time>
<extensions>
<gpxtpx:TrackPointExtension>
<gpxtpx:hr>162</gpxtpx:hr>
</gpxtpx:TrackPointExtension>
</extensions>
</trkpt>
<trkpt lat="36.9879826" lon="127.8859042">
<ele>73.612</ele>
<time>2026-05-05T10:44:55Z</time>
<extensions>
<gpxtpx:TrackPointExtension>
<gpxtpx:hr>162</gpxtpx:hr>
</gpxtpx:TrackPointExtension>
</extensions>
</trkpt>
<trkpt lat="36.9879568" lon="127.8858972">
<ele>73.617</ele>
<time>2026-05-05T10:44:56Z</time>
<extensions>
<gpxtpx:TrackPointExtension>
<gpxtpx:hr>163</gpxtpx:hr>
</gpxtpx:TrackPointExtension>
</extensions>
</trkpt>
<trkpt lat="36.9879315" lon="127.88589">
<ele>73.575</ele>
<time>2026-05-05T10:44:57Z</time>
<extensions>
<gpxtpx:TrackPointExtension>
<gpxtpx:hr>163</gpxtpx:hr>
</gpxtpx:TrackPointExtension>
</extensions>
</trkpt>
<trkpt lat="36.9879079" lon="127.8858818">
<ele>73.602</ele>
<time>2026-05-05T10:44:58Z</time>
<extensions>
<gpxtpx:TrackPointExtension>
<gpxtpx:hr>163</gpxtpx:hr>
<gpxtpx:cad>170</gpxtpx:cad>
</gpxtpx:TrackPointExtension>
</extensions>
</trkpt>
<trkpt lat="36.9878833" lon="127.8858739">
<ele>73.465</ele>
<time>2026-05-05T10:44:59Z</time>
<extensions>
<gpxtpx:TrackPointExtension>
<gpxtpx:hr>163</gpxtpx:hr>
</gpxtpx:TrackPointExtension>
</extensions>
</trkpt>
<trkpt lat="36.9878589" lon="127.8858658">
<ele>73.436</ele>
<time>2026-05-05T10:45:00Z</time>
<extensions>
<gpxtpx:TrackPointExtension>
<gpxtpx:hr>163</gpxtpx:hr>
</gpxtpx:TrackPointExtension>
</extensions>
</trkpt>
<trkpt lat="36.9878356" lon="127.8858562">
<ele>73.407</ele>
<time>2026-05-05T10:45:01Z</time>
<extensions>
<gpxtpx:TrackPointExtension>
<gpxtpx:hr>163</gpxtpx:hr>
</gpxtpx:TrackPointExtension>
</extensions>
</trkpt>
<trkpt lat="36.9878111" lon="127.8858485">
<ele>73.439</ele>
<time>2026-05-05T10:45:02Z</time>
<extensions>
<gpxtpx:TrackPointExtension>
<gpxtpx:hr>163</gpxtpx:hr>
</gpxtpx:TrackPointExtension>
</extensions>
</trkpt>
<trkpt lat="36.9877876" lon="127.8858395">
<ele>73.454</ele>
<time>2026-05-05T10:45:03Z</time>
<extensions>
<gpxtpx:TrackPointExtension>
<gpxtpx:hr>163</gpxtpx:hr>
<gpxtpx:cad>173</gpxtpx:cad>
</gpxtpx:TrackPointExtension>
</extensions>
</trkpt>
<trkpt lat="36.9877643" lon="127.88583">
<ele>73.469</ele>
<time>2026-05-05T10:45:04Z</time>
<extensions>
<gpxtpx:TrackPointExtension>
<gpxtpx:hr>163</gpxtpx:hr>
</gpxtpx:TrackPointExtension>
</extensions>
</trkpt>
<trkpt lat="36.9877412" lon="127.8858211">
<ele>73.461</ele>
<time>2026-05-05T10:45:05Z</time>
<extensions>
<gpxtpx:TrackPointExtension>
<gpxtpx:hr>163</gpxtpx:hr>
</gpxtpx:TrackPointExtension>
</extensions>
</trkpt>
<trkpt lat="36.9877181" lon="127.8858107">
<ele>73.386</ele>
<time>2026-05-05T10:45:06Z</time>
<extensions>
<gpxtpx:TrackPointExtension>
<gpxtpx:hr>163</gpxtpx:hr>
</gpxtpx:TrackPointExtension>
</extensions>
</trkpt>
<trkpt lat="36.9876953" lon="127.885801">
<ele>73.389</ele>
<time>2026-05-05T10:45:07Z</time>
<extensions>
<gpxtpx:TrackPointExtension>
<gpxtpx:hr>163</gpxtpx:hr>
<gpxtpx:cad>177</gpxtpx:cad>
</gpxtpx:TrackPointExtension>
</extensions>
</trkpt>
<trkpt lat="36.9876724" lon="127.8857913">
<ele>73.403</ele>
<time>2026-05-05T10:45:08Z</time>
<extensions>
<gpxtpx:TrackPointExtension>
<gpxtpx:hr>163</gpxtpx:hr>
<gpxtpx:cad>178</gpxtpx:cad>
</gpxtpx:TrackPointExtension>
</extensions>
</trkpt>
<trkpt lat="36.9876494" lon="127.8857801">
<ele>73.384</ele>
<time>2026-05-05T10:45:09Z</time>
<extensions>
<gpxtpx:TrackPointExtension>
<gpxtpx:hr>163</gpxtpx:hr>
</gpxtpx:TrackPointExtension>
</extensions>
</trkpt>
<trkpt lat="36.9876259" lon="127.8857698">
<ele>73.412</ele>
<time>2026-05-05T10:45:10Z</time>
<extensions>
<gpxtpx:TrackPointExtension>
<gpxtpx:hr>164</gpxtpx:hr>
</gpxtpx:TrackPointExtension>
</extensions>
</trkpt>
<trkpt lat="36.9876022" lon="127.8857588">
<ele>73.426</ele>
<time>2026-05-05T10:45:11Z</time>
<extensions>
<gpxtpx:TrackPointExtension>
<gpxtpx:hr>164</gpxtpx:hr>
</gpxtpx:TrackPointExtension>
</extensions>
</trkpt>
<trkpt lat="36.9875787" lon="127.8857479">
<ele>73.405</ele>
<time>2026-05-05T10:45:12Z</time>
<extensions>
<gpxtpx:TrackPointExtension>
<gpxtpx:hr>164</gpxtpx:hr>
</gpxtpx:TrackPointExtension>
</extensions>
</trkpt>
<trkpt lat="36.9875556" lon="127.8857411">
<ele>73.469</ele>
<time>2026-05-05T10:45:13Z</time>
<extensions>
<gpxtpx:TrackPointExtension>
<gpxtpx:hr>164</gpxtpx:hr>
<gpxtpx:cad>180</gpxtpx:cad>
</gpxtpx:TrackPointExtension>
</extensions>
</trkpt>
<trkpt lat="36.9875324" lon="127.8857331">
<ele>73.381</ele>
<time>2026-05-05T10:45:14Z</time>
<extensions>
<gpxtpx:TrackPointExtension>
<gpxtpx:hr>164</gpxtpx:hr>
</gpxtpx:TrackPointExtension>
</extensions>
</trkpt>
<trkpt lat="36.987509" lon="127.8857291">
<ele>73.354</ele>
<time>2026-05-05T10:45:15Z</time>
<extensions>
<gpxtpx:TrackPointExtension>
<gpxtpx:hr>164</gpxtpx:hr>
</gpxtpx:TrackPointExtension>
</extensions>
</trkpt>
<trkpt lat="36.9874857" lon="127.8857258">
<ele>73.502</ele>
<time>2026-05-05T10:45:16Z</time>
<extensions>
<gpxtpx:TrackPointExtension>
<gpxtpx:hr>164</gpxtpx:hr>
</gpxtpx:TrackPointExtension>
</extensions>
</trkpt>
<trkpt lat="36.9874617" lon="127.8857278">
<ele>73.69</ele>
<time>2026-05-05T10:45:17Z</time>
<extensions>
<gpxtpx:TrackPointExtension>
<gpxtpx:hr>164</gpxtpx:hr>
</gpxtpx:TrackPointExtension>
</extensions>
</trkpt>
<trkpt lat="36.9874375" lon="127.8857311">
<ele>73.737</ele>
<time>2026-05-05T10:45:18Z</time>
<extensions>
<gpxtpx:TrackPointExtension>
<gpxtpx:hr>164</gpxtpx:hr>
<gpxtpx:cad>180</gpxtpx:cad>
</gpxtpx:TrackPointExtension>
</extensions>
</trkpt>
<trkpt lat="36.9874128" lon="127.8857408">
<ele>73.657</ele>
<time>2026-05-05T10:45:19Z</time>
<extensions>
<gpxtpx:TrackPointExtension>
<gpxtpx:hr>164</gpxtpx:hr>
</gpxtpx:TrackPointExtension>
</extensions>
</trkpt>
<trkpt lat="36.9873882" lon="127.8857499">
<ele>73.584</ele>
<time>2026-05-05T10:45:20Z</time>
<extensions>
<gpxtpx:TrackPointExtension>
<gpxtpx:hr>164</gpxtpx:hr>
</gpxtpx:TrackPointExtension>
</extensions>
</trkpt>
<trkpt lat="36.987364" lon="127.8857627">
<ele>73.543</ele>
<time>2026-05-05T10:45:21Z</time>
<extensions>
<gpxtpx:TrackPointExtension>
<gpxtpx:hr>164</gpxtpx:hr>
</gpxtpx:TrackPointExtension>
</extensions>
</trkpt>
<trkpt lat="36.98734" lon="127.8857755">
<ele>73.581</ele>
<time>2026-05-05T10:45:22Z</time>
<extensions>
<gpxtpx:TrackPointExtension>
<gpxtpx:hr>164</gpxtpx:hr>
</gpxtpx:TrackPointExtension>
</extensions>
</trkpt>
<trkpt lat="36.9873164" lon="127.8857887">
<ele>73.604</ele>
<time>2026-05-05T10:45:23Z</time>
<extensions>
<gpxtpx:TrackPointExtension>
<gpxtpx:hr>164</gpxtpx:hr>
<gpxtpx:cad>178</gpxtpx:cad>
</gpxtpx:TrackPointExtension>
</extensions>
</trkpt>
<trkpt lat="36.9872927" lon="127.8858018">
<ele>73.561</ele>
<time>2026-05-05T10:45:24Z</time>
<extensions>
<gpxtpx:TrackPointExtension>
<gpxtpx:hr>164</gpxtpx:hr>
</gpxtpx:TrackPointExtension>
</extensions>
</trkpt>
<trkpt lat="36.9872691" lon="127.8858145">
<ele>73.6</ele>
<time>2026-05-05T10:45:25Z</time>
<extensions>
<gpxtpx:TrackPointExtension>
<gpxtpx:hr>165</gpxtpx:hr>
</gpxtpx:TrackPointExtension>
</extensions>
</trkpt>
<trkpt lat="36.9872454" lon="127.8858269">
<ele>73.632</ele>
<time>2026-05-05T10:45:26Z</time>
<extensions>
<gpxtpx:TrackPointExtension>
<gpxtpx:hr>165</gpxtpx:hr>
</gpxtpx:TrackPointExtension>
</extensions>
</trkpt>
<trkpt lat="36.9872214" lon="127.8858388">
<ele>73.775</ele>
<time>2026-05-05T10:45:27Z</time>
<extensions>
<gpxtpx:TrackPointExtension>
<gpxtpx:hr>165</gpxtpx:hr>
</gpxtpx:TrackPointExtension>
</extensions>
</trkpt>
<trkpt lat="36.987197" lon="127.8858492">
<ele>73.892</ele>
<time>2026-05-05T10:45:28Z</time>
<extensions>
<gpxtpx:TrackPointExtension>
<gpxtpx:hr>165</gpxtpx:hr>
<gpxtpx:cad>175</gpxtpx:cad>
</gpxtpx:TrackPointExtension>
</extensions>
</trkpt>
<trkpt lat="36.9871727" lon="127.88586">
<ele>73.769</ele>
<time>2026-05-05T10:45:29Z</time>
<extensions>
<gpxtpx:TrackPointExtension>
<gpxtpx:hr>165</gpxtpx:hr>
</gpxtpx:TrackPointExtension>
</extensions>
</trkpt>
<trkpt lat="36.987148" lon="127.8858694">
<ele>73.758</ele>
<time>2026-05-05T10:45:30Z</time>
<extensions>
<gpxtpx:TrackPointExtension>
<gpxtpx:hr>165</gpxtpx:hr>
</gpxtpx:TrackPointExtension>
</extensions>
</trkpt>
<trkpt lat="36.9871237" lon="127.8858801">
<ele>73.523</ele>
<time>2026-05-05T10:45:31Z</time>
<extensions>
<gpxtpx:TrackPointExtension>
<gpxtpx:hr>165</gpxtpx:hr>
</gpxtpx:TrackPointExtension>
</extensions>
</trkpt>
<trkpt lat="36.9870996" lon="127.88589">
<ele>73.631</ele>
<time>2026-05-05T10:45:32Z</time>
<extensions>
<gpxtpx:TrackPointExtension>
<gpxtpx:hr>165</gpxtpx:hr>
</gpxtpx:TrackPointExtension>
</extensions>
</trkpt>
<trkpt lat="36.9870756" lon="127.8859005">
<ele>73.629</ele>
<time>2026-05-05T10:45:33Z</time>
<extensions>
<gpxtpx:TrackPointExtension>
<gpxtpx:hr>165</gpxtpx:hr>
<gpxtpx:cad>174</gpxtpx:cad>
</gpxtpx:TrackPointExtension>
</extensions>
</trkpt>
<trkpt lat="36.9870517" lon="127.8859108">
<ele>73.613</ele>
<time>2026-05-05T10:45:34Z</time>
<extensions>
<gpxtpx:TrackPointExtension>
<gpxtpx:hr>165</gpxtpx:hr>
</gpxtpx:TrackPointExtension>
</extensions>
</trkpt>
<trkpt lat="36.9870278" lon="127.8859211">
<ele>73.655</ele>
<time>2026-05-05T10:45:35Z</time>
<extensions>
<gpxtpx:TrackPointExtension>
<gpxtpx:hr>164</gpxtpx:hr>
</gpxtpx:TrackPointExtension>
</extensions>
</trkpt>
<trkpt lat="36.987004" lon="127.8859314">
<ele>73.614</ele>
<time>2026-05-05T10:45:36Z</time>
<extensions>
<gpxtpx:TrackPointExtension>
<gpxtpx:hr>163</gpxtpx:hr>
</gpxtpx:TrackPointExtension>
</extensions>
</trkpt>
<trkpt lat="36.9869803" lon="127.8859417">
<ele>73.554</ele>
<time>2026-05-05T10:45:37Z</time>
</trkpt>
<trkpt lat="36.9869566" lon="127.8859522">
<ele>73.594</ele>
<time>2026-05-05T10:45:38Z</time>
<extensions>
<gpxtpx:TrackPointExtension>
<gpxtpx:hr>163</gpxtpx:hr>
<gpxtpx:cad>173</gpxtpx:cad>
</gpxtpx:TrackPointExtension>
</extensions>
</trkpt>
<trkpt lat="36.9869331" lon="127.8859628">
<ele>73.58</ele>
<time>2026-05-05T10:45:39Z</time>
<extensions>
<gpxtpx:TrackPointExtension>
<gpxtpx:hr>164</gpxtpx:hr>
</gpxtpx:TrackPointExtension>
</extensions>
</trkpt>
<trkpt lat="36.9869096" lon="127.8859735">
<ele>73.567</ele>
<time>2026-05-05T10:45:40Z</time>
<extensions>
<gpxtpx:TrackPointExtension>
<gpxtpx:hr>164</gpxtpx:hr>
</gpxtpx:TrackPointExtension>
</extensions>
</trkpt>
<trkpt lat="36.9868862" lon="127.8859844">
<ele>73.511</ele>
<time>2026-05-05T10:45:41Z</time>
<extensions>
<gpxtpx:TrackPointExtension>
<gpxtpx:hr>164</gpxtpx:hr>
</gpxtpx:TrackPointExtension>
</extensions>
</trkpt>
<trkpt lat="36.9868628" lon="127.8859955">
<ele>73.463</ele>
<time>2026-05-05T10:45:42Z</time>
<extensions>
<gpxtpx:TrackPointExtension>
<gpxtpx:hr>164</gpxtpx:hr>
<gpxtpx:cad>174</gpxtpx:cad>
</gpxtpx:TrackPointExtension>
</extensions>
</trkpt>
<trkpt lat="36.9868394" lon="127.8860068">
<ele>73.481</ele>
<time>2026-05-05T10:45:43Z</time>
<extensions>
<gpxtpx:TrackPointExtension>
<gpxtpx:hr>164</gpxtpx:hr>
<gpxtpx:cad>175</gpxtpx:cad>
</gpxtpx:TrackPointExtension>
</extensions>
</trkpt>
<trkpt lat="36.986816" lon="127.8860183">
<ele>73.512</ele>
<time>2026-05-05T10:45:44Z</time>
<extensions>
<gpxtpx:TrackPointExtension>
<gpxtpx:hr>164</gpxtpx:hr>
</gpxtpx:TrackPointExtension>
</extensions>
</trkpt>
<trkpt lat="36.9867926" lon="127.8860301">
<ele>73.442</ele>
<time>2026-05-05T10:45:45Z</time>
<extensions>
<gpxtpx:TrackPointExtension>
<gpxtpx:hr>164</gpxtpx:hr>
</gpxtpx:TrackPointExtension>
</extensions>
</trkpt>
<trkpt lat="36.9867692" lon="127.8860421">
<ele>73.483</ele>
<time>2026-05-05T10:45:46Z</time>
<extensions>
<gpxtpx:TrackPointExtension>
<gpxtpx:hr>164</gpxtpx:hr>
</gpxtpx:TrackPointExtension>
</extensions>
</trkpt>
<trkpt lat="36.9867458" lon="127.8860542">
<ele>73.588</ele>
<time>2026-05-05T10:45:47Z</time>
<extensions>
<gpxtpx:TrackPointExtension>
<gpxtpx:hr>164</gpxtpx:hr>
</gpxtpx:TrackPointExtension>
</extensions>
</trkpt>
<trkpt lat="36.9867223" lon="127.8860666">
<ele>73.621</ele>
<time>2026-05-05T10:45:48Z</time>
<extensions>
<gpxtpx:TrackPointExtension>
<gpxtpx:hr>164</gpxtpx:hr>
<gpxtpx:cad>179</gpxtpx:cad>
</gpxtpx:TrackPointExtension>
</extensions>
</trkpt>
<trkpt lat="36.9866987" lon="127.8860791">
<ele>73.576</ele>
<time>2026-05-05T10:45:49Z</time>
<extensions>
<gpxtpx:TrackPointExtension>
<gpxtpx:hr>164</gpxtpx:hr>
</gpxtpx:TrackPointExtension>
</extensions>
</trkpt>
<trkpt lat="36.9866752" lon="127.8860916">
<ele>73.521</ele>
<time>2026-05-05T10:45:50Z</time>
<extensions>
<gpxtpx:TrackPointExtension>
<gpxtpx:hr>164</gpxtpx:hr>
</gpxtpx:TrackPointExtension>
</extensions>
</trkpt>
<trkpt lat="36.9866515" lon="127.8861042">
<ele>73.507</ele>
<time>2026-05-05T10:45:51Z</time>
<extensions>
<gpxtpx:TrackPointExtension>
<gpxtpx:hr>164</gpxtpx:hr>
</gpxtpx:TrackPointExtension>
</extensions>
</trkpt>
<trkpt lat="36.9866278" lon="127.8861167">
<ele>73.439</ele>
<time>2026-05-05T10:45:52Z</time>
<extensions>
<gpxtpx:TrackPointExtension>
<gpxtpx:hr>164</gpxtpx:hr>
</gpxtpx:TrackPointExtension>
</extensions>
</trkpt>
<trkpt lat="36.986604" lon="127.8861296">
<ele>73.457</ele>
<time>2026-05-05T10:45:53Z</time>
<extensions>
<gpxtpx:TrackPointExtension>
<gpxtpx:hr>163</gpxtpx:hr>
<gpxtpx:cad>181</gpxtpx:cad>
</gpxtpx:TrackPointExtension>
</extensions>
</trkpt>
<trkpt lat="36.9865801" lon="127.8861414">
<ele>73.397</ele>
<time>2026-05-05T10:45:54Z</time>
<extensions>
<gpxtpx:TrackPointExtension>
<gpxtpx:hr>163</gpxtpx:hr>
</gpxtpx:TrackPointExtension>
</extensions>
</trkpt>
<trkpt lat="36.9865561" lon="127.8861541">
<ele>73.356</ele>
<time>2026-05-05T10:45:55Z</time>
<extensions>
<gpxtpx:TrackPointExtension>
<gpxtpx:hr>163</gpxtpx:hr>
</gpxtpx:TrackPointExtension>
</extensions>
</trkpt>
<trkpt lat="36.9865318" lon="127.8861654">
<ele>73.476</ele>
<time>2026-05-05T10:45:56Z</time>
<extensions>
<gpxtpx:TrackPointExtension>
<gpxtpx:hr>163</gpxtpx:hr>
</gpxtpx:TrackPointExtension>
</extensions>
</trkpt>
<trkpt lat="36.9865077" lon="127.8861778">
<ele>73.535</ele>
<time>2026-05-05T10:45:57Z</time>
<extensions>
<gpxtpx:TrackPointExtension>
<gpxtpx:hr>163</gpxtpx:hr>
</gpxtpx:TrackPointExtension>
</extensions>
</trkpt>
<trkpt lat="36.9864829" lon="127.8861888">
<ele>73.541</ele>
<time>2026-05-05T10:45:58Z</time>
<extensions>
<gpxtpx:TrackPointExtension>
<gpxtpx:hr>163</gpxtpx:hr>
<gpxtpx:cad>181</gpxtpx:cad>
</gpxtpx:TrackPointExtension>
</extensions>
</trkpt>
<trkpt lat="36.9864584" lon="127.8862005">
<ele>73.536</ele>
<time>2026-05-05T10:45:59Z</time>
<extensions>
<gpxtpx:TrackPointExtension>
<gpxtpx:hr>163</gpxtpx:hr>
</gpxtpx:TrackPointExtension>
</extensions>
</trkpt>
<trkpt lat="36.9864339" lon="127.8862122">
<ele>73.436</ele>
<time>2026-05-05T10:46:00Z</time>
<extensions>
<gpxtpx:TrackPointExtension>
<gpxtpx:hr>163</gpxtpx:hr>
</gpxtpx:TrackPointExtension>
</extensions>
</trkpt>
<trkpt lat="36.9864093" lon="127.886224">
<ele>73.336</ele>
<time>2026-05-05T10:46:01Z</time>
<extensions>
<gpxtpx:TrackPointExtension>
<gpxtpx:hr>163</gpxtpx:hr>
</gpxtpx:TrackPointExtension>
</extensions>
</trkpt>
<trkpt lat="36.9863847" lon="127.8862359">
<ele>73.339</ele>
<time>2026-05-05T10:46:02Z</time>
<extensions>
<gpxtpx:TrackPointExtension>
<gpxtpx:hr>163</gpxtpx:hr>
</gpxtpx:TrackPointExtension>
</extensions>
</trkpt>
<trkpt lat="36.98636" lon="127.8862479">
<ele>73.371</ele>
<time>2026-05-05T10:46:03Z</time>
<extensions>
<gpxtpx:TrackPointExtension>
<gpxtpx:hr>163</gpxtpx:hr>
<gpxtpx:cad>181</gpxtpx:cad>
</gpxtpx:TrackPointExtension>
</extensions>
</trkpt>
<trkpt lat="36.9863355" lon="127.8862594">
<ele>73.343</ele>
<time>2026-05-05T10:46:04Z</time>
<extensions>
<gpxtpx:TrackPointExtension>
<gpxtpx:hr>163</gpxtpx:hr>
</gpxtpx:TrackPointExtension>
</extensions>
</trkpt>
<trkpt lat="36.9863106" lon="127.8862726">
<ele>73.264</ele>
<time>2026-05-05T10:46:05Z</time>
<extensions>
<gpxtpx:TrackPointExtension>
<gpxtpx:hr>163</gpxtpx:hr>
</gpxtpx:TrackPointExtension>
</extensions>
</trkpt>
<trkpt lat="36.9862858" lon="127.8862841">
<ele>73.325</ele>
<time>2026-05-05T10:46:06Z</time>
<extensions>
<gpxtpx:TrackPointExtension>
<gpxtpx:hr>163</gpxtpx:hr>
</gpxtpx:TrackPointExtension>
</extensions>
</trkpt>
<trkpt lat="36.9862612" lon="127.8862979">
<ele>73.423</ele>
<time>2026-05-05T10:46:07Z</time>
<extensions>
<gpxtpx:TrackPointExtension>
<gpxtpx:hr>163</gpxtpx:hr>
</gpxtpx:TrackPointExtension>
</extensions>
</trkpt>
<trkpt lat="36.9862362" lon="127.8863097">
<ele>73.451</ele>
<time>2026-05-05T10:46:08Z</time>
<extensions>
<gpxtpx:TrackPointExtension>
<gpxtpx:hr>164</gpxtpx:hr>
<gpxtpx:cad>180</gpxtpx:cad>
</gpxtpx:TrackPointExtension>
</extensions>
</trkpt>
<trkpt lat="36.986212" lon="127.8863236">
<ele>73.541</ele>
<time>2026-05-05T10:46:09Z</time>
<extensions>
<gpxtpx:TrackPointExtension>
<gpxtpx:hr>164</gpxtpx:hr>
</gpxtpx:TrackPointExtension>
</extensions>
</trkpt>
<trkpt lat="36.986187" lon="127.8863362">
<ele>73.609</ele>
<time>2026-05-05T10:46:10Z</time>
<extensions>
<gpxtpx:TrackPointExtension>
<gpxtpx:hr>164</gpxtpx:hr>
</gpxtpx:TrackPointExtension>
</extensions>
</trkpt>
<trkpt lat="36.9861631" lon="127.88635">
<ele>73.549</ele>
<time>2026-05-05T10:46:11Z</time>
<extensions>
<gpxtpx:TrackPointExtension>
<gpxtpx:hr>164</gpxtpx:hr>
</gpxtpx:TrackPointExtension>
</extensions>
</trkpt>
<trkpt lat="36.9861383" lon="127.8863635">
<ele>73.594</ele>
<time>2026-05-05T10:46:12Z</time>
<extensions>
<gpxtpx:TrackPointExtension>
<gpxtpx:hr>164</gpxtpx:hr>
</gpxtpx:TrackPointExtension>
</extensions>
</trkpt>
<trkpt lat="36.9861141" lon="127.8863773">
<ele>73.65</ele>
<time>2026-05-05T10:46:13Z</time>
<extensions>
<gpxtpx:TrackPointExtension>
<gpxtpx:hr>164</gpxtpx:hr>
<gpxtpx:cad>176</gpxtpx:cad>
</gpxtpx:TrackPointExtension>
</extensions>
</trkpt>
<trkpt lat="36.9860902" lon="127.8863907">
<ele>73.695</ele>
<time>2026-05-05T10:46:14Z</time>
<extensions>
<gpxtpx:TrackPointExtension>
<gpxtpx:hr>164</gpxtpx:hr>
</gpxtpx:TrackPointExtension>
</extensions>
</trkpt>
<trkpt lat="36.986066" lon="127.886405">
<ele>73.721</ele>
<time>2026-05-05T10:46:15Z</time>
<extensions>
<gpxtpx:TrackPointExtension>
<gpxtpx:hr>164</gpxtpx:hr>
</gpxtpx:TrackPointExtension>
</extensions>
</trkpt>
<trkpt lat="36.9860419" lon="127.8864179">
<ele>73.669</ele>
<time>2026-05-05T10:46:16Z</time>
<extensions>
<gpxtpx:TrackPointExtension>
<gpxtpx:hr>165</gpxtpx:hr>
<gpxtpx:cad>175</gpxtpx:cad>
</gpxtpx:TrackPointExtension>
</extensions>
</trkpt>
<trkpt lat="36.9860178" lon="127.8864314">
<ele>73.642</ele>
<time>2026-05-05T10:46:17Z</time>
<extensions>
<gpxtpx:TrackPointExtension>
<gpxtpx:hr>165</gpxtpx:hr>
</gpxtpx:TrackPointExtension>
</extensions>
</trkpt>
<trkpt lat="36.9859936" lon="127.8864447">
<ele>73.684</ele>
<time>2026-05-05T10:46:18Z</time>
<extensions>
<gpxtpx:TrackPointExtension>
<gpxtpx:hr>165</gpxtpx:hr>
<gpxtpx:cad>176</gpxtpx:cad>
</gpxtpx:TrackPointExtension>
</extensions>
</trkpt>
<trkpt lat="36.9859698" lon="127.8864584">
<ele>74.067</ele>
<time>2026-05-05T10:46:19Z</time>
<extensions>
<gpxtpx:TrackPointExtension>
<gpxtpx:hr>165</gpxtpx:hr>
</gpxtpx:TrackPointExtension>
</extensions>
</trkpt>
<trkpt lat="36.9859451" lon="127.8864707">
<ele>74.161</ele>
<time>2026-05-05T10:46:20Z</time>
<extensions>
<gpxtpx:TrackPointExtension>
<gpxtpx:hr>164</gpxtpx:hr>
</gpxtpx:TrackPointExtension>
</extensions>
</trkpt>
<trkpt lat="36.9859211" lon="127.8864837">
<ele>74.282</ele>
<time>2026-05-05T10:46:21Z</time>
<extensions>
<gpxtpx:TrackPointExtension>
<gpxtpx:hr>164</gpxtpx:hr>
</gpxtpx:TrackPointExtension>
</extensions>
</trkpt>
<trkpt lat="36.9858962" lon="127.886496">
<ele>74.224</ele>
<time>2026-05-05T10:46:22Z</time>
<extensions>
<gpxtpx:TrackPointExtension>
<gpxtpx:hr>164</gpxtpx:hr>
</gpxtpx:TrackPointExtension>
</extensions>
</trkpt>
<trkpt lat="36.9858719" lon="127.8865084">
<ele>74.206</ele>
<time>2026-05-05T10:46:23Z</time>
<extensions>
<gpxtpx:TrackPointExtension>
<gpxtpx:hr>164</gpxtpx:hr>
<gpxtpx:cad>180</gpxtpx:cad>
</gpxtpx:TrackPointExtension>
</extensions>
</trkpt>
<trkpt lat="36.9858472" lon="127.8865206">
<ele>74.087</ele>
<time>2026-05-05T10:46:24Z</time>
<extensions>
<gpxtpx:TrackPointExtension>
<gpxtpx:hr>164</gpxtpx:hr>
</gpxtpx:TrackPointExtension>
</extensions>
</trkpt>
<trkpt lat="36.9858224" lon="127.886533">
<ele>74.036</ele>
<time>2026-05-05T10:46:25Z</time>
<extensions>
<gpxtpx:TrackPointExtension>
<gpxtpx:hr>164</gpxtpx:hr>
</gpxtpx:TrackPointExtension>
</extensions>
</trkpt>
<trkpt lat="36.9857977" lon="127.8865452">
<ele>73.87</ele>
<time>2026-05-05T10:46:26Z</time>
<extensions>
<gpxtpx:TrackPointExtension>
<gpxtpx:hr>164</gpxtpx:hr>
</gpxtpx:TrackPointExtension>
</extensions>
</trkpt>
<trkpt lat="36.985773" lon="127.8865576">
<ele>73.728</ele>
<time>2026-05-05T10:46:27Z</time>
<extensions>
<gpxtpx:TrackPointExtension>
<gpxtpx:hr>164</gpxtpx:hr>
</gpxtpx:TrackPointExtension>
</extensions>
</trkpt>
<trkpt lat="36.9857481" lon="127.8865699">
<ele>73.699</ele>
<time>2026-05-05T10:46:28Z</time>
<extensions>
<gpxtpx:TrackPointExtension>
<gpxtpx:hr>164</gpxtpx:hr>
<gpxtpx:cad>181</gpxtpx:cad>
</gpxtpx:TrackPointExtension>
</extensions>
</trkpt>
<trkpt lat="36.9857238" lon="127.8865824">
<ele>73.672</ele>
<time>2026-05-05T10:46:29Z</time>
<extensions>
<gpxtpx:TrackPointExtension>
<gpxtpx:hr>164</gpxtpx:hr>
</gpxtpx:TrackPointExtension>
</extensions>
</trkpt>
<trkpt lat="36.9856989" lon="127.8865947">
<ele>73.688</ele>
<time>2026-05-05T10:46:30Z</time>
<extensions>
<gpxtpx:TrackPointExtension>
<gpxtpx:hr>164</gpxtpx:hr>
</gpxtpx:TrackPointExtension>
</extensions>
</trkpt>
<trkpt lat="36.985675" lon="127.8866067">
<ele>73.692</ele>
<time>2026-05-05T10:46:31Z</time>
<extensions>
<gpxtpx:TrackPointExtension>
<gpxtpx:hr>164</gpxtpx:hr>
</gpxtpx:TrackPointExtension>
</extensions>
</trkpt>
<trkpt lat="36.9856502" lon="127.886619">
<ele>73.641</ele>
<time>2026-05-05T10:46:32Z</time>
<extensions>
<gpxtpx:TrackPointExtension>
<gpxtpx:hr>163</gpxtpx:hr>
</gpxtpx:TrackPointExtension>
</extensions>
</trkpt>
<trkpt lat="36.9856266" lon="127.8866305">
<ele>73.683</ele>
<time>2026-05-05T10:46:33Z</time>
<extensions>
<gpxtpx:TrackPointExtension>
<gpxtpx:hr>163</gpxtpx:hr>
<gpxtpx:cad>179</gpxtpx:cad>
</gpxtpx:TrackPointExtension>
</extensions>
</trkpt>
<trkpt lat="36.9856022" lon="127.8866427">
<ele>73.631</ele>
<time>2026-05-05T10:46:34Z</time>
<extensions>
<gpxtpx:TrackPointExtension>
<gpxtpx:hr>163</gpxtpx:hr>
</gpxtpx:TrackPointExtension>
</extensions>
</trkpt>
<trkpt lat="36.9855788" lon="127.8866537">
<ele>73.718</ele>
<time>2026-05-05T10:46:35Z</time>
<extensions>
<gpxtpx:TrackPointExtension>
<gpxtpx:hr>163</gpxtpx:hr>
</gpxtpx:TrackPointExtension>
</extensions>
</trkpt>
<trkpt lat="36.9855551" lon="127.886665">
<ele>73.724</ele>
<time>2026-05-05T10:46:36Z</time>
<extensions>
<gpxtpx:TrackPointExtension>
<gpxtpx:hr>163</gpxtpx:hr>
</gpxtpx:TrackPointExtension>
</extensions>
</trkpt>
<trkpt lat="36.9855315" lon="127.8866761">
<ele>73.693</ele>
<time>2026-05-05T10:46:37Z</time>
<extensions>
<gpxtpx:TrackPointExtension>
<gpxtpx:hr>163</gpxtpx:hr>
</gpxtpx:TrackPointExtension>
</extensions>
</trkpt>
<trkpt lat="36.9855079" lon="127.8866866">
<ele>73.651</ele>
<time>2026-05-05T10:46:38Z</time>
<extensions>
<gpxtpx:TrackPointExtension>
<gpxtpx:hr>163</gpxtpx:hr>
<gpxtpx:cad>175</gpxtpx:cad>
</gpxtpx:TrackPointExtension>
</extensions>
</trkpt>
<trkpt lat="36.9854843" lon="127.8866975">
<ele>73.728</ele>
<time>2026-05-05T10:46:39Z</time>
<extensions>
<gpxtpx:TrackPointExtension>
<gpxtpx:hr>163</gpxtpx:hr>
</gpxtpx:TrackPointExtension>
</extensions>
</trkpt>
<trkpt lat="36.9854606" lon="127.8867083">
<ele>73.695</ele>
<time>2026-05-05T10:46:40Z</time>
<extensions>
<gpxtpx:TrackPointExtension>
<gpxtpx:hr>163</gpxtpx:hr>
</gpxtpx:TrackPointExtension>
</extensions>
</trkpt>
<trkpt lat="36.985437" lon="127.886719">
<ele>73.715</ele>
<time>2026-05-05T10:46:41Z</time>
<extensions>
<gpxtpx:TrackPointExtension>
<gpxtpx:hr>162</gpxtpx:hr>
</gpxtpx:TrackPointExtension>
</extensions>
</trkpt>
<trkpt lat="36.9854133" lon="127.8867296">
<ele>73.681</ele>
<time>2026-05-05T10:46:42Z</time>
<extensions>
<gpxtpx:TrackPointExtension>
<gpxtpx:hr>162</gpxtpx:hr>
</gpxtpx:TrackPointExtension>
</extensions>
</trkpt>
<trkpt lat="36.9853899" lon="127.8867403">
<ele>73.726</ele>
<time>2026-05-05T10:46:43Z</time>
<extensions>
<gpxtpx:TrackPointExtension>
<gpxtpx:hr>162</gpxtpx:hr>
<gpxtpx:cad>172</gpxtpx:cad>
</gpxtpx:TrackPointExtension>
</extensions>
</trkpt>
<trkpt lat="36.9853659" lon="127.8867508">
<ele>73.754</ele>
<time>2026-05-05T10:46:44Z</time>
<extensions>
<gpxtpx:TrackPointExtension>
<gpxtpx:hr>161</gpxtpx:hr>
</gpxtpx:TrackPointExtension>
</extensions>
</trkpt>
<trkpt lat="36.9853424" lon="127.8867612">
<ele>73.783</ele>
<time>2026-05-05T10:46:45Z</time>
<extensions>
<gpxtpx:TrackPointExtension>
<gpxtpx:hr>162</gpxtpx:hr>
</gpxtpx:TrackPointExtension>
</extensions>
</trkpt>
<trkpt lat="36.9853179" lon="127.886772">
<ele>73.757</ele>
<time>2026-05-05T10:46:46Z</time>
<extensions>
<gpxtpx:TrackPointExtension>
<gpxtpx:hr>162</gpxtpx:hr>
</gpxtpx:TrackPointExtension>
</extensions>
</trkpt>
<trkpt lat="36.9852943" lon="127.8867822">
<ele>73.739</ele>
<time>2026-05-05T10:46:47Z</time>
<extensions>
<gpxtpx:TrackPointExtension>
<gpxtpx:hr>162</gpxtpx:hr>
</gpxtpx:TrackPointExtension>
</extensions>
</trkpt>
<trkpt lat="36.9852693" lon="127.8867933">
<ele>73.73</ele>
<time>2026-05-05T10:46:48Z</time>
<extensions>
<gpxtpx:TrackPointExtension>
<gpxtpx:hr>162</gpxtpx:hr>
<gpxtpx:cad>175</gpxtpx:cad>
</gpxtpx:TrackPointExtension>
</extensions>
</trkpt>
<trkpt lat="36.9852453" lon="127.8868035">
<ele>73.655</ele>
<time>2026-05-05T10:46:49Z</time>
<extensions>
<gpxtpx:TrackPointExtension>
<gpxtpx:hr>162</gpxtpx:hr>
</gpxtpx:TrackPointExtension>
</extensions>
</trkpt>
<trkpt lat="36.9852202" lon="127.8868149">
<ele>73.657</ele>
<time>2026-05-05T10:46:50Z</time>
<extensions>
<gpxtpx:TrackPointExtension>
<gpxtpx:hr>162</gpxtpx:hr>
</gpxtpx:TrackPointExtension>
</extensions>
</trkpt>
<trkpt lat="36.9851958" lon="127.8868254">
<ele>73.693</ele>
<time>2026-05-05T10:46:51Z</time>
<extensions>
<gpxtpx:TrackPointExtension>
<gpxtpx:hr>162</gpxtpx:hr>
<gpxtpx:cad>178</gpxtpx:cad>
</gpxtpx:TrackPointExtension>
</extensions>
</trkpt>
<trkpt lat="36.9851708" lon="127.8868367">
<ele>73.667</ele>
<time>2026-05-05T10:46:52Z</time>
<extensions>
<gpxtpx:TrackPointExtension>
<gpxtpx:hr>162</gpxtpx:hr>
</gpxtpx:TrackPointExtension>
</extensions>
</trkpt>
<trkpt lat="36.9851458" lon="127.8868482">
<ele>73.559</ele>
<time>2026-05-05T10:46:53Z</time>
<extensions>
<gpxtpx:TrackPointExtension>
<gpxtpx:hr>162</gpxtpx:hr>
<gpxtpx:cad>179</gpxtpx:cad>
</gpxtpx:TrackPointExtension>
</extensions>
</trkpt>
<trkpt lat="36.9851209" lon="127.8868595">
<ele>73.484</ele>
<time>2026-05-05T10:46:54Z</time>
<extensions>
<gpxtpx:TrackPointExtension>
<gpxtpx:hr>162</gpxtpx:hr>
</gpxtpx:TrackPointExtension>
</extensions>
</trkpt>
<trkpt lat="36.9850954" lon="127.8868715">
<ele>73.38</ele>
<time>2026-05-05T10:46:55Z</time>
<extensions>
<gpxtpx:TrackPointExtension>
<gpxtpx:hr>162</gpxtpx:hr>
</gpxtpx:TrackPointExtension>
</extensions>
</trkpt>
<trkpt lat="36.9850702" lon="127.8868832">
<ele>73.337</ele>
<time>2026-05-05T10:46:56Z</time>
<extensions>
<gpxtpx:TrackPointExtension>
<gpxtpx:hr>162</gpxtpx:hr>
</gpxtpx:TrackPointExtension>
</extensions>
</trkpt>
<trkpt lat="36.9850448" lon="127.8868952">
<ele>73.314</ele>
<time>2026-05-05T10:46:57Z</time>
<extensions>
<gpxtpx:TrackPointExtension>
<gpxtpx:hr>161</gpxtpx:hr>
</gpxtpx:TrackPointExtension>
</extensions>
</trkpt>
<trkpt lat="36.9850192" lon="127.8869076">
<ele>73.306</ele>
<time>2026-05-05T10:46:58Z</time>
<extensions>
<gpxtpx:TrackPointExtension>
<gpxtpx:hr>161</gpxtpx:hr>
<gpxtpx:cad>178</gpxtpx:cad>
</gpxtpx:TrackPointExtension>
</extensions>
</trkpt>
<trkpt lat="36.9849937" lon="127.8869196">
<ele>73.234</ele>
<time>2026-05-05T10:46:59Z</time>
<extensions>
<gpxtpx:TrackPointExtension>
<gpxtpx:hr>162</gpxtpx:hr>
</gpxtpx:TrackPointExtension>
</extensions>
</trkpt>
<trkpt lat="36.9849683" lon="127.8869321">
<ele>73.233</ele>
<time>2026-05-05T10:47:00Z</time>
<extensions>
<gpxtpx:TrackPointExtension>
<gpxtpx:hr>162</gpxtpx:hr>
</gpxtpx:TrackPointExtension>
</extensions>
</trkpt>
<trkpt lat="36.9849428" lon="127.8869444">
<ele>73.265</ele>
<time>2026-05-05T10:47:01Z</time>
<extensions>
<gpxtpx:TrackPointExtension>
<gpxtpx:hr>162</gpxtpx:hr>
</gpxtpx:TrackPointExtension>
</extensions>
</trkpt>
<trkpt lat="36.9849172" lon="127.8869568">
<ele>73.242</ele>
<time>2026-05-05T10:47:02Z</time>
<extensions>
<gpxtpx:TrackPointExtension>
<gpxtpx:hr>162</gpxtpx:hr>
</gpxtpx:TrackPointExtension>
</extensions>
</trkpt>
<trkpt lat="36.9848923" lon="127.8869693">
<ele>73.227</ele>
<time>2026-05-05T10:47:03Z</time>
<extensions>
<gpxtpx:TrackPointExtension>
<gpxtpx:hr>162</gpxtpx:hr>
<gpxtpx:cad>173</gpxtpx:cad>
</gpxtpx:TrackPointExtension>
</extensions>
</trkpt>
<trkpt lat="36.9848667" lon="127.8869817">
<ele>73.256</ele>
<time>2026-05-05T10:47:04Z</time>
<extensions>
<gpxtpx:TrackPointExtension>
<gpxtpx:hr>162</gpxtpx:hr>
</gpxtpx:TrackPointExtension>
</extensions>
</trkpt>
<trkpt lat="36.9848423" lon="127.8869947">
<ele>73.266</ele>
<time>2026-05-05T10:47:05Z</time>
<extensions>
<gpxtpx:TrackPointExtension>
<gpxtpx:hr>163</gpxtpx:hr>
</gpxtpx:TrackPointExtension>
</extensions>
</trkpt>
<trkpt lat="36.984817" lon="127.8870072">
<ele>73.236</ele>
<time>2026-05-05T10:47:06Z</time>
<extensions>
<gpxtpx:TrackPointExtension>
<gpxtpx:hr>163</gpxtpx:hr>
</gpxtpx:TrackPointExtension>
</extensions>
</trkpt>
<trkpt lat="36.984793" lon="127.8870208">
<ele>73.22</ele>
<time>2026-05-05T10:47:07Z</time>
<extensions>
<gpxtpx:TrackPointExtension>
<gpxtpx:hr>163</gpxtpx:hr>
</gpxtpx:TrackPointExtension>
</extensions>
</trkpt>
<trkpt lat="36.9847682" lon="127.8870336">
<ele>73.172</ele>
<time>2026-05-05T10:47:08Z</time>
<extensions>
<gpxtpx:TrackPointExtension>
<gpxtpx:hr>164</gpxtpx:hr>
<gpxtpx:cad>173</gpxtpx:cad>
</gpxtpx:TrackPointExtension>
</extensions>
</trkpt>
<trkpt lat="36.9847449" lon="127.8870477">
<ele>73.14</ele>
<time>2026-05-05T10:47:09Z</time>
<extensions>
<gpxtpx:TrackPointExtension>
<gpxtpx:hr>164</gpxtpx:hr>
</gpxtpx:TrackPointExtension>
</extensions>
</trkpt>
<trkpt lat="36.9847212" lon="127.8870615">
<ele>73.134</ele>
<time>2026-05-05T10:47:10Z</time>
<extensions>
<gpxtpx:TrackPointExtension>
<gpxtpx:hr>164</gpxtpx:hr>
</gpxtpx:TrackPointExtension>
</extensions>
</trkpt>
<trkpt lat="36.9846975" lon="127.8870755">
<ele>73.159</ele>
<time>2026-05-05T10:47:11Z</time>
<extensions>
<gpxtpx:TrackPointExtension>
<gpxtpx:hr>164</gpxtpx:hr>
</gpxtpx:TrackPointExtension>
</extensions>
</trkpt>
<trkpt lat="36.9846735" lon="127.887089">
<ele>73.112</ele>
<time>2026-05-05T10:47:12Z</time>
<extensions>
<gpxtpx:TrackPointExtension>
<gpxtpx:hr>163</gpxtpx:hr>
</gpxtpx:TrackPointExtension>
</extensions>
</trkpt>
<trkpt lat="36.9846504" lon="127.8871038">
<ele>73.079</ele>
<time>2026-05-05T10:47:13Z</time>
<extensions>
<gpxtpx:TrackPointExtension>
<gpxtpx:hr>163</gpxtpx:hr>
<gpxtpx:cad>178</gpxtpx:cad>
</gpxtpx:TrackPointExtension>
</extensions>
</trkpt>
<trkpt lat="36.9846268" lon="127.8871178">
<ele>73.059</ele>
<time>2026-05-05T10:47:14Z</time>
<extensions>
<gpxtpx:TrackPointExtension>
<gpxtpx:hr>163</gpxtpx:hr>
</gpxtpx:TrackPointExtension>
</extensions>
</trkpt>
<trkpt lat="36.9846034" lon="127.8871323">
<ele>73.027</ele>
<time>2026-05-05T10:47:15Z</time>
<extensions>
<gpxtpx:TrackPointExtension>
<gpxtpx:hr>163</gpxtpx:hr>
</gpxtpx:TrackPointExtension>
</extensions>
</trkpt>
<trkpt lat="36.9845802" lon="127.8871466">
<ele>73.05</ele>
<time>2026-05-05T10:47:16Z</time>
<extensions>
<gpxtpx:TrackPointExtension>
<gpxtpx:hr>163</gpxtpx:hr>
</gpxtpx:TrackPointExtension>
</extensions>
</trkpt>
<trkpt lat="36.9845565" lon="127.8871606">
<ele>73.006</ele>
<time>2026-05-05T10:47:17Z</time>
<extensions>
<gpxtpx:TrackPointExtension>
<gpxtpx:hr>163</gpxtpx:hr>
</gpxtpx:TrackPointExtension>
</extensions>
</trkpt>
<trkpt lat="36.9845329" lon="127.8871746">
<ele>72.98</ele>
<time>2026-05-05T10:47:18Z</time>
<extensions>
<gpxtpx:TrackPointExtension>
<gpxtpx:hr>163</gpxtpx:hr>
<gpxtpx:cad>181</gpxtpx:cad>
</gpxtpx:TrackPointExtension>
</extensions>
</trkpt>
<trkpt lat="36.9845094" lon="127.8871885">
<ele>72.998</ele>
<time>2026-05-05T10:47:19Z</time>
<extensions>
<gpxtpx:TrackPointExtension>
<gpxtpx:hr>163</gpxtpx:hr>
</gpxtpx:TrackPointExtension>
</extensions>
</trkpt>
<trkpt lat="36.9844863" lon="127.8872031">
<ele>72.921</ele>
<time>2026-05-05T10:47:20Z</time>
<extensions>
<gpxtpx:TrackPointExtension>
<gpxtpx:hr>163</gpxtpx:hr>
</gpxtpx:TrackPointExtension>
</extensions>
</trkpt>
<trkpt lat="36.9844621" lon="127.8872158">
<ele>72.941</ele>
<time>2026-05-05T10:47:21Z</time>
<extensions>
<gpxtpx:TrackPointExtension>
<gpxtpx:hr>163</gpxtpx:hr>
</gpxtpx:TrackPointExtension>
</extensions>
</trkpt>
<trkpt lat="36.9844387" lon="127.8872302">
<ele>72.973</ele>
<time>2026-05-05T10:47:22Z</time>
<extensions>
<gpxtpx:TrackPointExtension>
<gpxtpx:hr>163</gpxtpx:hr>
</gpxtpx:TrackPointExtension>
</extensions>
</trkpt>
<trkpt lat="36.9844148" lon="127.8872422">
<ele>72.945</ele>
<time>2026-05-05T10:47:23Z</time>
<extensions>
<gpxtpx:TrackPointExtension>
<gpxtpx:hr>163</gpxtpx:hr>
<gpxtpx:cad>181</gpxtpx:cad>
</gpxtpx:TrackPointExtension>
</extensions>
</trkpt>
<trkpt lat="36.9843911" lon="127.8872559">
<ele>72.98</ele>
<time>2026-05-05T10:47:24Z</time>
<extensions>
<gpxtpx:TrackPointExtension>
<gpxtpx:hr>163</gpxtpx:hr>
</gpxtpx:TrackPointExtension>
</extensions>
</trkpt>
<trkpt lat="36.9843676" lon="127.8872673">
<ele>73.0</ele>
<time>2026-05-05T10:47:25Z</time>
<extensions>
<gpxtpx:TrackPointExtension>
<gpxtpx:hr>163</gpxtpx:hr>
<gpxtpx:cad>181</gpxtpx:cad>
</gpxtpx:TrackPointExtension>
</extensions>
</trkpt>
<trkpt lat="36.9843441" lon="127.8872794">
<ele>73.134</ele>
<time>2026-05-05T10:47:26Z</time>
<extensions>
<gpxtpx:TrackPointExtension>
<gpxtpx:hr>162</gpxtpx:hr>
</gpxtpx:TrackPointExtension>
</extensions>
</trkpt>
<trkpt lat="36.9843206" lon="127.8872914">
<ele>73.199</ele>
<time>2026-05-05T10:47:27Z</time>
<extensions>
<gpxtpx:TrackPointExtension>
<gpxtpx:hr>162</gpxtpx:hr>
</gpxtpx:TrackPointExtension>
</extensions>
</trkpt>
<trkpt lat="36.9842975" lon="127.8873028">
<ele>73.1</ele>
<time>2026-05-05T10:47:28Z</time>
<extensions>
<gpxtpx:TrackPointExtension>
<gpxtpx:hr>162</gpxtpx:hr>
<gpxtpx:cad>180</gpxtpx:cad>
</gpxtpx:TrackPointExtension>
</extensions>
</trkpt>
<trkpt lat="36.9842741" lon="127.8873146">
<ele>73.079</ele>
<time>2026-05-05T10:47:29Z</time>
<extensions>
<gpxtpx:TrackPointExtension>
<gpxtpx:hr>162</gpxtpx:hr>
</gpxtpx:TrackPointExtension>
</extensions>
</trkpt>
<trkpt lat="36.9842507" lon="127.8873263">
<ele>73.114</ele>
<time>2026-05-05T10:47:30Z</time>
<extensions>
<gpxtpx:TrackPointExtension>
<gpxtpx:hr>162</gpxtpx:hr>
</gpxtpx:TrackPointExtension>
</extensions>
</trkpt>
<trkpt lat="36.9842276" lon="127.887338">
<ele>73.201</ele>
<time>2026-05-05T10:47:31Z</time>
<extensions>
<gpxtpx:TrackPointExtension>
<gpxtpx:hr>161</gpxtpx:hr>
</gpxtpx:TrackPointExtension>
</extensions>
</trkpt>
<trkpt lat="36.9842039" lon="127.8873495">
<ele>73.175</ele>
<time>2026-05-05T10:47:32Z</time>
<extensions>
<gpxtpx:TrackPointExtension>
<gpxtpx:hr>160</gpxtpx:hr>
</gpxtpx:TrackPointExtension>
</extensions>
</trkpt>
<trkpt lat="36.9841806" lon="127.8873612">
<ele>73.147</ele>
<time>2026-05-05T10:47:33Z</time>
<extensions>
<gpxtpx:TrackPointExtension>
<gpxtpx:hr>159</gpxtpx:hr>
<gpxtpx:cad>175</gpxtpx:cad>
</gpxtpx:TrackPointExtension>
</extensions>
</trkpt>
<trkpt lat="36.9841575" lon="127.8873725">
<ele>73.207</ele>
<time>2026-05-05T10:47:34Z</time>
<extensions>
<gpxtpx:TrackPointExtension>
<gpxtpx:hr>158</gpxtpx:hr>
</gpxtpx:TrackPointExtension>
</extensions>
</trkpt>
<trkpt lat="36.9841349" lon="127.8873839">
<ele>73.169</ele>
<time>2026-05-05T10:47:35Z</time>
<extensions>
<gpxtpx:TrackPointExtension>
<gpxtpx:hr>158</gpxtpx:hr>
</gpxtpx:TrackPointExtension>
</extensions>
</trkpt>
<trkpt lat="36.9841125" lon="127.8873953">
<ele>73.15</ele>
<time>2026-05-05T10:47:36Z</time>
<extensions>
<gpxtpx:TrackPointExtension>
<gpxtpx:hr>158</gpxtpx:hr>
</gpxtpx:TrackPointExtension>
</extensions>
</trkpt>
<trkpt lat="36.98409" lon="127.8874071">
<ele>73.129</ele>
<time>2026-05-05T10:47:37Z</time>
<extensions>
<gpxtpx:TrackPointExtension>
<gpxtpx:hr>158</gpxtpx:hr>
</gpxtpx:TrackPointExtension>
</extensions>
</trkpt>
<trkpt lat="36.984067" lon="127.8874192">
<ele>73.131</ele>
<time>2026-05-05T10:47:38Z</time>
<extensions>
<gpxtpx:TrackPointExtension>
<gpxtpx:hr>159</gpxtpx:hr>
<gpxtpx:cad>171</gpxtpx:cad>
</gpxtpx:TrackPointExtension>
</extensions>
</trkpt>
<trkpt lat="36.9840435" lon="127.8874317">
<ele>73.127</ele>
<time>2026-05-05T10:47:39Z</time>
<extensions>
<gpxtpx:TrackPointExtension>
<gpxtpx:hr>160</gpxtpx:hr>
</gpxtpx:TrackPointExtension>
</extensions>
</trkpt>
<trkpt lat="36.9840197" lon="127.8874443">
<ele>73.095</ele>
<time>2026-05-05T10:47:40Z</time>
<extensions>
<gpxtpx:TrackPointExtension>
<gpxtpx:hr>161</gpxtpx:hr>
</gpxtpx:TrackPointExtension>
</extensions>
</trkpt>
<trkpt lat="36.9839955" lon="127.8874571">
<ele>73.142</ele>
<time>2026-05-05T10:47:41Z</time>
<extensions>
<gpxtpx:TrackPointExtension>
<gpxtpx:hr>162</gpxtpx:hr>
</gpxtpx:TrackPointExtension>
</extensions>
</trkpt>
<trkpt lat="36.9839715" lon="127.8874698">
<ele>73.2</ele>
<time>2026-05-05T10:47:42Z</time>
<extensions>
<gpxtpx:TrackPointExtension>
<gpxtpx:hr>163</gpxtpx:hr>
</gpxtpx:TrackPointExtension>
</extensions>
</trkpt>
<trkpt lat="36.9839473" lon="127.8874825">
<ele>73.282</ele>
<time>2026-05-05T10:47:43Z</time>
<extensions>
<gpxtpx:TrackPointExtension>
<gpxtpx:hr>163</gpxtpx:hr>
<gpxtpx:cad>173</gpxtpx:cad>
</gpxtpx:TrackPointExtension>
</extensions>
</trkpt>
<trkpt lat="36.9839232" lon="127.8874952">
<ele>73.357</ele>
<time>2026-05-05T10:47:44Z</time>
<extensions>
<gpxtpx:TrackPointExtension>
<gpxtpx:hr>163</gpxtpx:hr>
</gpxtpx:TrackPointExtension>
</extensions>
</trkpt>
<trkpt lat="36.983899" lon="127.887507">
<ele>73.337</ele>
<time>2026-05-05T10:47:45Z</time>
<extensions>
<gpxtpx:TrackPointExtension>
<gpxtpx:hr>163</gpxtpx:hr>
</gpxtpx:TrackPointExtension>
</extensions>
</trkpt>
<trkpt lat="36.9838747" lon="127.8875185">
<ele>73.285</ele>
<time>2026-05-05T10:47:46Z</time>
<extensions>
<gpxtpx:TrackPointExtension>
<gpxtpx:hr>163</gpxtpx:hr>
</gpxtpx:TrackPointExtension>
</extensions>
</trkpt>
<trkpt lat="36.9838504" lon="127.8875294">
<ele>73.227</ele>
<time>2026-05-05T10:47:47Z</time>
<extensions>
<gpxtpx:TrackPointExtension>
<gpxtpx:hr>163</gpxtpx:hr>
</gpxtpx:TrackPointExtension>
</extensions>
</trkpt>
<trkpt lat="36.983826" lon="127.8875395">
<ele>73.251</ele>
<time>2026-05-05T10:47:48Z</time>
<extensions>
<gpxtpx:TrackPointExtension>
<gpxtpx:hr>163</gpxtpx:hr>
<gpxtpx:cad>175</gpxtpx:cad>
</gpxtpx:TrackPointExtension>
</extensions>
</trkpt>
<trkpt lat="36.9838014" lon="127.8875489">
<ele>73.264</ele>
<time>2026-05-05T10:47:49Z</time>
<extensions>
<gpxtpx:TrackPointExtension>
<gpxtpx:hr>164</gpxtpx:hr>
</gpxtpx:TrackPointExtension>
</extensions>
</trkpt>
<trkpt lat="36.9837767" lon="127.8875575">
<ele>73.213</ele>
<time>2026-05-05T10:47:50Z</time>
<extensions>
<gpxtpx:TrackPointExtension>
<gpxtpx:hr>164</gpxtpx:hr>
</gpxtpx:TrackPointExtension>
</extensions>
</trkpt>
<trkpt lat="36.9837518" lon="127.8875655">
<ele>73.251</ele>
<time>2026-05-05T10:47:51Z</time>
<extensions>
<gpxtpx:TrackPointExtension>
<gpxtpx:hr>164</gpxtpx:hr>
</gpxtpx:TrackPointExtension>
</extensions>
</trkpt>
<trkpt lat="36.9837267" lon="127.8875728">
<ele>73.228</ele>
<time>2026-05-05T10:47:52Z</time>
<extensions>
<gpxtpx:TrackPointExtension>
<gpxtpx:hr>164</gpxtpx:hr>
</gpxtpx:TrackPointExtension>
</extensions>
</trkpt>
<trkpt lat="36.9837013" lon="127.8875797">
<ele>73.223</ele>
<time>2026-05-05T10:47:53Z</time>
<extensions>
<gpxtpx:TrackPointExtension>
<gpxtpx:hr>164</gpxtpx:hr>
<gpxtpx:cad>176</gpxtpx:cad>
</gpxtpx:TrackPointExtension>
</extensions>
</trkpt>
<trkpt lat="36.983675" lon="127.887586">
<ele>73.189</ele>
<time>2026-05-05T10:47:54Z</time>
<extensions>
<gpxtpx:TrackPointExtension>
<gpxtpx:hr>164</gpxtpx:hr>
</gpxtpx:TrackPointExtension>
</extensions>
</trkpt>
<trkpt lat="36.9836481" lon="127.8875923">
<ele>73.166</ele>
<time>2026-05-05T10:47:55Z</time>
<extensions>
<gpxtpx:TrackPointExtension>
<gpxtpx:hr>164</gpxtpx:hr>
</gpxtpx:TrackPointExtension>
</extensions>
</trkpt>
<trkpt lat="36.9836213" lon="127.8875988">
<ele>73.145</ele>
<time>2026-05-05T10:47:56Z</time>
<extensions>
<gpxtpx:TrackPointExtension>
<gpxtpx:hr>164</gpxtpx:hr>
</gpxtpx:TrackPointExtension>
</extensions>
</trkpt>
<trkpt lat="36.9835941" lon="127.8876049">
<ele>73.179</ele>
<time>2026-05-05T10:47:57Z</time>
<extensions>
<gpxtpx:TrackPointExtension>
<gpxtpx:hr>164</gpxtpx:hr>
</gpxtpx:TrackPointExtension>
</extensions>
</trkpt>
<trkpt lat="36.9835672" lon="127.8876107">
<ele>73.139</ele>
<time>2026-05-05T10:47:58Z</time>
<extensions>
<gpxtpx:TrackPointExtension>
<gpxtpx:hr>164</gpxtpx:hr>
<gpxtpx:cad>178</gpxtpx:cad>
</gpxtpx:TrackPointExtension>
</extensions>
</trkpt>
<trkpt lat="36.9835407" lon="127.8876166">
<ele>73.131</ele>
<time>2026-05-05T10:47:59Z</time>
<extensions>
<gpxtpx:TrackPointExtension>
<gpxtpx:hr>164</gpxtpx:hr>
</gpxtpx:TrackPointExtension>
</extensions>
</trkpt>
<trkpt lat="36.9835141" lon="127.8876215">
<ele>73.135</ele>
<time>2026-05-05T10:48:00Z</time>
<extensions>
<gpxtpx:TrackPointExtension>
<gpxtpx:hr>164</gpxtpx:hr>
<gpxtpx:cad>179</gpxtpx:cad>
</gpxtpx:TrackPointExtension>
</extensions>
</trkpt>
<trkpt lat="36.9834874" lon="127.8876274">
<ele>73.121</ele>
<time>2026-05-05T10:48:01Z</time>
<extensions>
<gpxtpx:TrackPointExtension>
<gpxtpx:hr>164</gpxtpx:hr>
</gpxtpx:TrackPointExtension>
</extensions>
</trkpt>
<trkpt lat="36.9834609" lon="127.8876316">
<ele>73.168</ele>
<time>2026-05-05T10:48:02Z</time>
<extensions>
<gpxtpx:TrackPointExtension>
<gpxtpx:hr>164</gpxtpx:hr>
</gpxtpx:TrackPointExtension>
</extensions>
</trkpt>
<trkpt lat="36.9834343" lon="127.8876362">
<ele>73.148</ele>
<time>2026-05-05T10:48:03Z</time>
<extensions>
<gpxtpx:TrackPointExtension>
<gpxtpx:hr>164</gpxtpx:hr>
<gpxtpx:cad>180</gpxtpx:cad>
</gpxtpx:TrackPointExtension>
</extensions>
</trkpt>
<trkpt lat="36.9834076" lon="127.8876405">
<ele>73.147</ele>
<time>2026-05-05T10:48:04Z</time>
<extensions>
<gpxtpx:TrackPointExtension>
<gpxtpx:hr>164</gpxtpx:hr>
</gpxtpx:TrackPointExtension>
</extensions>
</trkpt>
<trkpt lat="36.9833809" lon="127.8876446">
<ele>73.194</ele>
<time>2026-05-05T10:48:05Z</time>
<extensions>
<gpxtpx:TrackPointExtension>
<gpxtpx:hr>164</gpxtpx:hr>
</gpxtpx:TrackPointExtension>
</extensions>
</trkpt>
<trkpt lat="36.9833541" lon="127.8876495">
<ele>73.217</ele>
<time>2026-05-05T10:48:06Z</time>
<extensions>
<gpxtpx:TrackPointExtension>
<gpxtpx:hr>164</gpxtpx:hr>
</gpxtpx:TrackPointExtension>
</extensions>
</trkpt>
<trkpt lat="36.9833278" lon="127.8876544">
<ele>73.253</ele>
<time>2026-05-05T10:48:07Z</time>
<extensions>
<gpxtpx:TrackPointExtension>
<gpxtpx:hr>164</gpxtpx:hr>
</gpxtpx:TrackPointExtension>
</extensions>
</trkpt>
<trkpt lat="36.9833015" lon="127.8876575">
<ele>73.25</ele>
<time>2026-05-05T10:48:08Z</time>
<extensions>
<gpxtpx:TrackPointExtension>
<gpxtpx:hr>164</gpxtpx:hr>
<gpxtpx:cad>181</gpxtpx:cad>
</gpxtpx:TrackPointExtension>
</extensions>
</trkpt>
<trkpt lat="36.9832757" lon="127.8876607">
<ele>73.29</ele>
<time>2026-05-05T10:48:09Z</time>
<extensions>
<gpxtpx:TrackPointExtension>
<gpxtpx:hr>165</gpxtpx:hr>
</gpxtpx:TrackPointExtension>
</extensions>
</trkpt>
<trkpt lat="36.9832492" lon="127.887663">
<ele>73.256</ele>
<time>2026-05-05T10:48:10Z</time>
<extensions>
<gpxtpx:TrackPointExtension>
<gpxtpx:hr>165</gpxtpx:hr>
</gpxtpx:TrackPointExtension>
</extensions>
</trkpt>
<trkpt lat="36.9832227" lon="127.8876651">
<ele>73.296</ele>
<time>2026-05-05T10:48:11Z</time>
<extensions>
<gpxtpx:TrackPointExtension>
<gpxtpx:hr>165</gpxtpx:hr>
</gpxtpx:TrackPointExtension>
</extensions>
</trkpt>
<trkpt lat="36.9831955" lon="127.8876668">
<ele>73.262</ele>
<time>2026-05-05T10:48:12Z</time>
<extensions>
<gpxtpx:TrackPointExtension>
<gpxtpx:hr>165</gpxtpx:hr>
</gpxtpx:TrackPointExtension>
</extensions>
</trkpt>
<trkpt lat="36.9831681" lon="127.8876683">
<ele>73.25</ele>
<time>2026-05-05T10:48:13Z</time>
<extensions>
<gpxtpx:TrackPointExtension>
<gpxtpx:hr>166</gpxtpx:hr>
<gpxtpx:cad>181</gpxtpx:cad>
</gpxtpx:TrackPointExtension>
</extensions>
</trkpt>
<trkpt lat="36.9831404" lon="127.8876694">
<ele>73.232</ele>
<time>2026-05-05T10:48:14Z</time>
<extensions>
<gpxtpx:TrackPointExtension>
<gpxtpx:hr>166</gpxtpx:hr>
</gpxtpx:TrackPointExtension>
</extensions>
</trkpt>
<trkpt lat="36.9831124" lon="127.8876698">
<ele>73.199</ele>
<time>2026-05-05T10:48:15Z</time>
<extensions>
<gpxtpx:TrackPointExtension>
<gpxtpx:hr>166</gpxtpx:hr>
</gpxtpx:TrackPointExtension>
</extensions>
</trkpt>
<trkpt lat="36.9830843" lon="127.887669">
<ele>73.23</ele>
<time>2026-05-05T10:48:16Z</time>
<extensions>
<gpxtpx:TrackPointExtension>
<gpxtpx:hr>166</gpxtpx:hr>
</gpxtpx:TrackPointExtension>
</extensions>
</trkpt>
<trkpt lat="36.9830561" lon="127.8876667">
<ele>73.243</ele>
<time>2026-05-05T10:48:17Z</time>
<extensions>
<gpxtpx:TrackPointExtension>
<gpxtpx:hr>166</gpxtpx:hr>
</gpxtpx:TrackPointExtension>
</extensions>
</trkpt>
<trkpt lat="36.9830278" lon="127.8876637">
<ele>73.301</ele>
<time>2026-05-05T10:48:18Z</time>
<extensions>
<gpxtpx:TrackPointExtension>
<gpxtpx:hr>166</gpxtpx:hr>
<gpxtpx:cad>180</gpxtpx:cad>
</gpxtpx:TrackPointExtension>
</extensions>
</trkpt>
<trkpt lat="36.9829997" lon="127.8876567">
<ele>73.301</ele>
<time>2026-05-05T10:48:19Z</time>
<extensions>
<gpxtpx:TrackPointExtension>
<gpxtpx:hr>166</gpxtpx:hr>
</gpxtpx:TrackPointExtension>
</extensions>
</trkpt>
<trkpt lat="36.9829718" lon="127.8876497">
<ele>73.29</ele>
<time>2026-05-05T10:48:20Z</time>
<extensions>
<gpxtpx:TrackPointExtension>
<gpxtpx:hr>166</gpxtpx:hr>
</gpxtpx:TrackPointExtension>
</extensions>
</trkpt>
<trkpt lat="36.9829441" lon="127.8876421">
<ele>73.258</ele>
<time>2026-05-05T10:48:21Z</time>
<extensions>
<gpxtpx:TrackPointExtension>
<gpxtpx:hr>166</gpxtpx:hr>
</gpxtpx:TrackPointExtension>
</extensions>
</trkpt>
<trkpt lat="36.9829165" lon="127.8876344">
<ele>73.258</ele>
<time>2026-05-05T10:48:22Z</time>
<extensions>
<gpxtpx:TrackPointExtension>
<gpxtpx:hr>166</gpxtpx:hr>
</gpxtpx:TrackPointExtension>
</extensions>
</trkpt>
<trkpt lat="36.9828891" lon="127.8876271">
<ele>73.337</ele>
<time>2026-05-05T10:48:23Z</time>
<extensions>
<gpxtpx:TrackPointExtension>
<gpxtpx:hr>166</gpxtpx:hr>
<gpxtpx:cad>177</gpxtpx:cad>
</gpxtpx:TrackPointExtension>
</extensions>
</trkpt>
<trkpt lat="36.9828616" lon="127.8876207">
<ele>73.342</ele>
<time>2026-05-05T10:48:24Z</time>
<extensions>
<gpxtpx:TrackPointExtension>
<gpxtpx:hr>166</gpxtpx:hr>
</gpxtpx:TrackPointExtension>
</extensions>
</trkpt>
<trkpt lat="36.982834" lon="127.8876144">
<ele>73.351</ele>
<time>2026-05-05T10:48:25Z</time>
<extensions>
<gpxtpx:TrackPointExtension>
<gpxtpx:hr>166</gpxtpx:hr>
</gpxtpx:TrackPointExtension>
</extensions>
</trkpt>
<trkpt lat="36.9828063" lon="127.8876079">
<ele>73.381</ele>
<time>2026-05-05T10:48:26Z</time>
<extensions>
<gpxtpx:TrackPointExtension>
<gpxtpx:hr>166</gpxtpx:hr>
</gpxtpx:TrackPointExtension>
</extensions>
</trkpt>
<trkpt lat="36.9827784" lon="127.8876011">
<ele>73.379</ele>
<time>2026-05-05T10:48:27Z</time>
<extensions>
<gpxtpx:TrackPointExtension>
<gpxtpx:hr>166</gpxtpx:hr>
</gpxtpx:TrackPointExtension>
</extensions>
</trkpt>
<trkpt lat="36.9827503" lon="127.8875941">
<ele>73.386</ele>
<time>2026-05-05T10:48:28Z</time>
<extensions>
<gpxtpx:TrackPointExtension>
<gpxtpx:hr>166</gpxtpx:hr>
<gpxtpx:cad>174</gpxtpx:cad>
</gpxtpx:TrackPointExtension>
</extensions>
</trkpt>
<trkpt lat="36.9827225" lon="127.8875871">
<ele>73.236</ele>
<time>2026-05-05T10:48:29Z</time>
<extensions>
<gpxtpx:TrackPointExtension>
<gpxtpx:hr>166</gpxtpx:hr>
</gpxtpx:TrackPointExtension>
</extensions>
</trkpt>
<trkpt lat="36.9826946" lon="127.8875803">
<ele>73.463</ele>
<time>2026-05-05T10:48:30Z</time>
<extensions>
<gpxtpx:TrackPointExtension>
<gpxtpx:hr>166</gpxtpx:hr>
</gpxtpx:TrackPointExtension>
</extensions>
</trkpt>
<trkpt lat="36.9826668" lon="127.8875736">
<ele>73.53</ele>
<time>2026-05-05T10:48:31Z</time>
<extensions>
<gpxtpx:TrackPointExtension>
<gpxtpx:hr>166</gpxtpx:hr>
</gpxtpx:TrackPointExtension>
</extensions>
</trkpt>
<trkpt lat="36.9826387" lon="127.8875668">
<ele>73.54</ele>
<time>2026-05-05T10:48:32Z</time>
<extensions>
<gpxtpx:TrackPointExtension>
<gpxtpx:hr>166</gpxtpx:hr>
</gpxtpx:TrackPointExtension>
</extensions>
</trkpt>
<trkpt lat="36.9826107" lon="127.88756">
<ele>73.567</ele>
<time>2026-05-05T10:48:33Z</time>
<extensions>
<gpxtpx:TrackPointExtension>
<gpxtpx:hr>167</gpxtpx:hr>
<gpxtpx:cad>170</gpxtpx:cad>
</gpxtpx:TrackPointExtension>
</extensions>
</trkpt>
<trkpt lat="36.9825828" lon="127.8875532">
<ele>73.622</ele>
<time>2026-05-05T10:48:34Z</time>
<extensions>
<gpxtpx:TrackPointExtension>
<gpxtpx:hr>167</gpxtpx:hr>
<gpxtpx:cad>171</gpxtpx:cad>
</gpxtpx:TrackPointExtension>
</extensions>
</trkpt>
<trkpt lat="36.9825549" lon="127.8875463">
<ele>73.547</ele>
<time>2026-05-05T10:48:35Z</time>
<extensions>
<gpxtpx:TrackPointExtension>
<gpxtpx:hr>167</gpxtpx:hr>
</gpxtpx:TrackPointExtension>
</extensions>
</trkpt>
<trkpt lat="36.9825272" lon="127.8875395">
<ele>73.443</ele>
<time>2026-05-05T10:48:36Z</time>
<extensions>
<gpxtpx:TrackPointExtension>
<gpxtpx:hr>167</gpxtpx:hr>
</gpxtpx:TrackPointExtension>
</extensions>
</trkpt>
<trkpt lat="36.9825001" lon="127.8875333">
<ele>73.436</ele>
<time>2026-05-05T10:48:37Z</time>
<extensions>
<gpxtpx:TrackPointExtension>
<gpxtpx:hr>167</gpxtpx:hr>
</gpxtpx:TrackPointExtension>
</extensions>
</trkpt>
<trkpt lat="36.9824723" lon="127.8875264">
<ele>73.317</ele>
<time>2026-05-05T10:48:38Z</time>
<extensions>
<gpxtpx:TrackPointExtension>
<gpxtpx:hr>167</gpxtpx:hr>
<gpxtpx:cad>173</gpxtpx:cad>
</gpxtpx:TrackPointExtension>
</extensions>
</trkpt>
<trkpt lat="36.9824454" lon="127.8875205">
<ele>73.315</ele>
<time>2026-05-05T10:48:39Z</time>
<extensions>
<gpxtpx:TrackPointExtension>
<gpxtpx:hr>167</gpxtpx:hr>
</gpxtpx:TrackPointExtension>
</extensions>
</trkpt>
<trkpt lat="36.9824182" lon="127.8875142">
<ele>73.324</ele>
<time>2026-05-05T10:48:40Z</time>
<extensions>
<gpxtpx:TrackPointExtension>
<gpxtpx:hr>167</gpxtpx:hr>
</gpxtpx:TrackPointExtension>
</extensions>
</trkpt>
<trkpt lat="36.982391" lon="127.887508">
<ele>73.301</ele>
<time>2026-05-05T10:48:41Z</time>
<extensions>
<gpxtpx:TrackPointExtension>
<gpxtpx:hr>166</gpxtpx:hr>
</gpxtpx:TrackPointExtension>
</extensions>
</trkpt>
<trkpt lat="36.982364" lon="127.8875017">
<ele>73.378</ele>
<time>2026-05-05T10:48:42Z</time>
<extensions>
<gpxtpx:TrackPointExtension>
<gpxtpx:hr>166</gpxtpx:hr>
</gpxtpx:TrackPointExtension>
</extensions>
</trkpt>
<trkpt lat="36.982337" lon="127.8874952">
<ele>73.362</ele>
<time>2026-05-05T10:48:43Z</time>
<extensions>
<gpxtpx:TrackPointExtension>
<gpxtpx:hr>166</gpxtpx:hr>
<gpxtpx:cad>179</gpxtpx:cad>
</gpxtpx:TrackPointExtension>
</extensions>
</trkpt>
<trkpt lat="36.98231" lon="127.8874891">
<ele>73.356</ele>
<time>2026-05-05T10:48:44Z</time>
<extensions>
<gpxtpx:TrackPointExtension>
<gpxtpx:hr>166</gpxtpx:hr>
</gpxtpx:TrackPointExtension>
</extensions>
</trkpt>
<trkpt lat="36.9822837" lon="127.8874817">
<ele>73.362</ele>
<time>2026-05-05T10:48:45Z</time>
<extensions>
<gpxtpx:TrackPointExtension>
<gpxtpx:hr>166</gpxtpx:hr>
</gpxtpx:TrackPointExtension>
</extensions>
</trkpt>
<trkpt lat="36.982257" lon="127.8874754">
<ele>73.336</ele>
<time>2026-05-05T10:48:46Z</time>
<extensions>
<gpxtpx:TrackPointExtension>
<gpxtpx:hr>166</gpxtpx:hr>
</gpxtpx:TrackPointExtension>
</extensions>
</trkpt>
<trkpt lat="36.9822308" lon="127.8874682">
<ele>73.317</ele>
<time>2026-05-05T10:48:47Z</time>
<extensions>
<gpxtpx:TrackPointExtension>
<gpxtpx:hr>166</gpxtpx:hr>
</gpxtpx:TrackPointExtension>
</extensions>
</trkpt>
<trkpt lat="36.9822047" lon="127.8874607">
<ele>73.303</ele>
<time>2026-05-05T10:48:48Z</time>
<extensions>
<gpxtpx:TrackPointExtension>
<gpxtpx:hr>166</gpxtpx:hr>
<gpxtpx:cad>180</gpxtpx:cad>
</gpxtpx:TrackPointExtension>
</extensions>
</trkpt>
<trkpt lat="36.9821788" lon="127.8874529">
<ele>73.318</ele>
<time>2026-05-05T10:48:49Z</time>
<extensions>
<gpxtpx:TrackPointExtension>
<gpxtpx:hr>165</gpxtpx:hr>
</gpxtpx:TrackPointExtension>
</extensions>
</trkpt>
<trkpt lat="36.982153" lon="127.8874447">
<ele>73.314</ele>
<time>2026-05-05T10:48:50Z</time>
<extensions>
<gpxtpx:TrackPointExtension>
<gpxtpx:hr>166</gpxtpx:hr>
</gpxtpx:TrackPointExtension>
</extensions>
</trkpt>
<trkpt lat="36.9821279" lon="127.8874351">
<ele>73.321</ele>
<time>2026-05-05T10:48:51Z</time>
<extensions>
<gpxtpx:TrackPointExtension>
<gpxtpx:hr>166</gpxtpx:hr>
</gpxtpx:TrackPointExtension>
</extensions>
</trkpt>
<trkpt lat="36.9821024" lon="127.8874264">
<ele>73.327</ele>
<time>2026-05-05T10:48:52Z</time>
<extensions>
<gpxtpx:TrackPointExtension>
<gpxtpx:hr>166</gpxtpx:hr>
</gpxtpx:TrackPointExtension>
</extensions>
</trkpt>
<trkpt lat="36.9820774" lon="127.8874172">
<ele>73.38</ele>
<time>2026-05-05T10:48:53Z</time>
<extensions>
<gpxtpx:TrackPointExtension>
<gpxtpx:hr>166</gpxtpx:hr>
<gpxtpx:cad>180</gpxtpx:cad>
</gpxtpx:TrackPointExtension>
</extensions>
</trkpt>
<trkpt lat="36.9820517" lon="127.8874089">
<ele>73.399</ele>
<time>2026-05-05T10:48:54Z</time>
<extensions>
<gpxtpx:TrackPointExtension>
<gpxtpx:hr>166</gpxtpx:hr>
</gpxtpx:TrackPointExtension>
</extensions>
</trkpt>
<trkpt lat="36.9820267" lon="127.8874001">
<ele>73.319</ele>
<time>2026-05-05T10:48:55Z</time>
<extensions>
<gpxtpx:TrackPointExtension>
<gpxtpx:hr>166</gpxtpx:hr>
</gpxtpx:TrackPointExtension>
</extensions>
</trkpt>
<trkpt lat="36.9820013" lon="127.8873911">
<ele>73.427</ele>
<time>2026-05-05T10:48:56Z</time>
<extensions>
<gpxtpx:TrackPointExtension>
<gpxtpx:hr>166</gpxtpx:hr>
</gpxtpx:TrackPointExtension>
</extensions>
</trkpt>
<trkpt lat="36.9819762" lon="127.8873822">
<ele>73.449</ele>
<time>2026-05-05T10:48:57Z</time>
<extensions>
<gpxtpx:TrackPointExtension>
<gpxtpx:hr>166</gpxtpx:hr>
</gpxtpx:TrackPointExtension>
</extensions>
</trkpt>
<trkpt lat="36.9819512" lon="127.8873726">
<ele>73.474</ele>
<time>2026-05-05T10:48:58Z</time>
<extensions>
<gpxtpx:TrackPointExtension>
<gpxtpx:hr>166</gpxtpx:hr>
<gpxtpx:cad>179</gpxtpx:cad>
</gpxtpx:TrackPointExtension>
</extensions>
</trkpt>
<trkpt lat="36.981926" lon="127.8873648">
<ele>73.385</ele>
<time>2026-05-05T10:48:59Z</time>
<extensions>
<gpxtpx:TrackPointExtension>
<gpxtpx:hr>165</gpxtpx:hr>
</gpxtpx:TrackPointExtension>
</extensions>
</trkpt>
<trkpt lat="36.9819014" lon="127.8873554">
<ele>73.366</ele>
<time>2026-05-05T10:49:00Z</time>
<extensions>
<gpxtpx:TrackPointExtension>
<gpxtpx:hr>165</gpxtpx:hr>
</gpxtpx:TrackPointExtension>
</extensions>
</trkpt>
<trkpt lat="36.9818755" lon="127.887348">
<ele>73.373</ele>
<time>2026-05-05T10:49:01Z</time>
<extensions>
<gpxtpx:TrackPointExtension>
<gpxtpx:hr>165</gpxtpx:hr>
</gpxtpx:TrackPointExtension>
</extensions>
</trkpt>
<trkpt lat="36.98185" lon="127.8873399">
<ele>73.332</ele>
<time>2026-05-05T10:49:02Z</time>
</trkpt>
<trkpt lat="36.9818242" lon="127.887332">
<ele>73.431</ele>
<time>2026-05-05T10:49:03Z</time>
<extensions>
<gpxtpx:TrackPointExtension>
<gpxtpx:hr>165</gpxtpx:hr>
<gpxtpx:cad>176</gpxtpx:cad>
</gpxtpx:TrackPointExtension>
</extensions>
</trkpt>
<trkpt lat="36.9817972" lon="127.8873249">
<ele>73.39</ele>
<time>2026-05-05T10:49:04Z</time>
<extensions>
<gpxtpx:TrackPointExtension>
<gpxtpx:hr>165</gpxtpx:hr>
</gpxtpx:TrackPointExtension>
</extensions>
</trkpt>
<trkpt lat="36.9817717" lon="127.887317">
<ele>73.372</ele>
<time>2026-05-05T10:49:05Z</time>
<extensions>
<gpxtpx:TrackPointExtension>
<gpxtpx:hr>165</gpxtpx:hr>
</gpxtpx:TrackPointExtension>
</extensions>
</trkpt>
<trkpt lat="36.9817449" lon="127.8873098">
<ele>73.39</ele>
<time>2026-05-05T10:49:06Z</time>
<extensions>
<gpxtpx:TrackPointExtension>
<gpxtpx:hr>165</gpxtpx:hr>
<gpxtpx:cad>173</gpxtpx:cad>
</gpxtpx:TrackPointExtension>
</extensions>
</trkpt>
<trkpt lat="36.9817179" lon="127.8873028">
<ele>73.436</ele>
<time>2026-05-05T10:49:07Z</time>
<extensions>
<gpxtpx:TrackPointExtension>
<gpxtpx:hr>165</gpxtpx:hr>
</gpxtpx:TrackPointExtension>
</extensions>
</trkpt>
<trkpt lat="36.9816914" lon="127.8872958">
<ele>73.406</ele>
<time>2026-05-05T10:49:08Z</time>
<extensions>
<gpxtpx:TrackPointExtension>
<gpxtpx:hr>166</gpxtpx:hr>
<gpxtpx:cad>171</gpxtpx:cad>
</gpxtpx:TrackPointExtension>
</extensions>
</trkpt>
<trkpt lat="36.9816634" lon="127.8872892">
<ele>73.249</ele>
<time>2026-05-05T10:49:09Z</time>
<extensions>
<gpxtpx:TrackPointExtension>
<gpxtpx:hr>166</gpxtpx:hr>
</gpxtpx:TrackPointExtension>
</extensions>
</trkpt>
<trkpt lat="36.9816363" lon="127.8872827">
<ele>73.205</ele>
<time>2026-05-05T10:49:10Z</time>
<extensions>
<gpxtpx:TrackPointExtension>
<gpxtpx:hr>166</gpxtpx:hr>
</gpxtpx:TrackPointExtension>
</extensions>
</trkpt>
<trkpt lat="36.9816086" lon="127.8872762">
<ele>73.189</ele>
<time>2026-05-05T10:49:11Z</time>
<extensions>
<gpxtpx:TrackPointExtension>
<gpxtpx:hr>166</gpxtpx:hr>
</gpxtpx:TrackPointExtension>
</extensions>
</trkpt>
<trkpt lat="36.9815808" lon="127.8872697">
<ele>73.167</ele>
<time>2026-05-05T10:49:12Z</time>
<extensions>
<gpxtpx:TrackPointExtension>
<gpxtpx:hr>166</gpxtpx:hr>
</gpxtpx:TrackPointExtension>
</extensions>
</trkpt>
<trkpt lat="36.981553" lon="127.887263">
<ele>73.226</ele>
<time>2026-05-05T10:49:13Z</time>
<extensions>
<gpxtpx:TrackPointExtension>
<gpxtpx:hr>166</gpxtpx:hr>
<gpxtpx:cad>172</gpxtpx:cad>
</gpxtpx:TrackPointExtension>
</extensions>
</trkpt>
<trkpt lat="36.9815257" lon="127.8872561">
<ele>73.392</ele>
<time>2026-05-05T10:49:14Z</time>
<extensions>
<gpxtpx:TrackPointExtension>
<gpxtpx:hr>166</gpxtpx:hr>
</gpxtpx:TrackPointExtension>
</extensions>
</trkpt>
<trkpt lat="36.9814977" lon="127.8872493">
<ele>73.283</ele>
<time>2026-05-05T10:49:15Z</time>
<extensions>
<gpxtpx:TrackPointExtension>
<gpxtpx:hr>166</gpxtpx:hr>
</gpxtpx:TrackPointExtension>
</extensions>
</trkpt>
<trkpt lat="36.9814714" lon="127.8872419">
<ele>73.181</ele>
<time>2026-05-05T10:49:16Z</time>
<extensions>
<gpxtpx:TrackPointExtension>
<gpxtpx:hr>165</gpxtpx:hr>
</gpxtpx:TrackPointExtension>
</extensions>
</trkpt>
<trkpt lat="36.9814446" lon="127.8872346">
<ele>73.05</ele>
<time>2026-05-05T10:49:17Z</time>
<extensions>
<gpxtpx:TrackPointExtension>
<gpxtpx:hr>165</gpxtpx:hr>
</gpxtpx:TrackPointExtension>
</extensions>
</trkpt>
<trkpt lat="36.9814182" lon="127.887227">
<ele>73.081</ele>
<time>2026-05-05T10:49:18Z</time>
<extensions>
<gpxtpx:TrackPointExtension>
<gpxtpx:hr>164</gpxtpx:hr>
<gpxtpx:cad>174</gpxtpx:cad>
</gpxtpx:TrackPointExtension>
</extensions>
</trkpt>
<trkpt lat="36.981392" lon="127.8872193">
<ele>73.091</ele>
<time>2026-05-05T10:49:19Z</time>
<extensions>
<gpxtpx:TrackPointExtension>
<gpxtpx:hr>164</gpxtpx:hr>
</gpxtpx:TrackPointExtension>
</extensions>
</trkpt>
<trkpt lat="36.9813662" lon="127.8872114">
<ele>73.087</ele>
<time>2026-05-05T10:49:20Z</time>
<extensions>
<gpxtpx:TrackPointExtension>
<gpxtpx:hr>163</gpxtpx:hr>
</gpxtpx:TrackPointExtension>
</extensions>
</trkpt>
<trkpt lat="36.9813397" lon="127.8872043">
<ele>73.193</ele>
<time>2026-05-05T10:49:21Z</time>
<extensions>
<gpxtpx:TrackPointExtension>
<gpxtpx:hr>161</gpxtpx:hr>
</gpxtpx:TrackPointExtension>
</extensions>
</trkpt>
<trkpt lat="36.9813156" lon="127.8871956">
<ele>73.303</ele>
<time>2026-05-05T10:49:22Z</time>
<extensions>
<gpxtpx:TrackPointExtension>
<gpxtpx:hr>160</gpxtpx:hr>
</gpxtpx:TrackPointExtension>
</extensions>
</trkpt>
<trkpt lat="36.9812906" lon="127.8871876">
<ele>73.312</ele>
<time>2026-05-05T10:49:23Z</time>
<extensions>
<gpxtpx:TrackPointExtension>
<gpxtpx:hr>160</gpxtpx:hr>
<gpxtpx:cad>175</gpxtpx:cad>
</gpxtpx:TrackPointExtension>
</extensions>
</trkpt>
<trkpt lat="36.9812661" lon="127.8871795">
<ele>73.401</ele>
<time>2026-05-05T10:49:24Z</time>
<extensions>
<gpxtpx:TrackPointExtension>
<gpxtpx:hr>160</gpxtpx:hr>
</gpxtpx:TrackPointExtension>
</extensions>
</trkpt>
<trkpt lat="36.981241" lon="127.8871716">
<ele>73.407</ele>
<time>2026-05-05T10:49:25Z</time>
<extensions>
<gpxtpx:TrackPointExtension>
<gpxtpx:hr>160</gpxtpx:hr>
</gpxtpx:TrackPointExtension>
</extensions>
</trkpt>
<trkpt lat="36.9812162" lon="127.8871636">
<ele>73.388</ele>
<time>2026-05-05T10:49:26Z</time>
<extensions>
<gpxtpx:TrackPointExtension>
<gpxtpx:hr>160</gpxtpx:hr>
</gpxtpx:TrackPointExtension>
</extensions>
</trkpt>
<trkpt lat="36.9811911" lon="127.8871558">
<ele>73.39</ele>
<time>2026-05-05T10:49:27Z</time>
<extensions>
<gpxtpx:TrackPointExtension>
<gpxtpx:hr>161</gpxtpx:hr>
</gpxtpx:TrackPointExtension>
</extensions>
</trkpt>
<trkpt lat="36.9811669" lon="127.8871471">
<ele>73.372</ele>
<time>2026-05-05T10:49:28Z</time>
<extensions>
<gpxtpx:TrackPointExtension>
<gpxtpx:hr>161</gpxtpx:hr>
<gpxtpx:cad>172</gpxtpx:cad>
</gpxtpx:TrackPointExtension>
</extensions>
</trkpt>
<trkpt lat="36.9811404" lon="127.8871406">
<ele>73.385</ele>
<time>2026-05-05T10:49:29Z</time>
<extensions>
<gpxtpx:TrackPointExtension>
<gpxtpx:hr>161</gpxtpx:hr>
</gpxtpx:TrackPointExtension>
</extensions>
</trkpt>
<trkpt lat="36.981116" lon="127.8871321">
<ele>73.493</ele>
<time>2026-05-05T10:49:30Z</time>
<extensions>
<gpxtpx:TrackPointExtension>
<gpxtpx:hr>161</gpxtpx:hr>
</gpxtpx:TrackPointExtension>
</extensions>
</trkpt>
<trkpt lat="36.98109" lon="127.8871251">
<ele>73.447</ele>
<time>2026-05-05T10:49:31Z</time>
<extensions>
<gpxtpx:TrackPointExtension>
<gpxtpx:hr>162</gpxtpx:hr>
</gpxtpx:TrackPointExtension>
</extensions>
</trkpt>
<trkpt lat="36.981065" lon="127.8871173">
<ele>73.514</ele>
<time>2026-05-05T10:49:32Z</time>
<extensions>
<gpxtpx:TrackPointExtension>
<gpxtpx:hr>162</gpxtpx:hr>
</gpxtpx:TrackPointExtension>
</extensions>
</trkpt>
<trkpt lat="36.981038" lon="127.8871111">
<ele>73.516</ele>
<time>2026-05-05T10:49:33Z</time>
<extensions>
<gpxtpx:TrackPointExtension>
<gpxtpx:hr>163</gpxtpx:hr>
<gpxtpx:cad>173</gpxtpx:cad>
</gpxtpx:TrackPointExtension>
</extensions>
</trkpt>
<trkpt lat="36.9810106" lon="127.8871051">
<ele>73.472</ele>
<time>2026-05-05T10:49:34Z</time>
<extensions>
<gpxtpx:TrackPointExtension>
<gpxtpx:hr>163</gpxtpx:hr>
</gpxtpx:TrackPointExtension>
</extensions>
</trkpt>
<trkpt lat="36.9809834" lon="127.8870993">
<ele>73.37</ele>
<time>2026-05-05T10:49:35Z</time>
<extensions>
<gpxtpx:TrackPointExtension>
<gpxtpx:hr>164</gpxtpx:hr>
</gpxtpx:TrackPointExtension>
</extensions>
</trkpt>
<trkpt lat="36.9809553" lon="127.8870936">
<ele>73.294</ele>
<time>2026-05-05T10:49:36Z</time>
<extensions>
<gpxtpx:TrackPointExtension>
<gpxtpx:hr>164</gpxtpx:hr>
</gpxtpx:TrackPointExtension>
</extensions>
</trkpt>
<trkpt lat="36.9809276" lon="127.8870879">
<ele>73.26</ele>
<time>2026-05-05T10:49:37Z</time>
<extensions>
<gpxtpx:TrackPointExtension>
<gpxtpx:hr>165</gpxtpx:hr>
</gpxtpx:TrackPointExtension>
</extensions>
</trkpt>
<trkpt lat="36.9809" lon="127.8870822">
<ele>73.159</ele>
<time>2026-05-05T10:49:38Z</time>
<extensions>
<gpxtpx:TrackPointExtension>
<gpxtpx:hr>165</gpxtpx:hr>
<gpxtpx:cad>176</gpxtpx:cad>
</gpxtpx:TrackPointExtension>
</extensions>
</trkpt>
<trkpt lat="36.9808734" lon="127.8870755">
<ele>73.129</ele>
<time>2026-05-05T10:49:39Z</time>
<extensions>
<gpxtpx:TrackPointExtension>
<gpxtpx:hr>165</gpxtpx:hr>
<gpxtpx:cad>176</gpxtpx:cad>
</gpxtpx:TrackPointExtension>
</extensions>
</trkpt>
<trkpt lat="36.9808453" lon="127.8870701">
<ele>73.074</ele>
<time>2026-05-05T10:49:40Z</time>
<extensions>
<gpxtpx:TrackPointExtension>
<gpxtpx:hr>165</gpxtpx:hr>
</gpxtpx:TrackPointExtension>
</extensions>
</trkpt>
<trkpt lat="36.9808195" lon="127.8870627">
<ele>73.073</ele>
<time>2026-05-05T10:49:41Z</time>
<extensions>
<gpxtpx:TrackPointExtension>
<gpxtpx:hr>165</gpxtpx:hr>
</gpxtpx:TrackPointExtension>
</extensions>
</trkpt>
<trkpt lat="36.9807939" lon="127.8870552">
<ele>73.084</ele>
<time>2026-05-05T10:49:42Z</time>
<extensions>
<gpxtpx:TrackPointExtension>
<gpxtpx:hr>165</gpxtpx:hr>
</gpxtpx:TrackPointExtension>
</extensions>
</trkpt>
<trkpt lat="36.9807667" lon="127.8870489">
<ele>73.138</ele>
<time>2026-05-05T10:49:43Z</time>
<extensions>
<gpxtpx:TrackPointExtension>
<gpxtpx:hr>165</gpxtpx:hr>
<gpxtpx:cad>176</gpxtpx:cad>
</gpxtpx:TrackPointExtension>
</extensions>
</trkpt>
<trkpt lat="36.9807414" lon="127.8870412">
<ele>73.183</ele>
<time>2026-05-05T10:49:44Z</time>
<extensions>
<gpxtpx:TrackPointExtension>
<gpxtpx:hr>165</gpxtpx:hr>
</gpxtpx:TrackPointExtension>
</extensions>
</trkpt>
<trkpt lat="36.9807149" lon="127.8870344">
<ele>73.139</ele>
<time>2026-05-05T10:49:45Z</time>
<extensions>
<gpxtpx:TrackPointExtension>
<gpxtpx:hr>165</gpxtpx:hr>
</gpxtpx:TrackPointExtension>
</extensions>
</trkpt>
<trkpt lat="36.9806897" lon="127.8870268">
<ele>73.128</ele>
<time>2026-05-05T10:49:46Z</time>
<extensions>
<gpxtpx:TrackPointExtension>
<gpxtpx:hr>166</gpxtpx:hr>
</gpxtpx:TrackPointExtension>
</extensions>
</trkpt>
<trkpt lat="36.9806641" lon="127.8870193">
<ele>73.165</ele>
<time>2026-05-05T10:49:47Z</time>
<extensions>
<gpxtpx:TrackPointExtension>
<gpxtpx:hr>166</gpxtpx:hr>
</gpxtpx:TrackPointExtension>
</extensions>
</trkpt>
<trkpt lat="36.980639" lon="127.8870116">
<ele>73.199</ele>
<time>2026-05-05T10:49:48Z</time>
<extensions>
<gpxtpx:TrackPointExtension>
<gpxtpx:hr>166</gpxtpx:hr>
<gpxtpx:cad>177</gpxtpx:cad>
</gpxtpx:TrackPointExtension>
</extensions>
</trkpt>
<trkpt lat="36.9806144" lon="127.8870034">
<ele>73.266</ele>
<time>2026-05-05T10:49:49Z</time>
<extensions>
<gpxtpx:TrackPointExtension>
<gpxtpx:hr>166</gpxtpx:hr>
</gpxtpx:TrackPointExtension>
</extensions>
</trkpt>
<trkpt lat="36.9805892" lon="127.8869956">
<ele>73.258</ele>
<time>2026-05-05T10:49:50Z</time>
<extensions>
<gpxtpx:TrackPointExtension>
<gpxtpx:hr>166</gpxtpx:hr>
</gpxtpx:TrackPointExtension>
</extensions>
</trkpt>
<trkpt lat="36.9805642" lon="127.8869875">
<ele>73.232</ele>
<time>2026-05-05T10:49:51Z</time>
<extensions>
<gpxtpx:TrackPointExtension>
<gpxtpx:hr>166</gpxtpx:hr>
</gpxtpx:TrackPointExtension>
</extensions>
</trkpt>
<trkpt lat="36.9805386" lon="127.8869801">
<ele>73.233</ele>
<time>2026-05-05T10:49:52Z</time>
<extensions>
<gpxtpx:TrackPointExtension>
<gpxtpx:hr>166</gpxtpx:hr>
</gpxtpx:TrackPointExtension>
</extensions>
</trkpt>
<trkpt lat="36.9805129" lon="127.886973">
<ele>73.255</ele>
<time>2026-05-05T10:49:53Z</time>
<extensions>
<gpxtpx:TrackPointExtension>
<gpxtpx:hr>166</gpxtpx:hr>
<gpxtpx:cad>180</gpxtpx:cad>
</gpxtpx:TrackPointExtension>
</extensions>
</trkpt>
<trkpt lat="36.9804871" lon="127.8869662">
<ele>73.221</ele>
<time>2026-05-05T10:49:54Z</time>
<extensions>
<gpxtpx:TrackPointExtension>
<gpxtpx:hr>166</gpxtpx:hr>
</gpxtpx:TrackPointExtension>
</extensions>
</trkpt>
<trkpt lat="36.9804613" lon="127.8869595">
<ele>73.19</ele>
<time>2026-05-05T10:49:55Z</time>
<extensions>
<gpxtpx:TrackPointExtension>
<gpxtpx:hr>166</gpxtpx:hr>
</gpxtpx:TrackPointExtension>
</extensions>
</trkpt>
<trkpt lat="36.9804355" lon="127.886952">
<ele>73.17</ele>
<time>2026-05-05T10:49:56Z</time>
<extensions>
<gpxtpx:TrackPointExtension>
<gpxtpx:hr>166</gpxtpx:hr>
</gpxtpx:TrackPointExtension>
</extensions>
</trkpt>
<trkpt lat="36.9804097" lon="127.8869448">
<ele>73.316</ele>
<time>2026-05-05T10:49:57Z</time>
<extensions>
<gpxtpx:TrackPointExtension>
<gpxtpx:hr>166</gpxtpx:hr>
</gpxtpx:TrackPointExtension>
</extensions>
</trkpt>
<trkpt lat="36.9803841" lon="127.8869358">
<ele>73.354</ele>
<time>2026-05-05T10:49:58Z</time>
<extensions>
<gpxtpx:TrackPointExtension>
<gpxtpx:hr>166</gpxtpx:hr>
<gpxtpx:cad>180</gpxtpx:cad>
</gpxtpx:TrackPointExtension>
</extensions>
</trkpt>
<trkpt lat="36.9803584" lon="127.886927">
<ele>73.27</ele>
<time>2026-05-05T10:49:59Z</time>
<extensions>
<gpxtpx:TrackPointExtension>
<gpxtpx:hr>166</gpxtpx:hr>
</gpxtpx:TrackPointExtension>
</extensions>
</trkpt>
<trkpt lat="36.9803333" lon="127.8869161">
<ele>73.194</ele>
<time>2026-05-05T10:50:00Z</time>
<extensions>
<gpxtpx:TrackPointExtension>
<gpxtpx:hr>165</gpxtpx:hr>
</gpxtpx:TrackPointExtension>
</extensions>
</trkpt>
<trkpt lat="36.9803081" lon="127.8869054">
<ele>73.204</ele>
<time>2026-05-05T10:50:01Z</time>
<extensions>
<gpxtpx:TrackPointExtension>
<gpxtpx:hr>166</gpxtpx:hr>
</gpxtpx:TrackPointExtension>
</extensions>
</trkpt>
<trkpt lat="36.9802838" lon="127.8868931">
<ele>73.258</ele>
<time>2026-05-05T10:50:02Z</time>
<extensions>
<gpxtpx:TrackPointExtension>
<gpxtpx:hr>165</gpxtpx:hr>
</gpxtpx:TrackPointExtension>
</extensions>
</trkpt>
<trkpt lat="36.9802597" lon="127.8868807">
<ele>73.366</ele>
<time>2026-05-05T10:50:03Z</time>
<extensions>
<gpxtpx:TrackPointExtension>
<gpxtpx:hr>165</gpxtpx:hr>
<gpxtpx:cad>180</gpxtpx:cad>
</gpxtpx:TrackPointExtension>
</extensions>
</trkpt>
<trkpt lat="36.9802359" lon="127.8868679">
<ele>73.44</ele>
<time>2026-05-05T10:50:04Z</time>
<extensions>
<gpxtpx:TrackPointExtension>
<gpxtpx:hr>165</gpxtpx:hr>
</gpxtpx:TrackPointExtension>
</extensions>
</trkpt>
<trkpt lat="36.9802125" lon="127.8868548">
<ele>73.477</ele>
<time>2026-05-05T10:50:05Z</time>
<extensions>
<gpxtpx:TrackPointExtension>
<gpxtpx:hr>165</gpxtpx:hr>
</gpxtpx:TrackPointExtension>
</extensions>
</trkpt>
<trkpt lat="36.9801894" lon="127.8868416">
<ele>73.377</ele>
<time>2026-05-05T10:50:06Z</time>
<extensions>
<gpxtpx:TrackPointExtension>
<gpxtpx:hr>165</gpxtpx:hr>
</gpxtpx:TrackPointExtension>
</extensions>
</trkpt>
<trkpt lat="36.9801664" lon="127.8868283">
<ele>73.468</ele>
<time>2026-05-05T10:50:07Z</time>
<extensions>
<gpxtpx:TrackPointExtension>
<gpxtpx:hr>164</gpxtpx:hr>
</gpxtpx:TrackPointExtension>
</extensions>
</trkpt>
<trkpt lat="36.9801436" lon="127.886815">
<ele>73.448</ele>
<time>2026-05-05T10:50:08Z</time>
<extensions>
<gpxtpx:TrackPointExtension>
<gpxtpx:hr>164</gpxtpx:hr>
<gpxtpx:cad>180</gpxtpx:cad>
</gpxtpx:TrackPointExtension>
</extensions>
</trkpt>
<trkpt lat="36.9801207" lon="127.8868017">
<ele>73.408</ele>
<time>2026-05-05T10:50:09Z</time>
<extensions>
<gpxtpx:TrackPointExtension>
<gpxtpx:hr>164</gpxtpx:hr>
</gpxtpx:TrackPointExtension>
</extensions>
</trkpt>
<trkpt lat="36.9800973" lon="127.8867889">
<ele>73.453</ele>
<time>2026-05-05T10:50:10Z</time>
<extensions>
<gpxtpx:TrackPointExtension>
<gpxtpx:hr>164</gpxtpx:hr>
</gpxtpx:TrackPointExtension>
</extensions>
</trkpt>
<trkpt lat="36.9800735" lon="127.8867768">
<ele>73.389</ele>
<time>2026-05-05T10:50:11Z</time>
<extensions>
<gpxtpx:TrackPointExtension>
<gpxtpx:hr>164</gpxtpx:hr>
</gpxtpx:TrackPointExtension>
</extensions>
</trkpt>
<trkpt lat="36.9800492" lon="127.8867651">
<ele>73.257</ele>
<time>2026-05-05T10:50:12Z</time>
<extensions>
<gpxtpx:TrackPointExtension>
<gpxtpx:hr>164</gpxtpx:hr>
</gpxtpx:TrackPointExtension>
</extensions>
</trkpt>
<trkpt lat="36.9800252" lon="127.8867528">
<ele>73.241</ele>
<time>2026-05-05T10:50:13Z</time>
<extensions>
<gpxtpx:TrackPointExtension>
<gpxtpx:hr>165</gpxtpx:hr>
<gpxtpx:cad>181</gpxtpx:cad>
</gpxtpx:TrackPointExtension>
</extensions>
</trkpt>
<trkpt lat="36.9800011" lon="127.8867405">
<ele>73.381</ele>
<time>2026-05-05T10:50:14Z</time>
<extensions>
<gpxtpx:TrackPointExtension>
<gpxtpx:hr>165</gpxtpx:hr>
<gpxtpx:cad>180</gpxtpx:cad>
</gpxtpx:TrackPointExtension>
</extensions>
</trkpt>
<trkpt lat="36.9799769" lon="127.8867282">
<ele>73.572</ele>
<time>2026-05-05T10:50:15Z</time>
<extensions>
<gpxtpx:TrackPointExtension>
<gpxtpx:hr>165</gpxtpx:hr>
</gpxtpx:TrackPointExtension>
</extensions>
</trkpt>
<trkpt lat="36.9799525" lon="127.8867158">
<ele>73.636</ele>
<time>2026-05-05T10:50:16Z</time>
<extensions>
<gpxtpx:TrackPointExtension>
<gpxtpx:hr>165</gpxtpx:hr>
</gpxtpx:TrackPointExtension>
</extensions>
</trkpt>
<trkpt lat="36.9799279" lon="127.8867034">
<ele>73.465</ele>
<time>2026-05-05T10:50:17Z</time>
<extensions>
<gpxtpx:TrackPointExtension>
<gpxtpx:hr>165</gpxtpx:hr>
</gpxtpx:TrackPointExtension>
</extensions>
</trkpt>
<trkpt lat="36.9799032" lon="127.8866908">
<ele>73.501</ele>
<time>2026-05-05T10:50:18Z</time>
<extensions>
<gpxtpx:TrackPointExtension>
<gpxtpx:hr>166</gpxtpx:hr>
<gpxtpx:cad>176</gpxtpx:cad>
</gpxtpx:TrackPointExtension>
</extensions>
</trkpt>
<trkpt lat="36.9798787" lon="127.8866788">
<ele>73.498</ele>
<time>2026-05-05T10:50:19Z</time>
<extensions>
<gpxtpx:TrackPointExtension>
<gpxtpx:hr>167</gpxtpx:hr>
</gpxtpx:TrackPointExtension>
</extensions>
</trkpt>
<trkpt lat="36.9798537" lon="127.8866661">
<ele>73.424</ele>
<time>2026-05-05T10:50:20Z</time>
<extensions>
<gpxtpx:TrackPointExtension>
<gpxtpx:hr>167</gpxtpx:hr>
</gpxtpx:TrackPointExtension>
</extensions>
</trkpt>
<trkpt lat="36.9798287" lon="127.8866532">
<ele>73.352</ele>
<time>2026-05-05T10:50:21Z</time>
<extensions>
<gpxtpx:TrackPointExtension>
<gpxtpx:hr>167</gpxtpx:hr>
</gpxtpx:TrackPointExtension>
</extensions>
</trkpt>
<trkpt lat="36.9798038" lon="127.88664">
<ele>73.248</ele>
<time>2026-05-05T10:50:22Z</time>
<extensions>
<gpxtpx:TrackPointExtension>
<gpxtpx:hr>168</gpxtpx:hr>
</gpxtpx:TrackPointExtension>
</extensions>
</trkpt>
<trkpt lat="36.9797788" lon="127.8866264">
<ele>73.25</ele>
<time>2026-05-05T10:50:23Z</time>
<extensions>
<gpxtpx:TrackPointExtension>
<gpxtpx:cad>172</gpxtpx:cad>
</gpxtpx:TrackPointExtension>
</extensions>
</trkpt>
<trkpt lat="36.9797539" lon="127.8866126">
<ele>73.508</ele>
<time>2026-05-05T10:50:24Z</time>
<extensions>
<gpxtpx:TrackPointExtension>
<gpxtpx:hr>168</gpxtpx:hr>
</gpxtpx:TrackPointExtension>
</extensions>
</trkpt>
<trkpt lat="36.979729" lon="127.8865984">
<ele>73.521</ele>
<time>2026-05-05T10:50:25Z</time>
<extensions>
<gpxtpx:TrackPointExtension>
<gpxtpx:hr>167</gpxtpx:hr>
</gpxtpx:TrackPointExtension>
</extensions>
</trkpt>
<trkpt lat="36.9797042" lon="127.8865839">
<ele>73.457</ele>
<time>2026-05-05T10:50:26Z</time>
<extensions>
<gpxtpx:TrackPointExtension>
<gpxtpx:hr>167</gpxtpx:hr>
</gpxtpx:TrackPointExtension>
</extensions>
</trkpt>
<trkpt lat="36.9796794" lon="127.886569">
<ele>73.489</ele>
<time>2026-05-05T10:50:27Z</time>
<extensions>
<gpxtpx:TrackPointExtension>
<gpxtpx:hr>167</gpxtpx:hr>
</gpxtpx:TrackPointExtension>
</extensions>
</trkpt>
<trkpt lat="36.9796546" lon="127.8865538">
<ele>73.489</ele>
<time>2026-05-05T10:50:28Z</time>
<extensions>
<gpxtpx:TrackPointExtension>
<gpxtpx:hr>167</gpxtpx:hr>
<gpxtpx:cad>173</gpxtpx:cad>
</gpxtpx:TrackPointExtension>
</extensions>
</trkpt>
<trkpt lat="36.9796302" lon="127.886538">
<ele>73.41</ele>
<time>2026-05-05T10:50:29Z</time>
<extensions>
<gpxtpx:TrackPointExtension>
<gpxtpx:hr>168</gpxtpx:hr>
</gpxtpx:TrackPointExtension>
</extensions>
</trkpt>
<trkpt lat="36.9796055" lon="127.8865226">
<ele>73.456</ele>
<time>2026-05-05T10:50:30Z</time>
<extensions>
<gpxtpx:TrackPointExtension>
<gpxtpx:hr>168</gpxtpx:hr>
</gpxtpx:TrackPointExtension>
</extensions>
</trkpt>
<trkpt lat="36.9795811" lon="127.8865067">
<ele>73.474</ele>
<time>2026-05-05T10:50:31Z</time>
<extensions>
<gpxtpx:TrackPointExtension>
<gpxtpx:hr>168</gpxtpx:hr>
</gpxtpx:TrackPointExtension>
</extensions>
</trkpt>
<trkpt lat="36.9795568" lon="127.8864908">
<ele>73.507</ele>
<time>2026-05-05T10:50:32Z</time>
<extensions>
<gpxtpx:TrackPointExtension>
<gpxtpx:hr>168</gpxtpx:hr>
</gpxtpx:TrackPointExtension>
</extensions>
</trkpt>
<trkpt lat="36.9795328" lon="127.8864746">
<ele>73.463</ele>
<time>2026-05-05T10:50:33Z</time>
<extensions>
<gpxtpx:TrackPointExtension>
<gpxtpx:hr>168</gpxtpx:hr>
<gpxtpx:cad>176</gpxtpx:cad>
</gpxtpx:TrackPointExtension>
</extensions>
</trkpt>
<trkpt lat="36.9795088" lon="127.8864585">
<ele>73.349</ele>
<time>2026-05-05T10:50:34Z</time>
<extensions>
<gpxtpx:TrackPointExtension>
<gpxtpx:hr>168</gpxtpx:hr>
</gpxtpx:TrackPointExtension>
</extensions>
</trkpt>
<trkpt lat="36.9794848" lon="127.8864424">
<ele>73.259</ele>
<time>2026-05-05T10:50:35Z</time>
<extensions>
<gpxtpx:TrackPointExtension>
<gpxtpx:hr>168</gpxtpx:hr>
</gpxtpx:TrackPointExtension>
</extensions>
</trkpt>
<trkpt lat="36.979461" lon="127.8864264">
<ele>73.316</ele>
<time>2026-05-05T10:50:36Z</time>
<extensions>
<gpxtpx:TrackPointExtension>
<gpxtpx:hr>168</gpxtpx:hr>
</gpxtpx:TrackPointExtension>
</extensions>
</trkpt>
<trkpt lat="36.9794371" lon="127.8864104">
<ele>73.427</ele>
<time>2026-05-05T10:50:37Z</time>
<extensions>
<gpxtpx:TrackPointExtension>
<gpxtpx:hr>168</gpxtpx:hr>
</gpxtpx:TrackPointExtension>
</extensions>
</trkpt>
<trkpt lat="36.9794134" lon="127.8863947">
<ele>73.488</ele>
<time>2026-05-05T10:50:38Z</time>
<extensions>
<gpxtpx:TrackPointExtension>
<gpxtpx:hr>168</gpxtpx:hr>
<gpxtpx:cad>180</gpxtpx:cad>
</gpxtpx:TrackPointExtension>
</extensions>
</trkpt>
<trkpt lat="36.9793894" lon="127.8863787">
<ele>73.367</ele>
<time>2026-05-05T10:50:39Z</time>
<extensions>
<gpxtpx:TrackPointExtension>
<gpxtpx:hr>167</gpxtpx:hr>
</gpxtpx:TrackPointExtension>
</extensions>
</trkpt>
<trkpt lat="36.9793655" lon="127.8863634">
<ele>73.384</ele>
<time>2026-05-05T10:50:40Z</time>
<extensions>
<gpxtpx:TrackPointExtension>
<gpxtpx:hr>167</gpxtpx:hr>
</gpxtpx:TrackPointExtension>
</extensions>
</trkpt>
<trkpt lat="36.9793414" lon="127.8863474">
<ele>73.442</ele>
<time>2026-05-05T10:50:41Z</time>
<extensions>
<gpxtpx:TrackPointExtension>
<gpxtpx:hr>167</gpxtpx:hr>
</gpxtpx:TrackPointExtension>
</extensions>
</trkpt>
<trkpt lat="36.9793173" lon="127.8863323">
<ele>73.345</ele>
<time>2026-05-05T10:50:42Z</time>
<extensions>
<gpxtpx:TrackPointExtension>
<gpxtpx:hr>167</gpxtpx:hr>
</gpxtpx:TrackPointExtension>
</extensions>
</trkpt>
<trkpt lat="36.9792935" lon="127.8863166">
<ele>73.253</ele>
<time>2026-05-05T10:50:43Z</time>
<extensions>
<gpxtpx:TrackPointExtension>
<gpxtpx:hr>167</gpxtpx:hr>
<gpxtpx:cad>181</gpxtpx:cad>
</gpxtpx:TrackPointExtension>
</extensions>
</trkpt>
<trkpt lat="36.979269" lon="127.8863019">
<ele>73.136</ele>
<time>2026-05-05T10:50:44Z</time>
<extensions>
<gpxtpx:TrackPointExtension>
<gpxtpx:hr>167</gpxtpx:hr>
</gpxtpx:TrackPointExtension>
</extensions>
</trkpt>
<trkpt lat="36.9792452" lon="127.8862864">
<ele>73.051</ele>
<time>2026-05-05T10:50:45Z</time>
<extensions>
<gpxtpx:TrackPointExtension>
<gpxtpx:hr>167</gpxtpx:hr>
</gpxtpx:TrackPointExtension>
</extensions>
</trkpt>
<trkpt lat="36.9792205" lon="127.8862722">
<ele>72.982</ele>
<time>2026-05-05T10:50:46Z</time>
<extensions>
<gpxtpx:TrackPointExtension>
<gpxtpx:hr>167</gpxtpx:hr>
</gpxtpx:TrackPointExtension>
</extensions>
</trkpt>
<trkpt lat="36.9791966" lon="127.886257">
<ele>73.004</ele>
<time>2026-05-05T10:50:47Z</time>
<extensions>
<gpxtpx:TrackPointExtension>
<gpxtpx:hr>167</gpxtpx:hr>
<gpxtpx:cad>181</gpxtpx:cad>
</gpxtpx:TrackPointExtension>
</extensions>
</trkpt>
<trkpt lat="36.9791721" lon="127.8862427">
<ele>72.99</ele>
<time>2026-05-05T10:50:48Z</time>
<extensions>
<gpxtpx:TrackPointExtension>
<gpxtpx:hr>167</gpxtpx:hr>
<gpxtpx:cad>181</gpxtpx:cad>
</gpxtpx:TrackPointExtension>
</extensions>
</trkpt>
<trkpt lat="36.9791476" lon="127.886228">
<ele>72.989</ele>
<time>2026-05-05T10:50:49Z</time>
<extensions>
<gpxtpx:TrackPointExtension>
<gpxtpx:hr>168</gpxtpx:hr>
</gpxtpx:TrackPointExtension>
</extensions>
</trkpt>
<trkpt lat="36.9791225" lon="127.886214">
<ele>72.996</ele>
<time>2026-05-05T10:50:50Z</time>
<extensions>
<gpxtpx:TrackPointExtension>
<gpxtpx:hr>167</gpxtpx:hr>
</gpxtpx:TrackPointExtension>
</extensions>
</trkpt>
<trkpt lat="36.9790973" lon="127.8861998">
<ele>73.082</ele>
<time>2026-05-05T10:50:51Z</time>
<extensions>
<gpxtpx:TrackPointExtension>
<gpxtpx:hr>167</gpxtpx:hr>
</gpxtpx:TrackPointExtension>
</extensions>
</trkpt>
<trkpt lat="36.979072" lon="127.8861858">
<ele>73.015</ele>
<time>2026-05-05T10:50:52Z</time>
<extensions>
<gpxtpx:TrackPointExtension>
<gpxtpx:hr>167</gpxtpx:hr>
</gpxtpx:TrackPointExtension>
</extensions>
</trkpt>
<trkpt lat="36.9790469" lon="127.8861722">
<ele>72.957</ele>
<time>2026-05-05T10:50:53Z</time>
<extensions>
<gpxtpx:TrackPointExtension>
<gpxtpx:hr>167</gpxtpx:hr>
<gpxtpx:cad>181</gpxtpx:cad>
</gpxtpx:TrackPointExtension>
</extensions>
</trkpt>
<trkpt lat="36.9790218" lon="127.8861588">
<ele>73.018</ele>
<time>2026-05-05T10:50:54Z</time>
<extensions>
<gpxtpx:TrackPointExtension>
<gpxtpx:hr>167</gpxtpx:hr>
</gpxtpx:TrackPointExtension>
</extensions>
</trkpt>
<trkpt lat="36.9789967" lon="127.8861457">
<ele>73.092</ele>
<time>2026-05-05T10:50:55Z</time>
<extensions>
<gpxtpx:TrackPointExtension>
<gpxtpx:hr>167</gpxtpx:hr>
</gpxtpx:TrackPointExtension>
</extensions>
</trkpt>
<trkpt lat="36.9789715" lon="127.8861326">
<ele>73.148</ele>
<time>2026-05-05T10:50:56Z</time>
<extensions>
<gpxtpx:TrackPointExtension>
<gpxtpx:hr>167</gpxtpx:hr>
</gpxtpx:TrackPointExtension>
</extensions>
</trkpt>
<trkpt lat="36.978946" lon="127.8861196">
<ele>73.245</ele>
<time>2026-05-05T10:50:57Z</time>
<extensions>
<gpxtpx:TrackPointExtension>
<gpxtpx:hr>167</gpxtpx:hr>
</gpxtpx:TrackPointExtension>
</extensions>
</trkpt>
<trkpt lat="36.97892" lon="127.8861068">
<ele>73.233</ele>
<time>2026-05-05T10:50:58Z</time>
<extensions>
<gpxtpx:TrackPointExtension>
<gpxtpx:hr>167</gpxtpx:hr>
<gpxtpx:cad>180</gpxtpx:cad>
</gpxtpx:TrackPointExtension>
</extensions>
</trkpt>
<trkpt lat="36.9788941" lon="127.886094">
<ele>73.319</ele>
<time>2026-05-05T10:50:59Z</time>
<extensions>
<gpxtpx:TrackPointExtension>
<gpxtpx:hr>167</gpxtpx:hr>
</gpxtpx:TrackPointExtension>
</extensions>
</trkpt>
<trkpt lat="36.9788677" lon="127.8860816">
<ele>73.332</ele>
<time>2026-05-05T10:51:00Z</time>
<extensions>
<gpxtpx:TrackPointExtension>
<gpxtpx:hr>167</gpxtpx:hr>
</gpxtpx:TrackPointExtension>
</extensions>
</trkpt>
<trkpt lat="36.9788413" lon="127.8860695">
<ele>73.306</ele>
<time>2026-05-05T10:51:01Z</time>
<extensions>
<gpxtpx:TrackPointExtension>
<gpxtpx:hr>166</gpxtpx:hr>
</gpxtpx:TrackPointExtension>
</extensions>
</trkpt>
<trkpt lat="36.9788154" lon="127.8860579">
<ele>73.244</ele>
<time>2026-05-05T10:51:02Z</time>
<extensions>
<gpxtpx:TrackPointExtension>
<gpxtpx:hr>166</gpxtpx:hr>
</gpxtpx:TrackPointExtension>
</extensions>
</trkpt>
<trkpt lat="36.9787909" lon="127.886047">
<ele>73.262</ele>
<time>2026-05-05T10:51:03Z</time>
<extensions>
<gpxtpx:TrackPointExtension>
<gpxtpx:hr>166</gpxtpx:hr>
<gpxtpx:cad>179</gpxtpx:cad>
</gpxtpx:TrackPointExtension>
</extensions>
</trkpt>
<trkpt lat="36.9787669" lon="127.8860362">
<ele>73.255</ele>
<time>2026-05-05T10:51:04Z</time>
<extensions>
<gpxtpx:TrackPointExtension>
<gpxtpx:hr>166</gpxtpx:hr>
</gpxtpx:TrackPointExtension>
</extensions>
</trkpt>
<trkpt lat="36.9787445" lon="127.886026">
<ele>73.207</ele>
<time>2026-05-05T10:51:05Z</time>
<extensions>
<gpxtpx:TrackPointExtension>
<gpxtpx:hr>166</gpxtpx:hr>
</gpxtpx:TrackPointExtension>
</extensions>
</trkpt>
<trkpt lat="36.978722" lon="127.8860158">
<ele>73.158</ele>
<time>2026-05-05T10:51:06Z</time>
<extensions>
<gpxtpx:TrackPointExtension>
<gpxtpx:hr>166</gpxtpx:hr>
</gpxtpx:TrackPointExtension>
</extensions>
</trkpt>
<trkpt lat="36.9786999" lon="127.8860061">
<ele>73.09</ele>
<time>2026-05-05T10:51:07Z</time>
<extensions>
<gpxtpx:TrackPointExtension>
<gpxtpx:hr>166</gpxtpx:hr>
</gpxtpx:TrackPointExtension>
</extensions>
</trkpt>
<trkpt lat="36.9786768" lon="127.8859964">
<ele>73.068</ele>
<time>2026-05-05T10:51:08Z</time>
<extensions>
<gpxtpx:TrackPointExtension>
<gpxtpx:hr>166</gpxtpx:hr>
<gpxtpx:cad>174</gpxtpx:cad>
</gpxtpx:TrackPointExtension>
</extensions>
</trkpt>
<trkpt lat="36.9786531" lon="127.8859864">
<ele>73.103</ele>
<time>2026-05-05T10:51:09Z</time>
<extensions>
<gpxtpx:TrackPointExtension>
<gpxtpx:hr>166</gpxtpx:hr>
</gpxtpx:TrackPointExtension>
</extensions>
</trkpt>
<trkpt lat="36.9786281" lon="127.8859763">
<ele>73.149</ele>
<time>2026-05-05T10:51:10Z</time>
<extensions>
<gpxtpx:TrackPointExtension>
<gpxtpx:hr>166</gpxtpx:hr>
</gpxtpx:TrackPointExtension>
</extensions>
</trkpt>
<trkpt lat="36.9786025" lon="127.8859662">
<ele>73.22</ele>
<time>2026-05-05T10:51:11Z</time>
<extensions>
<gpxtpx:TrackPointExtension>
<gpxtpx:hr>166</gpxtpx:hr>
</gpxtpx:TrackPointExtension>
</extensions>
</trkpt>
<trkpt lat="36.9785789" lon="127.8859562">
<ele>73.175</ele>
<time>2026-05-05T10:51:12Z</time>
<extensions>
<gpxtpx:TrackPointExtension>
<gpxtpx:hr>166</gpxtpx:hr>
</gpxtpx:TrackPointExtension>
</extensions>
</trkpt>
<trkpt lat="36.9785535" lon="127.8859464">
<ele>73.102</ele>
<time>2026-05-05T10:51:13Z</time>
<extensions>
<gpxtpx:TrackPointExtension>
<gpxtpx:hr>166</gpxtpx:hr>
<gpxtpx:cad>170</gpxtpx:cad>
</gpxtpx:TrackPointExtension>
</extensions>
</trkpt>
<trkpt lat="36.9785296" lon="127.8859365">
<ele>73.044</ele>
<time>2026-05-05T10:51:14Z</time>
<extensions>
<gpxtpx:TrackPointExtension>
<gpxtpx:hr>166</gpxtpx:hr>
</gpxtpx:TrackPointExtension>
</extensions>
</trkpt>
<trkpt lat="36.9785044" lon="127.8859268">
<ele>73.07</ele>
<time>2026-05-05T10:51:15Z</time>
<extensions>
<gpxtpx:TrackPointExtension>
<gpxtpx:hr>166</gpxtpx:hr>
</gpxtpx:TrackPointExtension>
</extensions>
</trkpt>
<trkpt lat="36.9784796" lon="127.8859166">
<ele>73.157</ele>
<time>2026-05-05T10:51:16Z</time>
<extensions>
<gpxtpx:TrackPointExtension>
<gpxtpx:hr>165</gpxtpx:hr>
</gpxtpx:TrackPointExtension>
</extensions>
</trkpt>
<trkpt lat="36.978454" lon="127.8859067">
<ele>73.177</ele>
<time>2026-05-05T10:51:17Z</time>
<extensions>
<gpxtpx:TrackPointExtension>
<gpxtpx:hr>165</gpxtpx:hr>
</gpxtpx:TrackPointExtension>
</extensions>
</trkpt>
<trkpt lat="36.9784278" lon="127.8858966">
<ele>73.13</ele>
<time>2026-05-05T10:51:18Z</time>
<extensions>
<gpxtpx:TrackPointExtension>
<gpxtpx:hr>164</gpxtpx:hr>
<gpxtpx:cad>172</gpxtpx:cad>
</gpxtpx:TrackPointExtension>
</extensions>
</trkpt>
<trkpt lat="36.9784017" lon="127.8858868">
<ele>73.172</ele>
<time>2026-05-05T10:51:19Z</time>
<extensions>
<gpxtpx:TrackPointExtension>
<gpxtpx:hr>162</gpxtpx:hr>
</gpxtpx:TrackPointExtension>
</extensions>
</trkpt>
<trkpt lat="36.9783761" lon="127.8858775">
<ele>73.26</ele>
<time>2026-05-05T10:51:20Z</time>
<extensions>
<gpxtpx:TrackPointExtension>
<gpxtpx:hr>161</gpxtpx:hr>
<gpxtpx:cad>173</gpxtpx:cad>
</gpxtpx:TrackPointExtension>
</extensions>
</trkpt>
<trkpt lat="36.9783523" lon="127.8858687">
<ele>73.4</ele>
<time>2026-05-05T10:51:21Z</time>
<extensions>
<gpxtpx:TrackPointExtension>
<gpxtpx:hr>160</gpxtpx:hr>
</gpxtpx:TrackPointExtension>
</extensions>
</trkpt>
<trkpt lat="36.9783282" lon="127.8858599">
<ele>73.486</ele>
<time>2026-05-05T10:51:22Z</time>
<extensions>
<gpxtpx:TrackPointExtension>
<gpxtpx:hr>159</gpxtpx:hr>
</gpxtpx:TrackPointExtension>
</extensions>
</trkpt>
<trkpt lat="36.9783055" lon="127.8858518">
<ele>73.462</ele>
<time>2026-05-05T10:51:23Z</time>
<extensions>
<gpxtpx:TrackPointExtension>
<gpxtpx:hr>159</gpxtpx:hr>
<gpxtpx:cad>173</gpxtpx:cad>
</gpxtpx:TrackPointExtension>
</extensions>
</trkpt>
<trkpt lat="36.9782828" lon="127.8858442">
<ele>73.296</ele>
<time>2026-05-05T10:51:24Z</time>
<extensions>
<gpxtpx:TrackPointExtension>
<gpxtpx:hr>158</gpxtpx:hr>
</gpxtpx:TrackPointExtension>
</extensions>
</trkpt>
<trkpt lat="36.9782601" lon="127.8858363">
<ele>73.195</ele>
<time>2026-05-05T10:51:25Z</time>
<extensions>
<gpxtpx:TrackPointExtension>
<gpxtpx:hr>157</gpxtpx:hr>
</gpxtpx:TrackPointExtension>
</extensions>
</trkpt>
<trkpt lat="36.9782372" lon="127.8858293">
<ele>73.254</ele>
<time>2026-05-05T10:51:26Z</time>
<extensions>
<gpxtpx:TrackPointExtension>
<gpxtpx:hr>156</gpxtpx:hr>
</gpxtpx:TrackPointExtension>
</extensions>
</trkpt>
<trkpt lat="36.9782144" lon="127.8858225">
<ele>73.326</ele>
<time>2026-05-05T10:51:27Z</time>
<extensions>
<gpxtpx:TrackPointExtension>
<gpxtpx:hr>155</gpxtpx:hr>
</gpxtpx:TrackPointExtension>
</extensions>
</trkpt>
<trkpt lat="36.9781911" lon="127.8858163">
<ele>73.343</ele>
<time>2026-05-05T10:51:28Z</time>
<extensions>
<gpxtpx:TrackPointExtension>
<gpxtpx:hr>156</gpxtpx:hr>
<gpxtpx:cad>172</gpxtpx:cad>
</gpxtpx:TrackPointExtension>
</extensions>
</trkpt>
<trkpt lat="36.9781659" lon="127.8858106">
<ele>73.564</ele>
<time>2026-05-05T10:51:29Z</time>
<extensions>
<gpxtpx:TrackPointExtension>
<gpxtpx:hr>156</gpxtpx:hr>
</gpxtpx:TrackPointExtension>
</extensions>
</trkpt>
<trkpt lat="36.9781396" lon="127.8858047">
<ele>73.627</ele>
<time>2026-05-05T10:51:30Z</time>
<extensions>
<gpxtpx:TrackPointExtension>
<gpxtpx:hr>156</gpxtpx:hr>
</gpxtpx:TrackPointExtension>
</extensions>
</trkpt>
<trkpt lat="36.9781123" lon="127.8857983">
<ele>73.419</ele>
<time>2026-05-05T10:51:31Z</time>
<extensions>
<gpxtpx:TrackPointExtension>
<gpxtpx:hr>156</gpxtpx:hr>
</gpxtpx:TrackPointExtension>
</extensions>
</trkpt>
<trkpt lat="36.9780846" lon="127.8857914">
<ele>73.291</ele>
<time>2026-05-05T10:51:32Z</time>
<extensions>
<gpxtpx:TrackPointExtension>
<gpxtpx:hr>157</gpxtpx:hr>
</gpxtpx:TrackPointExtension>
</extensions>
</trkpt>
<trkpt lat="36.9780566" lon="127.885784">
<ele>73.245</ele>
<time>2026-05-05T10:51:33Z</time>
<extensions>
<gpxtpx:TrackPointExtension>
<gpxtpx:hr>157</gpxtpx:hr>
<gpxtpx:cad>172</gpxtpx:cad>
</gpxtpx:TrackPointExtension>
</extensions>
</trkpt>
<trkpt lat="36.9780291" lon="127.8857769">
<ele>73.177</ele>
<time>2026-05-05T10:51:34Z</time>
<extensions>
<gpxtpx:TrackPointExtension>
<gpxtpx:hr>157</gpxtpx:hr>
</gpxtpx:TrackPointExtension>
</extensions>
</trkpt>
<trkpt lat="36.9780014" lon="127.8857696">
<ele>73.135</ele>
<time>2026-05-05T10:51:35Z</time>
<extensions>
<gpxtpx:TrackPointExtension>
<gpxtpx:hr>156</gpxtpx:hr>
</gpxtpx:TrackPointExtension>
</extensions>
</trkpt>
<trkpt lat="36.9779751" lon="127.8857646">
<ele>73.09</ele>
<time>2026-05-05T10:51:36Z</time>
<extensions>
<gpxtpx:TrackPointExtension>
<gpxtpx:hr>157</gpxtpx:hr>
</gpxtpx:TrackPointExtension>
</extensions>
</trkpt>
<trkpt lat="36.9779488" lon="127.8857614">
<ele>73.04</ele>
<time>2026-05-05T10:51:37Z</time>
<extensions>
<gpxtpx:TrackPointExtension>
<gpxtpx:hr>157</gpxtpx:hr>
</gpxtpx:TrackPointExtension>
</extensions>
</trkpt>
<trkpt lat="36.9779221" lon="127.8857576">
<ele>72.993</ele>
<time>2026-05-05T10:51:38Z</time>
<extensions>
<gpxtpx:TrackPointExtension>
<gpxtpx:hr>158</gpxtpx:hr>
<gpxtpx:cad>173</gpxtpx:cad>
</gpxtpx:TrackPointExtension>
</extensions>
</trkpt>
<trkpt lat="36.9778954" lon="127.8857569">
<ele>72.968</ele>
<time>2026-05-05T10:51:39Z</time>
<extensions>
<gpxtpx:TrackPointExtension>
<gpxtpx:hr>159</gpxtpx:hr>
</gpxtpx:TrackPointExtension>
</extensions>
</trkpt>
<trkpt lat="36.9778684" lon="127.8857542">
<ele>72.976</ele>
<time>2026-05-05T10:51:40Z</time>
<extensions>
<gpxtpx:TrackPointExtension>
<gpxtpx:hr>160</gpxtpx:hr>
</gpxtpx:TrackPointExtension>
</extensions>
</trkpt>
<trkpt lat="36.9778413" lon="127.885751">
<ele>72.985</ele>
<time>2026-05-05T10:51:41Z</time>
<extensions>
<gpxtpx:TrackPointExtension>
<gpxtpx:hr>161</gpxtpx:hr>
</gpxtpx:TrackPointExtension>
</extensions>
</trkpt>
<trkpt lat="36.9778144" lon="127.8857472">
<ele>72.979</ele>
<time>2026-05-05T10:51:42Z</time>
<extensions>
<gpxtpx:TrackPointExtension>
<gpxtpx:hr>162</gpxtpx:hr>
</gpxtpx:TrackPointExtension>
</extensions>
</trkpt>
<trkpt lat="36.9777875" lon="127.8857447">
<ele>72.948</ele>
<time>2026-05-05T10:51:43Z</time>
<extensions>
<gpxtpx:TrackPointExtension>
<gpxtpx:hr>163</gpxtpx:hr>
<gpxtpx:cad>175</gpxtpx:cad>
</gpxtpx:TrackPointExtension>
</extensions>
</trkpt>
<trkpt lat="36.9777604" lon="127.8857423">
<ele>72.942</ele>
<time>2026-05-05T10:51:44Z</time>
<extensions>
<gpxtpx:TrackPointExtension>
<gpxtpx:hr>164</gpxtpx:hr>
</gpxtpx:TrackPointExtension>
</extensions>
</trkpt>
<trkpt lat="36.9777337" lon="127.8857401">
<ele>72.909</ele>
<time>2026-05-05T10:51:45Z</time>
<extensions>
<gpxtpx:TrackPointExtension>
<gpxtpx:hr>164</gpxtpx:hr>
</gpxtpx:TrackPointExtension>
</extensions>
</trkpt>
<trkpt lat="36.9777067" lon="127.8857369">
<ele>72.885</ele>
<time>2026-05-05T10:51:46Z</time>
<extensions>
<gpxtpx:TrackPointExtension>
<gpxtpx:hr>165</gpxtpx:hr>
</gpxtpx:TrackPointExtension>
</extensions>
</trkpt>
<trkpt lat="36.9776798" lon="127.8857351">
<ele>72.876</ele>
<time>2026-05-05T10:51:47Z</time>
<extensions>
<gpxtpx:TrackPointExtension>
<gpxtpx:hr>165</gpxtpx:hr>
</gpxtpx:TrackPointExtension>
</extensions>
</trkpt>
<trkpt lat="36.9776529" lon="127.885731">
<ele>72.859</ele>
<time>2026-05-05T10:51:48Z</time>
<extensions>
<gpxtpx:TrackPointExtension>
<gpxtpx:hr>165</gpxtpx:hr>
<gpxtpx:cad>180</gpxtpx:cad>
</gpxtpx:TrackPointExtension>
</extensions>
</trkpt>
<trkpt lat="36.9776258" lon="127.885729">
<ele>72.904</ele>
<time>2026-05-05T10:51:49Z</time>
<extensions>
<gpxtpx:TrackPointExtension>
<gpxtpx:hr>165</gpxtpx:hr>
</gpxtpx:TrackPointExtension>
</extensions>
</trkpt>
<trkpt lat="36.9775987" lon="127.8857269">
<ele>72.904</ele>
<time>2026-05-05T10:51:50Z</time>
<extensions>
<gpxtpx:TrackPointExtension>
<gpxtpx:hr>165</gpxtpx:hr>
</gpxtpx:TrackPointExtension>
</extensions>
</trkpt>
<trkpt lat="36.9775715" lon="127.8857241">
<ele>72.932</ele>
<time>2026-05-05T10:51:51Z</time>
<extensions>
<gpxtpx:TrackPointExtension>
<gpxtpx:hr>165</gpxtpx:hr>
</gpxtpx:TrackPointExtension>
</extensions>
</trkpt>
<trkpt lat="36.9775446" lon="127.8857196">
<ele>72.95</ele>
<time>2026-05-05T10:51:52Z</time>
<extensions>
<gpxtpx:TrackPointExtension>
<gpxtpx:hr>165</gpxtpx:hr>
</gpxtpx:TrackPointExtension>
</extensions>
</trkpt>
<trkpt lat="36.9775176" lon="127.8857147">
<ele>72.881</ele>
<time>2026-05-05T10:51:53Z</time>
<extensions>
<gpxtpx:TrackPointExtension>
<gpxtpx:hr>165</gpxtpx:hr>
<gpxtpx:cad>181</gpxtpx:cad>
</gpxtpx:TrackPointExtension>
</extensions>
</trkpt>
<trkpt lat="36.9774911" lon="127.8857087">
<ele>72.858</ele>
<time>2026-05-05T10:51:54Z</time>
<extensions>
<gpxtpx:TrackPointExtension>
<gpxtpx:hr>165</gpxtpx:hr>
</gpxtpx:TrackPointExtension>
</extensions>
</trkpt>
<trkpt lat="36.9774647" lon="127.8857025">
<ele>72.816</ele>
<time>2026-05-05T10:51:55Z</time>
<extensions>
<gpxtpx:TrackPointExtension>
<gpxtpx:hr>165</gpxtpx:hr>
<gpxtpx:cad>179</gpxtpx:cad>
</gpxtpx:TrackPointExtension>
</extensions>
</trkpt>
<trkpt lat="36.9774385" lon="127.8856977">
<ele>72.788</ele>
<time>2026-05-05T10:51:56Z</time>
<extensions>
<gpxtpx:TrackPointExtension>
<gpxtpx:hr>165</gpxtpx:hr>
</gpxtpx:TrackPointExtension>
</extensions>
</trkpt>
<trkpt lat="36.9774123" lon="127.8856925">
<ele>72.73</ele>
<time>2026-05-05T10:51:57Z</time>
<extensions>
<gpxtpx:TrackPointExtension>
<gpxtpx:hr>165</gpxtpx:hr>
</gpxtpx:TrackPointExtension>
</extensions>
</trkpt>
<trkpt lat="36.9773859" lon="127.88569">
<ele>72.692</ele>
<time>2026-05-05T10:51:58Z</time>
<extensions>
<gpxtpx:TrackPointExtension>
<gpxtpx:hr>166</gpxtpx:hr>
<gpxtpx:cad>177</gpxtpx:cad>
</gpxtpx:TrackPointExtension>
</extensions>
</trkpt>
<trkpt lat="36.9773595" lon="127.885687">
<ele>72.706</ele>
<time>2026-05-05T10:51:59Z</time>
<extensions>
<gpxtpx:TrackPointExtension>
<gpxtpx:hr>166</gpxtpx:hr>
</gpxtpx:TrackPointExtension>
</extensions>
</trkpt>
<trkpt lat="36.9773328" lon="127.8856871">
<ele>72.673</ele>
<time>2026-05-05T10:52:00Z</time>
<extensions>
<gpxtpx:TrackPointExtension>
<gpxtpx:hr>166</gpxtpx:hr>
</gpxtpx:TrackPointExtension>
</extensions>
</trkpt>
<trkpt lat="36.9773061" lon="127.8856868">
<ele>72.68</ele>
<time>2026-05-05T10:52:01Z</time>
<extensions>
<gpxtpx:TrackPointExtension>
<gpxtpx:hr>166</gpxtpx:hr>
</gpxtpx:TrackPointExtension>
</extensions>
</trkpt>
<trkpt lat="36.977279" lon="127.8856885">
<ele>72.67</ele>
<time>2026-05-05T10:52:02Z</time>
<extensions>
<gpxtpx:TrackPointExtension>
<gpxtpx:hr>166</gpxtpx:hr>
</gpxtpx:TrackPointExtension>
</extensions>
</trkpt>
<trkpt lat="36.977252" lon="127.88569">
<ele>72.635</ele>
<time>2026-05-05T10:52:03Z</time>
<extensions>
<gpxtpx:TrackPointExtension>
<gpxtpx:hr>167</gpxtpx:hr>
<gpxtpx:cad>174</gpxtpx:cad>
</gpxtpx:TrackPointExtension>
</extensions>
</trkpt>
<trkpt lat="36.977225" lon="127.8856916">
<ele>72.754</ele>
<time>2026-05-05T10:52:04Z</time>
<extensions>
<gpxtpx:TrackPointExtension>
<gpxtpx:hr>166</gpxtpx:hr>
</gpxtpx:TrackPointExtension>
</extensions>
</trkpt>
<trkpt lat="36.977198" lon="127.8856934">
<ele>72.74</ele>
<time>2026-05-05T10:52:05Z</time>
<extensions>
<gpxtpx:TrackPointExtension>
<gpxtpx:hr>166</gpxtpx:hr>
</gpxtpx:TrackPointExtension>
</extensions>
</trkpt>
<trkpt lat="36.9771716" lon="127.8856943">
<ele>72.665</ele>
<time>2026-05-05T10:52:06Z</time>
<extensions>
<gpxtpx:TrackPointExtension>
<gpxtpx:hr>166</gpxtpx:hr>
</gpxtpx:TrackPointExtension>
</extensions>
</trkpt>
<trkpt lat="36.9771452" lon="127.8856952">
<ele>72.722</ele>
<time>2026-05-05T10:52:07Z</time>
<extensions>
<gpxtpx:TrackPointExtension>
<gpxtpx:hr>166</gpxtpx:hr>
</gpxtpx:TrackPointExtension>
</extensions>
</trkpt>
<trkpt lat="36.977119" lon="127.8856958">
<ele>72.735</ele>
<time>2026-05-05T10:52:08Z</time>
<extensions>
<gpxtpx:TrackPointExtension>
<gpxtpx:cad>169</gpxtpx:cad>
</gpxtpx:TrackPointExtension>
</extensions>
</trkpt>
<trkpt lat="36.977093" lon="127.8856961">
<ele>72.754</ele>
<time>2026-05-05T10:52:09Z</time>
</trkpt>
<trkpt lat="36.9770667" lon="127.8856965">
<ele>72.855</ele>
<time>2026-05-05T10:52:10Z</time>
<extensions>
<gpxtpx:TrackPointExtension>
<gpxtpx:hr>167</gpxtpx:hr>
</gpxtpx:TrackPointExtension>
</extensions>
</trkpt>
<trkpt lat="36.97704" lon="127.8856968">
<ele>72.899</ele>
<time>2026-05-05T10:52:11Z</time>
<extensions>
<gpxtpx:TrackPointExtension>
<gpxtpx:hr>167</gpxtpx:hr>
</gpxtpx:TrackPointExtension>
</extensions>
</trkpt>
<trkpt lat="36.9770128" lon="127.8856971">
<ele>73.089</ele>
<time>2026-05-05T10:52:12Z</time>
<extensions>
<gpxtpx:TrackPointExtension>
<gpxtpx:hr>166</gpxtpx:hr>
</gpxtpx:TrackPointExtension>
</extensions>
</trkpt>
<trkpt lat="36.9769853" lon="127.8856974">
<ele>73.137</ele>
<time>2026-05-05T10:52:13Z</time>
<extensions>
<gpxtpx:TrackPointExtension>
<gpxtpx:hr>166</gpxtpx:hr>
<gpxtpx:cad>169</gpxtpx:cad>
</gpxtpx:TrackPointExtension>
</extensions>
</trkpt>
<trkpt lat="36.9769587" lon="127.8856978">
<ele>73.171</ele>
<time>2026-05-05T10:52:14Z</time>
<extensions>
<gpxtpx:TrackPointExtension>
<gpxtpx:hr>166</gpxtpx:hr>
</gpxtpx:TrackPointExtension>
</extensions>
</trkpt>
<trkpt lat="36.976931" lon="127.8856983">
<ele>73.23</ele>
<time>2026-05-05T10:52:15Z</time>
<extensions>
<gpxtpx:TrackPointExtension>
<gpxtpx:hr>166</gpxtpx:hr>
</gpxtpx:TrackPointExtension>
</extensions>
</trkpt>
<trkpt lat="36.9769042" lon="127.8856986">
<ele>73.133</ele>
<time>2026-05-05T10:52:16Z</time>
<extensions>
<gpxtpx:TrackPointExtension>
<gpxtpx:hr>166</gpxtpx:hr>
</gpxtpx:TrackPointExtension>
</extensions>
</trkpt>
<trkpt lat="36.9768768" lon="127.8856991">
<ele>73.162</ele>
<time>2026-05-05T10:52:17Z</time>
<extensions>
<gpxtpx:TrackPointExtension>
<gpxtpx:hr>166</gpxtpx:hr>
</gpxtpx:TrackPointExtension>
</extensions>
</trkpt>
<trkpt lat="36.9768489" lon="127.8856997">
<ele>73.03</ele>
<time>2026-05-05T10:52:18Z</time>
<extensions>
<gpxtpx:TrackPointExtension>
<gpxtpx:hr>166</gpxtpx:hr>
<gpxtpx:cad>174</gpxtpx:cad>
</gpxtpx:TrackPointExtension>
</extensions>
</trkpt>
<trkpt lat="36.9768215" lon="127.8857">
<ele>72.964</ele>
<time>2026-05-05T10:52:19Z</time>
<extensions>
<gpxtpx:TrackPointExtension>
<gpxtpx:hr>166</gpxtpx:hr>
</gpxtpx:TrackPointExtension>
</extensions>
</trkpt>
<trkpt lat="36.9767937" lon="127.8857004">
<ele>72.927</ele>
<time>2026-05-05T10:52:20Z</time>
<extensions>
<gpxtpx:TrackPointExtension>
<gpxtpx:hr>166</gpxtpx:hr>
</gpxtpx:TrackPointExtension>
</extensions>
</trkpt>
<trkpt lat="36.976766" lon="127.8857009">
<ele>73.004</ele>
<time>2026-05-05T10:52:21Z</time>
<extensions>
<gpxtpx:TrackPointExtension>
<gpxtpx:hr>167</gpxtpx:hr>
</gpxtpx:TrackPointExtension>
</extensions>
</trkpt>
<trkpt lat="36.9767382" lon="127.8857007">
<ele>73.08</ele>
<time>2026-05-05T10:52:22Z</time>
<extensions>
<gpxtpx:TrackPointExtension>
<gpxtpx:hr>167</gpxtpx:hr>
</gpxtpx:TrackPointExtension>
</extensions>
</trkpt>
<trkpt lat="36.9767103" lon="127.8857011">
<ele>73.087</ele>
<time>2026-05-05T10:52:23Z</time>
<extensions>
<gpxtpx:TrackPointExtension>
<gpxtpx:hr>167</gpxtpx:hr>
<gpxtpx:cad>175</gpxtpx:cad>
</gpxtpx:TrackPointExtension>
</extensions>
</trkpt>
<trkpt lat="36.9766826" lon="127.8857004">
<ele>73.03</ele>
<time>2026-05-05T10:52:24Z</time>
<extensions>
<gpxtpx:TrackPointExtension>
<gpxtpx:hr>167</gpxtpx:hr>
</gpxtpx:TrackPointExtension>
</extensions>
</trkpt>
<trkpt lat="36.9766547" lon="127.8857006">
<ele>72.983</ele>
<time>2026-05-05T10:52:25Z</time>
<extensions>
<gpxtpx:TrackPointExtension>
<gpxtpx:hr>167</gpxtpx:hr>
</gpxtpx:TrackPointExtension>
</extensions>
</trkpt>
<trkpt lat="36.9766273" lon="127.8856994">
<ele>72.944</ele>
<time>2026-05-05T10:52:26Z</time>
<extensions>
<gpxtpx:TrackPointExtension>
<gpxtpx:hr>167</gpxtpx:hr>
</gpxtpx:TrackPointExtension>
</extensions>
</trkpt>
<trkpt lat="36.9765993" lon="127.8857004">
<ele>72.928</ele>
<time>2026-05-05T10:52:27Z</time>
<extensions>
<gpxtpx:TrackPointExtension>
<gpxtpx:hr>167</gpxtpx:hr>
</gpxtpx:TrackPointExtension>
</extensions>
</trkpt>
<trkpt lat="36.9765716" lon="127.8857005">
<ele>73.02</ele>
<time>2026-05-05T10:52:28Z</time>
<extensions>
<gpxtpx:TrackPointExtension>
<gpxtpx:hr>167</gpxtpx:hr>
<gpxtpx:cad>174</gpxtpx:cad>
</gpxtpx:TrackPointExtension>
</extensions>
</trkpt>
<trkpt lat="36.9765442" lon="127.8856994">
<ele>72.98</ele>
<time>2026-05-05T10:52:29Z</time>
<extensions>
<gpxtpx:TrackPointExtension>
<gpxtpx:hr>167</gpxtpx:hr>
<gpxtpx:cad>174</gpxtpx:cad>
</gpxtpx:TrackPointExtension>
</extensions>
</trkpt>
<trkpt lat="36.9765166" lon="127.8856981">
<ele>73.018</ele>
<time>2026-05-05T10:52:30Z</time>
<extensions>
<gpxtpx:TrackPointExtension>
<gpxtpx:hr>167</gpxtpx:hr>
</gpxtpx:TrackPointExtension>
</extensions>
</trkpt>
<trkpt lat="36.9764894" lon="127.8856957">
<ele>73.075</ele>
<time>2026-05-05T10:52:31Z</time>
<extensions>
<gpxtpx:TrackPointExtension>
<gpxtpx:hr>167</gpxtpx:hr>
</gpxtpx:TrackPointExtension>
</extensions>
</trkpt>
<trkpt lat="36.9764624" lon="127.8856934">
<ele>73.15</ele>
<time>2026-05-05T10:52:32Z</time>
<extensions>
<gpxtpx:TrackPointExtension>
<gpxtpx:hr>167</gpxtpx:hr>
</gpxtpx:TrackPointExtension>
</extensions>
</trkpt>
<trkpt lat="36.9764355" lon="127.8856909">
<ele>73.262</ele>
<time>2026-05-05T10:52:33Z</time>
<extensions>
<gpxtpx:TrackPointExtension>
<gpxtpx:hr>167</gpxtpx:hr>
<gpxtpx:cad>173</gpxtpx:cad>
</gpxtpx:TrackPointExtension>
</extensions>
</trkpt>
<trkpt lat="36.9764087" lon="127.8856899">
<ele>73.166</ele>
<time>2026-05-05T10:52:34Z</time>
<extensions>
<gpxtpx:TrackPointExtension>
<gpxtpx:hr>167</gpxtpx:hr>
</gpxtpx:TrackPointExtension>
</extensions>
</trkpt>
<trkpt lat="36.976382" lon="127.8856886">
<ele>73.141</ele>
<time>2026-05-05T10:52:35Z</time>
<extensions>
<gpxtpx:TrackPointExtension>
<gpxtpx:hr>167</gpxtpx:hr>
</gpxtpx:TrackPointExtension>
</extensions>
</trkpt>
<trkpt lat="36.9763551" lon="127.8856893">
<ele>73.085</ele>
<time>2026-05-05T10:52:36Z</time>
<extensions>
<gpxtpx:TrackPointExtension>
<gpxtpx:hr>168</gpxtpx:hr>
</gpxtpx:TrackPointExtension>
</extensions>
</trkpt>
<trkpt lat="36.9763283" lon="127.8856898">
<ele>73.012</ele>
<time>2026-05-05T10:52:37Z</time>
<extensions>
<gpxtpx:TrackPointExtension>
<gpxtpx:hr>168</gpxtpx:hr>
</gpxtpx:TrackPointExtension>
</extensions>
</trkpt>
<trkpt lat="36.9763015" lon="127.8856918">
<ele>72.988</ele>
<time>2026-05-05T10:52:38Z</time>
<extensions>
<gpxtpx:TrackPointExtension>
<gpxtpx:hr>169</gpxtpx:hr>
<gpxtpx:cad>172</gpxtpx:cad>
</gpxtpx:TrackPointExtension>
</extensions>
</trkpt>
<trkpt lat="36.9762746" lon="127.8856937">
<ele>73.008</ele>
<time>2026-05-05T10:52:39Z</time>
<extensions>
<gpxtpx:TrackPointExtension>
<gpxtpx:hr>170</gpxtpx:hr>
</gpxtpx:TrackPointExtension>
</extensions>
</trkpt>
<trkpt lat="36.9762479" lon="127.8856959">
<ele>72.978</ele>
<time>2026-05-05T10:52:40Z</time>
<extensions>
<gpxtpx:TrackPointExtension>
<gpxtpx:hr>170</gpxtpx:hr>
</gpxtpx:TrackPointExtension>
</extensions>
</trkpt>
<trkpt lat="36.9762215" lon="127.8856977">
<ele>72.928</ele>
<time>2026-05-05T10:52:41Z</time>
<extensions>
<gpxtpx:TrackPointExtension>
<gpxtpx:hr>170</gpxtpx:hr>
</gpxtpx:TrackPointExtension>
</extensions>
</trkpt>
<trkpt lat="36.9761951" lon="127.8856995">
<ele>72.874</ele>
<time>2026-05-05T10:52:42Z</time>
<extensions>
<gpxtpx:TrackPointExtension>
<gpxtpx:hr>170</gpxtpx:hr>
</gpxtpx:TrackPointExtension>
</extensions>
</trkpt>
<trkpt lat="36.9761689" lon="127.8857006">
<ele>72.807</ele>
<time>2026-05-05T10:52:43Z</time>
<extensions>
<gpxtpx:TrackPointExtension>
<gpxtpx:hr>170</gpxtpx:hr>
<gpxtpx:cad>173</gpxtpx:cad>
</gpxtpx:TrackPointExtension>
</extensions>
</trkpt>
<trkpt lat="36.9761426" lon="127.8857019">
<ele>72.809</ele>
<time>2026-05-05T10:52:44Z</time>
<extensions>
<gpxtpx:TrackPointExtension>
<gpxtpx:hr>169</gpxtpx:hr>
</gpxtpx:TrackPointExtension>
</extensions>
</trkpt>
<trkpt lat="36.9761162" lon="127.8857033">
<ele>72.716</ele>
<time>2026-05-05T10:52:45Z</time>
<extensions>
<gpxtpx:TrackPointExtension>
<gpxtpx:hr>169</gpxtpx:hr>
</gpxtpx:TrackPointExtension>
</extensions>
</trkpt>
<trkpt lat="36.9760895" lon="127.8857056">
<ele>72.685</ele>
<time>2026-05-05T10:52:46Z</time>
<extensions>
<gpxtpx:TrackPointExtension>
<gpxtpx:hr>168</gpxtpx:hr>
</gpxtpx:TrackPointExtension>
</extensions>
</trkpt>
<trkpt lat="36.9760629" lon="127.8857086">
<ele>72.724</ele>
<time>2026-05-05T10:52:47Z</time>
<extensions>
<gpxtpx:TrackPointExtension>
<gpxtpx:hr>168</gpxtpx:hr>
</gpxtpx:TrackPointExtension>
</extensions>
</trkpt>
<trkpt lat="36.9760362" lon="127.8857122">
<ele>72.723</ele>
<time>2026-05-05T10:52:48Z</time>
<extensions>
<gpxtpx:TrackPointExtension>
<gpxtpx:hr>168</gpxtpx:hr>
<gpxtpx:cad>177</gpxtpx:cad>
</gpxtpx:TrackPointExtension>
</extensions>
</trkpt>
<trkpt lat="36.9760093" lon="127.885716">
<ele>72.695</ele>
<time>2026-05-05T10:52:49Z</time>
<extensions>
<gpxtpx:TrackPointExtension>
<gpxtpx:hr>167</gpxtpx:hr>
</gpxtpx:TrackPointExtension>
</extensions>
</trkpt>
<trkpt lat="36.9759823" lon="127.8857199">
<ele>72.715</ele>
<time>2026-05-05T10:52:50Z</time>
<extensions>
<gpxtpx:TrackPointExtension>
<gpxtpx:hr>167</gpxtpx:hr>
</gpxtpx:TrackPointExtension>
</extensions>
</trkpt>
<trkpt lat="36.9759555" lon="127.8857232">
<ele>72.73</ele>
<time>2026-05-05T10:52:51Z</time>
<extensions>
<gpxtpx:TrackPointExtension>
<gpxtpx:hr>167</gpxtpx:hr>
</gpxtpx:TrackPointExtension>
</extensions>
</trkpt>
<trkpt lat="36.9759286" lon="127.8857267">
<ele>72.787</ele>
<time>2026-05-05T10:52:52Z</time>
<extensions>
<gpxtpx:TrackPointExtension>
<gpxtpx:hr>167</gpxtpx:hr>
</gpxtpx:TrackPointExtension>
</extensions>
</trkpt>
<trkpt lat="36.9759016" lon="127.8857305">
<ele>72.788</ele>
<time>2026-05-05T10:52:53Z</time>
<extensions>
<gpxtpx:TrackPointExtension>
<gpxtpx:hr>167</gpxtpx:hr>
<gpxtpx:cad>181</gpxtpx:cad>
</gpxtpx:TrackPointExtension>
</extensions>
</trkpt>
<trkpt lat="36.9758747" lon="127.885734">
<ele>72.713</ele>
<time>2026-05-05T10:52:54Z</time>
<extensions>
<gpxtpx:TrackPointExtension>
<gpxtpx:hr>167</gpxtpx:hr>
</gpxtpx:TrackPointExtension>
</extensions>
</trkpt>
<trkpt lat="36.9758474" lon="127.8857387">
<ele>72.709</ele>
<time>2026-05-05T10:52:55Z</time>
<extensions>
<gpxtpx:TrackPointExtension>
<gpxtpx:hr>167</gpxtpx:hr>
</gpxtpx:TrackPointExtension>
</extensions>
</trkpt>
<trkpt lat="36.9758204" lon="127.8857428">
<ele>72.754</ele>
<time>2026-05-05T10:52:56Z</time>
<extensions>
<gpxtpx:TrackPointExtension>
<gpxtpx:hr>167</gpxtpx:hr>
</gpxtpx:TrackPointExtension>
</extensions>
</trkpt>
<trkpt lat="36.9757931" lon="127.8857477">
<ele>72.721</ele>
<time>2026-05-05T10:52:57Z</time>
<extensions>
<gpxtpx:TrackPointExtension>
<gpxtpx:hr>167</gpxtpx:hr>
</gpxtpx:TrackPointExtension>
</extensions>
</trkpt>
<trkpt lat="36.975766" lon="127.8857521">
<ele>72.765</ele>
<time>2026-05-05T10:52:58Z</time>
<extensions>
<gpxtpx:TrackPointExtension>
<gpxtpx:hr>167</gpxtpx:hr>
<gpxtpx:cad>181</gpxtpx:cad>
</gpxtpx:TrackPointExtension>
</extensions>
</trkpt>
<trkpt lat="36.9757388" lon="127.8857565">
<ele>72.681</ele>
<time>2026-05-05T10:52:59Z</time>
<extensions>
<gpxtpx:TrackPointExtension>
<gpxtpx:hr>167</gpxtpx:hr>
</gpxtpx:TrackPointExtension>
</extensions>
</trkpt>
<trkpt lat="36.9757113" lon="127.8857609">
<ele>72.66</ele>
<time>2026-05-05T10:53:00Z</time>
<extensions>
<gpxtpx:TrackPointExtension>
<gpxtpx:hr>167</gpxtpx:hr>
</gpxtpx:TrackPointExtension>
</extensions>
</trkpt>
<trkpt lat="36.975684" lon="127.8857657">
<ele>72.589</ele>
<time>2026-05-05T10:53:01Z</time>
<extensions>
<gpxtpx:TrackPointExtension>
<gpxtpx:hr>168</gpxtpx:hr>
<gpxtpx:cad>181</gpxtpx:cad>
</gpxtpx:TrackPointExtension>
</extensions>
</trkpt>
<trkpt lat="36.9756566" lon="127.8857709">
<ele>72.565</ele>
<time>2026-05-05T10:53:02Z</time>
<extensions>
<gpxtpx:TrackPointExtension>
<gpxtpx:hr>168</gpxtpx:hr>
</gpxtpx:TrackPointExtension>
</extensions>
</trkpt>
<trkpt lat="36.9756295" lon="127.8857761">
<ele>72.611</ele>
<time>2026-05-05T10:53:03Z</time>
<extensions>
<gpxtpx:TrackPointExtension>
<gpxtpx:hr>168</gpxtpx:hr>
<gpxtpx:cad>181</gpxtpx:cad>
</gpxtpx:TrackPointExtension>
</extensions>
</trkpt>
<trkpt lat="36.9756023" lon="127.8857813">
<ele>72.56</ele>
<time>2026-05-05T10:53:04Z</time>
<extensions>
<gpxtpx:TrackPointExtension>
<gpxtpx:hr>168</gpxtpx:hr>
</gpxtpx:TrackPointExtension>
</extensions>
</trkpt>
<trkpt lat="36.9755756" lon="127.8857853">
<ele>72.63</ele>
<time>2026-05-05T10:53:05Z</time>
<extensions>
<gpxtpx:TrackPointExtension>
<gpxtpx:hr>168</gpxtpx:hr>
</gpxtpx:TrackPointExtension>
</extensions>
</trkpt>
<trkpt lat="36.9755493" lon="127.8857879">
<ele>72.667</ele>
<time>2026-05-05T10:53:06Z</time>
<extensions>
<gpxtpx:TrackPointExtension>
<gpxtpx:hr>168</gpxtpx:hr>
</gpxtpx:TrackPointExtension>
</extensions>
</trkpt>
<trkpt lat="36.9755227" lon="127.8857912">
<ele>72.709</ele>
<time>2026-05-05T10:53:07Z</time>
<extensions>
<gpxtpx:TrackPointExtension>
<gpxtpx:hr>168</gpxtpx:hr>
</gpxtpx:TrackPointExtension>
</extensions>
</trkpt>
<trkpt lat="36.975497" lon="127.8857913">
<ele>72.691</ele>
<time>2026-05-05T10:53:08Z</time>
<extensions>
<gpxtpx:TrackPointExtension>
<gpxtpx:hr>167</gpxtpx:hr>
<gpxtpx:cad>179</gpxtpx:cad>
</gpxtpx:TrackPointExtension>
</extensions>
</trkpt>
<trkpt lat="36.975471" lon="127.8857922">
<ele>72.808</ele>
<time>2026-05-05T10:53:09Z</time>
<extensions>
<gpxtpx:TrackPointExtension>
<gpxtpx:hr>167</gpxtpx:hr>
</gpxtpx:TrackPointExtension>
</extensions>
</trkpt>
<trkpt lat="36.975446" lon="127.8857892">
<ele>72.815</ele>
<time>2026-05-05T10:53:10Z</time>
<extensions>
<gpxtpx:TrackPointExtension>
<gpxtpx:hr>167</gpxtpx:hr>
</gpxtpx:TrackPointExtension>
</extensions>
</trkpt>
<trkpt lat="36.9754208" lon="127.8857872">
<ele>72.868</ele>
<time>2026-05-05T10:53:11Z</time>
</trkpt>
<trkpt lat="36.9753965" lon="127.8857807">
<ele>72.931</ele>
<time>2026-05-05T10:53:12Z</time>
<extensions>
<gpxtpx:TrackPointExtension>
<gpxtpx:hr>167</gpxtpx:hr>
</gpxtpx:TrackPointExtension>
</extensions>
</trkpt>
<trkpt lat="36.9753721" lon="127.8857753">
<ele>72.958</ele>
<time>2026-05-05T10:53:13Z</time>
<extensions>
<gpxtpx:TrackPointExtension>
<gpxtpx:hr>167</gpxtpx:hr>
<gpxtpx:cad>178</gpxtpx:cad>
</gpxtpx:TrackPointExtension>
</extensions>
</trkpt>
<trkpt lat="36.9753484" lon="127.8857647">
<ele>72.921</ele>
<time>2026-05-05T10:53:14Z</time>
<extensions>
<gpxtpx:TrackPointExtension>
<gpxtpx:hr>168</gpxtpx:hr>
</gpxtpx:TrackPointExtension>
</extensions>
</trkpt>
<trkpt lat="36.9753247" lon="127.8857552">
<ele>72.912</ele>
<time>2026-05-05T10:53:15Z</time>
<extensions>
<gpxtpx:TrackPointExtension>
<gpxtpx:hr>168</gpxtpx:hr>
</gpxtpx:TrackPointExtension>
</extensions>
</trkpt>
<trkpt lat="36.9753012" lon="127.8857434">
<ele>72.892</ele>
<time>2026-05-05T10:53:16Z</time>
<extensions>
<gpxtpx:TrackPointExtension>
<gpxtpx:hr>168</gpxtpx:hr>
</gpxtpx:TrackPointExtension>
</extensions>
</trkpt>
<trkpt lat="36.9752775" lon="127.8857277">
<ele>72.782</ele>
<time>2026-05-05T10:53:17Z</time>
<extensions>
<gpxtpx:TrackPointExtension>
<gpxtpx:hr>168</gpxtpx:hr>
</gpxtpx:TrackPointExtension>
</extensions>
</trkpt>
<trkpt lat="36.9752539" lon="127.8857125">
<ele>72.672</ele>
<time>2026-05-05T10:53:18Z</time>
<extensions>
<gpxtpx:TrackPointExtension>
<gpxtpx:hr>168</gpxtpx:hr>
<gpxtpx:cad>180</gpxtpx:cad>
</gpxtpx:TrackPointExtension>
</extensions>
</trkpt>
<trkpt lat="36.9752302" lon="127.8856957">
<ele>72.825</ele>
<time>2026-05-05T10:53:19Z</time>
<extensions>
<gpxtpx:TrackPointExtension>
<gpxtpx:hr>168</gpxtpx:hr>
</gpxtpx:TrackPointExtension>
</extensions>
</trkpt>
<trkpt lat="36.9752066" lon="127.8856795">
<ele>72.954</ele>
<time>2026-05-05T10:53:20Z</time>
<extensions>
<gpxtpx:TrackPointExtension>
<gpxtpx:hr>168</gpxtpx:hr>
</gpxtpx:TrackPointExtension>
</extensions>
</trkpt>
<trkpt lat="36.975183" lon="127.8856639">
<ele>73.069</ele>
<time>2026-05-05T10:53:21Z</time>
<extensions>
<gpxtpx:TrackPointExtension>
<gpxtpx:hr>168</gpxtpx:hr>
</gpxtpx:TrackPointExtension>
</extensions>
</trkpt>
<trkpt lat="36.9751593" lon="127.8856483">
<ele>73.087</ele>
<time>2026-05-05T10:53:22Z</time>
<extensions>
<gpxtpx:TrackPointExtension>
<gpxtpx:hr>168</gpxtpx:hr>
</gpxtpx:TrackPointExtension>
</extensions>
</trkpt>
<trkpt lat="36.9751355" lon="127.8856328">
<ele>73.166</ele>
<time>2026-05-05T10:53:23Z</time>
<extensions>
<gpxtpx:TrackPointExtension>
<gpxtpx:hr>168</gpxtpx:hr>
<gpxtpx:cad>176</gpxtpx:cad>
</gpxtpx:TrackPointExtension>
</extensions>
</trkpt>
<trkpt lat="36.9751119" lon="127.8856173">
<ele>73.263</ele>
<time>2026-05-05T10:53:24Z</time>
<extensions>
<gpxtpx:TrackPointExtension>
<gpxtpx:hr>168</gpxtpx:hr>
</gpxtpx:TrackPointExtension>
</extensions>
</trkpt>
<trkpt lat="36.9750882" lon="127.8856024">
<ele>73.296</ele>
<time>2026-05-05T10:53:25Z</time>
<extensions>
<gpxtpx:TrackPointExtension>
<gpxtpx:hr>168</gpxtpx:hr>
</gpxtpx:TrackPointExtension>
</extensions>
</trkpt>
<trkpt lat="36.9750641" lon="127.8855877">
<ele>73.409</ele>
<time>2026-05-05T10:53:26Z</time>
<extensions>
<gpxtpx:TrackPointExtension>
<gpxtpx:hr>168</gpxtpx:hr>
</gpxtpx:TrackPointExtension>
</extensions>
</trkpt>
<trkpt lat="36.9750399" lon="127.8855729">
<ele>73.547</ele>
<time>2026-05-05T10:53:27Z</time>
<extensions>
<gpxtpx:TrackPointExtension>
<gpxtpx:hr>168</gpxtpx:hr>
</gpxtpx:TrackPointExtension>
</extensions>
</trkpt>
<trkpt lat="36.9750157" lon="127.8855578">
<ele>73.589</ele>
<time>2026-05-05T10:53:28Z</time>
<extensions>
<gpxtpx:TrackPointExtension>
<gpxtpx:hr>168</gpxtpx:hr>
<gpxtpx:cad>169</gpxtpx:cad>
</gpxtpx:TrackPointExtension>
</extensions>
</trkpt>
<trkpt lat="36.9749916" lon="127.8855419">
<ele>73.627</ele>
<time>2026-05-05T10:53:29Z</time>
<extensions>
<gpxtpx:TrackPointExtension>
<gpxtpx:hr>169</gpxtpx:hr>
</gpxtpx:TrackPointExtension>
</extensions>
</trkpt>
<trkpt lat="36.9749675" lon="127.885526">
<ele>73.655</ele>
<time>2026-05-05T10:53:30Z</time>
<extensions>
<gpxtpx:TrackPointExtension>
<gpxtpx:hr>169</gpxtpx:hr>
</gpxtpx:TrackPointExtension>
</extensions>
</trkpt>
<trkpt lat="36.9749449" lon="127.8855075">
<ele>73.72</ele>
<time>2026-05-05T10:53:31Z</time>
<extensions>
<gpxtpx:TrackPointExtension>
<gpxtpx:hr>169</gpxtpx:hr>
</gpxtpx:TrackPointExtension>
</extensions>
</trkpt>
<trkpt lat="36.974922" lon="127.8854895">
<ele>73.754</ele>
<time>2026-05-05T10:53:32Z</time>
<extensions>
<gpxtpx:TrackPointExtension>
<gpxtpx:hr>169</gpxtpx:hr>
</gpxtpx:TrackPointExtension>
</extensions>
</trkpt>
<trkpt lat="36.9749019" lon="127.8854686">
<ele>73.805</ele>
<time>2026-05-05T10:53:33Z</time>
<extensions>
<gpxtpx:TrackPointExtension>
<gpxtpx:hr>169</gpxtpx:hr>
<gpxtpx:cad>168</gpxtpx:cad>
</gpxtpx:TrackPointExtension>
</extensions>
</trkpt>
<trkpt lat="36.9748813" lon="127.8854481">
<ele>73.838</ele>
<time>2026-05-05T10:53:34Z</time>
<extensions>
<gpxtpx:TrackPointExtension>
<gpxtpx:hr>168</gpxtpx:hr>
</gpxtpx:TrackPointExtension>
</extensions>
</trkpt>
<trkpt lat="36.974864" lon="127.8854252">
<ele>73.912</ele>
<time>2026-05-05T10:53:35Z</time>
<extensions>
<gpxtpx:TrackPointExtension>
<gpxtpx:hr>168</gpxtpx:hr>
<gpxtpx:cad>169</gpxtpx:cad>
</gpxtpx:TrackPointExtension>
</extensions>
</trkpt>
<trkpt lat="36.9748471" lon="127.8854024">
<ele>74.021</ele>
<time>2026-05-05T10:53:36Z</time>
<extensions>
<gpxtpx:TrackPointExtension>
<gpxtpx:hr>167</gpxtpx:hr>
</gpxtpx:TrackPointExtension>
</extensions>
</trkpt>
<trkpt lat="36.9748314" lon="127.8853789">
<ele>74.045</ele>
<time>2026-05-05T10:53:37Z</time>
<extensions>
<gpxtpx:TrackPointExtension>
<gpxtpx:hr>167</gpxtpx:hr>
</gpxtpx:TrackPointExtension>
</extensions>
</trkpt>
<trkpt lat="36.9748157" lon="127.8853554">
<ele>74.07</ele>
<time>2026-05-05T10:53:38Z</time>
<extensions>
<gpxtpx:TrackPointExtension>
<gpxtpx:hr>167</gpxtpx:hr>
<gpxtpx:cad>171</gpxtpx:cad>
</gpxtpx:TrackPointExtension>
</extensions>
</trkpt>
<trkpt lat="36.9748033" lon="127.8853305">
<ele>74.139</ele>
<time>2026-05-05T10:53:39Z</time>
<extensions>
<gpxtpx:TrackPointExtension>
<gpxtpx:hr>167</gpxtpx:hr>
</gpxtpx:TrackPointExtension>
</extensions>
</trkpt>
<trkpt lat="36.9747915" lon="127.8853049">
<ele>74.125</ele>
<time>2026-05-05T10:53:40Z</time>
<extensions>
<gpxtpx:TrackPointExtension>
<gpxtpx:hr>167</gpxtpx:hr>
</gpxtpx:TrackPointExtension>
</extensions>
</trkpt>
<trkpt lat="36.9747804" lon="127.8852787">
<ele>74.19</ele>
<time>2026-05-05T10:53:41Z</time>
<extensions>
<gpxtpx:TrackPointExtension>
<gpxtpx:hr>167</gpxtpx:hr>
</gpxtpx:TrackPointExtension>
</extensions>
</trkpt>
<trkpt lat="36.9747745" lon="127.8852501">
<ele>74.232</ele>
<time>2026-05-05T10:53:42Z</time>
<extensions>
<gpxtpx:TrackPointExtension>
<gpxtpx:hr>166</gpxtpx:hr>
</gpxtpx:TrackPointExtension>
</extensions>
</trkpt>
<trkpt lat="36.9747686" lon="127.8852226">
<ele>74.27</ele>
<time>2026-05-05T10:53:43Z</time>
<extensions>
<gpxtpx:TrackPointExtension>
<gpxtpx:hr>166</gpxtpx:hr>
<gpxtpx:cad>173</gpxtpx:cad>
</gpxtpx:TrackPointExtension>
</extensions>
</trkpt>
<trkpt lat="36.9747645" lon="127.8851945">
<ele>74.126</ele>
<time>2026-05-05T10:53:44Z</time>
<extensions>
<gpxtpx:TrackPointExtension>
<gpxtpx:hr>166</gpxtpx:hr>
</gpxtpx:TrackPointExtension>
</extensions>
</trkpt>
<trkpt lat="36.9747618" lon="127.885166">
<ele>74.308</ele>
<time>2026-05-05T10:53:45Z</time>
<extensions>
<gpxtpx:TrackPointExtension>
<gpxtpx:hr>166</gpxtpx:hr>
</gpxtpx:TrackPointExtension>
</extensions>
</trkpt>
<trkpt lat="36.9747587" lon="127.8851375">
<ele>74.274</ele>
<time>2026-05-05T10:53:46Z</time>
<extensions>
<gpxtpx:TrackPointExtension>
<gpxtpx:hr>166</gpxtpx:hr>
</gpxtpx:TrackPointExtension>
</extensions>
</trkpt>
<trkpt lat="36.9747561" lon="127.8851087">
<ele>74.247</ele>
<time>2026-05-05T10:53:47Z</time>
<extensions>
<gpxtpx:TrackPointExtension>
<gpxtpx:hr>167</gpxtpx:hr>
</gpxtpx:TrackPointExtension>
</extensions>
</trkpt>
<trkpt lat="36.9747485" lon="127.8850818">
<ele>74.274</ele>
<time>2026-05-05T10:53:48Z</time>
<extensions>
<gpxtpx:TrackPointExtension>
<gpxtpx:hr>167</gpxtpx:hr>
<gpxtpx:cad>172</gpxtpx:cad>
</gpxtpx:TrackPointExtension>
</extensions>
</trkpt>
<trkpt lat="36.9747446" lon="127.8850533">
<ele>74.236</ele>
<time>2026-05-05T10:53:49Z</time>
<extensions>
<gpxtpx:TrackPointExtension>
<gpxtpx:hr>167</gpxtpx:hr>
</gpxtpx:TrackPointExtension>
</extensions>
</trkpt>
<trkpt lat="36.9747393" lon="127.8850256">
<ele>74.2</ele>
<time>2026-05-05T10:53:50Z</time>
<extensions>
<gpxtpx:TrackPointExtension>
<gpxtpx:hr>167</gpxtpx:hr>
</gpxtpx:TrackPointExtension>
</extensions>
</trkpt>
<trkpt lat="36.9747352" lon="127.8849974">
<ele>74.106</ele>
<time>2026-05-05T10:53:51Z</time>
<extensions>
<gpxtpx:TrackPointExtension>
<gpxtpx:hr>167</gpxtpx:hr>
</gpxtpx:TrackPointExtension>
</extensions>
</trkpt>
<trkpt lat="36.9747336" lon="127.8849679">
<ele>73.942</ele>
<time>2026-05-05T10:53:52Z</time>
<extensions>
<gpxtpx:TrackPointExtension>
<gpxtpx:hr>167</gpxtpx:hr>
</gpxtpx:TrackPointExtension>
</extensions>
</trkpt>
<trkpt lat="36.9747326" lon="127.884938">
<ele>73.973</ele>
<time>2026-05-05T10:53:53Z</time>
<extensions>
<gpxtpx:TrackPointExtension>
<gpxtpx:hr>167</gpxtpx:hr>
<gpxtpx:cad>171</gpxtpx:cad>
</gpxtpx:TrackPointExtension>
</extensions>
</trkpt>
<trkpt lat="36.974732" lon="127.8849078">
<ele>73.972</ele>
<time>2026-05-05T10:53:54Z</time>
<extensions>
<gpxtpx:TrackPointExtension>
<gpxtpx:hr>166</gpxtpx:hr>
</gpxtpx:TrackPointExtension>
</extensions>
</trkpt>
<trkpt lat="36.9747317" lon="127.8848773">
<ele>73.929</ele>
<time>2026-05-05T10:53:55Z</time>
<extensions>
<gpxtpx:TrackPointExtension>
<gpxtpx:hr>166</gpxtpx:hr>
</gpxtpx:TrackPointExtension>
</extensions>
</trkpt>
<trkpt lat="36.9747318" lon="127.8848466">
<ele>73.869</ele>
<time>2026-05-05T10:53:56Z</time>
<extensions>
<gpxtpx:TrackPointExtension>
<gpxtpx:hr>166</gpxtpx:hr>
</gpxtpx:TrackPointExtension>
</extensions>
</trkpt>
<trkpt lat="36.974732" lon="127.8848159">
<ele>73.821</ele>
<time>2026-05-05T10:53:57Z</time>
<extensions>
<gpxtpx:TrackPointExtension>
<gpxtpx:hr>167</gpxtpx:hr>
</gpxtpx:TrackPointExtension>
</extensions>
</trkpt>
<trkpt lat="36.9747329" lon="127.8847864">
<ele>73.848</ele>
<time>2026-05-05T10:53:58Z</time>
<extensions>
<gpxtpx:TrackPointExtension>
<gpxtpx:hr>168</gpxtpx:hr>
<gpxtpx:cad>173</gpxtpx:cad>
</gpxtpx:TrackPointExtension>
</extensions>
</trkpt>
<trkpt lat="36.9747337" lon="127.8847548">
<ele>73.81</ele>
<time>2026-05-05T10:53:59Z</time>
<extensions>
<gpxtpx:TrackPointExtension>
<gpxtpx:hr>168</gpxtpx:hr>
</gpxtpx:TrackPointExtension>
</extensions>
</trkpt>
<trkpt lat="36.9747346" lon="127.8847241">
<ele>73.888</ele>
<time>2026-05-05T10:54:00Z</time>
<extensions>
<gpxtpx:TrackPointExtension>
<gpxtpx:hr>168</gpxtpx:hr>
</gpxtpx:TrackPointExtension>
</extensions>
</trkpt>
<trkpt lat="36.9747349" lon="127.8846916">
<ele>73.848</ele>
<time>2026-05-05T10:54:01Z</time>
<extensions>
<gpxtpx:TrackPointExtension>
<gpxtpx:hr>168</gpxtpx:hr>
</gpxtpx:TrackPointExtension>
</extensions>
</trkpt>
<trkpt lat="36.9747352" lon="127.8846591">
<ele>73.777</ele>
<time>2026-05-05T10:54:02Z</time>
<extensions>
<gpxtpx:TrackPointExtension>
<gpxtpx:hr>168</gpxtpx:hr>
</gpxtpx:TrackPointExtension>
</extensions>
</trkpt>
<trkpt lat="36.9747353" lon="127.8846252">
<ele>73.548</ele>
<time>2026-05-05T10:54:03Z</time>
<extensions>
<gpxtpx:TrackPointExtension>
<gpxtpx:hr>168</gpxtpx:hr>
<gpxtpx:cad>177</gpxtpx:cad>
</gpxtpx:TrackPointExtension>
</extensions>
</trkpt>
<trkpt lat="36.9747353" lon="127.8845909">
<ele>73.461</ele>
<time>2026-05-05T10:54:04Z</time>
<extensions>
<gpxtpx:TrackPointExtension>
<gpxtpx:hr>168</gpxtpx:hr>
</gpxtpx:TrackPointExtension>
</extensions>
</trkpt>
<trkpt lat="36.9747352" lon="127.8845564">
<ele>73.422</ele>
<time>2026-05-05T10:54:05Z</time>
<extensions>
<gpxtpx:TrackPointExtension>
<gpxtpx:hr>168</gpxtpx:hr>
</gpxtpx:TrackPointExtension>
</extensions>
</trkpt>
<trkpt lat="36.9747348" lon="127.884522">
<ele>73.406</ele>
<time>2026-05-05T10:54:06Z</time>
<extensions>
<gpxtpx:TrackPointExtension>
<gpxtpx:hr>168</gpxtpx:hr>
</gpxtpx:TrackPointExtension>
</extensions>
</trkpt>
<trkpt lat="36.9747341" lon="127.8844877">
<ele>73.335</ele>
<time>2026-05-05T10:54:07Z</time>
<extensions>
<gpxtpx:TrackPointExtension>
<gpxtpx:hr>168</gpxtpx:hr>
</gpxtpx:TrackPointExtension>
</extensions>
</trkpt>
<trkpt lat="36.9747327" lon="127.8844538">
<ele>73.265</ele>
<time>2026-05-05T10:54:08Z</time>
<extensions>
<gpxtpx:TrackPointExtension>
<gpxtpx:hr>168</gpxtpx:hr>
<gpxtpx:cad>174</gpxtpx:cad>
</gpxtpx:TrackPointExtension>
</extensions>
</trkpt>
<trkpt lat="36.9747307" lon="127.8844203">
<ele>73.207</ele>
<time>2026-05-05T10:54:09Z</time>
<extensions>
<gpxtpx:TrackPointExtension>
<gpxtpx:hr>167</gpxtpx:hr>
</gpxtpx:TrackPointExtension>
</extensions>
</trkpt>
<trkpt lat="36.9747281" lon="127.8843872">
<ele>73.294</ele>
<time>2026-05-05T10:54:10Z</time>
<extensions>
<gpxtpx:TrackPointExtension>
<gpxtpx:hr>166</gpxtpx:hr>
</gpxtpx:TrackPointExtension>
</extensions>
</trkpt>
<trkpt lat="36.9747249" lon="127.8843545">
<ele>73.361</ele>
<time>2026-05-05T10:54:11Z</time>
<extensions>
<gpxtpx:TrackPointExtension>
<gpxtpx:hr>165</gpxtpx:hr>
<gpxtpx:cad>172</gpxtpx:cad>
</gpxtpx:TrackPointExtension>
</extensions>
</trkpt>
<trkpt lat="36.9747215" lon="127.8843224">
<ele>73.43</ele>
<time>2026-05-05T10:54:12Z</time>
<extensions>
<gpxtpx:TrackPointExtension>
<gpxtpx:hr>164</gpxtpx:hr>
</gpxtpx:TrackPointExtension>
</extensions>
</trkpt>
<trkpt lat="36.9747181" lon="127.8842902">
<ele>73.502</ele>
<time>2026-05-05T10:54:13Z</time>
<extensions>
<gpxtpx:TrackPointExtension>
<gpxtpx:hr>164</gpxtpx:hr>
<gpxtpx:cad>172</gpxtpx:cad>
</gpxtpx:TrackPointExtension>
</extensions>
</trkpt>
<trkpt lat="36.9747152" lon="127.8842583">
<ele>73.559</ele>
<time>2026-05-05T10:54:14Z</time>
<extensions>
<gpxtpx:TrackPointExtension>
<gpxtpx:hr>163</gpxtpx:hr>
</gpxtpx:TrackPointExtension>
</extensions>
</trkpt>
<trkpt lat="36.9747122" lon="127.8842263">
<ele>73.5</ele>
<time>2026-05-05T10:54:15Z</time>
<extensions>
<gpxtpx:TrackPointExtension>
<gpxtpx:hr>163</gpxtpx:hr>
</gpxtpx:TrackPointExtension>
</extensions>
</trkpt>
<trkpt lat="36.97471" lon="127.8841945">
<ele>73.517</ele>
<time>2026-05-05T10:54:16Z</time>
<extensions>
<gpxtpx:TrackPointExtension>
<gpxtpx:hr>163</gpxtpx:hr>
</gpxtpx:TrackPointExtension>
</extensions>
</trkpt>
<trkpt lat="36.9747077" lon="127.8841626">
<ele>73.501</ele>
<time>2026-05-05T10:54:17Z</time>
<extensions>
<gpxtpx:TrackPointExtension>
<gpxtpx:hr>162</gpxtpx:hr>
</gpxtpx:TrackPointExtension>
</extensions>
</trkpt>
<trkpt lat="36.9747055" lon="127.8841309">
<ele>73.525</ele>
<time>2026-05-05T10:54:18Z</time>
<extensions>
<gpxtpx:TrackPointExtension>
<gpxtpx:hr>162</gpxtpx:hr>
<gpxtpx:cad>173</gpxtpx:cad>
</gpxtpx:TrackPointExtension>
</extensions>
</trkpt>
<trkpt lat="36.9747031" lon="127.8840991">
<ele>73.502</ele>
<time>2026-05-05T10:54:19Z</time>
<extensions>
<gpxtpx:TrackPointExtension>
<gpxtpx:hr>162</gpxtpx:hr>
</gpxtpx:TrackPointExtension>
</extensions>
</trkpt>
<trkpt lat="36.9747004" lon="127.8840664">
<ele>73.505</ele>
<time>2026-05-05T10:54:20Z</time>
<extensions>
<gpxtpx:TrackPointExtension>
<gpxtpx:hr>162</gpxtpx:hr>
</gpxtpx:TrackPointExtension>
</extensions>
</trkpt>
<trkpt lat="36.9746979" lon="127.8840334">
<ele>73.454</ele>
<time>2026-05-05T10:54:21Z</time>
<extensions>
<gpxtpx:TrackPointExtension>
<gpxtpx:hr>162</gpxtpx:hr>
</gpxtpx:TrackPointExtension>
</extensions>
</trkpt>
<trkpt lat="36.974696" lon="127.883998">
<ele>73.458</ele>
<time>2026-05-05T10:54:22Z</time>
<extensions>
<gpxtpx:TrackPointExtension>
<gpxtpx:hr>162</gpxtpx:hr>
</gpxtpx:TrackPointExtension>
</extensions>
</trkpt>
<trkpt lat="36.9746939" lon="127.8839639">
<ele>73.443</ele>
<time>2026-05-05T10:54:23Z</time>
<extensions>
<gpxtpx:TrackPointExtension>
<gpxtpx:hr>162</gpxtpx:hr>
<gpxtpx:cad>175</gpxtpx:cad>
</gpxtpx:TrackPointExtension>
</extensions>
</trkpt>
<trkpt lat="36.9746918" lon="127.8839308">
<ele>73.428</ele>
<time>2026-05-05T10:54:24Z</time>
<extensions>
<gpxtpx:TrackPointExtension>
<gpxtpx:hr>162</gpxtpx:hr>
</gpxtpx:TrackPointExtension>
</extensions>
</trkpt>
<trkpt lat="36.97469" lon="127.883897">
<ele>73.349</ele>
<time>2026-05-05T10:54:25Z</time>
<extensions>
<gpxtpx:TrackPointExtension>
<gpxtpx:hr>162</gpxtpx:hr>
</gpxtpx:TrackPointExtension>
</extensions>
</trkpt>
<trkpt lat="36.9746884" lon="127.8838632">
<ele>73.318</ele>
<time>2026-05-05T10:54:26Z</time>
<extensions>
<gpxtpx:TrackPointExtension>
<gpxtpx:hr>163</gpxtpx:hr>
</gpxtpx:TrackPointExtension>
</extensions>
</trkpt>
<trkpt lat="36.9746863" lon="127.8838291">
<ele>73.238</ele>
<time>2026-05-05T10:54:27Z</time>
<extensions>
<gpxtpx:TrackPointExtension>
<gpxtpx:hr>163</gpxtpx:hr>
</gpxtpx:TrackPointExtension>
</extensions>
</trkpt>
<trkpt lat="36.9746852" lon="127.8837963">
<ele>73.245</ele>
<time>2026-05-05T10:54:28Z</time>
<extensions>
<gpxtpx:TrackPointExtension>
<gpxtpx:hr>163</gpxtpx:hr>
<gpxtpx:cad>180</gpxtpx:cad>
</gpxtpx:TrackPointExtension>
</extensions>
</trkpt>
<trkpt lat="36.974684" lon="127.8837647">
<ele>73.253</ele>
<time>2026-05-05T10:54:29Z</time>
<extensions>
<gpxtpx:TrackPointExtension>
<gpxtpx:hr>164</gpxtpx:hr>
</gpxtpx:TrackPointExtension>
</extensions>
</trkpt>
<trkpt lat="36.9746824" lon="127.8837324">
<ele>73.202</ele>
<time>2026-05-05T10:54:30Z</time>
<extensions>
<gpxtpx:TrackPointExtension>
<gpxtpx:hr>164</gpxtpx:hr>
</gpxtpx:TrackPointExtension>
</extensions>
</trkpt>
<trkpt lat="36.9746808" lon="127.8837029">
<ele>73.168</ele>
<time>2026-05-05T10:54:31Z</time>
<extensions>
<gpxtpx:TrackPointExtension>
<gpxtpx:hr>164</gpxtpx:hr>
</gpxtpx:TrackPointExtension>
</extensions>
</trkpt>
<trkpt lat="36.9746786" lon="127.8836739">
<ele>73.207</ele>
<time>2026-05-05T10:54:32Z</time>
<extensions>
<gpxtpx:TrackPointExtension>
<gpxtpx:hr>165</gpxtpx:hr>
</gpxtpx:TrackPointExtension>
</extensions>
</trkpt>
<trkpt lat="36.9746763" lon="127.8836435">
<ele>73.233</ele>
<time>2026-05-05T10:54:33Z</time>
<extensions>
<gpxtpx:TrackPointExtension>
<gpxtpx:hr>165</gpxtpx:hr>
<gpxtpx:cad>180</gpxtpx:cad>
</gpxtpx:TrackPointExtension>
</extensions>
</trkpt>
<trkpt lat="36.9746733" lon="127.8836144">
<ele>73.284</ele>
<time>2026-05-05T10:54:34Z</time>
<extensions>
<gpxtpx:TrackPointExtension>
<gpxtpx:hr>165</gpxtpx:hr>
</gpxtpx:TrackPointExtension>
</extensions>
</trkpt>
<trkpt lat="36.9746706" lon="127.883584">
<ele>73.305</ele>
<time>2026-05-05T10:54:35Z</time>
<extensions>
<gpxtpx:TrackPointExtension>
<gpxtpx:hr>166</gpxtpx:hr>
</gpxtpx:TrackPointExtension>
</extensions>
</trkpt>
<trkpt lat="36.9746689" lon="127.8835516">
<ele>73.311</ele>
<time>2026-05-05T10:54:36Z</time>
<extensions>
<gpxtpx:TrackPointExtension>
<gpxtpx:hr>166</gpxtpx:hr>
</gpxtpx:TrackPointExtension>
</extensions>
</trkpt>
<trkpt lat="36.9746664" lon="127.883521">
<ele>73.337</ele>
<time>2026-05-05T10:54:37Z</time>
<extensions>
<gpxtpx:TrackPointExtension>
<gpxtpx:hr>166</gpxtpx:hr>
</gpxtpx:TrackPointExtension>
</extensions>
</trkpt>
<trkpt lat="36.9746648" lon="127.8834893">
<ele>73.347</ele>
<time>2026-05-05T10:54:38Z</time>
<extensions>
<gpxtpx:TrackPointExtension>
<gpxtpx:hr>166</gpxtpx:hr>
<gpxtpx:cad>178</gpxtpx:cad>
</gpxtpx:TrackPointExtension>
</extensions>
</trkpt>
<trkpt lat="36.9746613" lon="127.8834605">
<ele>73.266</ele>
<time>2026-05-05T10:54:39Z</time>
<extensions>
<gpxtpx:TrackPointExtension>
<gpxtpx:hr>167</gpxtpx:hr>
</gpxtpx:TrackPointExtension>
</extensions>
</trkpt>
<trkpt lat="36.9746594" lon="127.8834303">
<ele>73.205</ele>
<time>2026-05-05T10:54:40Z</time>
<extensions>
<gpxtpx:TrackPointExtension>
<gpxtpx:hr>167</gpxtpx:hr>
</gpxtpx:TrackPointExtension>
</extensions>
</trkpt>
<trkpt lat="36.974656" lon="127.8834016">
<ele>73.272</ele>
<time>2026-05-05T10:54:41Z</time>
<extensions>
<gpxtpx:TrackPointExtension>
<gpxtpx:hr>168</gpxtpx:hr>
</gpxtpx:TrackPointExtension>
</extensions>
</trkpt>
<trkpt lat="36.9746537" lon="127.8833731">
<ele>73.315</ele>
<time>2026-05-05T10:54:42Z</time>
<extensions>
<gpxtpx:TrackPointExtension>
<gpxtpx:hr>168</gpxtpx:hr>
</gpxtpx:TrackPointExtension>
</extensions>
</trkpt>
<trkpt lat="36.9746504" lon="127.8833446">
<ele>73.33</ele>
<time>2026-05-05T10:54:43Z</time>
<extensions>
<gpxtpx:TrackPointExtension>
<gpxtpx:hr>169</gpxtpx:hr>
<gpxtpx:cad>171</gpxtpx:cad>
</gpxtpx:TrackPointExtension>
</extensions>
</trkpt>
<trkpt lat="36.9746474" lon="127.8833168">
<ele>73.374</ele>
<time>2026-05-05T10:54:44Z</time>
<extensions>
<gpxtpx:TrackPointExtension>
<gpxtpx:hr>168</gpxtpx:hr>
</gpxtpx:TrackPointExtension>
</extensions>
</trkpt>
<trkpt lat="36.9746441" lon="127.8832879">
<ele>73.387</ele>
<time>2026-05-05T10:54:45Z</time>
<extensions>
<gpxtpx:TrackPointExtension>
<gpxtpx:hr>168</gpxtpx:hr>
</gpxtpx:TrackPointExtension>
</extensions>
</trkpt>
<trkpt lat="36.9746405" lon="127.8832596">
<ele>73.378</ele>
<time>2026-05-05T10:54:46Z</time>
<extensions>
<gpxtpx:TrackPointExtension>
<gpxtpx:hr>168</gpxtpx:hr>
</gpxtpx:TrackPointExtension>
</extensions>
</trkpt>
<trkpt lat="36.9746379" lon="127.8832304">
<ele>73.376</ele>
<time>2026-05-05T10:54:47Z</time>
<extensions>
<gpxtpx:TrackPointExtension>
<gpxtpx:hr>167</gpxtpx:hr>
<gpxtpx:cad>168</gpxtpx:cad>
</gpxtpx:TrackPointExtension>
</extensions>
</trkpt>
<trkpt lat="36.974635" lon="127.8832015">
<ele>73.357</ele>
<time>2026-05-05T10:54:48Z</time>
<extensions>
<gpxtpx:TrackPointExtension>
<gpxtpx:hr>167</gpxtpx:hr>
<gpxtpx:cad>168</gpxtpx:cad>
</gpxtpx:TrackPointExtension>
</extensions>
</trkpt>
<trkpt lat="36.9746323" lon="127.8831723">
<ele>73.329</ele>
<time>2026-05-05T10:54:49Z</time>
<extensions>
<gpxtpx:TrackPointExtension>
<gpxtpx:hr>166</gpxtpx:hr>
</gpxtpx:TrackPointExtension>
</extensions>
</trkpt>
<trkpt lat="36.9746299" lon="127.8831431">
<ele>73.287</ele>
<time>2026-05-05T10:54:50Z</time>
<extensions>
<gpxtpx:TrackPointExtension>
<gpxtpx:hr>165</gpxtpx:hr>
</gpxtpx:TrackPointExtension>
</extensions>
</trkpt>
<trkpt lat="36.9746278" lon="127.8831139">
<ele>73.311</ele>
<time>2026-05-05T10:54:51Z</time>
<extensions>
<gpxtpx:TrackPointExtension>
<gpxtpx:hr>164</gpxtpx:hr>
</gpxtpx:TrackPointExtension>
</extensions>
</trkpt>
<trkpt lat="36.9746261" lon="127.8830847">
<ele>73.34</ele>
<time>2026-05-05T10:54:52Z</time>
<extensions>
<gpxtpx:TrackPointExtension>
<gpxtpx:hr>164</gpxtpx:hr>
</gpxtpx:TrackPointExtension>
</extensions>
</trkpt>
<trkpt lat="36.9746262" lon="127.8830555">
<ele>73.286</ele>
<time>2026-05-05T10:54:53Z</time>
<extensions>
<gpxtpx:TrackPointExtension>
<gpxtpx:hr>164</gpxtpx:hr>
<gpxtpx:cad>169</gpxtpx:cad>
</gpxtpx:TrackPointExtension>
</extensions>
</trkpt>
<trkpt lat="36.9746237" lon="127.8830262">
<ele>73.279</ele>
<time>2026-05-05T10:54:54Z</time>
<extensions>
<gpxtpx:TrackPointExtension>
<gpxtpx:hr>164</gpxtpx:hr>
</gpxtpx:TrackPointExtension>
</extensions>
</trkpt>
<trkpt lat="36.9746246" lon="127.8829968">
<ele>73.262</ele>
<time>2026-05-05T10:54:55Z</time>
<extensions>
<gpxtpx:TrackPointExtension>
<gpxtpx:hr>164</gpxtpx:hr>
</gpxtpx:TrackPointExtension>
</extensions>
</trkpt>
<trkpt lat="36.9746229" lon="127.8829675">
<ele>73.191</ele>
<time>2026-05-05T10:54:56Z</time>
<extensions>
<gpxtpx:TrackPointExtension>
<gpxtpx:hr>164</gpxtpx:hr>
</gpxtpx:TrackPointExtension>
</extensions>
</trkpt>
<trkpt lat="36.9746242" lon="127.8829378">
<ele>73.179</ele>
<time>2026-05-05T10:54:57Z</time>
<extensions>
<gpxtpx:TrackPointExtension>
<gpxtpx:hr>164</gpxtpx:hr>
</gpxtpx:TrackPointExtension>
</extensions>
</trkpt>
<trkpt lat="36.9746234" lon="127.8829085">
<ele>73.188</ele>
<time>2026-05-05T10:54:58Z</time>
<extensions>
<gpxtpx:TrackPointExtension>
<gpxtpx:hr>164</gpxtpx:hr>
<gpxtpx:cad>171</gpxtpx:cad>
</gpxtpx:TrackPointExtension>
</extensions>
</trkpt>
<trkpt lat="36.9746241" lon="127.8828789">
<ele>73.27</ele>
<time>2026-05-05T10:54:59Z</time>
<extensions>
<gpxtpx:TrackPointExtension>
<gpxtpx:hr>165</gpxtpx:hr>
</gpxtpx:TrackPointExtension>
</extensions>
</trkpt>
<trkpt lat="36.9746244" lon="127.8828495">
<ele>73.275</ele>
<time>2026-05-05T10:55:00Z</time>
<extensions>
<gpxtpx:TrackPointExtension>
<gpxtpx:hr>165</gpxtpx:hr>
</gpxtpx:TrackPointExtension>
</extensions>
</trkpt>
<trkpt lat="36.9746262" lon="127.8828193">
<ele>73.254</ele>
<time>2026-05-05T10:55:01Z</time>
<extensions>
<gpxtpx:TrackPointExtension>
<gpxtpx:hr>165</gpxtpx:hr>
</gpxtpx:TrackPointExtension>
</extensions>
</trkpt>
<trkpt lat="36.9746275" lon="127.8827893">
<ele>73.219</ele>
<time>2026-05-05T10:55:02Z</time>
<extensions>
<gpxtpx:TrackPointExtension>
<gpxtpx:hr>165</gpxtpx:hr>
<gpxtpx:cad>174</gpxtpx:cad>
</gpxtpx:TrackPointExtension>
</extensions>
</trkpt>
<trkpt lat="36.9746289" lon="127.8827591">
<ele>73.214</ele>
<time>2026-05-05T10:55:03Z</time>
<extensions>
<gpxtpx:TrackPointExtension>
<gpxtpx:hr>165</gpxtpx:hr>
</gpxtpx:TrackPointExtension>
</extensions>
</trkpt>
<trkpt lat="36.9746304" lon="127.8827285">
<ele>73.307</ele>
<time>2026-05-05T10:55:04Z</time>
<extensions>
<gpxtpx:TrackPointExtension>
<gpxtpx:hr>165</gpxtpx:hr>
</gpxtpx:TrackPointExtension>
</extensions>
</trkpt>
<trkpt lat="36.974632" lon="127.8826983">
<ele>73.327</ele>
<time>2026-05-05T10:55:05Z</time>
<extensions>
<gpxtpx:TrackPointExtension>
<gpxtpx:hr>164</gpxtpx:hr>
</gpxtpx:TrackPointExtension>
</extensions>
</trkpt>
<trkpt lat="36.9746335" lon="127.8826672">
<ele>73.229</ele>
<time>2026-05-05T10:55:06Z</time>
<extensions>
<gpxtpx:TrackPointExtension>
<gpxtpx:hr>164</gpxtpx:hr>
</gpxtpx:TrackPointExtension>
</extensions>
</trkpt>
<trkpt lat="36.9746352" lon="127.8826357">
<ele>73.175</ele>
<time>2026-05-05T10:55:07Z</time>
<extensions>
<gpxtpx:TrackPointExtension>
<gpxtpx:hr>164</gpxtpx:hr>
<gpxtpx:cad>178</gpxtpx:cad>
</gpxtpx:TrackPointExtension>
</extensions>
</trkpt>
<trkpt lat="36.974637" lon="127.8826041">
<ele>73.221</ele>
<time>2026-05-05T10:55:08Z</time>
<extensions>
<gpxtpx:TrackPointExtension>
<gpxtpx:hr>164</gpxtpx:hr>
</gpxtpx:TrackPointExtension>
</extensions>
</trkpt>
<trkpt lat="36.9746388" lon="127.8825715">
<ele>73.159</ele>
<time>2026-05-05T10:55:09Z</time>
<extensions>
<gpxtpx:TrackPointExtension>
<gpxtpx:hr>164</gpxtpx:hr>
</gpxtpx:TrackPointExtension>
</extensions>
</trkpt>
<trkpt lat="36.9746409" lon="127.8825401">
<ele>73.128</ele>
<time>2026-05-05T10:55:10Z</time>
<extensions>
<gpxtpx:TrackPointExtension>
<gpxtpx:hr>164</gpxtpx:hr>
</gpxtpx:TrackPointExtension>
</extensions>
</trkpt>
<trkpt lat="36.974643" lon="127.8825088">
<ele>73.204</ele>
<time>2026-05-05T10:55:11Z</time>
<extensions>
<gpxtpx:TrackPointExtension>
<gpxtpx:hr>164</gpxtpx:hr>
</gpxtpx:TrackPointExtension>
</extensions>
</trkpt>
<trkpt lat="36.974645" lon="127.8824775">
<ele>73.226</ele>
<time>2026-05-05T10:55:12Z</time>
<extensions>
<gpxtpx:TrackPointExtension>
<gpxtpx:hr>164</gpxtpx:hr>
<gpxtpx:cad>174</gpxtpx:cad>
</gpxtpx:TrackPointExtension>
</extensions>
</trkpt>
<trkpt lat="36.9746471" lon="127.8824464">
<ele>73.179</ele>
<time>2026-05-05T10:55:13Z</time>
<extensions>
<gpxtpx:TrackPointExtension>
<gpxtpx:hr>164</gpxtpx:hr>
</gpxtpx:TrackPointExtension>
</extensions>
</trkpt>
<trkpt lat="36.9746492" lon="127.882415">
<ele>73.165</ele>
<time>2026-05-05T10:55:14Z</time>
<extensions>
<gpxtpx:TrackPointExtension>
<gpxtpx:hr>165</gpxtpx:hr>
</gpxtpx:TrackPointExtension>
</extensions>
</trkpt>
<trkpt lat="36.9746512" lon="127.8823836">
<ele>73.183</ele>
<time>2026-05-05T10:55:15Z</time>
<extensions>
<gpxtpx:TrackPointExtension>
<gpxtpx:hr>165</gpxtpx:hr>
</gpxtpx:TrackPointExtension>
</extensions>
</trkpt>
<trkpt lat="36.9746527" lon="127.8823514">
<ele>73.147</ele>
<time>2026-05-05T10:55:16Z</time>
<extensions>
<gpxtpx:TrackPointExtension>
<gpxtpx:hr>165</gpxtpx:hr>
</gpxtpx:TrackPointExtension>
</extensions>
</trkpt>
<trkpt lat="36.974655" lon="127.8823196">
<ele>73.111</ele>
<time>2026-05-05T10:55:17Z</time>
<extensions>
<gpxtpx:TrackPointExtension>
<gpxtpx:hr>166</gpxtpx:hr>
<gpxtpx:cad>171</gpxtpx:cad>
</gpxtpx:TrackPointExtension>
</extensions>
</trkpt>
<trkpt lat="36.9746563" lon="127.8822872">
<ele>73.116</ele>
<time>2026-05-05T10:55:18Z</time>
<extensions>
<gpxtpx:TrackPointExtension>
<gpxtpx:hr>166</gpxtpx:hr>
</gpxtpx:TrackPointExtension>
</extensions>
</trkpt>
<trkpt lat="36.9746587" lon="127.8822549">
<ele>73.158</ele>
<time>2026-05-05T10:55:19Z</time>
<extensions>
<gpxtpx:TrackPointExtension>
<gpxtpx:hr>166</gpxtpx:hr>
</gpxtpx:TrackPointExtension>
</extensions>
</trkpt>
<trkpt lat="36.9746604" lon="127.8822224">
<ele>73.119</ele>
<time>2026-05-05T10:55:20Z</time>
<extensions>
<gpxtpx:TrackPointExtension>
<gpxtpx:hr>167</gpxtpx:hr>
</gpxtpx:TrackPointExtension>
</extensions>
</trkpt>
<trkpt lat="36.9746622" lon="127.8821898">
<ele>73.121</ele>
<time>2026-05-05T10:55:21Z</time>
<extensions>
<gpxtpx:TrackPointExtension>
<gpxtpx:hr>167</gpxtpx:hr>
</gpxtpx:TrackPointExtension>
</extensions>
</trkpt>
<trkpt lat="36.9746637" lon="127.8821578">
<ele>73.105</ele>
<time>2026-05-05T10:55:22Z</time>
<extensions>
<gpxtpx:TrackPointExtension>
<gpxtpx:hr>167</gpxtpx:hr>
<gpxtpx:cad>175</gpxtpx:cad>
</gpxtpx:TrackPointExtension>
</extensions>
</trkpt>
<trkpt lat="36.9746653" lon="127.8821255">
<ele>73.206</ele>
<time>2026-05-05T10:55:23Z</time>
<extensions>
<gpxtpx:TrackPointExtension>
<gpxtpx:hr>167</gpxtpx:hr>
<gpxtpx:cad>176</gpxtpx:cad>
</gpxtpx:TrackPointExtension>
</extensions>
</trkpt>
<trkpt lat="36.974667" lon="127.8820934">
<ele>73.211</ele>
<time>2026-05-05T10:55:24Z</time>
<extensions>
<gpxtpx:TrackPointExtension>
<gpxtpx:hr>167</gpxtpx:hr>
</gpxtpx:TrackPointExtension>
</extensions>
</trkpt>
<trkpt lat="36.9746691" lon="127.8820609">
<ele>73.136</ele>
<time>2026-05-05T10:55:25Z</time>
<extensions>
<gpxtpx:TrackPointExtension>
<gpxtpx:hr>167</gpxtpx:hr>
</gpxtpx:TrackPointExtension>
</extensions>
</trkpt>
<trkpt lat="36.974671" lon="127.8820288">
<ele>73.167</ele>
<time>2026-05-05T10:55:26Z</time>
<extensions>
<gpxtpx:TrackPointExtension>
<gpxtpx:hr>166</gpxtpx:hr>
</gpxtpx:TrackPointExtension>
</extensions>
</trkpt>
<trkpt lat="36.9746733" lon="127.8819966">
<ele>73.177</ele>
<time>2026-05-05T10:55:27Z</time>
<extensions>
<gpxtpx:TrackPointExtension>
<gpxtpx:hr>166</gpxtpx:hr>
<gpxtpx:cad>176</gpxtpx:cad>
</gpxtpx:TrackPointExtension>
</extensions>
</trkpt>
<trkpt lat="36.9746748" lon="127.8819651">
<ele>73.18</ele>
<time>2026-05-05T10:55:28Z</time>
<extensions>
<gpxtpx:TrackPointExtension>
<gpxtpx:hr>166</gpxtpx:hr>
</gpxtpx:TrackPointExtension>
</extensions>
</trkpt>
<trkpt lat="36.9746769" lon="127.8819334">
<ele>73.202</ele>
<time>2026-05-05T10:55:29Z</time>
<extensions>
<gpxtpx:TrackPointExtension>
<gpxtpx:hr>166</gpxtpx:hr>
</gpxtpx:TrackPointExtension>
</extensions>
</trkpt>
<trkpt lat="36.9746787" lon="127.8819015">
<ele>73.171</ele>
<time>2026-05-05T10:55:30Z</time>
<extensions>
<gpxtpx:TrackPointExtension>
<gpxtpx:hr>167</gpxtpx:hr>
</gpxtpx:TrackPointExtension>
</extensions>
</trkpt>
<trkpt lat="36.9746807" lon="127.8818695">
<ele>73.156</ele>
<time>2026-05-05T10:55:31Z</time>
<extensions>
<gpxtpx:TrackPointExtension>
<gpxtpx:hr>167</gpxtpx:hr>
</gpxtpx:TrackPointExtension>
</extensions>
</trkpt>
<trkpt lat="36.9746833" lon="127.8818362">
<ele>73.107</ele>
<time>2026-05-05T10:55:32Z</time>
<extensions>
<gpxtpx:TrackPointExtension>
<gpxtpx:hr>167</gpxtpx:hr>
<gpxtpx:cad>170</gpxtpx:cad>
</gpxtpx:TrackPointExtension>
</extensions>
</trkpt>
<trkpt lat="36.9746859" lon="127.8818037">
<ele>73.143</ele>
<time>2026-05-05T10:55:33Z</time>
<extensions>
<gpxtpx:TrackPointExtension>
<gpxtpx:hr>167</gpxtpx:hr>
</gpxtpx:TrackPointExtension>
</extensions>
</trkpt>
<trkpt lat="36.9746885" lon="127.8817711">
<ele>73.098</ele>
<time>2026-05-05T10:55:34Z</time>
<extensions>
<gpxtpx:TrackPointExtension>
<gpxtpx:hr>167</gpxtpx:hr>
</gpxtpx:TrackPointExtension>
</extensions>
</trkpt>
<trkpt lat="36.9746904" lon="127.8817389">
<ele>73.079</ele>
<time>2026-05-05T10:55:35Z</time>
<extensions>
<gpxtpx:TrackPointExtension>
<gpxtpx:hr>168</gpxtpx:hr>
</gpxtpx:TrackPointExtension>
</extensions>
</trkpt>
<trkpt lat="36.9746933" lon="127.8817055">
<ele>73.075</ele>
<time>2026-05-05T10:55:36Z</time>
<extensions>
<gpxtpx:TrackPointExtension>
<gpxtpx:hr>168</gpxtpx:hr>
</gpxtpx:TrackPointExtension>
</extensions>
</trkpt>
<trkpt lat="36.9746962" lon="127.8816719">
<ele>73.067</ele>
<time>2026-05-05T10:55:37Z</time>
<extensions>
<gpxtpx:TrackPointExtension>
<gpxtpx:hr>167</gpxtpx:hr>
<gpxtpx:cad>172</gpxtpx:cad>
</gpxtpx:TrackPointExtension>
</extensions>
</trkpt>
<trkpt lat="36.9746992" lon="127.8816381">
<ele>73.07</ele>
<time>2026-05-05T10:55:38Z</time>
<extensions>
<gpxtpx:TrackPointExtension>
<gpxtpx:hr>167</gpxtpx:hr>
</gpxtpx:TrackPointExtension>
</extensions>
</trkpt>
<trkpt lat="36.9747009" lon="127.8816053">
<ele>73.085</ele>
<time>2026-05-05T10:55:39Z</time>
<extensions>
<gpxtpx:TrackPointExtension>
<gpxtpx:hr>167</gpxtpx:hr>
</gpxtpx:TrackPointExtension>
</extensions>
</trkpt>
<trkpt lat="36.9747027" lon="127.8815729">
<ele>73.148</ele>
<time>2026-05-05T10:55:40Z</time>
<extensions>
<gpxtpx:TrackPointExtension>
<gpxtpx:hr>167</gpxtpx:hr>
</gpxtpx:TrackPointExtension>
</extensions>
</trkpt>
<trkpt lat="36.9747059" lon="127.8815397">
<ele>73.163</ele>
<time>2026-05-05T10:55:41Z</time>
<extensions>
<gpxtpx:TrackPointExtension>
<gpxtpx:hr>167</gpxtpx:hr>
</gpxtpx:TrackPointExtension>
</extensions>
</trkpt>
<trkpt lat="36.9747093" lon="127.8815061">
<ele>73.259</ele>
<time>2026-05-05T10:55:42Z</time>
<extensions>
<gpxtpx:TrackPointExtension>
<gpxtpx:hr>166</gpxtpx:hr>
<gpxtpx:cad>179</gpxtpx:cad>
</gpxtpx:TrackPointExtension>
</extensions>
</trkpt>
<trkpt lat="36.9747131" lon="127.881472">
<ele>73.259</ele>
<time>2026-05-05T10:55:43Z</time>
<extensions>
<gpxtpx:TrackPointExtension>
<gpxtpx:hr>166</gpxtpx:hr>
</gpxtpx:TrackPointExtension>
</extensions>
</trkpt>
<trkpt lat="36.9747168" lon="127.8814372">
<ele>73.264</ele>
<time>2026-05-05T10:55:44Z</time>
<extensions>
<gpxtpx:TrackPointExtension>
<gpxtpx:hr>166</gpxtpx:hr>
</gpxtpx:TrackPointExtension>
</extensions>
</trkpt>
<trkpt lat="36.9747209" lon="127.8814027">
<ele>73.285</ele>
<time>2026-05-05T10:55:45Z</time>
<extensions>
<gpxtpx:TrackPointExtension>
<gpxtpx:hr>166</gpxtpx:hr>
</gpxtpx:TrackPointExtension>
</extensions>
</trkpt>
<trkpt lat="36.9747236" lon="127.8813681">
<ele>73.297</ele>
<time>2026-05-05T10:55:46Z</time>
<extensions>
<gpxtpx:TrackPointExtension>
<gpxtpx:hr>166</gpxtpx:hr>
</gpxtpx:TrackPointExtension>
</extensions>
</trkpt>
<trkpt lat="36.9747278" lon="127.8813332">
<ele>73.292</ele>
<time>2026-05-05T10:55:47Z</time>
<extensions>
<gpxtpx:TrackPointExtension>
<gpxtpx:hr>166</gpxtpx:hr>
<gpxtpx:cad>181</gpxtpx:cad>
</gpxtpx:TrackPointExtension>
</extensions>
</trkpt>
<trkpt lat="36.9747292" lon="127.8812991">
<ele>73.337</ele>
<time>2026-05-05T10:55:48Z</time>
<extensions>
<gpxtpx:TrackPointExtension>
<gpxtpx:hr>165</gpxtpx:hr>
</gpxtpx:TrackPointExtension>
</extensions>
</trkpt>
<trkpt lat="36.974733" lon="127.881264">
<ele>73.423</ele>
<time>2026-05-05T10:55:49Z</time>
<extensions>
<gpxtpx:TrackPointExtension>
<gpxtpx:hr>165</gpxtpx:hr>
</gpxtpx:TrackPointExtension>
</extensions>
</trkpt>
<trkpt lat="36.9747334" lon="127.8812305">
<ele>73.387</ele>
<time>2026-05-05T10:55:50Z</time>
<extensions>
<gpxtpx:TrackPointExtension>
<gpxtpx:hr>165</gpxtpx:hr>
</gpxtpx:TrackPointExtension>
</extensions>
</trkpt>
<trkpt lat="36.9747349" lon="127.8811964">
<ele>73.405</ele>
<time>2026-05-05T10:55:51Z</time>
<extensions>
<gpxtpx:TrackPointExtension>
<gpxtpx:hr>165</gpxtpx:hr>
</gpxtpx:TrackPointExtension>
</extensions>
</trkpt>
<trkpt lat="36.9747374" lon="127.8811621">
<ele>73.412</ele>
<time>2026-05-05T10:55:52Z</time>
<extensions>
<gpxtpx:TrackPointExtension>
<gpxtpx:hr>165</gpxtpx:hr>
<gpxtpx:cad>179</gpxtpx:cad>
</gpxtpx:TrackPointExtension>
</extensions>
</trkpt>
<trkpt lat="36.9747368" lon="127.8811293">
<ele>73.454</ele>
<time>2026-05-05T10:55:53Z</time>
<extensions>
<gpxtpx:TrackPointExtension>
<gpxtpx:hr>165</gpxtpx:hr>
</gpxtpx:TrackPointExtension>
</extensions>
</trkpt>
<trkpt lat="36.9747371" lon="127.881096">
<ele>73.409</ele>
<time>2026-05-05T10:55:54Z</time>
<extensions>
<gpxtpx:TrackPointExtension>
<gpxtpx:hr>165</gpxtpx:hr>
</gpxtpx:TrackPointExtension>
</extensions>
</trkpt>
<trkpt lat="36.974737" lon="127.8810627">
<ele>73.238</ele>
<time>2026-05-05T10:55:55Z</time>
<extensions>
<gpxtpx:TrackPointExtension>
<gpxtpx:hr>165</gpxtpx:hr>
</gpxtpx:TrackPointExtension>
</extensions>
</trkpt>
<trkpt lat="36.9747365" lon="127.8810293">
<ele>73.205</ele>
<time>2026-05-05T10:55:56Z</time>
<extensions>
<gpxtpx:TrackPointExtension>
<gpxtpx:hr>165</gpxtpx:hr>
</gpxtpx:TrackPointExtension>
</extensions>
</trkpt>
<trkpt lat="36.9747355" lon="127.8809959">
<ele>73.336</ele>
<time>2026-05-05T10:55:57Z</time>
<extensions>
<gpxtpx:TrackPointExtension>
<gpxtpx:hr>165</gpxtpx:hr>
<gpxtpx:cad>175</gpxtpx:cad>
</gpxtpx:TrackPointExtension>
</extensions>
</trkpt>
<trkpt lat="36.9747347" lon="127.8809629">
<ele>73.368</ele>
<time>2026-05-05T10:55:58Z</time>
<extensions>
<gpxtpx:TrackPointExtension>
<gpxtpx:hr>165</gpxtpx:hr>
<gpxtpx:cad>174</gpxtpx:cad>
</gpxtpx:TrackPointExtension>
</extensions>
</trkpt>
<trkpt lat="36.9747332" lon="127.8809299">
<ele>73.274</ele>
<time>2026-05-05T10:55:59Z</time>
<extensions>
<gpxtpx:TrackPointExtension>
<gpxtpx:hr>165</gpxtpx:hr>
</gpxtpx:TrackPointExtension>
</extensions>
</trkpt>
<trkpt lat="36.974732" lon="127.8808978">
<ele>73.188</ele>
<time>2026-05-05T10:56:00Z</time>
<extensions>
<gpxtpx:TrackPointExtension>
<gpxtpx:hr>165</gpxtpx:hr>
</gpxtpx:TrackPointExtension>
</extensions>
</trkpt>
<trkpt lat="36.9747307" lon="127.8808649">
<ele>73.187</ele>
<time>2026-05-05T10:56:01Z</time>
<extensions>
<gpxtpx:TrackPointExtension>
<gpxtpx:hr>165</gpxtpx:hr>
</gpxtpx:TrackPointExtension>
</extensions>
</trkpt>
<trkpt lat="36.9747294" lon="127.8808318">
<ele>73.162</ele>
<time>2026-05-05T10:56:02Z</time>
<extensions>
<gpxtpx:TrackPointExtension>
<gpxtpx:hr>165</gpxtpx:hr>
<gpxtpx:cad>171</gpxtpx:cad>
</gpxtpx:TrackPointExtension>
</extensions>
</trkpt>
<trkpt lat="36.9747285" lon="127.8807989">
<ele>73.196</ele>
<time>2026-05-05T10:56:03Z</time>
<extensions>
<gpxtpx:TrackPointExtension>
<gpxtpx:hr>165</gpxtpx:hr>
</gpxtpx:TrackPointExtension>
</extensions>
</trkpt>
<trkpt lat="36.9747266" lon="127.8807639">
<ele>73.209</ele>
<time>2026-05-05T10:56:04Z</time>
<extensions>
<gpxtpx:TrackPointExtension>
<gpxtpx:hr>165</gpxtpx:hr>
</gpxtpx:TrackPointExtension>
</extensions>
</trkpt>
<trkpt lat="36.9747243" lon="127.8807281">
<ele>73.242</ele>
<time>2026-05-05T10:56:05Z</time>
<extensions>
<gpxtpx:TrackPointExtension>
<gpxtpx:hr>165</gpxtpx:hr>
</gpxtpx:TrackPointExtension>
</extensions>
</trkpt>
<trkpt lat="36.974721" lon="127.8806919">
<ele>73.205</ele>
<time>2026-05-05T10:56:06Z</time>
<extensions>
<gpxtpx:TrackPointExtension>
<gpxtpx:hr>165</gpxtpx:hr>
</gpxtpx:TrackPointExtension>
</extensions>
</trkpt>
<trkpt lat="36.974718" lon="127.8806557">
<ele>73.18</ele>
<time>2026-05-05T10:56:07Z</time>
<extensions>
<gpxtpx:TrackPointExtension>
<gpxtpx:hr>165</gpxtpx:hr>
<gpxtpx:cad>166</gpxtpx:cad>
</gpxtpx:TrackPointExtension>
</extensions>
</trkpt>
<trkpt lat="36.9747136" lon="127.8806199">
<ele>73.19</ele>
<time>2026-05-05T10:56:08Z</time>
<extensions>
<gpxtpx:TrackPointExtension>
<gpxtpx:hr>165</gpxtpx:hr>
</gpxtpx:TrackPointExtension>
</extensions>
</trkpt>
<trkpt lat="36.9747094" lon="127.880584">
<ele>73.202</ele>
<time>2026-05-05T10:56:09Z</time>
<extensions>
<gpxtpx:TrackPointExtension>
<gpxtpx:hr>165</gpxtpx:hr>
</gpxtpx:TrackPointExtension>
</extensions>
</trkpt>
<trkpt lat="36.9747037" lon="127.880549">
<ele>73.152</ele>
<time>2026-05-05T10:56:10Z</time>
<extensions>
<gpxtpx:TrackPointExtension>
<gpxtpx:hr>166</gpxtpx:hr>
</gpxtpx:TrackPointExtension>
</extensions>
</trkpt>
<trkpt lat="36.9746977" lon="127.8805141">
<ele>73.116</ele>
<time>2026-05-05T10:56:11Z</time>
<extensions>
<gpxtpx:TrackPointExtension>
<gpxtpx:hr>166</gpxtpx:hr>
</gpxtpx:TrackPointExtension>
</extensions>
</trkpt>
<trkpt lat="36.974691" lon="127.8804798">
<ele>73.125</ele>
<time>2026-05-05T10:56:12Z</time>
<extensions>
<gpxtpx:TrackPointExtension>
<gpxtpx:hr>166</gpxtpx:hr>
<gpxtpx:cad>167</gpxtpx:cad>
</gpxtpx:TrackPointExtension>
</extensions>
</trkpt>
<trkpt lat="36.9746836" lon="127.880446">
<ele>73.133</ele>
<time>2026-05-05T10:56:13Z</time>
<extensions>
<gpxtpx:TrackPointExtension>
<gpxtpx:hr>166</gpxtpx:hr>
</gpxtpx:TrackPointExtension>
</extensions>
</trkpt>
<trkpt lat="36.9746757" lon="127.880413">
<ele>73.213</ele>
<time>2026-05-05T10:56:14Z</time>
<extensions>
<gpxtpx:TrackPointExtension>
<gpxtpx:hr>166</gpxtpx:hr>
</gpxtpx:TrackPointExtension>
</extensions>
</trkpt>
<trkpt lat="36.9746672" lon="127.8803807">
<ele>73.117</ele>
<time>2026-05-05T10:56:15Z</time>
<extensions>
<gpxtpx:TrackPointExtension>
<gpxtpx:hr>166</gpxtpx:hr>
</gpxtpx:TrackPointExtension>
</extensions>
</trkpt>
<trkpt lat="36.9746585" lon="127.8803492">
<ele>73.029</ele>
<time>2026-05-05T10:56:16Z</time>
<extensions>
<gpxtpx:TrackPointExtension>
<gpxtpx:hr>166</gpxtpx:hr>
</gpxtpx:TrackPointExtension>
</extensions>
</trkpt>
<trkpt lat="36.9746493" lon="127.8803189">
<ele>72.986</ele>
<time>2026-05-05T10:56:17Z</time>
<extensions>
<gpxtpx:TrackPointExtension>
<gpxtpx:hr>166</gpxtpx:hr>
<gpxtpx:cad>170</gpxtpx:cad>
</gpxtpx:TrackPointExtension>
</extensions>
</trkpt>
<trkpt lat="36.9746403" lon="127.8802882">
<ele>72.94</ele>
<time>2026-05-05T10:56:18Z</time>
<extensions>
<gpxtpx:TrackPointExtension>
<gpxtpx:hr>165</gpxtpx:hr>
</gpxtpx:TrackPointExtension>
</extensions>
</trkpt>
<trkpt lat="36.9746308" lon="127.8802589">
<ele>72.906</ele>
<time>2026-05-05T10:56:19Z</time>
<extensions>
<gpxtpx:TrackPointExtension>
<gpxtpx:hr>165</gpxtpx:hr>
</gpxtpx:TrackPointExtension>
</extensions>
</trkpt>
<trkpt lat="36.974621" lon="127.88023">
<ele>72.878</ele>
<time>2026-05-05T10:56:20Z</time>
<extensions>
<gpxtpx:TrackPointExtension>
<gpxtpx:hr>165</gpxtpx:hr>
</gpxtpx:TrackPointExtension>
</extensions>
</trkpt>
<trkpt lat="36.9746109" lon="127.8802012">
<ele>72.884</ele>
<time>2026-05-05T10:56:21Z</time>
<extensions>
<gpxtpx:TrackPointExtension>
<gpxtpx:hr>165</gpxtpx:hr>
</gpxtpx:TrackPointExtension>
</extensions>
</trkpt>
<trkpt lat="36.9746004" lon="127.8801719">
<ele>72.873</ele>
<time>2026-05-05T10:56:22Z</time>
<extensions>
<gpxtpx:TrackPointExtension>
<gpxtpx:hr>165</gpxtpx:hr>
<gpxtpx:cad>169</gpxtpx:cad>
</gpxtpx:TrackPointExtension>
</extensions>
</trkpt>
<trkpt lat="36.9745896" lon="127.8801419">
<ele>72.87</ele>
<time>2026-05-05T10:56:23Z</time>
<extensions>
<gpxtpx:TrackPointExtension>
<gpxtpx:hr>166</gpxtpx:hr>
</gpxtpx:TrackPointExtension>
</extensions>
</trkpt>
<trkpt lat="36.9745783" lon="127.880111">
<ele>72.944</ele>
<time>2026-05-05T10:56:24Z</time>
<extensions>
<gpxtpx:TrackPointExtension>
<gpxtpx:hr>166</gpxtpx:hr>
</gpxtpx:TrackPointExtension>
</extensions>
</trkpt>
<trkpt lat="36.9745676" lon="127.8800805">
<ele>72.944</ele>
<time>2026-05-05T10:56:25Z</time>
<extensions>
<gpxtpx:TrackPointExtension>
<gpxtpx:hr>166</gpxtpx:hr>
</gpxtpx:TrackPointExtension>
</extensions>
</trkpt>
<trkpt lat="36.9745566" lon="127.8800498">
<ele>72.853</ele>
<time>2026-05-05T10:56:26Z</time>
<extensions>
<gpxtpx:TrackPointExtension>
<gpxtpx:hr>166</gpxtpx:hr>
</gpxtpx:TrackPointExtension>
</extensions>
</trkpt>
<trkpt lat="36.9745453" lon="127.880019">
<ele>72.771</ele>
<time>2026-05-05T10:56:27Z</time>
<extensions>
<gpxtpx:TrackPointExtension>
<gpxtpx:hr>165</gpxtpx:hr>
<gpxtpx:cad>172</gpxtpx:cad>
</gpxtpx:TrackPointExtension>
</extensions>
</trkpt>
<trkpt lat="36.9745346" lon="127.879989">
<ele>72.766</ele>
<time>2026-05-05T10:56:28Z</time>
<extensions>
<gpxtpx:TrackPointExtension>
<gpxtpx:hr>165</gpxtpx:hr>
</gpxtpx:TrackPointExtension>
</extensions>
</trkpt>
<trkpt lat="36.9745236" lon="127.8799589">
<ele>72.849</ele>
<time>2026-05-05T10:56:29Z</time>
<extensions>
<gpxtpx:TrackPointExtension>
<gpxtpx:hr>164</gpxtpx:hr>
</gpxtpx:TrackPointExtension>
</extensions>
</trkpt>
<trkpt lat="36.9745123" lon="127.8799283">
<ele>72.98</ele>
<time>2026-05-05T10:56:30Z</time>
<extensions>
<gpxtpx:TrackPointExtension>
<gpxtpx:hr>164</gpxtpx:hr>
<gpxtpx:cad>174</gpxtpx:cad>
</gpxtpx:TrackPointExtension>
</extensions>
</trkpt>
<trkpt lat="36.9745007" lon="127.8798967">
<ele>72.902</ele>
<time>2026-05-05T10:56:31Z</time>
<extensions>
<gpxtpx:TrackPointExtension>
<gpxtpx:hr>164</gpxtpx:hr>
</gpxtpx:TrackPointExtension>
</extensions>
</trkpt>
<trkpt lat="36.9744889" lon="127.8798643">
<ele>72.768</ele>
<time>2026-05-05T10:56:32Z</time>
<extensions>
<gpxtpx:TrackPointExtension>
<gpxtpx:hr>165</gpxtpx:hr>
<gpxtpx:cad>174</gpxtpx:cad>
</gpxtpx:TrackPointExtension>
</extensions>
</trkpt>
<trkpt lat="36.9744761" lon="127.879831">
<ele>72.68</ele>
<time>2026-05-05T10:56:33Z</time>
<extensions>
<gpxtpx:TrackPointExtension>
<gpxtpx:hr>165</gpxtpx:hr>
</gpxtpx:TrackPointExtension>
</extensions>
</trkpt>
<trkpt lat="36.9744631" lon="127.8797975">
<ele>72.657</ele>
<time>2026-05-05T10:56:34Z</time>
<extensions>
<gpxtpx:TrackPointExtension>
<gpxtpx:hr>165</gpxtpx:hr>
</gpxtpx:TrackPointExtension>
</extensions>
</trkpt>
<trkpt lat="36.9744492" lon="127.8797641">
<ele>72.553</ele>
<time>2026-05-05T10:56:35Z</time>
<extensions>
<gpxtpx:TrackPointExtension>
<gpxtpx:hr>165</gpxtpx:hr>
</gpxtpx:TrackPointExtension>
</extensions>
</trkpt>
<trkpt lat="36.9744354" lon="127.8797307">
<ele>72.572</ele>
<time>2026-05-05T10:56:36Z</time>
<extensions>
<gpxtpx:TrackPointExtension>
<gpxtpx:hr>165</gpxtpx:hr>
</gpxtpx:TrackPointExtension>
</extensions>
</trkpt>
<trkpt lat="36.9744208" lon="127.8796975">
<ele>72.592</ele>
<time>2026-05-05T10:56:37Z</time>
<extensions>
<gpxtpx:TrackPointExtension>
<gpxtpx:hr>165</gpxtpx:hr>
<gpxtpx:cad>172</gpxtpx:cad>
</gpxtpx:TrackPointExtension>
</extensions>
</trkpt>
<trkpt lat="36.9744064" lon="127.8796642">
<ele>72.634</ele>
<time>2026-05-05T10:56:38Z</time>
<extensions>
<gpxtpx:TrackPointExtension>
<gpxtpx:hr>165</gpxtpx:hr>
</gpxtpx:TrackPointExtension>
</extensions>
</trkpt>
<trkpt lat="36.9743911" lon="127.8796317">
<ele>72.635</ele>
<time>2026-05-05T10:56:39Z</time>
<extensions>
<gpxtpx:TrackPointExtension>
<gpxtpx:hr>166</gpxtpx:hr>
</gpxtpx:TrackPointExtension>
</extensions>
</trkpt>
<trkpt lat="36.974376" lon="127.8795991">
<ele>72.709</ele>
<time>2026-05-05T10:56:40Z</time>
<extensions>
<gpxtpx:TrackPointExtension>
<gpxtpx:hr>166</gpxtpx:hr>
</gpxtpx:TrackPointExtension>
</extensions>
</trkpt>
<trkpt lat="36.9743598" lon="127.8795678">
<ele>72.712</ele>
<time>2026-05-05T10:56:41Z</time>
<extensions>
<gpxtpx:TrackPointExtension>
<gpxtpx:hr>166</gpxtpx:hr>
</gpxtpx:TrackPointExtension>
</extensions>
</trkpt>
<trkpt lat="36.9743438" lon="127.8795363">
<ele>72.761</ele>
<time>2026-05-05T10:56:42Z</time>
<extensions>
<gpxtpx:TrackPointExtension>
<gpxtpx:hr>166</gpxtpx:hr>
<gpxtpx:cad>173</gpxtpx:cad>
</gpxtpx:TrackPointExtension>
</extensions>
</trkpt>
<trkpt lat="36.9743267" lon="127.8795066">
<ele>72.798</ele>
<time>2026-05-05T10:56:43Z</time>
<extensions>
<gpxtpx:TrackPointExtension>
<gpxtpx:hr>166</gpxtpx:hr>
</gpxtpx:TrackPointExtension>
</extensions>
</trkpt>
<trkpt lat="36.9743095" lon="127.8794772">
<ele>72.768</ele>
<time>2026-05-05T10:56:44Z</time>
<extensions>
<gpxtpx:TrackPointExtension>
<gpxtpx:hr>166</gpxtpx:hr>
</gpxtpx:TrackPointExtension>
</extensions>
</trkpt>
<trkpt lat="36.974292" lon="127.8794485">
<ele>72.81</ele>
<time>2026-05-05T10:56:45Z</time>
<extensions>
<gpxtpx:TrackPointExtension>
<gpxtpx:hr>166</gpxtpx:hr>
</gpxtpx:TrackPointExtension>
</extensions>
</trkpt>
<trkpt lat="36.9742743" lon="127.8794206">
<ele>72.748</ele>
<time>2026-05-05T10:56:46Z</time>
<extensions>
<gpxtpx:TrackPointExtension>
<gpxtpx:hr>166</gpxtpx:hr>
</gpxtpx:TrackPointExtension>
</extensions>
</trkpt>
<trkpt lat="36.9742564" lon="127.879394">
<ele>72.73</ele>
<time>2026-05-05T10:56:47Z</time>
<extensions>
<gpxtpx:TrackPointExtension>
<gpxtpx:hr>166</gpxtpx:hr>
<gpxtpx:cad>172</gpxtpx:cad>
</gpxtpx:TrackPointExtension>
</extensions>
</trkpt>
<trkpt lat="36.9742386" lon="127.8793669">
<ele>72.731</ele>
<time>2026-05-05T10:56:48Z</time>
<extensions>
<gpxtpx:TrackPointExtension>
<gpxtpx:hr>166</gpxtpx:hr>
</gpxtpx:TrackPointExtension>
</extensions>
</trkpt>
<trkpt lat="36.9742209" lon="127.8793414">
<ele>72.712</ele>
<time>2026-05-05T10:56:49Z</time>
<extensions>
<gpxtpx:TrackPointExtension>
<gpxtpx:hr>165</gpxtpx:hr>
</gpxtpx:TrackPointExtension>
</extensions>
</trkpt>
<trkpt lat="36.9742034" lon="127.8793162">
<ele>72.744</ele>
<time>2026-05-05T10:56:50Z</time>
<extensions>
<gpxtpx:TrackPointExtension>
<gpxtpx:hr>165</gpxtpx:hr>
</gpxtpx:TrackPointExtension>
</extensions>
</trkpt>
<trkpt lat="36.974186" lon="127.8792911">
<ele>72.809</ele>
<time>2026-05-05T10:56:51Z</time>
<extensions>
<gpxtpx:TrackPointExtension>
<gpxtpx:hr>165</gpxtpx:hr>
</gpxtpx:TrackPointExtension>
</extensions>
</trkpt>
<trkpt lat="36.9741687" lon="127.8792662">
<ele>72.752</ele>
<time>2026-05-05T10:56:52Z</time>
<extensions>
<gpxtpx:TrackPointExtension>
<gpxtpx:hr>166</gpxtpx:hr>
<gpxtpx:cad>171</gpxtpx:cad>
</gpxtpx:TrackPointExtension>
</extensions>
</trkpt>
<trkpt lat="36.9741515" lon="127.8792411">
<ele>72.66</ele>
<time>2026-05-05T10:56:53Z</time>
<extensions>
<gpxtpx:TrackPointExtension>
<gpxtpx:hr>166</gpxtpx:hr>
</gpxtpx:TrackPointExtension>
</extensions>
</trkpt>
<trkpt lat="36.9741344" lon="127.8792159">
<ele>72.715</ele>
<time>2026-05-05T10:56:54Z</time>
<extensions>
<gpxtpx:TrackPointExtension>
<gpxtpx:hr>166</gpxtpx:hr>
</gpxtpx:TrackPointExtension>
</extensions>
</trkpt>
<trkpt lat="36.9741172" lon="127.8791909">
<ele>72.802</ele>
<time>2026-05-05T10:56:55Z</time>
<extensions>
<gpxtpx:TrackPointExtension>
<gpxtpx:hr>166</gpxtpx:hr>
</gpxtpx:TrackPointExtension>
</extensions>
</trkpt>
<trkpt lat="36.9741003" lon="127.8791656">
<ele>72.884</ele>
<time>2026-05-05T10:56:56Z</time>
<extensions>
<gpxtpx:TrackPointExtension>
<gpxtpx:hr>166</gpxtpx:hr>
</gpxtpx:TrackPointExtension>
</extensions>
</trkpt>
<trkpt lat="36.9740835" lon="127.8791401">
<ele>73.004</ele>
<time>2026-05-05T10:56:57Z</time>
<extensions>
<gpxtpx:TrackPointExtension>
<gpxtpx:hr>166</gpxtpx:hr>
<gpxtpx:cad>171</gpxtpx:cad>
</gpxtpx:TrackPointExtension>
</extensions>
</trkpt>
<trkpt lat="36.9740678" lon="127.8791129">
<ele>73.087</ele>
<time>2026-05-05T10:56:58Z</time>
<extensions>
<gpxtpx:TrackPointExtension>
<gpxtpx:hr>166</gpxtpx:hr>
</gpxtpx:TrackPointExtension>
</extensions>
</trkpt>
<trkpt lat="36.9740518" lon="127.8790862">
<ele>73.03</ele>
<time>2026-05-05T10:56:59Z</time>
<extensions>
<gpxtpx:TrackPointExtension>
<gpxtpx:hr>166</gpxtpx:hr>
</gpxtpx:TrackPointExtension>
</extensions>
</trkpt>
<trkpt lat="36.9740364" lon="127.8790581">
<ele>73.067</ele>
<time>2026-05-05T10:57:00Z</time>
<extensions>
<gpxtpx:TrackPointExtension>
<gpxtpx:hr>166</gpxtpx:hr>
</gpxtpx:TrackPointExtension>
</extensions>
</trkpt>
<trkpt lat="36.9740211" lon="127.8790302">
<ele>73.158</ele>
<time>2026-05-05T10:57:01Z</time>
<extensions>
<gpxtpx:TrackPointExtension>
<gpxtpx:hr>166</gpxtpx:hr>
</gpxtpx:TrackPointExtension>
</extensions>
</trkpt>
<trkpt lat="36.9740061" lon="127.8790017">
<ele>73.22</ele>
<time>2026-05-05T10:57:02Z</time>
<extensions>
<gpxtpx:TrackPointExtension>
<gpxtpx:hr>165</gpxtpx:hr>
<gpxtpx:cad>170</gpxtpx:cad>
</gpxtpx:TrackPointExtension>
</extensions>
</trkpt>
<trkpt lat="36.9739898" lon="127.8789731">
<ele>73.349</ele>
<time>2026-05-05T10:57:03Z</time>
<extensions>
<gpxtpx:TrackPointExtension>
<gpxtpx:hr>165</gpxtpx:hr>
<gpxtpx:cad>170</gpxtpx:cad>
</gpxtpx:TrackPointExtension>
</extensions>
</trkpt>
<trkpt lat="36.9739732" lon="127.8789444">
<ele>73.399</ele>
<time>2026-05-05T10:57:04Z</time>
<extensions>
<gpxtpx:TrackPointExtension>
<gpxtpx:hr>165</gpxtpx:hr>
</gpxtpx:TrackPointExtension>
</extensions>
</trkpt>
<trkpt lat="36.973955" lon="127.8789161">
<ele>73.454</ele>
<time>2026-05-05T10:57:05Z</time>
<extensions>
<gpxtpx:TrackPointExtension>
<gpxtpx:hr>165</gpxtpx:hr>
</gpxtpx:TrackPointExtension>
</extensions>
</trkpt>
<trkpt lat="36.9739349" lon="127.8788882">
<ele>73.496</ele>
<time>2026-05-05T10:57:06Z</time>
<extensions>
<gpxtpx:TrackPointExtension>
<gpxtpx:hr>165</gpxtpx:hr>
</gpxtpx:TrackPointExtension>
</extensions>
</trkpt>
<trkpt lat="36.9739135" lon="127.8788609">
<ele>73.444</ele>
<time>2026-05-05T10:57:07Z</time>
<extensions>
<gpxtpx:TrackPointExtension>
<gpxtpx:hr>165</gpxtpx:hr>
<gpxtpx:cad>170</gpxtpx:cad>
</gpxtpx:TrackPointExtension>
</extensions>
</trkpt>
<trkpt lat="36.9738918" lon="127.8788347">
<ele>73.439</ele>
<time>2026-05-05T10:57:08Z</time>
<extensions>
<gpxtpx:TrackPointExtension>
<gpxtpx:hr>165</gpxtpx:hr>
</gpxtpx:TrackPointExtension>
</extensions>
</trkpt>
<trkpt lat="36.9738704" lon="127.8788092">
<ele>73.499</ele>
<time>2026-05-05T10:57:09Z</time>
</trkpt>
<trkpt lat="36.9738497" lon="127.8787858">
<ele>73.505</ele>
<time>2026-05-05T10:57:10Z</time>
<extensions>
<gpxtpx:TrackPointExtension>
<gpxtpx:hr>165</gpxtpx:hr>
</gpxtpx:TrackPointExtension>
</extensions>
</trkpt>
<trkpt lat="36.9738289" lon="127.8787635">
<ele>73.509</ele>
<time>2026-05-05T10:57:11Z</time>
<extensions>
<gpxtpx:TrackPointExtension>
<gpxtpx:hr>166</gpxtpx:hr>
</gpxtpx:TrackPointExtension>
</extensions>
</trkpt>
<trkpt lat="36.9738079" lon="127.878743">
<ele>73.495</ele>
<time>2026-05-05T10:57:12Z</time>
<extensions>
<gpxtpx:TrackPointExtension>
<gpxtpx:hr>166</gpxtpx:hr>
<gpxtpx:cad>171</gpxtpx:cad>
</gpxtpx:TrackPointExtension>
</extensions>
</trkpt>
<trkpt lat="36.9737867" lon="127.8787243">
<ele>73.526</ele>
<time>2026-05-05T10:57:13Z</time>
<extensions>
<gpxtpx:TrackPointExtension>
<gpxtpx:hr>166</gpxtpx:hr>
</gpxtpx:TrackPointExtension>
</extensions>
</trkpt>
<trkpt lat="36.973765" lon="127.878707">
<ele>73.536</ele>
<time>2026-05-05T10:57:14Z</time>
<extensions>
<gpxtpx:TrackPointExtension>
<gpxtpx:hr>167</gpxtpx:hr>
</gpxtpx:TrackPointExtension>
</extensions>
</trkpt>
<trkpt lat="36.9737429" lon="127.8786914">
<ele>73.553</ele>
<time>2026-05-05T10:57:15Z</time>
<extensions>
<gpxtpx:TrackPointExtension>
<gpxtpx:hr>167</gpxtpx:hr>
</gpxtpx:TrackPointExtension>
</extensions>
</trkpt>
<trkpt lat="36.9737203" lon="127.8786766">
<ele>73.519</ele>
<time>2026-05-05T10:57:16Z</time>
<extensions>
<gpxtpx:TrackPointExtension>
<gpxtpx:hr>168</gpxtpx:hr>
</gpxtpx:TrackPointExtension>
</extensions>
</trkpt>
<trkpt lat="36.9736974" lon="127.8786623">
<ele>73.466</ele>
<time>2026-05-05T10:57:17Z</time>
<extensions>
<gpxtpx:TrackPointExtension>
<gpxtpx:hr>168</gpxtpx:hr>
<gpxtpx:cad>172</gpxtpx:cad>
</gpxtpx:TrackPointExtension>
</extensions>
</trkpt>
<trkpt lat="36.9736739" lon="127.8786492">
<ele>73.405</ele>
<time>2026-05-05T10:57:18Z</time>
<extensions>
<gpxtpx:TrackPointExtension>
<gpxtpx:hr>168</gpxtpx:hr>
</gpxtpx:TrackPointExtension>
</extensions>
</trkpt>
<trkpt lat="36.9736504" lon="127.8786359">
<ele>73.431</ele>
<time>2026-05-05T10:57:19Z</time>
<extensions>
<gpxtpx:TrackPointExtension>
<gpxtpx:hr>168</gpxtpx:hr>
</gpxtpx:TrackPointExtension>
</extensions>
</trkpt>
<trkpt lat="36.9736267" lon="127.878623">
<ele>73.425</ele>
<time>2026-05-05T10:57:20Z</time>
<extensions>
<gpxtpx:TrackPointExtension>
<gpxtpx:hr>168</gpxtpx:hr>
</gpxtpx:TrackPointExtension>
</extensions>
</trkpt>
<trkpt lat="36.973603" lon="127.8786101">
<ele>73.452</ele>
<time>2026-05-05T10:57:21Z</time>
<extensions>
<gpxtpx:TrackPointExtension>
<gpxtpx:hr>168</gpxtpx:hr>
</gpxtpx:TrackPointExtension>
</extensions>
</trkpt>
<trkpt lat="36.973579" lon="127.8785974">
<ele>73.391</ele>
<time>2026-05-05T10:57:22Z</time>
<extensions>
<gpxtpx:TrackPointExtension>
<gpxtpx:hr>169</gpxtpx:hr>
<gpxtpx:cad>173</gpxtpx:cad>
</gpxtpx:TrackPointExtension>
</extensions>
</trkpt>
<trkpt lat="36.9735551" lon="127.8785847">
<ele>73.429</ele>
<time>2026-05-05T10:57:23Z</time>
<extensions>
<gpxtpx:TrackPointExtension>
<gpxtpx:hr>169</gpxtpx:hr>
</gpxtpx:TrackPointExtension>
</extensions>
</trkpt>
<trkpt lat="36.973531" lon="127.8785718">
<ele>73.435</ele>
<time>2026-05-05T10:57:24Z</time>
<extensions>
<gpxtpx:TrackPointExtension>
<gpxtpx:hr>169</gpxtpx:hr>
</gpxtpx:TrackPointExtension>
</extensions>
</trkpt>
<trkpt lat="36.973507" lon="127.8785591">
<ele>73.337</ele>
<time>2026-05-05T10:57:25Z</time>
<extensions>
<gpxtpx:TrackPointExtension>
<gpxtpx:hr>170</gpxtpx:hr>
</gpxtpx:TrackPointExtension>
</extensions>
</trkpt>
<trkpt lat="36.9734828" lon="127.8785461">
<ele>73.303</ele>
<time>2026-05-05T10:57:26Z</time>
<extensions>
<gpxtpx:TrackPointExtension>
<gpxtpx:hr>170</gpxtpx:hr>
</gpxtpx:TrackPointExtension>
</extensions>
</trkpt>
<trkpt lat="36.9734586" lon="127.878533">
<ele>73.274</ele>
<time>2026-05-05T10:57:27Z</time>
<extensions>
<gpxtpx:TrackPointExtension>
<gpxtpx:hr>170</gpxtpx:hr>
<gpxtpx:cad>171</gpxtpx:cad>
</gpxtpx:TrackPointExtension>
</extensions>
</trkpt>
<trkpt lat="36.9734344" lon="127.8785197">
<ele>73.278</ele>
<time>2026-05-05T10:57:28Z</time>
<extensions>
<gpxtpx:TrackPointExtension>
<gpxtpx:hr>170</gpxtpx:hr>
</gpxtpx:TrackPointExtension>
</extensions>
</trkpt>
<trkpt lat="36.9734102" lon="127.8785064">
<ele>73.283</ele>
<time>2026-05-05T10:57:29Z</time>
<extensions>
<gpxtpx:TrackPointExtension>
<gpxtpx:hr>170</gpxtpx:hr>
</gpxtpx:TrackPointExtension>
</extensions>
</trkpt>
<trkpt lat="36.9733857" lon="127.8784927">
<ele>73.331</ele>
<time>2026-05-05T10:57:30Z</time>
<extensions>
<gpxtpx:TrackPointExtension>
<gpxtpx:hr>170</gpxtpx:hr>
</gpxtpx:TrackPointExtension>
</extensions>
</trkpt>
<trkpt lat="36.9733609" lon="127.8784787">
<ele>73.366</ele>
<time>2026-05-05T10:57:31Z</time>
<extensions>
<gpxtpx:TrackPointExtension>
<gpxtpx:hr>169</gpxtpx:hr>
</gpxtpx:TrackPointExtension>
</extensions>
</trkpt>
<trkpt lat="36.9733357" lon="127.8784645">
<ele>73.388</ele>
<time>2026-05-05T10:57:32Z</time>
<extensions>
<gpxtpx:TrackPointExtension>
<gpxtpx:hr>169</gpxtpx:hr>
<gpxtpx:cad>174</gpxtpx:cad>
</gpxtpx:TrackPointExtension>
</extensions>
</trkpt>
<trkpt lat="36.9733105" lon="127.8784501">
<ele>73.47</ele>
<time>2026-05-05T10:57:33Z</time>
<extensions>
<gpxtpx:TrackPointExtension>
<gpxtpx:hr>169</gpxtpx:hr>
</gpxtpx:TrackPointExtension>
</extensions>
</trkpt>
<trkpt lat="36.973284" lon="127.8784357">
<ele>73.411</ele>
<time>2026-05-05T10:57:34Z</time>
<extensions>
<gpxtpx:TrackPointExtension>
<gpxtpx:hr>168</gpxtpx:hr>
</gpxtpx:TrackPointExtension>
</extensions>
</trkpt>
<trkpt lat="36.9732573" lon="127.8784214">
<ele>73.405</ele>
<time>2026-05-05T10:57:35Z</time>
<extensions>
<gpxtpx:TrackPointExtension>
<gpxtpx:hr>168</gpxtpx:hr>
<gpxtpx:cad>176</gpxtpx:cad>
</gpxtpx:TrackPointExtension>
</extensions>
</trkpt>
<trkpt lat="36.9732305" lon="127.8784071">
<ele>73.494</ele>
<time>2026-05-05T10:57:36Z</time>
<extensions>
<gpxtpx:TrackPointExtension>
<gpxtpx:hr>168</gpxtpx:hr>
</gpxtpx:TrackPointExtension>
</extensions>
</trkpt>
<trkpt lat="36.9732025" lon="127.8783941">
<ele>73.555</ele>
<time>2026-05-05T10:57:37Z</time>
<extensions>
<gpxtpx:TrackPointExtension>
<gpxtpx:hr>168</gpxtpx:hr>
<gpxtpx:cad>178</gpxtpx:cad>
</gpxtpx:TrackPointExtension>
</extensions>
</trkpt>
<trkpt lat="36.9731747" lon="127.8783808">
<ele>73.565</ele>
<time>2026-05-05T10:57:38Z</time>
<extensions>
<gpxtpx:TrackPointExtension>
<gpxtpx:hr>168</gpxtpx:hr>
</gpxtpx:TrackPointExtension>
</extensions>
</trkpt>
<trkpt lat="36.9731463" lon="127.8783693">
<ele>73.495</ele>
<time>2026-05-05T10:57:39Z</time>
<extensions>
<gpxtpx:TrackPointExtension>
<gpxtpx:hr>169</gpxtpx:hr>
</gpxtpx:TrackPointExtension>
</extensions>
</trkpt>
<trkpt lat="36.973118" lon="127.8783575">
<ele>73.547</ele>
<time>2026-05-05T10:57:40Z</time>
<extensions>
<gpxtpx:TrackPointExtension>
<gpxtpx:hr>169</gpxtpx:hr>
</gpxtpx:TrackPointExtension>
</extensions>
</trkpt>
<trkpt lat="36.9730898" lon="127.8783473">
<ele>73.597</ele>
<time>2026-05-05T10:57:41Z</time>
<extensions>
<gpxtpx:TrackPointExtension>
<gpxtpx:hr>169</gpxtpx:hr>
</gpxtpx:TrackPointExtension>
</extensions>
</trkpt>
<trkpt lat="36.9730616" lon="127.8783368">
<ele>73.631</ele>
<time>2026-05-05T10:57:42Z</time>
<extensions>
<gpxtpx:TrackPointExtension>
<gpxtpx:hr>169</gpxtpx:hr>
<gpxtpx:cad>176</gpxtpx:cad>
</gpxtpx:TrackPointExtension>
</extensions>
</trkpt>
<trkpt lat="36.9730343" lon="127.8783271">
<ele>73.624</ele>
<time>2026-05-05T10:57:43Z</time>
<extensions>
<gpxtpx:TrackPointExtension>
<gpxtpx:hr>170</gpxtpx:hr>
</gpxtpx:TrackPointExtension>
</extensions>
</trkpt>
<trkpt lat="36.9730072" lon="127.8783172">
<ele>73.588</ele>
<time>2026-05-05T10:57:44Z</time>
<extensions>
<gpxtpx:TrackPointExtension>
<gpxtpx:hr>170</gpxtpx:hr>
</gpxtpx:TrackPointExtension>
</extensions>
</trkpt>
<trkpt lat="36.9729811" lon="127.8783072">
<ele>73.582</ele>
<time>2026-05-05T10:57:45Z</time>
<extensions>
<gpxtpx:TrackPointExtension>
<gpxtpx:hr>171</gpxtpx:hr>
</gpxtpx:TrackPointExtension>
</extensions>
</trkpt>
<trkpt lat="36.9729552" lon="127.8782972">
<ele>73.619</ele>
<time>2026-05-05T10:57:46Z</time>
<extensions>
<gpxtpx:TrackPointExtension>
<gpxtpx:hr>172</gpxtpx:hr>
</gpxtpx:TrackPointExtension>
</extensions>
</trkpt>
<trkpt lat="36.9729298" lon="127.8782873">
<ele>73.62</ele>
<time>2026-05-05T10:57:47Z</time>
<extensions>
<gpxtpx:TrackPointExtension>
<gpxtpx:hr>172</gpxtpx:hr>
<gpxtpx:cad>170</gpxtpx:cad>
</gpxtpx:TrackPointExtension>
</extensions>
</trkpt>
<trkpt lat="36.9729041" lon="127.8782772">
<ele>73.706</ele>
<time>2026-05-05T10:57:48Z</time>
<extensions>
<gpxtpx:TrackPointExtension>
<gpxtpx:hr>172</gpxtpx:hr>
</gpxtpx:TrackPointExtension>
</extensions>
</trkpt>
<trkpt lat="36.9728789" lon="127.8782679">
<ele>73.733</ele>
<time>2026-05-05T10:57:49Z</time>
<extensions>
<gpxtpx:TrackPointExtension>
<gpxtpx:hr>172</gpxtpx:hr>
</gpxtpx:TrackPointExtension>
</extensions>
</trkpt>
<trkpt lat="36.9728536" lon="127.8782586">
<ele>73.796</ele>
<time>2026-05-05T10:57:50Z</time>
<extensions>
<gpxtpx:TrackPointExtension>
<gpxtpx:hr>173</gpxtpx:hr>
</gpxtpx:TrackPointExtension>
</extensions>
</trkpt>
<trkpt lat="36.9728284" lon="127.8782491">
<ele>74.037</ele>
<time>2026-05-05T10:57:51Z</time>
<extensions>
<gpxtpx:TrackPointExtension>
<gpxtpx:hr>173</gpxtpx:hr>
</gpxtpx:TrackPointExtension>
</extensions>
</trkpt>
<trkpt lat="36.972803" lon="127.8782407">
<ele>74.263</ele>
<time>2026-05-05T10:57:52Z</time>
<extensions>
<gpxtpx:TrackPointExtension>
<gpxtpx:hr>174</gpxtpx:hr>
<gpxtpx:cad>168</gpxtpx:cad>
</gpxtpx:TrackPointExtension>
</extensions>
</trkpt>
<trkpt lat="36.9727777" lon="127.8782326">
<ele>74.339</ele>
<time>2026-05-05T10:57:53Z</time>
<extensions>
<gpxtpx:TrackPointExtension>
<gpxtpx:hr>174</gpxtpx:hr>
</gpxtpx:TrackPointExtension>
</extensions>
</trkpt>
<trkpt lat="36.9727522" lon="127.8782247">
<ele>74.168</ele>
<time>2026-05-05T10:57:54Z</time>
<extensions>
<gpxtpx:TrackPointExtension>
<gpxtpx:hr>175</gpxtpx:hr>
</gpxtpx:TrackPointExtension>
</extensions>
</trkpt>
<trkpt lat="36.9727266" lon="127.8782166">
<ele>74.04</ele>
<time>2026-05-05T10:57:55Z</time>
<extensions>
<gpxtpx:TrackPointExtension>
<gpxtpx:hr>175</gpxtpx:hr>
</gpxtpx:TrackPointExtension>
</extensions>
</trkpt>
<trkpt lat="36.972701" lon="127.8782087">
<ele>74.059</ele>
<time>2026-05-05T10:57:56Z</time>
<extensions>
<gpxtpx:TrackPointExtension>
<gpxtpx:hr>175</gpxtpx:hr>
</gpxtpx:TrackPointExtension>
</extensions>
</trkpt>
<trkpt lat="36.9726752" lon="127.8781986">
<ele>74.121</ele>
<time>2026-05-05T10:57:57Z</time>
<extensions>
<gpxtpx:TrackPointExtension>
<gpxtpx:hr>176</gpxtpx:hr>
<gpxtpx:cad>172</gpxtpx:cad>
</gpxtpx:TrackPointExtension>
</extensions>
</trkpt>
<trkpt lat="36.9726494" lon="127.878189">
<ele>74.218</ele>
<time>2026-05-05T10:57:58Z</time>
<extensions>
<gpxtpx:TrackPointExtension>
<gpxtpx:hr>176</gpxtpx:hr>
</gpxtpx:TrackPointExtension>
</extensions>
</trkpt>
<trkpt lat="36.9726236" lon="127.8781776">
<ele>74.212</ele>
<time>2026-05-05T10:57:59Z</time>
<extensions>
<gpxtpx:TrackPointExtension>
<gpxtpx:hr>175</gpxtpx:hr>
</gpxtpx:TrackPointExtension>
</extensions>
</trkpt>
<trkpt lat="36.9725982" lon="127.8781654">
<ele>74.144</ele>
<time>2026-05-05T10:58:00Z</time>
<extensions>
<gpxtpx:TrackPointExtension>
<gpxtpx:hr>175</gpxtpx:hr>
</gpxtpx:TrackPointExtension>
</extensions>
</trkpt>
<trkpt lat="36.9725731" lon="127.8781527">
<ele>74.224</ele>
<time>2026-05-05T10:58:01Z</time>
<extensions>
<gpxtpx:TrackPointExtension>
<gpxtpx:hr>175</gpxtpx:hr>
</gpxtpx:TrackPointExtension>
</extensions>
</trkpt>
<trkpt lat="36.9725486" lon="127.8781398">
<ele>74.337</ele>
<time>2026-05-05T10:58:02Z</time>
<extensions>
<gpxtpx:TrackPointExtension>
<gpxtpx:hr>174</gpxtpx:hr>
<gpxtpx:cad>171</gpxtpx:cad>
</gpxtpx:TrackPointExtension>
</extensions>
</trkpt>
<trkpt lat="36.9725252" lon="127.8781272">
<ele>74.386</ele>
<time>2026-05-05T10:58:03Z</time>
<extensions>
<gpxtpx:TrackPointExtension>
<gpxtpx:hr>174</gpxtpx:hr>
</gpxtpx:TrackPointExtension>
</extensions>
</trkpt>
<trkpt lat="36.9725019" lon="127.8781147">
<ele>74.419</ele>
<time>2026-05-05T10:58:04Z</time>
<extensions>
<gpxtpx:TrackPointExtension>
<gpxtpx:hr>174</gpxtpx:hr>
</gpxtpx:TrackPointExtension>
</extensions>
</trkpt>
<trkpt lat="36.9724791" lon="127.8781026">
<ele>74.44</ele>
<time>2026-05-05T10:58:05Z</time>
<extensions>
<gpxtpx:TrackPointExtension>
<gpxtpx:hr>174</gpxtpx:hr>
</gpxtpx:TrackPointExtension>
</extensions>
</trkpt>
<trkpt lat="36.9724562" lon="127.8780905">
<ele>74.427</ele>
<time>2026-05-05T10:58:06Z</time>
<extensions>
<gpxtpx:TrackPointExtension>
<gpxtpx:hr>174</gpxtpx:hr>
</gpxtpx:TrackPointExtension>
</extensions>
</trkpt>
<trkpt lat="36.9724333" lon="127.8780783">
<ele>74.432</ele>
<time>2026-05-05T10:58:07Z</time>
<extensions>
<gpxtpx:TrackPointExtension>
<gpxtpx:hr>174</gpxtpx:hr>
<gpxtpx:cad>170</gpxtpx:cad>
</gpxtpx:TrackPointExtension>
</extensions>
</trkpt>
<trkpt lat="36.9724102" lon="127.8780657">
<ele>74.361</ele>
<time>2026-05-05T10:58:08Z</time>
<extensions>
<gpxtpx:TrackPointExtension>
<gpxtpx:hr>174</gpxtpx:hr>
<gpxtpx:cad>170</gpxtpx:cad>
</gpxtpx:TrackPointExtension>
</extensions>
</trkpt>
<trkpt lat="36.9723868" lon="127.8780516">
<ele>74.386</ele>
<time>2026-05-05T10:58:09Z</time>
</trkpt>
<trkpt lat="36.9723635" lon="127.8780369">
<ele>74.431</ele>
<time>2026-05-05T10:58:10Z</time>
<extensions>
<gpxtpx:TrackPointExtension>
<gpxtpx:hr>174</gpxtpx:hr>
</gpxtpx:TrackPointExtension>
</extensions>
</trkpt>
<trkpt lat="36.9723404" lon="127.8780199">
<ele>74.43</ele>
<time>2026-05-05T10:58:11Z</time>
<extensions>
<gpxtpx:TrackPointExtension>
<gpxtpx:hr>175</gpxtpx:hr>
</gpxtpx:TrackPointExtension>
</extensions>
</trkpt>
<trkpt lat="36.9723174" lon="127.8780038">
<ele>74.413</ele>
<time>2026-05-05T10:58:12Z</time>
<extensions>
<gpxtpx:TrackPointExtension>
<gpxtpx:hr>175</gpxtpx:hr>
<gpxtpx:cad>171</gpxtpx:cad>
</gpxtpx:TrackPointExtension>
</extensions>
</trkpt>
<trkpt lat="36.9722941" lon="127.8779868">
<ele>74.451</ele>
<time>2026-05-05T10:58:13Z</time>
<extensions>
<gpxtpx:TrackPointExtension>
<gpxtpx:hr>176</gpxtpx:hr>
</gpxtpx:TrackPointExtension>
</extensions>
</trkpt>
<trkpt lat="36.9722712" lon="127.8779719">
<ele>74.415</ele>
<time>2026-05-05T10:58:14Z</time>
<extensions>
<gpxtpx:TrackPointExtension>
<gpxtpx:hr>176</gpxtpx:hr>
</gpxtpx:TrackPointExtension>
</extensions>
</trkpt>
<trkpt lat="36.9722471" lon="127.8779552">
<ele>74.428</ele>
<time>2026-05-05T10:58:15Z</time>
<extensions>
<gpxtpx:TrackPointExtension>
<gpxtpx:hr>177</gpxtpx:hr>
</gpxtpx:TrackPointExtension>
</extensions>
</trkpt>
<trkpt lat="36.9722231" lon="127.8779392">
<ele>74.364</ele>
<time>2026-05-05T10:58:16Z</time>
<extensions>
<gpxtpx:TrackPointExtension>
<gpxtpx:hr>177</gpxtpx:hr>
</gpxtpx:TrackPointExtension>
</extensions>
</trkpt>
<trkpt lat="36.9721979" lon="127.8779234">
<ele>74.313</ele>
<time>2026-05-05T10:58:17Z</time>
<extensions>
<gpxtpx:TrackPointExtension>
<gpxtpx:hr>177</gpxtpx:hr>
<gpxtpx:cad>172</gpxtpx:cad>
</gpxtpx:TrackPointExtension>
</extensions>
</trkpt>
<trkpt lat="36.9721742" lon="127.8779072">
<ele>74.18</ele>
<time>2026-05-05T10:58:18Z</time>
<extensions>
<gpxtpx:TrackPointExtension>
<gpxtpx:hr>177</gpxtpx:hr>
</gpxtpx:TrackPointExtension>
</extensions>
</trkpt>
<trkpt lat="36.9721483" lon="127.8778921">
<ele>74.14</ele>
<time>2026-05-05T10:58:19Z</time>
<extensions>
<gpxtpx:TrackPointExtension>
<gpxtpx:hr>177</gpxtpx:hr>
</gpxtpx:TrackPointExtension>
</extensions>
</trkpt>
<trkpt lat="36.9721241" lon="127.8778755">
<ele>74.055</ele>
<time>2026-05-05T10:58:20Z</time>
<extensions>
<gpxtpx:TrackPointExtension>
<gpxtpx:hr>178</gpxtpx:hr>
</gpxtpx:TrackPointExtension>
</extensions>
</trkpt>
<trkpt lat="36.9720988" lon="127.87786">
<ele>74.126</ele>
<time>2026-05-05T10:58:21Z</time>
<extensions>
<gpxtpx:TrackPointExtension>
<gpxtpx:hr>178</gpxtpx:hr>
</gpxtpx:TrackPointExtension>
</extensions>
</trkpt>
<trkpt lat="36.9720743" lon="127.8778432">
<ele>74.123</ele>
<time>2026-05-05T10:58:22Z</time>
<extensions>
<gpxtpx:TrackPointExtension>
<gpxtpx:hr>178</gpxtpx:hr>
<gpxtpx:cad>172</gpxtpx:cad>
</gpxtpx:TrackPointExtension>
</extensions>
</trkpt>
<trkpt lat="36.9720485" lon="127.8778282">
<ele>73.991</ele>
<time>2026-05-05T10:58:23Z</time>
<extensions>
<gpxtpx:TrackPointExtension>
<gpxtpx:hr>178</gpxtpx:hr>
</gpxtpx:TrackPointExtension>
</extensions>
</trkpt>
<trkpt lat="36.9720224" lon="127.8778136">
<ele>74.0</ele>
<time>2026-05-05T10:58:24Z</time>
<extensions>
<gpxtpx:TrackPointExtension>
<gpxtpx:hr>178</gpxtpx:hr>
</gpxtpx:TrackPointExtension>
</extensions>
</trkpt>
<trkpt lat="36.9719962" lon="127.8777994">
<ele>73.817</ele>
<time>2026-05-05T10:58:25Z</time>
<extensions>
<gpxtpx:TrackPointExtension>
<gpxtpx:hr>178</gpxtpx:hr>
</gpxtpx:TrackPointExtension>
</extensions>
</trkpt>
<trkpt lat="36.9719699" lon="127.8777855">
<ele>73.741</ele>
<time>2026-05-05T10:58:26Z</time>
<extensions>
<gpxtpx:TrackPointExtension>
<gpxtpx:hr>177</gpxtpx:hr>
</gpxtpx:TrackPointExtension>
</extensions>
</trkpt>
<trkpt lat="36.9719437" lon="127.877772">
<ele>73.723</ele>
<time>2026-05-05T10:58:27Z</time>
<extensions>
<gpxtpx:TrackPointExtension>
<gpxtpx:hr>177</gpxtpx:hr>
<gpxtpx:cad>174</gpxtpx:cad>
</gpxtpx:TrackPointExtension>
</extensions>
</trkpt>
<trkpt lat="36.971917" lon="127.8777585">
<ele>73.742</ele>
<time>2026-05-05T10:58:28Z</time>
<extensions>
<gpxtpx:TrackPointExtension>
<gpxtpx:hr>177</gpxtpx:hr>
</gpxtpx:TrackPointExtension>
</extensions>
</trkpt>
<trkpt lat="36.9718914" lon="127.877745">
<ele>73.658</ele>
<time>2026-05-05T10:58:29Z</time>
<extensions>
<gpxtpx:TrackPointExtension>
<gpxtpx:hr>177</gpxtpx:hr>
</gpxtpx:TrackPointExtension>
</extensions>
</trkpt>
<trkpt lat="36.9718645" lon="127.8777319">
<ele>73.576</ele>
<time>2026-05-05T10:58:30Z</time>
<extensions>
<gpxtpx:TrackPointExtension>
<gpxtpx:hr>176</gpxtpx:hr>
</gpxtpx:TrackPointExtension>
</extensions>
</trkpt>
<trkpt lat="36.9718395" lon="127.8777185">
<ele>73.589</ele>
<time>2026-05-05T10:58:31Z</time>
<extensions>
<gpxtpx:TrackPointExtension>
<gpxtpx:hr>176</gpxtpx:hr>
</gpxtpx:TrackPointExtension>
</extensions>
</trkpt>
<trkpt lat="36.971813" lon="127.8777053">
<ele>73.604</ele>
<time>2026-05-05T10:58:32Z</time>
<extensions>
<gpxtpx:TrackPointExtension>
<gpxtpx:hr>176</gpxtpx:hr>
<gpxtpx:cad>176</gpxtpx:cad>
</gpxtpx:TrackPointExtension>
</extensions>
</trkpt>
<trkpt lat="36.9717886" lon="127.8776918">
<ele>73.484</ele>
<time>2026-05-05T10:58:33Z</time>
<extensions>
<gpxtpx:TrackPointExtension>
<gpxtpx:hr>175</gpxtpx:hr>
</gpxtpx:TrackPointExtension>
</extensions>
</trkpt>
<trkpt lat="36.9717629" lon="127.8776784">
<ele>73.463</ele>
<time>2026-05-05T10:58:34Z</time>
<extensions>
<gpxtpx:TrackPointExtension>
<gpxtpx:hr>175</gpxtpx:hr>
</gpxtpx:TrackPointExtension>
</extensions>
</trkpt>
<trkpt lat="36.9717389" lon="127.8776652">
<ele>73.41</ele>
<time>2026-05-05T10:58:35Z</time>
<extensions>
<gpxtpx:TrackPointExtension>
<gpxtpx:hr>174</gpxtpx:hr>
</gpxtpx:TrackPointExtension>
</extensions>
</trkpt>
<trkpt lat="36.9717145" lon="127.8776518">
<ele>73.36</ele>
<time>2026-05-05T10:58:36Z</time>
<extensions>
<gpxtpx:TrackPointExtension>
<gpxtpx:hr>173</gpxtpx:hr>
</gpxtpx:TrackPointExtension>
</extensions>
</trkpt>
<trkpt lat="36.9716899" lon="127.8776382">
<ele>73.243</ele>
<time>2026-05-05T10:58:37Z</time>
<extensions>
<gpxtpx:TrackPointExtension>
<gpxtpx:hr>173</gpxtpx:hr>
<gpxtpx:cad>178</gpxtpx:cad>
</gpxtpx:TrackPointExtension>
</extensions>
</trkpt>
<trkpt lat="36.9716655" lon="127.8776246">
<ele>73.183</ele>
<time>2026-05-05T10:58:38Z</time>
<extensions>
<gpxtpx:TrackPointExtension>
<gpxtpx:hr>173</gpxtpx:hr>
</gpxtpx:TrackPointExtension>
</extensions>
</trkpt>
<trkpt lat="36.9716415" lon="127.8776112">
<ele>73.234</ele>
<time>2026-05-05T10:58:39Z</time>
<extensions>
<gpxtpx:TrackPointExtension>
<gpxtpx:hr>173</gpxtpx:hr>
</gpxtpx:TrackPointExtension>
</extensions>
</trkpt>
<trkpt lat="36.9716177" lon="127.8775982">
<ele>73.174</ele>
<time>2026-05-05T10:58:40Z</time>
<extensions>
<gpxtpx:TrackPointExtension>
<gpxtpx:hr>172</gpxtpx:hr>
<gpxtpx:cad>179</gpxtpx:cad>
</gpxtpx:TrackPointExtension>
</extensions>
</trkpt>
<trkpt lat="36.9715943" lon="127.8775853">
<ele>73.145</ele>
<time>2026-05-05T10:58:41Z</time>
<extensions>
<gpxtpx:TrackPointExtension>
<gpxtpx:hr>172</gpxtpx:hr>
</gpxtpx:TrackPointExtension>
</extensions>
</trkpt>
<trkpt lat="36.9715708" lon="127.8775725">
<ele>73.126</ele>
<time>2026-05-05T10:58:42Z</time>
<extensions>
<gpxtpx:TrackPointExtension>
<gpxtpx:hr>172</gpxtpx:hr>
<gpxtpx:cad>179</gpxtpx:cad>
</gpxtpx:TrackPointExtension>
</extensions>
</trkpt>
<trkpt lat="36.9715475" lon="127.8775596">
<ele>73.023</ele>
<time>2026-05-05T10:58:43Z</time>
<extensions>
<gpxtpx:TrackPointExtension>
<gpxtpx:hr>172</gpxtpx:hr>
</gpxtpx:TrackPointExtension>
</extensions>
</trkpt>
<trkpt lat="36.9715236" lon="127.8775469">
<ele>72.894</ele>
<time>2026-05-05T10:58:44Z</time>
<extensions>
<gpxtpx:TrackPointExtension>
<gpxtpx:hr>171</gpxtpx:hr>
</gpxtpx:TrackPointExtension>
</extensions>
</trkpt>
<trkpt lat="36.9714999" lon="127.8775341">
<ele>72.872</ele>
<time>2026-05-05T10:58:45Z</time>
<extensions>
<gpxtpx:TrackPointExtension>
<gpxtpx:hr>171</gpxtpx:hr>
</gpxtpx:TrackPointExtension>
</extensions>
</trkpt>
<trkpt lat="36.9714756" lon="127.8775214">
<ele>72.905</ele>
<time>2026-05-05T10:58:46Z</time>
<extensions>
<gpxtpx:TrackPointExtension>
<gpxtpx:hr>172</gpxtpx:hr>
</gpxtpx:TrackPointExtension>
</extensions>
</trkpt>
<trkpt lat="36.9714509" lon="127.8775088">
<ele>73.013</ele>
<time>2026-05-05T10:58:47Z</time>
<extensions>
<gpxtpx:TrackPointExtension>
<gpxtpx:hr>172</gpxtpx:hr>
<gpxtpx:cad>174</gpxtpx:cad>
</gpxtpx:TrackPointExtension>
</extensions>
</trkpt>
<trkpt lat="36.971426" lon="127.8774961">
<ele>73.024</ele>
<time>2026-05-05T10:58:48Z</time>
<extensions>
<gpxtpx:TrackPointExtension>
<gpxtpx:hr>172</gpxtpx:hr>
</gpxtpx:TrackPointExtension>
</extensions>
</trkpt>
<trkpt lat="36.9714002" lon="127.8774835">
<ele>72.983</ele>
<time>2026-05-05T10:58:49Z</time>
<extensions>
<gpxtpx:TrackPointExtension>
<gpxtpx:hr>172</gpxtpx:hr>
</gpxtpx:TrackPointExtension>
</extensions>
</trkpt>
<trkpt lat="36.9713744" lon="127.877471">
<ele>72.946</ele>
<time>2026-05-05T10:58:50Z</time>
<extensions>
<gpxtpx:TrackPointExtension>
<gpxtpx:hr>172</gpxtpx:hr>
</gpxtpx:TrackPointExtension>
</extensions>
</trkpt>
<trkpt lat="36.9713484" lon="127.8774589">
<ele>72.967</ele>
<time>2026-05-05T10:58:51Z</time>
<extensions>
<gpxtpx:TrackPointExtension>
<gpxtpx:hr>172</gpxtpx:hr>
</gpxtpx:TrackPointExtension>
</extensions>
</trkpt>
<trkpt lat="36.9713224" lon="127.877447">
<ele>73.068</ele>
<time>2026-05-05T10:58:52Z</time>
<extensions>
<gpxtpx:TrackPointExtension>
<gpxtpx:hr>172</gpxtpx:hr>
<gpxtpx:cad>168</gpxtpx:cad>
</gpxtpx:TrackPointExtension>
</extensions>
</trkpt>
<trkpt lat="36.9712964" lon="127.8774353">
<ele>73.065</ele>
<time>2026-05-05T10:58:53Z</time>
<extensions>
<gpxtpx:TrackPointExtension>
<gpxtpx:hr>171</gpxtpx:hr>
</gpxtpx:TrackPointExtension>
</extensions>
</trkpt>
<trkpt lat="36.9712706" lon="127.8774238">
<ele>73.011</ele>
<time>2026-05-05T10:58:54Z</time>
<extensions>
<gpxtpx:TrackPointExtension>
<gpxtpx:hr>171</gpxtpx:hr>
</gpxtpx:TrackPointExtension>
</extensions>
</trkpt>
<trkpt lat="36.9712447" lon="127.8774123">
<ele>72.917</ele>
<time>2026-05-05T10:58:55Z</time>
<extensions>
<gpxtpx:TrackPointExtension>
<gpxtpx:hr>170</gpxtpx:hr>
</gpxtpx:TrackPointExtension>
</extensions>
</trkpt>
<trkpt lat="36.971219" lon="127.877401">
<ele>72.942</ele>
<time>2026-05-05T10:58:56Z</time>
<extensions>
<gpxtpx:TrackPointExtension>
<gpxtpx:hr>170</gpxtpx:hr>
</gpxtpx:TrackPointExtension>
</extensions>
</trkpt>
<trkpt lat="36.9711938" lon="127.8773897">
<ele>72.955</ele>
<time>2026-05-05T10:58:57Z</time>
<extensions>
<gpxtpx:TrackPointExtension>
<gpxtpx:hr>170</gpxtpx:hr>
<gpxtpx:cad>173</gpxtpx:cad>
</gpxtpx:TrackPointExtension>
</extensions>
</trkpt>
<trkpt lat="36.9711687" lon="127.8773783">
<ele>72.954</ele>
<time>2026-05-05T10:58:58Z</time>
<extensions>
<gpxtpx:TrackPointExtension>
<gpxtpx:hr>169</gpxtpx:hr>
</gpxtpx:TrackPointExtension>
</extensions>
</trkpt>
<trkpt lat="36.9711435" lon="127.8773669">
<ele>72.983</ele>
<time>2026-05-05T10:58:59Z</time>
<extensions>
<gpxtpx:TrackPointExtension>
<gpxtpx:hr>169</gpxtpx:hr>
</gpxtpx:TrackPointExtension>
</extensions>
</trkpt>
<trkpt lat="36.9711181" lon="127.8773556">
<ele>72.953</ele>
<time>2026-05-05T10:59:00Z</time>
<extensions>
<gpxtpx:TrackPointExtension>
<gpxtpx:hr>169</gpxtpx:hr>
</gpxtpx:TrackPointExtension>
</extensions>
</trkpt>
<trkpt lat="36.9710923" lon="127.8773442">
<ele>72.906</ele>
<time>2026-05-05T10:59:01Z</time>
<extensions>
<gpxtpx:TrackPointExtension>
<gpxtpx:hr>169</gpxtpx:hr>
</gpxtpx:TrackPointExtension>
</extensions>
</trkpt>
<trkpt lat="36.9710668" lon="127.8773327">
<ele>72.915</ele>
<time>2026-05-05T10:59:02Z</time>
<extensions>
<gpxtpx:TrackPointExtension>
<gpxtpx:hr>169</gpxtpx:hr>
<gpxtpx:cad>178</gpxtpx:cad>
</gpxtpx:TrackPointExtension>
</extensions>
</trkpt>
<trkpt lat="36.9710412" lon="127.8773212">
<ele>72.906</ele>
<time>2026-05-05T10:59:03Z</time>
<extensions>
<gpxtpx:TrackPointExtension>
<gpxtpx:hr>169</gpxtpx:hr>
</gpxtpx:TrackPointExtension>
</extensions>
</trkpt>
<trkpt lat="36.9710158" lon="127.8773095">
<ele>72.917</ele>
<time>2026-05-05T10:59:04Z</time>
<extensions>
<gpxtpx:TrackPointExtension>
<gpxtpx:hr>169</gpxtpx:hr>
</gpxtpx:TrackPointExtension>
</extensions>
</trkpt>
<trkpt lat="36.9709903" lon="127.8772981">
<ele>72.936</ele>
<time>2026-05-05T10:59:05Z</time>
<extensions>
<gpxtpx:TrackPointExtension>
<gpxtpx:hr>170</gpxtpx:hr>
</gpxtpx:TrackPointExtension>
</extensions>
</trkpt>
<trkpt lat="36.9709649" lon="127.8772858">
<ele>72.904</ele>
<time>2026-05-05T10:59:06Z</time>
<extensions>
<gpxtpx:TrackPointExtension>
<gpxtpx:hr>170</gpxtpx:hr>
</gpxtpx:TrackPointExtension>
</extensions>
</trkpt>
<trkpt lat="36.9709394" lon="127.8772742">
<ele>72.916</ele>
<time>2026-05-05T10:59:07Z</time>
<extensions>
<gpxtpx:TrackPointExtension>
<gpxtpx:hr>170</gpxtpx:hr>
<gpxtpx:cad>175</gpxtpx:cad>
</gpxtpx:TrackPointExtension>
</extensions>
</trkpt>
<trkpt lat="36.970914" lon="127.8772614">
<ele>72.907</ele>
<time>2026-05-05T10:59:08Z</time>
<extensions>
<gpxtpx:TrackPointExtension>
<gpxtpx:hr>169</gpxtpx:hr>
</gpxtpx:TrackPointExtension>
</extensions>
</trkpt>
<trkpt lat="36.9708885" lon="127.8772496">
<ele>72.846</ele>
<time>2026-05-05T10:59:09Z</time>
<extensions>
<gpxtpx:TrackPointExtension>
<gpxtpx:hr>169</gpxtpx:hr>
</gpxtpx:TrackPointExtension>
</extensions>
</trkpt>
<trkpt lat="36.9708633" lon="127.8772365">
<ele>72.819</ele>
<time>2026-05-05T10:59:10Z</time>
<extensions>
<gpxtpx:TrackPointExtension>
<gpxtpx:hr>169</gpxtpx:hr>
</gpxtpx:TrackPointExtension>
</extensions>
</trkpt>
<trkpt lat="36.9708377" lon="127.8772243">
<ele>72.781</ele>
<time>2026-05-05T10:59:11Z</time>
<extensions>
<gpxtpx:TrackPointExtension>
<gpxtpx:hr>169</gpxtpx:hr>
</gpxtpx:TrackPointExtension>
</extensions>
</trkpt>
<trkpt lat="36.9708129" lon="127.8772111">
<ele>72.77</ele>
<time>2026-05-05T10:59:12Z</time>
<extensions>
<gpxtpx:TrackPointExtension>
<gpxtpx:hr>169</gpxtpx:hr>
<gpxtpx:cad>173</gpxtpx:cad>
</gpxtpx:TrackPointExtension>
</extensions>
</trkpt>
<trkpt lat="36.9707878" lon="127.8771986">
<ele>72.74</ele>
<time>2026-05-05T10:59:13Z</time>
<extensions>
<gpxtpx:TrackPointExtension>
<gpxtpx:hr>169</gpxtpx:hr>
</gpxtpx:TrackPointExtension>
</extensions>
</trkpt>
<trkpt lat="36.9707628" lon="127.8771862">
<ele>72.721</ele>
<time>2026-05-05T10:59:14Z</time>
<extensions>
<gpxtpx:TrackPointExtension>
<gpxtpx:hr>169</gpxtpx:hr>
<gpxtpx:cad>172</gpxtpx:cad>
</gpxtpx:TrackPointExtension>
</extensions>
</trkpt>
<trkpt lat="36.9707379" lon="127.877174">
<ele>72.811</ele>
<time>2026-05-05T10:59:15Z</time>
<extensions>
<gpxtpx:TrackPointExtension>
<gpxtpx:hr>169</gpxtpx:hr>
</gpxtpx:TrackPointExtension>
</extensions>
</trkpt>
<trkpt lat="36.9707129" lon="127.8771612">
<ele>72.841</ele>
<time>2026-05-05T10:59:16Z</time>
<extensions>
<gpxtpx:TrackPointExtension>
<gpxtpx:hr>168</gpxtpx:hr>
</gpxtpx:TrackPointExtension>
</extensions>
</trkpt>
<trkpt lat="36.9706884" lon="127.8771506">
<ele>72.694</ele>
<time>2026-05-05T10:59:17Z</time>
<extensions>
<gpxtpx:TrackPointExtension>
<gpxtpx:hr>168</gpxtpx:hr>
<gpxtpx:cad>171</gpxtpx:cad>
</gpxtpx:TrackPointExtension>
</extensions>
</trkpt>
<trkpt lat="36.9706638" lon="127.8771402">
<ele>72.539</ele>
<time>2026-05-05T10:59:18Z</time>
<extensions>
<gpxtpx:TrackPointExtension>
<gpxtpx:hr>168</gpxtpx:hr>
</gpxtpx:TrackPointExtension>
</extensions>
</trkpt>
<trkpt lat="36.9706394" lon="127.8771319">
<ele>72.484</ele>
<time>2026-05-05T10:59:19Z</time>
<extensions>
<gpxtpx:TrackPointExtension>
<gpxtpx:hr>167</gpxtpx:hr>
</gpxtpx:TrackPointExtension>
</extensions>
</trkpt>
<trkpt lat="36.9706148" lon="127.8771231">
<ele>72.486</ele>
<time>2026-05-05T10:59:20Z</time>
<extensions>
<gpxtpx:TrackPointExtension>
<gpxtpx:hr>167</gpxtpx:hr>
</gpxtpx:TrackPointExtension>
</extensions>
</trkpt>
<trkpt lat="36.9705902" lon="127.8771115">
<ele>72.464</ele>
<time>2026-05-05T10:59:21Z</time>
<extensions>
<gpxtpx:TrackPointExtension>
<gpxtpx:hr>167</gpxtpx:hr>
</gpxtpx:TrackPointExtension>
</extensions>
</trkpt>
<trkpt lat="36.9705657" lon="127.8771026">
<ele>72.515</ele>
<time>2026-05-05T10:59:22Z</time>
<extensions>
<gpxtpx:TrackPointExtension>
<gpxtpx:hr>167</gpxtpx:hr>
<gpxtpx:cad>171</gpxtpx:cad>
</gpxtpx:TrackPointExtension>
</extensions>
</trkpt>
<trkpt lat="36.9705413" lon="127.877091">
<ele>72.479</ele>
<time>2026-05-05T10:59:23Z</time>
<extensions>
<gpxtpx:TrackPointExtension>
<gpxtpx:hr>166</gpxtpx:hr>
</gpxtpx:TrackPointExtension>
</extensions>
</trkpt>
<trkpt lat="36.9705168" lon="127.8770811">
<ele>72.535</ele>
<time>2026-05-05T10:59:24Z</time>
<extensions>
<gpxtpx:TrackPointExtension>
<gpxtpx:hr>166</gpxtpx:hr>
</gpxtpx:TrackPointExtension>
</extensions>
</trkpt>
<trkpt lat="36.9704922" lon="127.8770718">
<ele>72.635</ele>
<time>2026-05-05T10:59:25Z</time>
<extensions>
<gpxtpx:TrackPointExtension>
<gpxtpx:hr>166</gpxtpx:hr>
</gpxtpx:TrackPointExtension>
</extensions>
</trkpt>
<trkpt lat="36.9704676" lon="127.8770627">
<ele>72.626</ele>
<time>2026-05-05T10:59:26Z</time>
</trkpt>
<trkpt lat="36.970443" lon="127.8770534">
<ele>72.562</ele>
<time>2026-05-05T10:59:27Z</time>
<extensions>
<gpxtpx:TrackPointExtension>
<gpxtpx:hr>166</gpxtpx:hr>
<gpxtpx:cad>171</gpxtpx:cad>
</gpxtpx:TrackPointExtension>
</extensions>
</trkpt>
<trkpt lat="36.9704185" lon="127.877045">
<ele>72.812</ele>
<time>2026-05-05T10:59:28Z</time>
<extensions>
<gpxtpx:TrackPointExtension>
<gpxtpx:hr>166</gpxtpx:hr>
</gpxtpx:TrackPointExtension>
</extensions>
</trkpt>
<trkpt lat="36.9703941" lon="127.8770343">
<ele>72.845</ele>
<time>2026-05-05T10:59:29Z</time>
<extensions>
<gpxtpx:TrackPointExtension>
<gpxtpx:hr>166</gpxtpx:hr>
</gpxtpx:TrackPointExtension>
</extensions>
</trkpt>
<trkpt lat="36.9703697" lon="127.8770261">
<ele>72.658</ele>
<time>2026-05-05T10:59:30Z</time>
<extensions>
<gpxtpx:TrackPointExtension>
<gpxtpx:hr>166</gpxtpx:hr>
</gpxtpx:TrackPointExtension>
</extensions>
</trkpt>
<trkpt lat="36.9703459" lon="127.8770143">
<ele>72.621</ele>
<time>2026-05-05T10:59:31Z</time>
<extensions>
<gpxtpx:TrackPointExtension>
<gpxtpx:hr>166</gpxtpx:hr>
</gpxtpx:TrackPointExtension>
</extensions>
</trkpt>
<trkpt lat="36.9703214" lon="127.8770055">
<ele>72.73</ele>
<time>2026-05-05T10:59:32Z</time>
<extensions>
<gpxtpx:TrackPointExtension>
<gpxtpx:hr>166</gpxtpx:hr>
<gpxtpx:cad>171</gpxtpx:cad>
</gpxtpx:TrackPointExtension>
</extensions>
</trkpt>
<trkpt lat="36.9702976" lon="127.8769945">
<ele>72.685</ele>
<time>2026-05-05T10:59:33Z</time>
<extensions>
<gpxtpx:TrackPointExtension>
<gpxtpx:hr>166</gpxtpx:hr>
</gpxtpx:TrackPointExtension>
</extensions>
</trkpt>
<trkpt lat="36.9702738" lon="127.876983">
<ele>72.596</ele>
<time>2026-05-05T10:59:34Z</time>
<extensions>
<gpxtpx:TrackPointExtension>
<gpxtpx:hr>166</gpxtpx:hr>
</gpxtpx:TrackPointExtension>
</extensions>
</trkpt>
<trkpt lat="36.9702503" lon="127.876971">
<ele>72.445</ele>
<time>2026-05-05T10:59:35Z</time>
<extensions>
<gpxtpx:TrackPointExtension>
<gpxtpx:hr>166</gpxtpx:hr>
</gpxtpx:TrackPointExtension>
</extensions>
</trkpt>
<trkpt lat="36.9702273" lon="127.8769575">
<ele>72.402</ele>
<time>2026-05-05T10:59:36Z</time>
<extensions>
<gpxtpx:TrackPointExtension>
<gpxtpx:hr>166</gpxtpx:hr>
</gpxtpx:TrackPointExtension>
</extensions>
</trkpt>
<trkpt lat="36.9702035" lon="127.8769457">
<ele>72.457</ele>
<time>2026-05-05T10:59:37Z</time>
<extensions>
<gpxtpx:TrackPointExtension>
<gpxtpx:hr>166</gpxtpx:hr>
<gpxtpx:cad>172</gpxtpx:cad>
</gpxtpx:TrackPointExtension>
</extensions>
</trkpt>
<trkpt lat="36.9701802" lon="127.8769321">
<ele>72.517</ele>
<time>2026-05-05T10:59:38Z</time>
<extensions>
<gpxtpx:TrackPointExtension>
<gpxtpx:hr>166</gpxtpx:hr>
</gpxtpx:TrackPointExtension>
</extensions>
</trkpt>
<trkpt lat="36.9701566" lon="127.8769186">
<ele>72.668</ele>
<time>2026-05-05T10:59:39Z</time>
<extensions>
<gpxtpx:TrackPointExtension>
<gpxtpx:hr>166</gpxtpx:hr>
</gpxtpx:TrackPointExtension>
</extensions>
</trkpt>
<trkpt lat="36.9701331" lon="127.8769056">
<ele>72.548</ele>
<time>2026-05-05T10:59:40Z</time>
<extensions>
<gpxtpx:TrackPointExtension>
<gpxtpx:hr>167</gpxtpx:hr>
</gpxtpx:TrackPointExtension>
</extensions>
</trkpt>
<trkpt lat="36.9701087" lon="127.8768923">
<ele>72.468</ele>
<time>2026-05-05T10:59:41Z</time>
<extensions>
<gpxtpx:TrackPointExtension>
<gpxtpx:hr>167</gpxtpx:hr>
</gpxtpx:TrackPointExtension>
</extensions>
</trkpt>
<trkpt lat="36.9700849" lon="127.876879">
<ele>72.458</ele>
<time>2026-05-05T10:59:42Z</time>
<extensions>
<gpxtpx:TrackPointExtension>
<gpxtpx:hr>167</gpxtpx:hr>
<gpxtpx:cad>174</gpxtpx:cad>
</gpxtpx:TrackPointExtension>
</extensions>
</trkpt>
<trkpt lat="36.9700612" lon="127.8768653">
<ele>72.384</ele>
<time>2026-05-05T10:59:43Z</time>
<extensions>
<gpxtpx:TrackPointExtension>
<gpxtpx:hr>167</gpxtpx:hr>
</gpxtpx:TrackPointExtension>
</extensions>
</trkpt>
<trkpt lat="36.9700367" lon="127.8768518">
<ele>72.41</ele>
<time>2026-05-05T10:59:44Z</time>
<extensions>
<gpxtpx:TrackPointExtension>
<gpxtpx:hr>168</gpxtpx:hr>
</gpxtpx:TrackPointExtension>
</extensions>
</trkpt>
<trkpt lat="36.9700124" lon="127.8768382">
<ele>72.34</ele>
<time>2026-05-05T10:59:45Z</time>
<extensions>
<gpxtpx:TrackPointExtension>
<gpxtpx:hr>168</gpxtpx:hr>
</gpxtpx:TrackPointExtension>
</extensions>
</trkpt>
<trkpt lat="36.9699895" lon="127.8768244">
<ele>72.301</ele>
<time>2026-05-05T10:59:46Z</time>
<extensions>
<gpxtpx:TrackPointExtension>
<gpxtpx:hr>168</gpxtpx:hr>
</gpxtpx:TrackPointExtension>
</extensions>
</trkpt>
<trkpt lat="36.9699646" lon="127.8768108">
<ele>72.269</ele>
<time>2026-05-05T10:59:47Z</time>
<extensions>
<gpxtpx:TrackPointExtension>
<gpxtpx:hr>168</gpxtpx:hr>
<gpxtpx:cad>178</gpxtpx:cad>
</gpxtpx:TrackPointExtension>
</extensions>
</trkpt>
<trkpt lat="36.9699417" lon="127.8767976">
<ele>72.261</ele>
<time>2026-05-05T10:59:48Z</time>
<extensions>
<gpxtpx:TrackPointExtension>
<gpxtpx:hr>168</gpxtpx:hr>
</gpxtpx:TrackPointExtension>
</extensions>
</trkpt>
<trkpt lat="36.9699163" lon="127.8767839">
<ele>72.206</ele>
<time>2026-05-05T10:59:49Z</time>
<extensions>
<gpxtpx:TrackPointExtension>
<gpxtpx:hr>168</gpxtpx:hr>
<gpxtpx:cad>180</gpxtpx:cad>
</gpxtpx:TrackPointExtension>
</extensions>
</trkpt>
<trkpt lat="36.9698908" lon="127.8767713">
<ele>72.168</ele>
<time>2026-05-05T10:59:50Z</time>
<extensions>
<gpxtpx:TrackPointExtension>
<gpxtpx:hr>168</gpxtpx:hr>
</gpxtpx:TrackPointExtension>
</extensions>
</trkpt>
<trkpt lat="36.9698652" lon="127.8767571">
<ele>72.148</ele>
<time>2026-05-05T10:59:51Z</time>
<extensions>
<gpxtpx:TrackPointExtension>
<gpxtpx:hr>168</gpxtpx:hr>
</gpxtpx:TrackPointExtension>
</extensions>
</trkpt>
<trkpt lat="36.9698386" lon="127.8767445">
<ele>72.165</ele>
<time>2026-05-05T10:59:52Z</time>
<extensions>
<gpxtpx:TrackPointExtension>
<gpxtpx:hr>168</gpxtpx:hr>
<gpxtpx:cad>181</gpxtpx:cad>
</gpxtpx:TrackPointExtension>
</extensions>
</trkpt>
<trkpt lat="36.9698136" lon="127.8767295">
<ele>72.195</ele>
<time>2026-05-05T10:59:53Z</time>
<extensions>
<gpxtpx:TrackPointExtension>
<gpxtpx:hr>168</gpxtpx:hr>
</gpxtpx:TrackPointExtension>
</extensions>
</trkpt>
<trkpt lat="36.9697878" lon="127.8767155">
<ele>72.207</ele>
<time>2026-05-05T10:59:54Z</time>
<extensions>
<gpxtpx:TrackPointExtension>
<gpxtpx:hr>168</gpxtpx:hr>
</gpxtpx:TrackPointExtension>
</extensions>
</trkpt>
<trkpt lat="36.9697632" lon="127.8766999">
<ele>72.273</ele>
<time>2026-05-05T10:59:55Z</time>
<extensions>
<gpxtpx:TrackPointExtension>
<gpxtpx:hr>168</gpxtpx:hr>
</gpxtpx:TrackPointExtension>
</extensions>
</trkpt>
<trkpt lat="36.9697382" lon="127.8766849">
<ele>72.096</ele>
<time>2026-05-05T10:59:56Z</time>
<extensions>
<gpxtpx:TrackPointExtension>
<gpxtpx:hr>168</gpxtpx:hr>
</gpxtpx:TrackPointExtension>
</extensions>
</trkpt>
<trkpt lat="36.9697149" lon="127.8766673">
<ele>72.022</ele>
<time>2026-05-05T10:59:57Z</time>
<extensions>
<gpxtpx:TrackPointExtension>
<gpxtpx:hr>169</gpxtpx:hr>
<gpxtpx:cad>179</gpxtpx:cad>
</gpxtpx:TrackPointExtension>
</extensions>
</trkpt>
<trkpt lat="36.9696915" lon="127.87665">
<ele>72.141</ele>
<time>2026-05-05T10:59:58Z</time>
<extensions>
<gpxtpx:TrackPointExtension>
<gpxtpx:hr>169</gpxtpx:hr>
</gpxtpx:TrackPointExtension>
</extensions>
</trkpt>
<trkpt lat="36.9696689" lon="127.8766316">
<ele>72.653</ele>
<time>2026-05-05T10:59:59Z</time>
<extensions>
<gpxtpx:TrackPointExtension>
<gpxtpx:hr>169</gpxtpx:hr>
</gpxtpx:TrackPointExtension>
</extensions>
</trkpt>
<trkpt lat="36.9696464" lon="127.8766131">
<ele>72.744</ele>
<time>2026-05-05T11:00:00Z</time>
<extensions>
<gpxtpx:TrackPointExtension>
<gpxtpx:hr>169</gpxtpx:hr>
</gpxtpx:TrackPointExtension>
</extensions>
</trkpt>
<trkpt lat="36.969624" lon="127.8765943">
<ele>72.51</ele>
<time>2026-05-05T11:00:01Z</time>
<extensions>
<gpxtpx:TrackPointExtension>
<gpxtpx:hr>169</gpxtpx:hr>
</gpxtpx:TrackPointExtension>
</extensions>
</trkpt>
<trkpt lat="36.9696018" lon="127.8765754">
<ele>72.433</ele>
<time>2026-05-05T11:00:02Z</time>
<extensions>
<gpxtpx:TrackPointExtension>
<gpxtpx:hr>169</gpxtpx:hr>
<gpxtpx:cad>172</gpxtpx:cad>
</gpxtpx:TrackPointExtension>
</extensions>
</trkpt>
<trkpt lat="36.9695797" lon="127.8765561">
<ele>72.313</ele>
<time>2026-05-05T11:00:03Z</time>
<extensions>
<gpxtpx:TrackPointExtension>
<gpxtpx:hr>169</gpxtpx:hr>
</gpxtpx:TrackPointExtension>
</extensions>
</trkpt>
<trkpt lat="36.9695577" lon="127.8765368">
<ele>71.999</ele>
<time>2026-05-05T11:00:04Z</time>
<extensions>
<gpxtpx:TrackPointExtension>
<gpxtpx:hr>169</gpxtpx:hr>
</gpxtpx:TrackPointExtension>
</extensions>
</trkpt>
<trkpt lat="36.9695356" lon="127.8765176">
<ele>71.889</ele>
<time>2026-05-05T11:00:05Z</time>
<extensions>
<gpxtpx:TrackPointExtension>
<gpxtpx:hr>169</gpxtpx:hr>
</gpxtpx:TrackPointExtension>
</extensions>
</trkpt>
<trkpt lat="36.9695131" lon="127.8764987">
<ele>71.816</ele>
<time>2026-05-05T11:00:06Z</time>
<extensions>
<gpxtpx:TrackPointExtension>
<gpxtpx:hr>169</gpxtpx:hr>
</gpxtpx:TrackPointExtension>
</extensions>
</trkpt>
<trkpt lat="36.9694904" lon="127.87648">
<ele>71.931</ele>
<time>2026-05-05T11:00:07Z</time>
<extensions>
<gpxtpx:TrackPointExtension>
<gpxtpx:hr>169</gpxtpx:hr>
<gpxtpx:cad>169</gpxtpx:cad>
</gpxtpx:TrackPointExtension>
</extensions>
</trkpt>
<trkpt lat="36.9694663" lon="127.8764623">
<ele>72.001</ele>
<time>2026-05-05T11:00:08Z</time>
<extensions>
<gpxtpx:TrackPointExtension>
<gpxtpx:hr>169</gpxtpx:hr>
</gpxtpx:TrackPointExtension>
</extensions>
</trkpt>
<trkpt lat="36.9694429" lon="127.8764441">
<ele>72.104</ele>
<time>2026-05-05T11:00:09Z</time>
<extensions>
<gpxtpx:TrackPointExtension>
<gpxtpx:hr>168</gpxtpx:hr>
</gpxtpx:TrackPointExtension>
</extensions>
</trkpt>
<trkpt lat="36.9694186" lon="127.876426">
<ele>72.134</ele>
<time>2026-05-05T11:00:10Z</time>
<extensions>
<gpxtpx:TrackPointExtension>
<gpxtpx:hr>168</gpxtpx:hr>
</gpxtpx:TrackPointExtension>
</extensions>
</trkpt>
<trkpt lat="36.9693955" lon="127.8764074">
<ele>72.201</ele>
<time>2026-05-05T11:00:11Z</time>
<extensions>
<gpxtpx:TrackPointExtension>
<gpxtpx:hr>168</gpxtpx:hr>
</gpxtpx:TrackPointExtension>
</extensions>
</trkpt>
<trkpt lat="36.9693707" lon="127.8763896">
<ele>72.263</ele>
<time>2026-05-05T11:00:12Z</time>
<extensions>
<gpxtpx:TrackPointExtension>
<gpxtpx:hr>168</gpxtpx:hr>
<gpxtpx:cad>171</gpxtpx:cad>
</gpxtpx:TrackPointExtension>
</extensions>
</trkpt>
<trkpt lat="36.9693472" lon="127.8763713">
<ele>72.212</ele>
<time>2026-05-05T11:00:13Z</time>
<extensions>
<gpxtpx:TrackPointExtension>
<gpxtpx:hr>168</gpxtpx:hr>
</gpxtpx:TrackPointExtension>
</extensions>
</trkpt>
<trkpt lat="36.9693226" lon="127.8763535">
<ele>72.216</ele>
<time>2026-05-05T11:00:14Z</time>
<extensions>
<gpxtpx:TrackPointExtension>
<gpxtpx:hr>167</gpxtpx:hr>
</gpxtpx:TrackPointExtension>
</extensions>
</trkpt>
<trkpt lat="36.9692986" lon="127.8763357">
<ele>72.186</ele>
<time>2026-05-05T11:00:15Z</time>
<extensions>
<gpxtpx:TrackPointExtension>
<gpxtpx:hr>168</gpxtpx:hr>
</gpxtpx:TrackPointExtension>
</extensions>
</trkpt>
<trkpt lat="36.9692736" lon="127.8763182">
<ele>72.233</ele>
<time>2026-05-05T11:00:16Z</time>
<extensions>
<gpxtpx:TrackPointExtension>
<gpxtpx:hr>168</gpxtpx:hr>
</gpxtpx:TrackPointExtension>
</extensions>
</trkpt>
<trkpt lat="36.9692483" lon="127.8763004">
<ele>72.151</ele>
<time>2026-05-05T11:00:17Z</time>
<extensions>
<gpxtpx:TrackPointExtension>
<gpxtpx:hr>168</gpxtpx:hr>
<gpxtpx:cad>173</gpxtpx:cad>
</gpxtpx:TrackPointExtension>
</extensions>
</trkpt>
<trkpt lat="36.9692227" lon="127.8762824">
<ele>72.134</ele>
<time>2026-05-05T11:00:18Z</time>
<extensions>
<gpxtpx:TrackPointExtension>
<gpxtpx:hr>168</gpxtpx:hr>
</gpxtpx:TrackPointExtension>
</extensions>
</trkpt>
<trkpt lat="36.969197" lon="127.8762644">
<ele>72.22</ele>
<time>2026-05-05T11:00:19Z</time>
<extensions>
<gpxtpx:TrackPointExtension>
<gpxtpx:hr>167</gpxtpx:hr>
</gpxtpx:TrackPointExtension>
</extensions>
</trkpt>
<trkpt lat="36.9691712" lon="127.8762467">
<ele>72.139</ele>
<time>2026-05-05T11:00:20Z</time>
<extensions>
<gpxtpx:TrackPointExtension>
<gpxtpx:hr>167</gpxtpx:hr>
</gpxtpx:TrackPointExtension>
</extensions>
</trkpt>
<trkpt lat="36.9691453" lon="127.8762294">
<ele>72.05</ele>
<time>2026-05-05T11:00:21Z</time>
<extensions>
<gpxtpx:TrackPointExtension>
<gpxtpx:hr>167</gpxtpx:hr>
<gpxtpx:cad>175</gpxtpx:cad>
</gpxtpx:TrackPointExtension>
</extensions>
</trkpt>
<trkpt lat="36.9691193" lon="127.8762128">
<ele>72.047</ele>
<time>2026-05-05T11:00:22Z</time>
<extensions>
<gpxtpx:TrackPointExtension>
<gpxtpx:hr>166</gpxtpx:hr>
<gpxtpx:cad>173</gpxtpx:cad>
</gpxtpx:TrackPointExtension>
</extensions>
</trkpt>
<trkpt lat="36.9690931" lon="127.8761969">
<ele>72.113</ele>
<time>2026-05-05T11:00:23Z</time>
<extensions>
<gpxtpx:TrackPointExtension>
<gpxtpx:hr>166</gpxtpx:hr>
</gpxtpx:TrackPointExtension>
</extensions>
</trkpt>
<trkpt lat="36.9690668" lon="127.8761819">
<ele>72.159</ele>
<time>2026-05-05T11:00:24Z</time>
<extensions>
<gpxtpx:TrackPointExtension>
<gpxtpx:hr>166</gpxtpx:hr>
</gpxtpx:TrackPointExtension>
</extensions>
</trkpt>
<trkpt lat="36.9690404" lon="127.8761677">
<ele>72.082</ele>
<time>2026-05-05T11:00:25Z</time>
<extensions>
<gpxtpx:TrackPointExtension>
<gpxtpx:hr>166</gpxtpx:hr>
</gpxtpx:TrackPointExtension>
</extensions>
</trkpt>
<trkpt lat="36.969014" lon="127.8761548">
<ele>72.074</ele>
<time>2026-05-05T11:00:26Z</time>
<extensions>
<gpxtpx:TrackPointExtension>
<gpxtpx:hr>167</gpxtpx:hr>
</gpxtpx:TrackPointExtension>
</extensions>
</trkpt>
<trkpt lat="36.9689877" lon="127.8761416">
<ele>72.044</ele>
<time>2026-05-05T11:00:27Z</time>
<extensions>
<gpxtpx:TrackPointExtension>
<gpxtpx:hr>168</gpxtpx:hr>
<gpxtpx:cad>172</gpxtpx:cad>
</gpxtpx:TrackPointExtension>
</extensions>
</trkpt>
<trkpt lat="36.968961" lon="127.8761296">
<ele>71.989</ele>
<time>2026-05-05T11:00:28Z</time>
<extensions>
<gpxtpx:TrackPointExtension>
<gpxtpx:hr>169</gpxtpx:hr>
</gpxtpx:TrackPointExtension>
</extensions>
</trkpt>
<trkpt lat="36.9689344" lon="127.8761174">
<ele>72.038</ele>
<time>2026-05-05T11:00:29Z</time>
<extensions>
<gpxtpx:TrackPointExtension>
<gpxtpx:hr>169</gpxtpx:hr>
</gpxtpx:TrackPointExtension>
</extensions>
</trkpt>
<trkpt lat="36.9689071" lon="127.8761057">
<ele>72.062</ele>
<time>2026-05-05T11:00:30Z</time>
<extensions>
<gpxtpx:TrackPointExtension>
<gpxtpx:hr>169</gpxtpx:hr>
</gpxtpx:TrackPointExtension>
</extensions>
</trkpt>
<trkpt lat="36.9688799" lon="127.876094">
<ele>72.065</ele>
<time>2026-05-05T11:00:31Z</time>
<extensions>
<gpxtpx:TrackPointExtension>
<gpxtpx:hr>170</gpxtpx:hr>
</gpxtpx:TrackPointExtension>
</extensions>
</trkpt>
<trkpt lat="36.9688512" lon="127.8760829">
<ele>72.053</ele>
<time>2026-05-05T11:00:32Z</time>
<extensions>
<gpxtpx:TrackPointExtension>
<gpxtpx:hr>170</gpxtpx:hr>
<gpxtpx:cad>178</gpxtpx:cad>
</gpxtpx:TrackPointExtension>
</extensions>
</trkpt>
<trkpt lat="36.9688226" lon="127.8760718">
<ele>72.046</ele>
<time>2026-05-05T11:00:33Z</time>
<extensions>
<gpxtpx:TrackPointExtension>
<gpxtpx:hr>171</gpxtpx:hr>
</gpxtpx:TrackPointExtension>
</extensions>
</trkpt>
<trkpt lat="36.9687931" lon="127.8760611">
<ele>71.978</ele>
<time>2026-05-05T11:00:34Z</time>
<extensions>
<gpxtpx:TrackPointExtension>
<gpxtpx:hr>171</gpxtpx:hr>
</gpxtpx:TrackPointExtension>
</extensions>
</trkpt>
<trkpt lat="36.9687638" lon="127.8760503">
<ele>71.855</ele>
<time>2026-05-05T11:00:35Z</time>
<extensions>
<gpxtpx:TrackPointExtension>
<gpxtpx:hr>171</gpxtpx:hr>
</gpxtpx:TrackPointExtension>
</extensions>
</trkpt>
<trkpt lat="36.9687335" lon="127.8760407">
<ele>71.806</ele>
<time>2026-05-05T11:00:36Z</time>
<extensions>
<gpxtpx:TrackPointExtension>
<gpxtpx:hr>171</gpxtpx:hr>
</gpxtpx:TrackPointExtension>
</extensions>
</trkpt>
<trkpt lat="36.9687046" lon="127.8760298">
<ele>71.866</ele>
<time>2026-05-05T11:00:37Z</time>
<extensions>
<gpxtpx:TrackPointExtension>
<gpxtpx:hr>171</gpxtpx:hr>
<gpxtpx:cad>180</gpxtpx:cad>
</gpxtpx:TrackPointExtension>
</extensions>
</trkpt>
<trkpt lat="36.9686751" lon="127.8760201">
<ele>71.911</ele>
<time>2026-05-05T11:00:38Z</time>
<extensions>
<gpxtpx:TrackPointExtension>
<gpxtpx:hr>170</gpxtpx:hr>
</gpxtpx:TrackPointExtension>
</extensions>
</trkpt>
<trkpt lat="36.9686457" lon="127.8760097">
<ele>71.896</ele>
<time>2026-05-05T11:00:39Z</time>
<extensions>
<gpxtpx:TrackPointExtension>
<gpxtpx:hr>170</gpxtpx:hr>
</gpxtpx:TrackPointExtension>
</extensions>
</trkpt>
<trkpt lat="36.9686167" lon="127.8760003">
<ele>71.842</ele>
<time>2026-05-05T11:00:40Z</time>
<extensions>
<gpxtpx:TrackPointExtension>
<gpxtpx:hr>171</gpxtpx:hr>
</gpxtpx:TrackPointExtension>
</extensions>
</trkpt>
<trkpt lat="36.9685876" lon="127.8759908">
<ele>71.773</ele>
<time>2026-05-05T11:00:41Z</time>
<extensions>
<gpxtpx:TrackPointExtension>
<gpxtpx:hr>171</gpxtpx:hr>
</gpxtpx:TrackPointExtension>
</extensions>
</trkpt>
<trkpt lat="36.9685586" lon="127.8759815">
<ele>71.76</ele>
<time>2026-05-05T11:00:42Z</time>
<extensions>
<gpxtpx:TrackPointExtension>
<gpxtpx:hr>171</gpxtpx:hr>
<gpxtpx:cad>177</gpxtpx:cad>
</gpxtpx:TrackPointExtension>
</extensions>
</trkpt>
<trkpt lat="36.9685306" lon="127.8759726">
<ele>71.683</ele>
<time>2026-05-05T11:00:43Z</time>
<extensions>
<gpxtpx:TrackPointExtension>
<gpxtpx:hr>172</gpxtpx:hr>
</gpxtpx:TrackPointExtension>
</extensions>
</trkpt>
<trkpt lat="36.9685013" lon="127.8759631">
<ele>71.706</ele>
<time>2026-05-05T11:00:44Z</time>
<extensions>
<gpxtpx:TrackPointExtension>
<gpxtpx:hr>172</gpxtpx:hr>
</gpxtpx:TrackPointExtension>
</extensions>
</trkpt>
<trkpt lat="36.9684728" lon="127.875954">
<ele>71.706</ele>
<time>2026-05-05T11:00:45Z</time>
<extensions>
<gpxtpx:TrackPointExtension>
<gpxtpx:hr>173</gpxtpx:hr>
</gpxtpx:TrackPointExtension>
</extensions>
</trkpt>
<trkpt lat="36.9684436" lon="127.8759448">
<ele>71.713</ele>
<time>2026-05-05T11:00:46Z</time>
<extensions>
<gpxtpx:TrackPointExtension>
<gpxtpx:hr>173</gpxtpx:hr>
</gpxtpx:TrackPointExtension>
</extensions>
</trkpt>
<trkpt lat="36.9684159" lon="127.875936">
<ele>71.667</ele>
<time>2026-05-05T11:00:47Z</time>
<extensions>
<gpxtpx:TrackPointExtension>
<gpxtpx:hr>173</gpxtpx:hr>
<gpxtpx:cad>176</gpxtpx:cad>
</gpxtpx:TrackPointExtension>
</extensions>
</trkpt>
<trkpt lat="36.9683883" lon="127.8759274">
<ele>71.525</ele>
<time>2026-05-05T11:00:48Z</time>
<extensions>
<gpxtpx:TrackPointExtension>
<gpxtpx:hr>173</gpxtpx:hr>
</gpxtpx:TrackPointExtension>
</extensions>
</trkpt>
<trkpt lat="36.9683612" lon="127.8759189">
<ele>71.489</ele>
<time>2026-05-05T11:00:49Z</time>
<extensions>
<gpxtpx:TrackPointExtension>
<gpxtpx:hr>173</gpxtpx:hr>
</gpxtpx:TrackPointExtension>
</extensions>
</trkpt>
<trkpt lat="36.9683343" lon="127.8759105">
<ele>71.601</ele>
<time>2026-05-05T11:00:50Z</time>
<extensions>
<gpxtpx:TrackPointExtension>
<gpxtpx:hr>173</gpxtpx:hr>
</gpxtpx:TrackPointExtension>
</extensions>
</trkpt>
<trkpt lat="36.9683073" lon="127.8759016">
<ele>71.687</ele>
<time>2026-05-05T11:00:51Z</time>
<extensions>
<gpxtpx:TrackPointExtension>
<gpxtpx:hr>173</gpxtpx:hr>
</gpxtpx:TrackPointExtension>
</extensions>
</trkpt>
<trkpt lat="36.9682803" lon="127.8758921">
<ele>71.686</ele>
<time>2026-05-05T11:00:52Z</time>
<extensions>
<gpxtpx:TrackPointExtension>
<gpxtpx:hr>173</gpxtpx:hr>
<gpxtpx:cad>177</gpxtpx:cad>
</gpxtpx:TrackPointExtension>
</extensions>
</trkpt>
<trkpt lat="36.9682533" lon="127.8758821">
<ele>71.613</ele>
<time>2026-05-05T11:00:53Z</time>
<extensions>
<gpxtpx:TrackPointExtension>
<gpxtpx:hr>173</gpxtpx:hr>
<gpxtpx:cad>176</gpxtpx:cad>
</gpxtpx:TrackPointExtension>
</extensions>
</trkpt>
<trkpt lat="36.9682263" lon="127.8758715">
<ele>71.714</ele>
<time>2026-05-05T11:00:54Z</time>
<extensions>
<gpxtpx:TrackPointExtension>
<gpxtpx:hr>173</gpxtpx:hr>
</gpxtpx:TrackPointExtension>
</extensions>
</trkpt>
<trkpt lat="36.9681993" lon="127.8758602">
<ele>71.672</ele>
<time>2026-05-05T11:00:55Z</time>
<extensions>
<gpxtpx:TrackPointExtension>
<gpxtpx:hr>174</gpxtpx:hr>
</gpxtpx:TrackPointExtension>
</extensions>
</trkpt>
<trkpt lat="36.9681728" lon="127.875848">
<ele>71.692</ele>
<time>2026-05-05T11:00:56Z</time>
<extensions>
<gpxtpx:TrackPointExtension>
<gpxtpx:hr>174</gpxtpx:hr>
</gpxtpx:TrackPointExtension>
</extensions>
</trkpt>
<trkpt lat="36.9681462" lon="127.875836">
<ele>71.741</ele>
<time>2026-05-05T11:00:57Z</time>
<extensions>
<gpxtpx:TrackPointExtension>
<gpxtpx:hr>174</gpxtpx:hr>
<gpxtpx:cad>176</gpxtpx:cad>
</gpxtpx:TrackPointExtension>
</extensions>
</trkpt>
<trkpt lat="36.9681204" lon="127.8758229">
<ele>71.698</ele>
<time>2026-05-05T11:00:58Z</time>
<extensions>
<gpxtpx:TrackPointExtension>
<gpxtpx:hr>174</gpxtpx:hr>
</gpxtpx:TrackPointExtension>
</extensions>
</trkpt>
<trkpt lat="36.9680946" lon="127.8758097">
<ele>71.775</ele>
<time>2026-05-05T11:00:59Z</time>
<extensions>
<gpxtpx:TrackPointExtension>
<gpxtpx:hr>173</gpxtpx:hr>
</gpxtpx:TrackPointExtension>
</extensions>
</trkpt>
<trkpt lat="36.9680691" lon="127.8757961">
<ele>71.748</ele>
<time>2026-05-05T11:01:00Z</time>
<extensions>
<gpxtpx:TrackPointExtension>
<gpxtpx:hr>173</gpxtpx:hr>
</gpxtpx:TrackPointExtension>
</extensions>
</trkpt>
<trkpt lat="36.9680439" lon="127.8757823">
<ele>71.671</ele>
<time>2026-05-05T11:01:01Z</time>
<extensions>
<gpxtpx:TrackPointExtension>
<gpxtpx:hr>173</gpxtpx:hr>
</gpxtpx:TrackPointExtension>
</extensions>
</trkpt>
<trkpt lat="36.9680188" lon="127.8757682">
<ele>71.777</ele>
<time>2026-05-05T11:01:02Z</time>
<extensions>
<gpxtpx:TrackPointExtension>
<gpxtpx:hr>173</gpxtpx:hr>
<gpxtpx:cad>175</gpxtpx:cad>
</gpxtpx:TrackPointExtension>
</extensions>
</trkpt>
<trkpt lat="36.9679938" lon="127.8757541">
<ele>72.032</ele>
<time>2026-05-05T11:01:03Z</time>
<extensions>
<gpxtpx:TrackPointExtension>
<gpxtpx:hr>173</gpxtpx:hr>
</gpxtpx:TrackPointExtension>
</extensions>
</trkpt>
<trkpt lat="36.9679691" lon="127.8757403">
<ele>71.985</ele>
<time>2026-05-05T11:01:04Z</time>
<extensions>
<gpxtpx:TrackPointExtension>
<gpxtpx:hr>173</gpxtpx:hr>
</gpxtpx:TrackPointExtension>
</extensions>
</trkpt>
<trkpt lat="36.9679446" lon="127.8757269">
<ele>71.875</ele>
<time>2026-05-05T11:01:05Z</time>
<extensions>
<gpxtpx:TrackPointExtension>
<gpxtpx:hr>174</gpxtpx:hr>
</gpxtpx:TrackPointExtension>
</extensions>
</trkpt>
<trkpt lat="36.9679201" lon="127.8757141">
<ele>71.827</ele>
<time>2026-05-05T11:01:06Z</time>
<extensions>
<gpxtpx:TrackPointExtension>
<gpxtpx:hr>174</gpxtpx:hr>
</gpxtpx:TrackPointExtension>
</extensions>
</trkpt>
<trkpt lat="36.9678951" lon="127.8757021">
<ele>71.781</ele>
<time>2026-05-05T11:01:07Z</time>
<extensions>
<gpxtpx:TrackPointExtension>
<gpxtpx:hr>174</gpxtpx:hr>
<gpxtpx:cad>172</gpxtpx:cad>
</gpxtpx:TrackPointExtension>
</extensions>
</trkpt>
<trkpt lat="36.9678697" lon="127.8756901">
<ele>71.789</ele>
<time>2026-05-05T11:01:08Z</time>
<extensions>
<gpxtpx:TrackPointExtension>
<gpxtpx:hr>174</gpxtpx:hr>
</gpxtpx:TrackPointExtension>
</extensions>
</trkpt>
<trkpt lat="36.9678447" lon="127.8756775">
<ele>71.822</ele>
<time>2026-05-05T11:01:09Z</time>
<extensions>
<gpxtpx:TrackPointExtension>
<gpxtpx:hr>174</gpxtpx:hr>
</gpxtpx:TrackPointExtension>
</extensions>
</trkpt>
<trkpt lat="36.9678196" lon="127.8756651">
<ele>71.848</ele>
<time>2026-05-05T11:01:10Z</time>
<extensions>
<gpxtpx:TrackPointExtension>
<gpxtpx:hr>174</gpxtpx:hr>
</gpxtpx:TrackPointExtension>
</extensions>
</trkpt>
<trkpt lat="36.9677947" lon="127.8756522">
<ele>71.836</ele>
<time>2026-05-05T11:01:11Z</time>
</trkpt>
<trkpt lat="36.9677694" lon="127.8756406">
<ele>71.903</ele>
<time>2026-05-05T11:01:12Z</time>
<extensions>
<gpxtpx:TrackPointExtension>
<gpxtpx:cad>171</gpxtpx:cad>
</gpxtpx:TrackPointExtension>
</extensions>
</trkpt>
<trkpt lat="36.9677443" lon="127.8756281">
<ele>71.846</ele>
<time>2026-05-05T11:01:13Z</time>
<extensions>
<gpxtpx:TrackPointExtension>
<gpxtpx:hr>174</gpxtpx:hr>
</gpxtpx:TrackPointExtension>
</extensions>
</trkpt>
<trkpt lat="36.9677191" lon="127.8756164">
<ele>71.721</ele>
<time>2026-05-05T11:01:14Z</time>
<extensions>
<gpxtpx:TrackPointExtension>
<gpxtpx:hr>174</gpxtpx:hr>
</gpxtpx:TrackPointExtension>
</extensions>
</trkpt>
<trkpt lat="36.9676937" lon="127.8756049">
<ele>71.715</ele>
<time>2026-05-05T11:01:15Z</time>
<extensions>
<gpxtpx:TrackPointExtension>
<gpxtpx:hr>173</gpxtpx:hr>
</gpxtpx:TrackPointExtension>
</extensions>
</trkpt>
<trkpt lat="36.9676683" lon="127.8755936">
<ele>71.791</ele>
<time>2026-05-05T11:01:16Z</time>
<extensions>
<gpxtpx:TrackPointExtension>
<gpxtpx:hr>173</gpxtpx:hr>
</gpxtpx:TrackPointExtension>
</extensions>
</trkpt>
<trkpt lat="36.9676429" lon="127.8755825">
<ele>71.791</ele>
<time>2026-05-05T11:01:17Z</time>
<extensions>
<gpxtpx:TrackPointExtension>
<gpxtpx:hr>173</gpxtpx:hr>
<gpxtpx:cad>174</gpxtpx:cad>
</gpxtpx:TrackPointExtension>
</extensions>
</trkpt>
<trkpt lat="36.9676173" lon="127.8755715">
<ele>71.746</ele>
<time>2026-05-05T11:01:18Z</time>
<extensions>
<gpxtpx:TrackPointExtension>
<gpxtpx:hr>173</gpxtpx:hr>
</gpxtpx:TrackPointExtension>
</extensions>
</trkpt>
<trkpt lat="36.9675918" lon="127.8755603">
<ele>71.638</ele>
<time>2026-05-05T11:01:19Z</time>
<extensions>
<gpxtpx:TrackPointExtension>
<gpxtpx:hr>172</gpxtpx:hr>
</gpxtpx:TrackPointExtension>
</extensions>
</trkpt>
<trkpt lat="36.9675662" lon="127.875549">
<ele>71.518</ele>
<time>2026-05-05T11:01:20Z</time>
<extensions>
<gpxtpx:TrackPointExtension>
<gpxtpx:hr>172</gpxtpx:hr>
</gpxtpx:TrackPointExtension>
</extensions>
</trkpt>
<trkpt lat="36.9675405" lon="127.8755379">
<ele>71.62</ele>
<time>2026-05-05T11:01:21Z</time>
<extensions>
<gpxtpx:TrackPointExtension>
<gpxtpx:hr>172</gpxtpx:hr>
</gpxtpx:TrackPointExtension>
</extensions>
</trkpt>
<trkpt lat="36.9675148" lon="127.8755266">
<ele>71.638</ele>
<time>2026-05-05T11:01:22Z</time>
<extensions>
<gpxtpx:TrackPointExtension>
<gpxtpx:hr>172</gpxtpx:hr>
<gpxtpx:cad>174</gpxtpx:cad>
</gpxtpx:TrackPointExtension>
</extensions>
</trkpt>
<trkpt lat="36.9674891" lon="127.8755152">
<ele>71.666</ele>
<time>2026-05-05T11:01:23Z</time>
<extensions>
<gpxtpx:TrackPointExtension>
<gpxtpx:hr>172</gpxtpx:hr>
</gpxtpx:TrackPointExtension>
</extensions>
</trkpt>
<trkpt lat="36.9674634" lon="127.8755036">
<ele>71.702</ele>
<time>2026-05-05T11:01:24Z</time>
<extensions>
<gpxtpx:TrackPointExtension>
<gpxtpx:hr>172</gpxtpx:hr>
<gpxtpx:cad>173</gpxtpx:cad>
</gpxtpx:TrackPointExtension>
</extensions>
</trkpt>
<trkpt lat="36.9674377" lon="127.8754919">
<ele>71.693</ele>
<time>2026-05-05T11:01:25Z</time>
<extensions>
<gpxtpx:TrackPointExtension>
<gpxtpx:hr>171</gpxtpx:hr>
</gpxtpx:TrackPointExtension>
</extensions>
</trkpt>
<trkpt lat="36.967412" lon="127.87548">
<ele>71.676</ele>
<time>2026-05-05T11:01:26Z</time>
<extensions>
<gpxtpx:TrackPointExtension>
<gpxtpx:hr>170</gpxtpx:hr>
</gpxtpx:TrackPointExtension>
</extensions>
</trkpt>
<trkpt lat="36.9673863" lon="127.8754679">
<ele>71.665</ele>
<time>2026-05-05T11:01:27Z</time>
<extensions>
<gpxtpx:TrackPointExtension>
<gpxtpx:hr>169</gpxtpx:hr>
<gpxtpx:cad>172</gpxtpx:cad>
</gpxtpx:TrackPointExtension>
</extensions>
</trkpt>
<trkpt lat="36.9673607" lon="127.8754563">
<ele>71.608</ele>
<time>2026-05-05T11:01:28Z</time>
<extensions>
<gpxtpx:TrackPointExtension>
<gpxtpx:hr>168</gpxtpx:hr>
</gpxtpx:TrackPointExtension>
</extensions>
</trkpt>
<trkpt lat="36.9673347" lon="127.8754431">
<ele>71.524</ele>
<time>2026-05-05T11:01:29Z</time>
<extensions>
<gpxtpx:TrackPointExtension>
<gpxtpx:hr>167</gpxtpx:hr>
</gpxtpx:TrackPointExtension>
</extensions>
</trkpt>
<trkpt lat="36.9673089" lon="127.875431">
<ele>71.514</ele>
<time>2026-05-05T11:01:30Z</time>
<extensions>
<gpxtpx:TrackPointExtension>
<gpxtpx:hr>167</gpxtpx:hr>
</gpxtpx:TrackPointExtension>
</extensions>
</trkpt>
<trkpt lat="36.9672825" lon="127.8754174">
<ele>71.445</ele>
<time>2026-05-05T11:01:31Z</time>
<extensions>
<gpxtpx:TrackPointExtension>
<gpxtpx:hr>167</gpxtpx:hr>
</gpxtpx:TrackPointExtension>
</extensions>
</trkpt>
<trkpt lat="36.9672565" lon="127.8754049">
<ele>71.192</ele>
<time>2026-05-05T11:01:32Z</time>
<extensions>
<gpxtpx:TrackPointExtension>
<gpxtpx:hr>167</gpxtpx:hr>
<gpxtpx:cad>172</gpxtpx:cad>
</gpxtpx:TrackPointExtension>
</extensions>
</trkpt>
<trkpt lat="36.96723" lon="127.8753916">
<ele>71.181</ele>
<time>2026-05-05T11:01:33Z</time>
<extensions>
<gpxtpx:TrackPointExtension>
<gpxtpx:hr>167</gpxtpx:hr>
</gpxtpx:TrackPointExtension>
</extensions>
</trkpt>
<trkpt lat="36.9672033" lon="127.8753781">
<ele>71.246</ele>
<time>2026-05-05T11:01:34Z</time>
</trkpt>
<trkpt lat="36.9671763" lon="127.8753643">
<ele>71.319</ele>
<time>2026-05-05T11:01:35Z</time>
<extensions>
<gpxtpx:TrackPointExtension>
<gpxtpx:hr>168</gpxtpx:hr>
</gpxtpx:TrackPointExtension>
</extensions>
</trkpt>
<trkpt lat="36.9671492" lon="127.8753504">
<ele>71.352</ele>
<time>2026-05-05T11:01:36Z</time>
<extensions>
<gpxtpx:TrackPointExtension>
<gpxtpx:hr>168</gpxtpx:hr>
</gpxtpx:TrackPointExtension>
</extensions>
</trkpt>
<trkpt lat="36.9671234" lon="127.8753364">
<ele>71.339</ele>
<time>2026-05-05T11:01:37Z</time>
<extensions>
<gpxtpx:TrackPointExtension>
<gpxtpx:hr>168</gpxtpx:hr>
<gpxtpx:cad>171</gpxtpx:cad>
</gpxtpx:TrackPointExtension>
</extensions>
</trkpt>
<trkpt lat="36.967096" lon="127.8753226">
<ele>71.295</ele>
<time>2026-05-05T11:01:38Z</time>
<extensions>
<gpxtpx:TrackPointExtension>
<gpxtpx:hr>168</gpxtpx:hr>
</gpxtpx:TrackPointExtension>
</extensions>
</trkpt>
<trkpt lat="36.9670694" lon="127.8753089">
<ele>71.2</ele>
<time>2026-05-05T11:01:39Z</time>
<extensions>
<gpxtpx:TrackPointExtension>
<gpxtpx:hr>168</gpxtpx:hr>
</gpxtpx:TrackPointExtension>
</extensions>
</trkpt>
<trkpt lat="36.9670419" lon="127.8752952">
<ele>71.143</ele>
<time>2026-05-05T11:01:40Z</time>
<extensions>
<gpxtpx:TrackPointExtension>
<gpxtpx:hr>168</gpxtpx:hr>
</gpxtpx:TrackPointExtension>
</extensions>
</trkpt>
<trkpt lat="36.9670124" lon="127.8752814">
<ele>71.138</ele>
<time>2026-05-05T11:01:41Z</time>
<extensions>
<gpxtpx:TrackPointExtension>
<gpxtpx:hr>169</gpxtpx:hr>
</gpxtpx:TrackPointExtension>
</extensions>
</trkpt>
<trkpt lat="36.9669821" lon="127.8752676">
<ele>71.088</ele>
<time>2026-05-05T11:01:42Z</time>
<extensions>
<gpxtpx:TrackPointExtension>
<gpxtpx:hr>169</gpxtpx:hr>
<gpxtpx:cad>175</gpxtpx:cad>
</gpxtpx:TrackPointExtension>
</extensions>
</trkpt>
<trkpt lat="36.9669513" lon="127.8752537">
<ele>71.011</ele>
<time>2026-05-05T11:01:43Z</time>
<extensions>
<gpxtpx:TrackPointExtension>
<gpxtpx:hr>169</gpxtpx:hr>
</gpxtpx:TrackPointExtension>
</extensions>
</trkpt>
<trkpt lat="36.9669203" lon="127.8752396">
<ele>70.999</ele>
<time>2026-05-05T11:01:44Z</time>
<extensions>
<gpxtpx:TrackPointExtension>
<gpxtpx:hr>170</gpxtpx:hr>
</gpxtpx:TrackPointExtension>
</extensions>
</trkpt>
<trkpt lat="36.9668895" lon="127.8752252">
<ele>71.012</ele>
<time>2026-05-05T11:01:45Z</time>
<extensions>
<gpxtpx:TrackPointExtension>
<gpxtpx:hr>170</gpxtpx:hr>
</gpxtpx:TrackPointExtension>
</extensions>
</trkpt>
<trkpt lat="36.9668592" lon="127.8752103">
<ele>70.943</ele>
<time>2026-05-05T11:01:46Z</time>
<extensions>
<gpxtpx:TrackPointExtension>
<gpxtpx:hr>171</gpxtpx:hr>
</gpxtpx:TrackPointExtension>
</extensions>
</trkpt>
<trkpt lat="36.96683" lon="127.875194">
<ele>70.954</ele>
<time>2026-05-05T11:01:47Z</time>
<extensions>
<gpxtpx:TrackPointExtension>
<gpxtpx:hr>171</gpxtpx:hr>
<gpxtpx:cad>182</gpxtpx:cad>
</gpxtpx:TrackPointExtension>
</extensions>
</trkpt>
<trkpt lat="36.9668006" lon="127.8751778">
<ele>70.94</ele>
<time>2026-05-05T11:01:48Z</time>
<extensions>
<gpxtpx:TrackPointExtension>
<gpxtpx:hr>171</gpxtpx:hr>
</gpxtpx:TrackPointExtension>
</extensions>
</trkpt>
<trkpt lat="36.9667729" lon="127.8751589">
<ele>70.909</ele>
<time>2026-05-05T11:01:49Z</time>
<extensions>
<gpxtpx:TrackPointExtension>
<gpxtpx:hr>172</gpxtpx:hr>
</gpxtpx:TrackPointExtension>
</extensions>
</trkpt>
<trkpt lat="36.966745" lon="127.8751403">
<ele>70.906</ele>
<time>2026-05-05T11:01:50Z</time>
<extensions>
<gpxtpx:TrackPointExtension>
<gpxtpx:hr>172</gpxtpx:hr>
</gpxtpx:TrackPointExtension>
</extensions>
</trkpt>
<trkpt lat="36.9667185" lon="127.8751192">
<ele>70.875</ele>
<time>2026-05-05T11:01:51Z</time>
<extensions>
<gpxtpx:TrackPointExtension>
<gpxtpx:hr>172</gpxtpx:hr>
</gpxtpx:TrackPointExtension>
</extensions>
</trkpt>
<trkpt lat="36.9666919" lon="127.875098">
<ele>70.828</ele>
<time>2026-05-05T11:01:52Z</time>
<extensions>
<gpxtpx:TrackPointExtension>
<gpxtpx:hr>173</gpxtpx:hr>
<gpxtpx:cad>181</gpxtpx:cad>
</gpxtpx:TrackPointExtension>
</extensions>
</trkpt>
<trkpt lat="36.966667" lon="127.8750737">
<ele>70.869</ele>
<time>2026-05-05T11:01:53Z</time>
<extensions>
<gpxtpx:TrackPointExtension>
<gpxtpx:hr>173</gpxtpx:hr>
</gpxtpx:TrackPointExtension>
</extensions>
</trkpt>
<trkpt lat="36.9666428" lon="127.8750485">
<ele>70.955</ele>
<time>2026-05-05T11:01:54Z</time>
<extensions>
<gpxtpx:TrackPointExtension>
<gpxtpx:hr>173</gpxtpx:hr>
<gpxtpx:cad>181</gpxtpx:cad>
</gpxtpx:TrackPointExtension>
</extensions>
</trkpt>
<trkpt lat="36.9666199" lon="127.8750207">
<ele>71.064</ele>
<time>2026-05-05T11:01:55Z</time>
<extensions>
<gpxtpx:TrackPointExtension>
<gpxtpx:hr>174</gpxtpx:hr>
</gpxtpx:TrackPointExtension>
</extensions>
</trkpt>
<trkpt lat="36.9665988" lon="127.8749909">
<ele>71.14</ele>
<time>2026-05-05T11:01:56Z</time>
<extensions>
<gpxtpx:TrackPointExtension>
<gpxtpx:hr>174</gpxtpx:hr>
</gpxtpx:TrackPointExtension>
</extensions>
</trkpt>
<trkpt lat="36.9665802" lon="127.8749592">
<ele>71.185</ele>
<time>2026-05-05T11:01:57Z</time>
<extensions>
<gpxtpx:TrackPointExtension>
<gpxtpx:hr>174</gpxtpx:hr>
<gpxtpx:cad>181</gpxtpx:cad>
</gpxtpx:TrackPointExtension>
</extensions>
</trkpt>
<trkpt lat="36.9665618" lon="127.8749273">
<ele>71.054</ele>
<time>2026-05-05T11:01:58Z</time>
<extensions>
<gpxtpx:TrackPointExtension>
<gpxtpx:hr>174</gpxtpx:hr>
</gpxtpx:TrackPointExtension>
</extensions>
</trkpt>
<trkpt lat="36.9665467" lon="127.8748933">
<ele>71.159</ele>
<time>2026-05-05T11:01:59Z</time>
<extensions>
<gpxtpx:TrackPointExtension>
<gpxtpx:hr>174</gpxtpx:hr>
</gpxtpx:TrackPointExtension>
</extensions>
</trkpt>
<trkpt lat="36.966531" lon="127.8748595">
<ele>71.023</ele>
<time>2026-05-05T11:02:00Z</time>
<extensions>
<gpxtpx:TrackPointExtension>
<gpxtpx:hr>174</gpxtpx:hr>
</gpxtpx:TrackPointExtension>
</extensions>
</trkpt>
<trkpt lat="36.9665187" lon="127.8748237">
<ele>71.094</ele>
<time>2026-05-05T11:02:01Z</time>
<extensions>
<gpxtpx:TrackPointExtension>
<gpxtpx:hr>174</gpxtpx:hr>
</gpxtpx:TrackPointExtension>
</extensions>
</trkpt>
<trkpt lat="36.9665073" lon="127.8747872">
<ele>70.917</ele>
<time>2026-05-05T11:02:02Z</time>
<extensions>
<gpxtpx:TrackPointExtension>
<gpxtpx:hr>175</gpxtpx:hr>
<gpxtpx:cad>181</gpxtpx:cad>
</gpxtpx:TrackPointExtension>
</extensions>
</trkpt>
<trkpt lat="36.9665008" lon="127.8747491">
<ele>70.965</ele>
<time>2026-05-05T11:02:03Z</time>
<extensions>
<gpxtpx:TrackPointExtension>
<gpxtpx:hr>175</gpxtpx:hr>
</gpxtpx:TrackPointExtension>
</extensions>
</trkpt>
<trkpt lat="36.9664951" lon="127.8747109">
<ele>70.847</ele>
<time>2026-05-05T11:02:04Z</time>
<extensions>
<gpxtpx:TrackPointExtension>
<gpxtpx:hr>175</gpxtpx:hr>
</gpxtpx:TrackPointExtension>
</extensions>
</trkpt>
<trkpt lat="36.9664914" lon="127.8746724">
<ele>70.653</ele>
<time>2026-05-05T11:02:05Z</time>
<extensions>
<gpxtpx:TrackPointExtension>
<gpxtpx:hr>175</gpxtpx:hr>
</gpxtpx:TrackPointExtension>
</extensions>
</trkpt>
<trkpt lat="36.9664891" lon="127.8746339">
<ele>70.621</ele>
<time>2026-05-05T11:02:06Z</time>
<extensions>
<gpxtpx:TrackPointExtension>
<gpxtpx:hr>174</gpxtpx:hr>
</gpxtpx:TrackPointExtension>
</extensions>
</trkpt>
<trkpt lat="36.9664881" lon="127.8745954">
<ele>70.748</ele>
<time>2026-05-05T11:02:07Z</time>
<extensions>
<gpxtpx:TrackPointExtension>
<gpxtpx:hr>174</gpxtpx:hr>
<gpxtpx:cad>179</gpxtpx:cad>
</gpxtpx:TrackPointExtension>
</extensions>
</trkpt>
<trkpt lat="36.966487" lon="127.874557">
<ele>70.923</ele>
<time>2026-05-05T11:02:08Z</time>
<extensions>
<gpxtpx:TrackPointExtension>
<gpxtpx:hr>174</gpxtpx:hr>
</gpxtpx:TrackPointExtension>
</extensions>
</trkpt>
<trkpt lat="36.9664854" lon="127.8745187">
<ele>70.873</ele>
<time>2026-05-05T11:02:09Z</time>
<extensions>
<gpxtpx:TrackPointExtension>
<gpxtpx:hr>174</gpxtpx:hr>
</gpxtpx:TrackPointExtension>
</extensions>
</trkpt>
<trkpt lat="36.9664827" lon="127.8744806">
<ele>70.932</ele>
<time>2026-05-05T11:02:10Z</time>
<extensions>
<gpxtpx:TrackPointExtension>
<gpxtpx:hr>174</gpxtpx:hr>
</gpxtpx:TrackPointExtension>
</extensions>
</trkpt>
<trkpt lat="36.9664791" lon="127.8744427">
<ele>71.005</ele>
<time>2026-05-05T11:02:11Z</time>
<extensions>
<gpxtpx:TrackPointExtension>
<gpxtpx:hr>173</gpxtpx:hr>
</gpxtpx:TrackPointExtension>
</extensions>
</trkpt>
<trkpt lat="36.9664759" lon="127.8744049">
<ele>71.088</ele>
<time>2026-05-05T11:02:12Z</time>
<extensions>
<gpxtpx:TrackPointExtension>
<gpxtpx:hr>173</gpxtpx:hr>
<gpxtpx:cad>175</gpxtpx:cad>
</gpxtpx:TrackPointExtension>
</extensions>
</trkpt>
<trkpt lat="36.9664725" lon="127.8743671">
<ele>70.979</ele>
<time>2026-05-05T11:02:13Z</time>
<extensions>
<gpxtpx:TrackPointExtension>
<gpxtpx:hr>173</gpxtpx:hr>
</gpxtpx:TrackPointExtension>
</extensions>
</trkpt>
<trkpt lat="36.9664687" lon="127.8743294">
<ele>70.861</ele>
<time>2026-05-05T11:02:14Z</time>
<extensions>
<gpxtpx:TrackPointExtension>
<gpxtpx:hr>173</gpxtpx:hr>
</gpxtpx:TrackPointExtension>
</extensions>
</trkpt>
<trkpt lat="36.9664649" lon="127.8742914">
<ele>70.908</ele>
<time>2026-05-05T11:02:15Z</time>
<extensions>
<gpxtpx:TrackPointExtension>
<gpxtpx:hr>173</gpxtpx:hr>
</gpxtpx:TrackPointExtension>
</extensions>
</trkpt>
<trkpt lat="36.9664614" lon="127.8742537">
<ele>70.768</ele>
<time>2026-05-05T11:02:16Z</time>
<extensions>
<gpxtpx:TrackPointExtension>
<gpxtpx:hr>174</gpxtpx:hr>
</gpxtpx:TrackPointExtension>
</extensions>
</trkpt>
<trkpt lat="36.9664562" lon="127.8742162">
<ele>70.716</ele>
<time>2026-05-05T11:02:17Z</time>
<extensions>
<gpxtpx:TrackPointExtension>
<gpxtpx:hr>174</gpxtpx:hr>
<gpxtpx:cad>173</gpxtpx:cad>
</gpxtpx:TrackPointExtension>
</extensions>
</trkpt>
<trkpt lat="36.9664501" lon="127.8741795">
<ele>70.686</ele>
<time>2026-05-05T11:02:18Z</time>
<extensions>
<gpxtpx:TrackPointExtension>
<gpxtpx:hr>174</gpxtpx:hr>
</gpxtpx:TrackPointExtension>
</extensions>
</trkpt>
<trkpt lat="36.9664444" lon="127.8741424">
<ele>70.685</ele>
<time>2026-05-05T11:02:19Z</time>
<extensions>
<gpxtpx:TrackPointExtension>
<gpxtpx:hr>175</gpxtpx:hr>
</gpxtpx:TrackPointExtension>
</extensions>
</trkpt>
<trkpt lat="36.9664387" lon="127.8741051">
<ele>70.692</ele>
<time>2026-05-05T11:02:20Z</time>
<extensions>
<gpxtpx:TrackPointExtension>
<gpxtpx:hr>175</gpxtpx:hr>
</gpxtpx:TrackPointExtension>
</extensions>
</trkpt>
<trkpt lat="36.9664346" lon="127.8740661">
<ele>70.823</ele>
<time>2026-05-05T11:02:21Z</time>
<extensions>
<gpxtpx:TrackPointExtension>
<gpxtpx:hr>175</gpxtpx:hr>
</gpxtpx:TrackPointExtension>
</extensions>
</trkpt>
<trkpt lat="36.966431" lon="127.8740264">
<ele>70.777</ele>
<time>2026-05-05T11:02:22Z</time>
<extensions>
<gpxtpx:TrackPointExtension>
<gpxtpx:hr>175</gpxtpx:hr>
<gpxtpx:cad>176</gpxtpx:cad>
</gpxtpx:TrackPointExtension>
</extensions>
</trkpt>
<trkpt lat="36.9664292" lon="127.8739845">
<ele>70.779</ele>
<time>2026-05-05T11:02:23Z</time>
<extensions>
<gpxtpx:TrackPointExtension>
<gpxtpx:hr>176</gpxtpx:hr>
<gpxtpx:cad>176</gpxtpx:cad>
</gpxtpx:TrackPointExtension>
</extensions>
</trkpt>
<trkpt lat="36.9664286" lon="127.8739418">
<ele>70.912</ele>
<time>2026-05-05T11:02:24Z</time>
<extensions>
<gpxtpx:TrackPointExtension>
<gpxtpx:hr>176</gpxtpx:hr>
</gpxtpx:TrackPointExtension>
</extensions>
</trkpt>
<trkpt lat="36.9664298" lon="127.8738994">
<ele>70.996</ele>
<time>2026-05-05T11:02:25Z</time>
<extensions>
<gpxtpx:TrackPointExtension>
<gpxtpx:hr>175</gpxtpx:hr>
</gpxtpx:TrackPointExtension>
</extensions>
</trkpt>
<trkpt lat="36.9664309" lon="127.873857">
<ele>70.929</ele>
<time>2026-05-05T11:02:26Z</time>
<extensions>
<gpxtpx:TrackPointExtension>
<gpxtpx:hr>175</gpxtpx:hr>
</gpxtpx:TrackPointExtension>
</extensions>
</trkpt>
<trkpt lat="36.9664338" lon="127.8738164">
<ele>70.879</ele>
<time>2026-05-05T11:02:27Z</time>
<extensions>
<gpxtpx:TrackPointExtension>
<gpxtpx:hr>174</gpxtpx:hr>
<gpxtpx:cad>177</gpxtpx:cad>
</gpxtpx:TrackPointExtension>
</extensions>
</trkpt>
<trkpt lat="36.9664369" lon="127.8737763">
<ele>70.997</ele>
<time>2026-05-05T11:02:28Z</time>
<extensions>
<gpxtpx:TrackPointExtension>
<gpxtpx:hr>173</gpxtpx:hr>
</gpxtpx:TrackPointExtension>
</extensions>
</trkpt>
<trkpt lat="36.9664406" lon="127.8737373">
<ele>71.089</ele>
<time>2026-05-05T11:02:29Z</time>
<extensions>
<gpxtpx:TrackPointExtension>
<gpxtpx:hr>173</gpxtpx:hr>
</gpxtpx:TrackPointExtension>
</extensions>
</trkpt>
<trkpt lat="36.9664442" lon="127.8736982">
<ele>71.13</ele>
<time>2026-05-05T11:02:30Z</time>
<extensions>
<gpxtpx:TrackPointExtension>
<gpxtpx:hr>172</gpxtpx:hr>
</gpxtpx:TrackPointExtension>
</extensions>
</trkpt>
<trkpt lat="36.9664483" lon="127.8736595">
<ele>71.083</ele>
<time>2026-05-05T11:02:31Z</time>
<extensions>
<gpxtpx:TrackPointExtension>
<gpxtpx:hr>171</gpxtpx:hr>
</gpxtpx:TrackPointExtension>
</extensions>
</trkpt>
<trkpt lat="36.9664524" lon="127.8736207">
<ele>70.978</ele>
<time>2026-05-05T11:02:32Z</time>
<extensions>
<gpxtpx:TrackPointExtension>
<gpxtpx:hr>171</gpxtpx:hr>
<gpxtpx:cad>176</gpxtpx:cad>
</gpxtpx:TrackPointExtension>
</extensions>
</trkpt>
<trkpt lat="36.9664562" lon="127.8735824">
<ele>71.053</ele>
<time>2026-05-05T11:02:33Z</time>
<extensions>
<gpxtpx:TrackPointExtension>
<gpxtpx:hr>170</gpxtpx:hr>
</gpxtpx:TrackPointExtension>
</extensions>
</trkpt>
<trkpt lat="36.9664597" lon="127.8735442">
<ele>71.173</ele>
<time>2026-05-05T11:02:34Z</time>
<extensions>
<gpxtpx:TrackPointExtension>
<gpxtpx:hr>170</gpxtpx:hr>
</gpxtpx:TrackPointExtension>
</extensions>
</trkpt>
<trkpt lat="36.9664623" lon="127.8735071">
<ele>71.132</ele>
<time>2026-05-05T11:02:35Z</time>
<extensions>
<gpxtpx:TrackPointExtension>
<gpxtpx:hr>170</gpxtpx:hr>
</gpxtpx:TrackPointExtension>
</extensions>
</trkpt>
<trkpt lat="36.9664629" lon="127.8734711">
<ele>71.208</ele>
<time>2026-05-05T11:02:36Z</time>
<extensions>
<gpxtpx:TrackPointExtension>
<gpxtpx:hr>169</gpxtpx:hr>
</gpxtpx:TrackPointExtension>
</extensions>
</trkpt>
<trkpt lat="36.9664649" lon="127.8734339">
<ele>71.277</ele>
<time>2026-05-05T11:02:37Z</time>
<extensions>
<gpxtpx:TrackPointExtension>
<gpxtpx:hr>169</gpxtpx:hr>
<gpxtpx:cad>179</gpxtpx:cad>
</gpxtpx:TrackPointExtension>
</extensions>
</trkpt>
<trkpt lat="36.9664667" lon="127.8733967">
<ele>71.3</ele>
<time>2026-05-05T11:02:38Z</time>
<extensions>
<gpxtpx:TrackPointExtension>
<gpxtpx:hr>170</gpxtpx:hr>
</gpxtpx:TrackPointExtension>
</extensions>
</trkpt>
<trkpt lat="36.9664672" lon="127.8733597">
<ele>71.466</ele>
<time>2026-05-05T11:02:39Z</time>
<extensions>
<gpxtpx:TrackPointExtension>
<gpxtpx:hr>170</gpxtpx:hr>
</gpxtpx:TrackPointExtension>
</extensions>
</trkpt>
<trkpt lat="36.9664692" lon="127.8733225">
<ele>71.289</ele>
<time>2026-05-05T11:02:40Z</time>
<extensions>
<gpxtpx:TrackPointExtension>
<gpxtpx:hr>171</gpxtpx:hr>
</gpxtpx:TrackPointExtension>
</extensions>
</trkpt>
<trkpt lat="36.96647" lon="127.8732854">
<ele>71.3</ele>
<time>2026-05-05T11:02:41Z</time>
<extensions>
<gpxtpx:TrackPointExtension>
<gpxtpx:hr>171</gpxtpx:hr>
</gpxtpx:TrackPointExtension>
</extensions>
</trkpt>
<trkpt lat="36.9664711" lon="127.8732486">
<ele>71.251</ele>
<time>2026-05-05T11:02:42Z</time>
<extensions>
<gpxtpx:TrackPointExtension>
<gpxtpx:hr>172</gpxtpx:hr>
<gpxtpx:cad>181</gpxtpx:cad>
</gpxtpx:TrackPointExtension>
</extensions>
</trkpt>
<trkpt lat="36.966471" lon="127.8732112">
<ele>70.744</ele>
<time>2026-05-05T11:02:43Z</time>
<extensions>
<gpxtpx:TrackPointExtension>
<gpxtpx:hr>172</gpxtpx:hr>
</gpxtpx:TrackPointExtension>
</extensions>
</trkpt>
<trkpt lat="36.9664713" lon="127.8731746">
<ele>70.455</ele>
<time>2026-05-05T11:02:44Z</time>
<extensions>
<gpxtpx:TrackPointExtension>
<gpxtpx:hr>172</gpxtpx:hr>
</gpxtpx:TrackPointExtension>
</extensions>
</trkpt>
<trkpt lat="36.9664713" lon="127.8731375">
<ele>70.636</ele>
<time>2026-05-05T11:02:45Z</time>
<extensions>
<gpxtpx:TrackPointExtension>
<gpxtpx:hr>172</gpxtpx:hr>
</gpxtpx:TrackPointExtension>
</extensions>
</trkpt>
<trkpt lat="36.9664717" lon="127.8731001">
<ele>70.79</ele>
<time>2026-05-05T11:02:46Z</time>
<extensions>
<gpxtpx:TrackPointExtension>
<gpxtpx:hr>172</gpxtpx:hr>
</gpxtpx:TrackPointExtension>
</extensions>
</trkpt>
<trkpt lat="36.9664714" lon="127.8730631">
<ele>70.864</ele>
<time>2026-05-05T11:02:47Z</time>
<extensions>
<gpxtpx:TrackPointExtension>
<gpxtpx:hr>172</gpxtpx:hr>
<gpxtpx:cad>180</gpxtpx:cad>
</gpxtpx:TrackPointExtension>
</extensions>
</trkpt>
<trkpt lat="36.9664724" lon="127.8730259">
<ele>70.849</ele>
<time>2026-05-05T11:02:48Z</time>
<extensions>
<gpxtpx:TrackPointExtension>
<gpxtpx:hr>172</gpxtpx:hr>
</gpxtpx:TrackPointExtension>
</extensions>
</trkpt>
<trkpt lat="36.9664723" lon="127.8729885">
<ele>70.792</ele>
<time>2026-05-05T11:02:49Z</time>
<extensions>
<gpxtpx:TrackPointExtension>
<gpxtpx:hr>173</gpxtpx:hr>
</gpxtpx:TrackPointExtension>
</extensions>
</trkpt>
<trkpt lat="36.9664738" lon="127.8729517">
<ele>70.775</ele>
<time>2026-05-05T11:02:50Z</time>
<extensions>
<gpxtpx:TrackPointExtension>
<gpxtpx:hr>173</gpxtpx:hr>
</gpxtpx:TrackPointExtension>
</extensions>
</trkpt>
<trkpt lat="36.9664743" lon="127.8729142">
<ele>70.722</ele>
<time>2026-05-05T11:02:51Z</time>
</trkpt>
<trkpt lat="36.9664757" lon="127.8728778">
<ele>70.787</ele>
<time>2026-05-05T11:02:52Z</time>
<extensions>
<gpxtpx:TrackPointExtension>
<gpxtpx:hr>173</gpxtpx:hr>
<gpxtpx:cad>177</gpxtpx:cad>
</gpxtpx:TrackPointExtension>
</extensions>
</trkpt>
<trkpt lat="36.9664766" lon="127.872841">
<ele>70.791</ele>
<time>2026-05-05T11:02:53Z</time>
<extensions>
<gpxtpx:TrackPointExtension>
<gpxtpx:hr>174</gpxtpx:hr>
<gpxtpx:cad>175</gpxtpx:cad>
</gpxtpx:TrackPointExtension>
</extensions>
</trkpt>
<trkpt lat="36.966477" lon="127.8728045">
<ele>70.914</ele>
<time>2026-05-05T11:02:54Z</time>
<extensions>
<gpxtpx:TrackPointExtension>
<gpxtpx:hr>174</gpxtpx:hr>
</gpxtpx:TrackPointExtension>
</extensions>
</trkpt>
<trkpt lat="36.9664781" lon="127.8727676">
<ele>71.107</ele>
<time>2026-05-05T11:02:55Z</time>
<extensions>
<gpxtpx:TrackPointExtension>
<gpxtpx:hr>175</gpxtpx:hr>
</gpxtpx:TrackPointExtension>
</extensions>
</trkpt>
<trkpt lat="36.9664786" lon="127.8727309">
<ele>70.997</ele>
<time>2026-05-05T11:02:56Z</time>
<extensions>
<gpxtpx:TrackPointExtension>
<gpxtpx:hr>176</gpxtpx:hr>
</gpxtpx:TrackPointExtension>
</extensions>
</trkpt>
<trkpt lat="36.9664788" lon="127.8726943">
<ele>70.78</ele>
<time>2026-05-05T11:02:57Z</time>
<extensions>
<gpxtpx:TrackPointExtension>
<gpxtpx:hr>176</gpxtpx:hr>
<gpxtpx:cad>173</gpxtpx:cad>
</gpxtpx:TrackPointExtension>
</extensions>
</trkpt>
<trkpt lat="36.9664801" lon="127.8726581">
<ele>70.644</ele>
<time>2026-05-05T11:02:58Z</time>
<extensions>
<gpxtpx:TrackPointExtension>
<gpxtpx:hr>177</gpxtpx:hr>
</gpxtpx:TrackPointExtension>
</extensions>
</trkpt>
<trkpt lat="36.9664821" lon="127.8726225">
<ele>70.57</ele>
<time>2026-05-05T11:02:59Z</time>
<extensions>
<gpxtpx:TrackPointExtension>
<gpxtpx:hr>178</gpxtpx:hr>
</gpxtpx:TrackPointExtension>
</extensions>
</trkpt>
<trkpt lat="36.9664816" lon="127.8725861">
<ele>70.6</ele>
<time>2026-05-05T11:03:00Z</time>
<extensions>
<gpxtpx:TrackPointExtension>
<gpxtpx:hr>178</gpxtpx:hr>
</gpxtpx:TrackPointExtension>
</extensions>
</trkpt>
<trkpt lat="36.9664811" lon="127.8725499">
<ele>70.632</ele>
<time>2026-05-05T11:03:01Z</time>
<extensions>
<gpxtpx:TrackPointExtension>
<gpxtpx:hr>179</gpxtpx:hr>
</gpxtpx:TrackPointExtension>
</extensions>
</trkpt>
<trkpt lat="36.9664787" lon="127.8725128">
<ele>70.711</ele>
<time>2026-05-05T11:03:02Z</time>
<extensions>
<gpxtpx:TrackPointExtension>
<gpxtpx:hr>178</gpxtpx:hr>
<gpxtpx:cad>170</gpxtpx:cad>
</gpxtpx:TrackPointExtension>
</extensions>
</trkpt>
<trkpt lat="36.966476" lon="127.8724751">
<ele>70.651</ele>
<time>2026-05-05T11:03:03Z</time>
<extensions>
<gpxtpx:TrackPointExtension>
<gpxtpx:hr>178</gpxtpx:hr>
</gpxtpx:TrackPointExtension>
</extensions>
</trkpt>
<trkpt lat="36.9664739" lon="127.8724377">
<ele>70.596</ele>
<time>2026-05-05T11:03:04Z</time>
<extensions>
<gpxtpx:TrackPointExtension>
<gpxtpx:hr>178</gpxtpx:hr>
</gpxtpx:TrackPointExtension>
</extensions>
</trkpt>
<trkpt lat="36.9664738" lon="127.8724017">
<ele>70.572</ele>
<time>2026-05-05T11:03:05Z</time>
<extensions>
<gpxtpx:TrackPointExtension>
<gpxtpx:hr>178</gpxtpx:hr>
</gpxtpx:TrackPointExtension>
</extensions>
</trkpt>
<trkpt lat="36.9664745" lon="127.8723663">
<ele>70.654</ele>
<time>2026-05-05T11:03:06Z</time>
<extensions>
<gpxtpx:TrackPointExtension>
<gpxtpx:hr>178</gpxtpx:hr>
</gpxtpx:TrackPointExtension>
</extensions>
</trkpt>
<trkpt lat="36.9664785" lon="127.872333">
<ele>70.572</ele>
<time>2026-05-05T11:03:07Z</time>
<extensions>
<gpxtpx:TrackPointExtension>
<gpxtpx:hr>178</gpxtpx:hr>
<gpxtpx:cad>171</gpxtpx:cad>
</gpxtpx:TrackPointExtension>
</extensions>
</trkpt>
<trkpt lat="36.9664817" lon="127.8722993">
<ele>70.538</ele>
<time>2026-05-05T11:03:08Z</time>
<extensions>
<gpxtpx:TrackPointExtension>
<gpxtpx:hr>178</gpxtpx:hr>
</gpxtpx:TrackPointExtension>
</extensions>
</trkpt>
<trkpt lat="36.9664891" lon="127.8722676">
<ele>70.466</ele>
<time>2026-05-05T11:03:09Z</time>
<extensions>
<gpxtpx:TrackPointExtension>
<gpxtpx:hr>178</gpxtpx:hr>
</gpxtpx:TrackPointExtension>
</extensions>
</trkpt>
<trkpt lat="36.966496" lon="127.8722357">
<ele>70.387</ele>
<time>2026-05-05T11:03:10Z</time>
<extensions>
<gpxtpx:TrackPointExtension>
<gpxtpx:hr>178</gpxtpx:hr>
</gpxtpx:TrackPointExtension>
</extensions>
</trkpt>
<trkpt lat="36.9665048" lon="127.8722039">
<ele>70.469</ele>
<time>2026-05-05T11:03:11Z</time>
<extensions>
<gpxtpx:TrackPointExtension>
<gpxtpx:hr>178</gpxtpx:hr>
</gpxtpx:TrackPointExtension>
</extensions>
</trkpt>
<trkpt lat="36.9665141" lon="127.8721717">
<ele>70.429</ele>
<time>2026-05-05T11:03:12Z</time>
<extensions>
<gpxtpx:TrackPointExtension>
<gpxtpx:hr>178</gpxtpx:hr>
<gpxtpx:cad>173</gpxtpx:cad>
</gpxtpx:TrackPointExtension>
</extensions>
</trkpt>
<trkpt lat="36.9665236" lon="127.8721392">
<ele>70.439</ele>
<time>2026-05-05T11:03:13Z</time>
<extensions>
<gpxtpx:TrackPointExtension>
<gpxtpx:hr>178</gpxtpx:hr>
</gpxtpx:TrackPointExtension>
</extensions>
</trkpt>
<trkpt lat="36.9665325" lon="127.8721047">
<ele>70.406</ele>
<time>2026-05-05T11:03:14Z</time>
<extensions>
<gpxtpx:TrackPointExtension>
<gpxtpx:hr>178</gpxtpx:hr>
</gpxtpx:TrackPointExtension>
</extensions>
</trkpt>
<trkpt lat="36.9665412" lon="127.8720699">
<ele>70.351</ele>
<time>2026-05-05T11:03:15Z</time>
<extensions>
<gpxtpx:TrackPointExtension>
<gpxtpx:hr>178</gpxtpx:hr>
</gpxtpx:TrackPointExtension>
</extensions>
</trkpt>
<trkpt lat="36.9665488" lon="127.8720329">
<ele>70.301</ele>
<time>2026-05-05T11:03:16Z</time>
<extensions>
<gpxtpx:TrackPointExtension>
<gpxtpx:hr>178</gpxtpx:hr>
</gpxtpx:TrackPointExtension>
</extensions>
</trkpt>
<trkpt lat="36.9665569" lon="127.8719968">
<ele>70.323</ele>
<time>2026-05-05T11:03:17Z</time>
<extensions>
<gpxtpx:TrackPointExtension>
<gpxtpx:hr>178</gpxtpx:hr>
<gpxtpx:cad>174</gpxtpx:cad>
</gpxtpx:TrackPointExtension>
</extensions>
</trkpt>
<trkpt lat="36.9665652" lon="127.8719598">
<ele>70.412</ele>
<time>2026-05-05T11:03:18Z</time>
<extensions>
<gpxtpx:TrackPointExtension>
<gpxtpx:hr>178</gpxtpx:hr>
</gpxtpx:TrackPointExtension>
</extensions>
</trkpt>
<trkpt lat="36.9665739" lon="127.8719242">
<ele>70.505</ele>
<time>2026-05-05T11:03:19Z</time>
<extensions>
<gpxtpx:TrackPointExtension>
<gpxtpx:hr>178</gpxtpx:hr>
</gpxtpx:TrackPointExtension>
</extensions>
</trkpt>
<trkpt lat="36.9665826" lon="127.8718882">
<ele>70.589</ele>
<time>2026-05-05T11:03:20Z</time>
<extensions>
<gpxtpx:TrackPointExtension>
<gpxtpx:hr>178</gpxtpx:hr>
</gpxtpx:TrackPointExtension>
</extensions>
</trkpt>
<trkpt lat="36.9665916" lon="127.8718522">
<ele>70.607</ele>
<time>2026-05-05T11:03:21Z</time>
<extensions>
<gpxtpx:TrackPointExtension>
<gpxtpx:hr>178</gpxtpx:hr>
</gpxtpx:TrackPointExtension>
</extensions>
</trkpt>
<trkpt lat="36.9666001" lon="127.871816">
<ele>70.733</ele>
<time>2026-05-05T11:03:22Z</time>
<extensions>
<gpxtpx:TrackPointExtension>
<gpxtpx:hr>179</gpxtpx:hr>
<gpxtpx:cad>173</gpxtpx:cad>
</gpxtpx:TrackPointExtension>
</extensions>
</trkpt>
<trkpt lat="36.9666089" lon="127.8717796">
<ele>70.89</ele>
<time>2026-05-05T11:03:23Z</time>
<extensions>
<gpxtpx:TrackPointExtension>
<gpxtpx:hr>179</gpxtpx:hr>
<gpxtpx:cad>172</gpxtpx:cad>
</gpxtpx:TrackPointExtension>
</extensions>
</trkpt>
<trkpt lat="36.9666175" lon="127.8717432">
<ele>71.048</ele>
<time>2026-05-05T11:03:24Z</time>
<extensions>
<gpxtpx:TrackPointExtension>
<gpxtpx:hr>180</gpxtpx:hr>
</gpxtpx:TrackPointExtension>
</extensions>
</trkpt>
<trkpt lat="36.9666259" lon="127.8717061">
<ele>71.206</ele>
<time>2026-05-05T11:03:25Z</time>
<extensions>
<gpxtpx:TrackPointExtension>
<gpxtpx:hr>180</gpxtpx:hr>
</gpxtpx:TrackPointExtension>
</extensions>
</trkpt>
<trkpt lat="36.9666346" lon="127.8716696">
<ele>71.167</ele>
<time>2026-05-05T11:03:26Z</time>
<extensions>
<gpxtpx:TrackPointExtension>
<gpxtpx:hr>180</gpxtpx:hr>
</gpxtpx:TrackPointExtension>
</extensions>
</trkpt>
<trkpt lat="36.9666424" lon="127.8716313">
<ele>71.165</ele>
<time>2026-05-05T11:03:27Z</time>
<extensions>
<gpxtpx:TrackPointExtension>
<gpxtpx:hr>180</gpxtpx:hr>
<gpxtpx:cad>171</gpxtpx:cad>
</gpxtpx:TrackPointExtension>
</extensions>
</trkpt>
<trkpt lat="36.9666512" lon="127.8715947">
<ele>71.196</ele>
<time>2026-05-05T11:03:28Z</time>
<extensions>
<gpxtpx:TrackPointExtension>
<gpxtpx:hr>179</gpxtpx:hr>
</gpxtpx:TrackPointExtension>
</extensions>
</trkpt>
<trkpt lat="36.9666592" lon="127.8715567">
<ele>71.163</ele>
<time>2026-05-05T11:03:29Z</time>
<extensions>
<gpxtpx:TrackPointExtension>
<gpxtpx:hr>179</gpxtpx:hr>
</gpxtpx:TrackPointExtension>
</extensions>
</trkpt>
<trkpt lat="36.9666669" lon="127.8715182">
<ele>70.973</ele>
<time>2026-05-05T11:03:30Z</time>
<extensions>
<gpxtpx:TrackPointExtension>
<gpxtpx:hr>179</gpxtpx:hr>
</gpxtpx:TrackPointExtension>
</extensions>
</trkpt>
<trkpt lat="36.9666742" lon="127.8714794">
<ele>70.791</ele>
<time>2026-05-05T11:03:31Z</time>
<extensions>
<gpxtpx:TrackPointExtension>
<gpxtpx:hr>179</gpxtpx:hr>
</gpxtpx:TrackPointExtension>
</extensions>
</trkpt>
<trkpt lat="36.9666812" lon="127.8714402">
<ele>70.647</ele>
<time>2026-05-05T11:03:32Z</time>
<extensions>
<gpxtpx:TrackPointExtension>
<gpxtpx:hr>180</gpxtpx:hr>
<gpxtpx:cad>173</gpxtpx:cad>
</gpxtpx:TrackPointExtension>
</extensions>
</trkpt>
<trkpt lat="36.9666878" lon="127.8714007">
<ele>70.649</ele>
<time>2026-05-05T11:03:33Z</time>
<extensions>
<gpxtpx:TrackPointExtension>
<gpxtpx:hr>180</gpxtpx:hr>
</gpxtpx:TrackPointExtension>
</extensions>
</trkpt>
<trkpt lat="36.966694" lon="127.8713608">
<ele>70.639</ele>
<time>2026-05-05T11:03:34Z</time>
<extensions>
<gpxtpx:TrackPointExtension>
<gpxtpx:hr>180</gpxtpx:hr>
</gpxtpx:TrackPointExtension>
</extensions>
</trkpt>
<trkpt lat="36.9667" lon="127.8713207">
<ele>70.694</ele>
<time>2026-05-05T11:03:35Z</time>
<extensions>
<gpxtpx:TrackPointExtension>
<gpxtpx:hr>180</gpxtpx:hr>
</gpxtpx:TrackPointExtension>
</extensions>
</trkpt>
<trkpt lat="36.9667058" lon="127.8712804">
<ele>70.814</ele>
<time>2026-05-05T11:03:36Z</time>
<extensions>
<gpxtpx:TrackPointExtension>
<gpxtpx:hr>181</gpxtpx:hr>
</gpxtpx:TrackPointExtension>
</extensions>
</trkpt>
<trkpt lat="36.9667116" lon="127.8712397">
<ele>70.944</ele>
<time>2026-05-05T11:03:37Z</time>
<extensions>
<gpxtpx:TrackPointExtension>
<gpxtpx:hr>181</gpxtpx:hr>
<gpxtpx:cad>177</gpxtpx:cad>
</gpxtpx:TrackPointExtension>
</extensions>
</trkpt>
<trkpt lat="36.9667173" lon="127.8711992">
<ele>70.931</ele>
<time>2026-05-05T11:03:38Z</time>
<extensions>
<gpxtpx:TrackPointExtension>
<gpxtpx:hr>181</gpxtpx:hr>
</gpxtpx:TrackPointExtension>
</extensions>
</trkpt>
<trkpt lat="36.9667236" lon="127.8711582">
<ele>70.996</ele>
<time>2026-05-05T11:03:39Z</time>
<extensions>
<gpxtpx:TrackPointExtension>
<gpxtpx:hr>181</gpxtpx:hr>
</gpxtpx:TrackPointExtension>
</extensions>
</trkpt>
<trkpt lat="36.9667298" lon="127.8711171">
<ele>70.944</ele>
<time>2026-05-05T11:03:40Z</time>
<extensions>
<gpxtpx:TrackPointExtension>
<gpxtpx:hr>180</gpxtpx:hr>
</gpxtpx:TrackPointExtension>
</extensions>
</trkpt>
<trkpt lat="36.9667356" lon="127.8710763">
<ele>70.956</ele>
<time>2026-05-05T11:03:41Z</time>
<extensions>
<gpxtpx:TrackPointExtension>
<gpxtpx:hr>180</gpxtpx:hr>
</gpxtpx:TrackPointExtension>
</extensions>
</trkpt>
<trkpt lat="36.9667428" lon="127.8710342">
<ele>70.972</ele>
<time>2026-05-05T11:03:42Z</time>
<extensions>
<gpxtpx:TrackPointExtension>
<gpxtpx:hr>180</gpxtpx:hr>
<gpxtpx:cad>179</gpxtpx:cad>
</gpxtpx:TrackPointExtension>
</extensions>
</trkpt>
<trkpt lat="36.9667489" lon="127.8709933">
<ele>71.063</ele>
<time>2026-05-05T11:03:43Z</time>
<extensions>
<gpxtpx:TrackPointExtension>
<gpxtpx:hr>179</gpxtpx:hr>
</gpxtpx:TrackPointExtension>
</extensions>
</trkpt>
<trkpt lat="36.9667559" lon="127.8709514">
<ele>71.052</ele>
<time>2026-05-05T11:03:44Z</time>
<extensions>
<gpxtpx:TrackPointExtension>
<gpxtpx:hr>179</gpxtpx:hr>
</gpxtpx:TrackPointExtension>
</extensions>
</trkpt>
<trkpt lat="36.9667631" lon="127.8709091">
<ele>71.103</ele>
<time>2026-05-05T11:03:45Z</time>
<extensions>
<gpxtpx:TrackPointExtension>
<gpxtpx:hr>179</gpxtpx:hr>
</gpxtpx:TrackPointExtension>
</extensions>
</trkpt>
<trkpt lat="36.9667706" lon="127.8708664">
<ele>71.026</ele>
<time>2026-05-05T11:03:46Z</time>
<extensions>
<gpxtpx:TrackPointExtension>
<gpxtpx:hr>179</gpxtpx:hr>
</gpxtpx:TrackPointExtension>
</extensions>
</trkpt>
<trkpt lat="36.9667778" lon="127.8708242">
<ele>71.059</ele>
<time>2026-05-05T11:03:47Z</time>
<extensions>
<gpxtpx:TrackPointExtension>
<gpxtpx:hr>179</gpxtpx:hr>
<gpxtpx:cad>181</gpxtpx:cad>
</gpxtpx:TrackPointExtension>
</extensions>
</trkpt>
<trkpt lat="36.9667863" lon="127.87078">
<ele>71.173</ele>
<time>2026-05-05T11:03:48Z</time>
<extensions>
<gpxtpx:TrackPointExtension>
<gpxtpx:hr>179</gpxtpx:hr>
</gpxtpx:TrackPointExtension>
</extensions>
</trkpt>
<trkpt lat="36.9667943" lon="127.8707367">
<ele>71.153</ele>
<time>2026-05-05T11:03:49Z</time>
<extensions>
<gpxtpx:TrackPointExtension>
<gpxtpx:hr>179</gpxtpx:hr>
</gpxtpx:TrackPointExtension>
</extensions>
</trkpt>
<trkpt lat="36.966803" lon="127.8706926">
<ele>71.106</ele>
<time>2026-05-05T11:03:50Z</time>
<extensions>
<gpxtpx:TrackPointExtension>
<gpxtpx:hr>179</gpxtpx:hr>
<gpxtpx:cad>181</gpxtpx:cad>
</gpxtpx:TrackPointExtension>
</extensions>
</trkpt>
<trkpt lat="36.9668115" lon="127.8706486">
<ele>71.179</ele>
<time>2026-05-05T11:03:51Z</time>
<extensions>
<gpxtpx:TrackPointExtension>
<gpxtpx:hr>179</gpxtpx:hr>
</gpxtpx:TrackPointExtension>
</extensions>
</trkpt>
<trkpt lat="36.9668206" lon="127.8706052">
<ele>71.196</ele>
<time>2026-05-05T11:03:52Z</time>
<extensions>
<gpxtpx:TrackPointExtension>
<gpxtpx:hr>179</gpxtpx:hr>
<gpxtpx:cad>182</gpxtpx:cad>
</gpxtpx:TrackPointExtension>
</extensions>
</trkpt>
<trkpt lat="36.9668294" lon="127.8705611">
<ele>71.135</ele>
<time>2026-05-05T11:03:53Z</time>
<extensions>
<gpxtpx:TrackPointExtension>
<gpxtpx:hr>180</gpxtpx:hr>
</gpxtpx:TrackPointExtension>
</extensions>
</trkpt>
<trkpt lat="36.9668387" lon="127.8705187">
<ele>71.098</ele>
<time>2026-05-05T11:03:54Z</time>
<extensions>
<gpxtpx:TrackPointExtension>
<gpxtpx:hr>180</gpxtpx:hr>
</gpxtpx:TrackPointExtension>
</extensions>
</trkpt>
<trkpt lat="36.9668479" lon="127.8704757">
<ele>71.201</ele>
<time>2026-05-05T11:03:55Z</time>
<extensions>
<gpxtpx:TrackPointExtension>
<gpxtpx:hr>180</gpxtpx:hr>
</gpxtpx:TrackPointExtension>
</extensions>
</trkpt>
<trkpt lat="36.9668571" lon="127.870433">
<ele>71.214</ele>
<time>2026-05-05T11:03:56Z</time>
<extensions>
<gpxtpx:TrackPointExtension>
<gpxtpx:hr>180</gpxtpx:hr>
</gpxtpx:TrackPointExtension>
</extensions>
</trkpt>
<trkpt lat="36.9668663" lon="127.8703904">
<ele>71.16</ele>
<time>2026-05-05T11:03:57Z</time>
<extensions>
<gpxtpx:TrackPointExtension>
<gpxtpx:hr>181</gpxtpx:hr>
<gpxtpx:cad>185</gpxtpx:cad>
</gpxtpx:TrackPointExtension>
</extensions>
</trkpt>
<trkpt lat="36.9668754" lon="127.8703479">
<ele>71.288</ele>
<time>2026-05-05T11:03:58Z</time>
<extensions>
<gpxtpx:TrackPointExtension>
<gpxtpx:hr>181</gpxtpx:hr>
</gpxtpx:TrackPointExtension>
</extensions>
</trkpt>
<trkpt lat="36.9668846" lon="127.8703055">
<ele>71.283</ele>
<time>2026-05-05T11:03:59Z</time>
<extensions>
<gpxtpx:TrackPointExtension>
<gpxtpx:hr>181</gpxtpx:hr>
</gpxtpx:TrackPointExtension>
</extensions>
</trkpt>
<trkpt lat="36.9668936" lon="127.8702632">
<ele>71.355</ele>
<time>2026-05-05T11:04:00Z</time>
<extensions>
<gpxtpx:TrackPointExtension>
<gpxtpx:hr>181</gpxtpx:hr>
</gpxtpx:TrackPointExtension>
</extensions>
</trkpt>
<trkpt lat="36.9669026" lon="127.8702209">
<ele>71.416</ele>
<time>2026-05-05T11:04:01Z</time>
<extensions>
<gpxtpx:TrackPointExtension>
<gpxtpx:hr>181</gpxtpx:hr>
</gpxtpx:TrackPointExtension>
</extensions>
</trkpt>
<trkpt lat="36.9669115" lon="127.8701785">
<ele>71.196</ele>
<time>2026-05-05T11:04:02Z</time>
<extensions>
<gpxtpx:TrackPointExtension>
<gpxtpx:hr>181</gpxtpx:hr>
<gpxtpx:cad>191</gpxtpx:cad>
</gpxtpx:TrackPointExtension>
</extensions>
</trkpt>
<trkpt lat="36.9669208" lon="127.8701367">
<ele>71.165</ele>
<time>2026-05-05T11:04:03Z</time>
<extensions>
<gpxtpx:TrackPointExtension>
<gpxtpx:hr>182</gpxtpx:hr>
</gpxtpx:TrackPointExtension>
</extensions>
</trkpt>
<trkpt lat="36.966929" lon="127.8700933">
<ele>71.186</ele>
<time>2026-05-05T11:04:04Z</time>
<extensions>
<gpxtpx:TrackPointExtension>
<gpxtpx:hr>182</gpxtpx:hr>
</gpxtpx:TrackPointExtension>
</extensions>
</trkpt>
<trkpt lat="36.9669379" lon="127.870051">
<ele>71.152</ele>
<time>2026-05-05T11:04:05Z</time>
<extensions>
<gpxtpx:TrackPointExtension>
<gpxtpx:hr>182</gpxtpx:hr>
</gpxtpx:TrackPointExtension>
</extensions>
</trkpt>
<trkpt lat="36.966946" lon="127.8700075">
<ele>71.166</ele>
<time>2026-05-05T11:04:06Z</time>
<extensions>
<gpxtpx:TrackPointExtension>
<gpxtpx:hr>182</gpxtpx:hr>
</gpxtpx:TrackPointExtension>
</extensions>
</trkpt>
<trkpt lat="36.9669544" lon="127.8699646">
<ele>71.154</ele>
<time>2026-05-05T11:04:07Z</time>
<extensions>
<gpxtpx:TrackPointExtension>
<gpxtpx:hr>182</gpxtpx:hr>
<gpxtpx:cad>192</gpxtpx:cad>
</gpxtpx:TrackPointExtension>
</extensions>
</trkpt>
<trkpt lat="36.9669629" lon="127.8699213">
<ele>71.096</ele>
<time>2026-05-05T11:04:08Z</time>
<extensions>
<gpxtpx:TrackPointExtension>
<gpxtpx:hr>182</gpxtpx:hr>
</gpxtpx:TrackPointExtension>
</extensions>
</trkpt>
<trkpt lat="36.966971" lon="127.8698778">
<ele>71.123</ele>
<time>2026-05-05T11:04:09Z</time>
<extensions>
<gpxtpx:TrackPointExtension>
<gpxtpx:hr>182</gpxtpx:hr>
</gpxtpx:TrackPointExtension>
</extensions>
</trkpt>
<trkpt lat="36.96698" lon="127.8698352">
<ele>71.074</ele>
<time>2026-05-05T11:04:10Z</time>
<extensions>
<gpxtpx:TrackPointExtension>
<gpxtpx:hr>182</gpxtpx:hr>
</gpxtpx:TrackPointExtension>
</extensions>
</trkpt>
<trkpt lat="36.9669888" lon="127.8697924">
<ele>71.095</ele>
<time>2026-05-05T11:04:11Z</time>
<extensions>
<gpxtpx:TrackPointExtension>
<gpxtpx:hr>182</gpxtpx:hr>
</gpxtpx:TrackPointExtension>
</extensions>
</trkpt>
<trkpt lat="36.9669979" lon="127.8697498">
<ele>70.872</ele>
<time>2026-05-05T11:04:12Z</time>
<extensions>
<gpxtpx:TrackPointExtension>
<gpxtpx:hr>182</gpxtpx:hr>
<gpxtpx:cad>193</gpxtpx:cad>
</gpxtpx:TrackPointExtension>
</extensions>
</trkpt>
<trkpt lat="36.9670072" lon="127.8697074">
<ele>70.724</ele>
<time>2026-05-05T11:04:13Z</time>
<extensions>
<gpxtpx:TrackPointExtension>
<gpxtpx:hr>182</gpxtpx:hr>
</gpxtpx:TrackPointExtension>
</extensions>
</trkpt>
<trkpt lat="36.9670169" lon="127.8696651">
<ele>70.722</ele>
<time>2026-05-05T11:04:14Z</time>
<extensions>
<gpxtpx:TrackPointExtension>
<gpxtpx:hr>183</gpxtpx:hr>
</gpxtpx:TrackPointExtension>
</extensions>
</trkpt>
<trkpt lat="36.9670269" lon="127.869623">
<ele>70.861</ele>
<time>2026-05-05T11:04:15Z</time>
<extensions>
<gpxtpx:TrackPointExtension>
<gpxtpx:hr>183</gpxtpx:hr>
</gpxtpx:TrackPointExtension>
</extensions>
</trkpt>
<trkpt lat="36.9670371" lon="127.869581">
<ele>70.865</ele>
<time>2026-05-05T11:04:16Z</time>
<extensions>
<gpxtpx:TrackPointExtension>
<gpxtpx:hr>183</gpxtpx:hr>
<gpxtpx:cad>195</gpxtpx:cad>
</gpxtpx:TrackPointExtension>
</extensions>
</trkpt>
<trkpt lat="36.9670476" lon="127.869539">
<ele>71.061</ele>
<time>2026-05-05T11:04:17Z</time>
<extensions>
<gpxtpx:TrackPointExtension>
<gpxtpx:hr>183</gpxtpx:hr>
<gpxtpx:cad>196</gpxtpx:cad>
</gpxtpx:TrackPointExtension>
</extensions>
</trkpt>
<trkpt lat="36.9670583" lon="127.869497">
<ele>71.174</ele>
<time>2026-05-05T11:04:18Z</time>
<extensions>
<gpxtpx:TrackPointExtension>
<gpxtpx:hr>184</gpxtpx:hr>
</gpxtpx:TrackPointExtension>
</extensions>
</trkpt>
<trkpt lat="36.9670688" lon="127.8694554">
<ele>71.089</ele>
<time>2026-05-05T11:04:19Z</time>
<extensions>
<gpxtpx:TrackPointExtension>
<gpxtpx:hr>183</gpxtpx:hr>
</gpxtpx:TrackPointExtension>
</extensions>
</trkpt>
<trkpt lat="36.9670797" lon="127.8694125">
<ele>70.951</ele>
<time>2026-05-05T11:04:20Z</time>
<extensions>
<gpxtpx:TrackPointExtension>
<gpxtpx:hr>184</gpxtpx:hr>
</gpxtpx:TrackPointExtension>
</extensions>
</trkpt>
<trkpt lat="36.9670908" lon="127.8693707">
<ele>71.035</ele>
<time>2026-05-05T11:04:21Z</time>
<extensions>
<gpxtpx:TrackPointExtension>
<gpxtpx:hr>184</gpxtpx:hr>
</gpxtpx:TrackPointExtension>
</extensions>
</trkpt>
<trkpt lat="36.9671012" lon="127.869327">
<ele>70.782</ele>
<time>2026-05-05T11:04:22Z</time>
<extensions>
<gpxtpx:TrackPointExtension>
<gpxtpx:hr>184</gpxtpx:hr>
<gpxtpx:cad>201</gpxtpx:cad>
</gpxtpx:TrackPointExtension>
</extensions>
</trkpt>
<trkpt lat="36.9671123" lon="127.8692847">
<ele>70.627</ele>
<time>2026-05-05T11:04:23Z</time>
<extensions>
<gpxtpx:TrackPointExtension>
<gpxtpx:hr>184</gpxtpx:hr>
</gpxtpx:TrackPointExtension>
</extensions>
</trkpt>
<trkpt lat="36.9671223" lon="127.8692406">
<ele>70.602</ele>
<time>2026-05-05T11:04:24Z</time>
<extensions>
<gpxtpx:TrackPointExtension>
<gpxtpx:hr>184</gpxtpx:hr>
</gpxtpx:TrackPointExtension>
</extensions>
</trkpt>
<trkpt lat="36.9671332" lon="127.8691975">
<ele>70.482</ele>
<time>2026-05-05T11:04:25Z</time>
<extensions>
<gpxtpx:TrackPointExtension>
<gpxtpx:hr>183</gpxtpx:hr>
<gpxtpx:cad>201</gpxtpx:cad>
</gpxtpx:TrackPointExtension>
</extensions>
</trkpt>
<trkpt lat="36.9671429" lon="127.8691537">
<ele>70.385</ele>
<time>2026-05-05T11:04:26Z</time>
<extensions>
<gpxtpx:TrackPointExtension>
<gpxtpx:hr>183</gpxtpx:hr>
</gpxtpx:TrackPointExtension>
</extensions>
</trkpt>
<trkpt lat="36.9671533" lon="127.8691098">
<ele>70.448</ele>
<time>2026-05-05T11:04:27Z</time>
<extensions>
<gpxtpx:TrackPointExtension>
<gpxtpx:hr>182</gpxtpx:hr>
<gpxtpx:cad>199</gpxtpx:cad>
</gpxtpx:TrackPointExtension>
</extensions>
</trkpt>
<trkpt lat="36.967163" lon="127.8690669">
<ele>70.488</ele>
<time>2026-05-05T11:04:28Z</time>
<extensions>
<gpxtpx:TrackPointExtension>
<gpxtpx:hr>182</gpxtpx:hr>
</gpxtpx:TrackPointExtension>
</extensions>
</trkpt>
<trkpt lat="36.9671729" lon="127.8690229">
<ele>70.497</ele>
<time>2026-05-05T11:04:29Z</time>
<extensions>
<gpxtpx:TrackPointExtension>
<gpxtpx:hr>182</gpxtpx:hr>
</gpxtpx:TrackPointExtension>
</extensions>
</trkpt>
<trkpt lat="36.9671828" lon="127.8689811">
<ele>70.515</ele>
<time>2026-05-05T11:04:30Z</time>
<extensions>
<gpxtpx:TrackPointExtension>
<gpxtpx:hr>182</gpxtpx:hr>
</gpxtpx:TrackPointExtension>
</extensions>
</trkpt>
<trkpt lat="36.9671924" lon="127.8689376">
<ele>70.393</ele>
<time>2026-05-05T11:04:31Z</time>
<extensions>
<gpxtpx:TrackPointExtension>
<gpxtpx:hr>182</gpxtpx:hr>
</gpxtpx:TrackPointExtension>
</extensions>
</trkpt>
<trkpt lat="36.9672022" lon="127.8688966">
<ele>70.345</ele>
<time>2026-05-05T11:04:32Z</time>
<extensions>
<gpxtpx:TrackPointExtension>
<gpxtpx:hr>182</gpxtpx:hr>
<gpxtpx:cad>193</gpxtpx:cad>
</gpxtpx:TrackPointExtension>
</extensions>
</trkpt>
<trkpt lat="36.9672117" lon="127.8688546">
<ele>70.291</ele>
<time>2026-05-05T11:04:33Z</time>
<extensions>
<gpxtpx:TrackPointExtension>
<gpxtpx:hr>183</gpxtpx:hr>
</gpxtpx:TrackPointExtension>
</extensions>
</trkpt>
<trkpt lat="36.967221" lon="127.8688126">
<ele>70.108</ele>
<time>2026-05-05T11:04:34Z</time>
<extensions>
<gpxtpx:TrackPointExtension>
<gpxtpx:hr>183</gpxtpx:hr>
</gpxtpx:TrackPointExtension>
</extensions>
</trkpt>
<trkpt lat="36.9672301" lon="127.8687706">
<ele>69.934</ele>
<time>2026-05-05T11:04:35Z</time>
<extensions>
<gpxtpx:TrackPointExtension>
<gpxtpx:hr>183</gpxtpx:hr>
</gpxtpx:TrackPointExtension>
</extensions>
</trkpt>
<trkpt lat="36.9672386" lon="127.8687278">
<ele>70.06</ele>
<time>2026-05-05T11:04:36Z</time>
<extensions>
<gpxtpx:TrackPointExtension>
<gpxtpx:hr>183</gpxtpx:hr>
</gpxtpx:TrackPointExtension>
</extensions>
</trkpt>
<trkpt lat="36.967248" lon="127.8686861">
<ele>70.238</ele>
<time>2026-05-05T11:04:37Z</time>
<extensions>
<gpxtpx:TrackPointExtension>
<gpxtpx:hr>183</gpxtpx:hr>
<gpxtpx:cad>187</gpxtpx:cad>
</gpxtpx:TrackPointExtension>
</extensions>
</trkpt>
<trkpt lat="36.9672567" lon="127.8686435">
<ele>70.396</ele>
<time>2026-05-05T11:04:38Z</time>
<extensions>
<gpxtpx:TrackPointExtension>
<gpxtpx:hr>183</gpxtpx:hr>
</gpxtpx:TrackPointExtension>
</extensions>
</trkpt>
<trkpt lat="36.9672653" lon="127.8686006">
<ele>70.483</ele>
<time>2026-05-05T11:04:39Z</time>
<extensions>
<gpxtpx:TrackPointExtension>
<gpxtpx:hr>183</gpxtpx:hr>
</gpxtpx:TrackPointExtension>
</extensions>
</trkpt>
<trkpt lat="36.9672741" lon="127.8685587">
<ele>70.638</ele>
<time>2026-05-05T11:04:40Z</time>
<extensions>
<gpxtpx:TrackPointExtension>
<gpxtpx:hr>183</gpxtpx:hr>
</gpxtpx:TrackPointExtension>
</extensions>
</trkpt>
<trkpt lat="36.9672823" lon="127.8685148">
<ele>70.673</ele>
<time>2026-05-05T11:04:41Z</time>
<extensions>
<gpxtpx:TrackPointExtension>
<gpxtpx:cad>185</gpxtpx:cad>
</gpxtpx:TrackPointExtension>
</extensions>
</trkpt>
<trkpt lat="36.9672903" lon="127.8684712">
<ele>70.637</ele>
<time>2026-05-05T11:04:42Z</time>
<extensions>
<gpxtpx:TrackPointExtension>
<gpxtpx:hr>184</gpxtpx:hr>
<gpxtpx:cad>185</gpxtpx:cad>
</gpxtpx:TrackPointExtension>
</extensions>
</trkpt>
<trkpt lat="36.9672986" lon="127.8684255">
<ele>70.559</ele>
<time>2026-05-05T11:04:43Z</time>
<extensions>
<gpxtpx:TrackPointExtension>
<gpxtpx:hr>184</gpxtpx:hr>
</gpxtpx:TrackPointExtension>
</extensions>
</trkpt>
<trkpt lat="36.9673062" lon="127.8683804">
<ele>70.424</ele>
<time>2026-05-05T11:04:44Z</time>
<extensions>
<gpxtpx:TrackPointExtension>
<gpxtpx:hr>184</gpxtpx:hr>
</gpxtpx:TrackPointExtension>
</extensions>
</trkpt>
<trkpt lat="36.9673153" lon="127.8683348">
<ele>70.46</ele>
<time>2026-05-05T11:04:45Z</time>
<extensions>
<gpxtpx:TrackPointExtension>
<gpxtpx:hr>185</gpxtpx:hr>
</gpxtpx:TrackPointExtension>
</extensions>
</trkpt>
<trkpt lat="36.9673239" lon="127.8682891">
<ele>70.515</ele>
<time>2026-05-05T11:04:46Z</time>
<extensions>
<gpxtpx:TrackPointExtension>
<gpxtpx:hr>185</gpxtpx:hr>
</gpxtpx:TrackPointExtension>
</extensions>
</trkpt>
<trkpt lat="36.9673328" lon="127.8682435">
<ele>70.508</ele>
<time>2026-05-05T11:04:47Z</time>
<extensions>
<gpxtpx:TrackPointExtension>
<gpxtpx:hr>185</gpxtpx:hr>
<gpxtpx:cad>190</gpxtpx:cad>
</gpxtpx:TrackPointExtension>
</extensions>
</trkpt>
<trkpt lat="36.9673418" lon="127.8681979">
<ele>70.397</ele>
<time>2026-05-05T11:04:48Z</time>
<extensions>
<gpxtpx:TrackPointExtension>
<gpxtpx:hr>185</gpxtpx:hr>
</gpxtpx:TrackPointExtension>
</extensions>
</trkpt>
<trkpt lat="36.967351" lon="127.8681527">
<ele>70.443</ele>
<time>2026-05-05T11:04:49Z</time>
<extensions>
<gpxtpx:TrackPointExtension>
<gpxtpx:hr>185</gpxtpx:hr>
</gpxtpx:TrackPointExtension>
</extensions>
</trkpt>
<trkpt lat="36.9673603" lon="127.8681079">
<ele>70.407</ele>
<time>2026-05-05T11:04:50Z</time>
<extensions>
<gpxtpx:TrackPointExtension>
<gpxtpx:hr>186</gpxtpx:hr>
</gpxtpx:TrackPointExtension>
</extensions>
</trkpt>
<trkpt lat="36.9673697" lon="127.8680636">
<ele>70.23</ele>
<time>2026-05-05T11:04:51Z</time>
<extensions>
<gpxtpx:TrackPointExtension>
<gpxtpx:hr>186</gpxtpx:hr>
</gpxtpx:TrackPointExtension>
</extensions>
</trkpt>
<trkpt lat="36.9673791" lon="127.8680197">
<ele>70.031</ele>
<time>2026-05-05T11:04:52Z</time>
<extensions>
<gpxtpx:TrackPointExtension>
<gpxtpx:hr>186</gpxtpx:hr>
<gpxtpx:cad>190</gpxtpx:cad>
</gpxtpx:TrackPointExtension>
</extensions>
</trkpt>
<trkpt lat="36.9673881" lon="127.8679773">
<ele>70.09</ele>
<time>2026-05-05T11:04:53Z</time>
<extensions>
<gpxtpx:TrackPointExtension>
<gpxtpx:hr>187</gpxtpx:hr>
</gpxtpx:TrackPointExtension>
</extensions>
</trkpt>
<trkpt lat="36.9673973" lon="127.8679346">
<ele>70.003</ele>
<time>2026-05-05T11:04:54Z</time>
<extensions>
<gpxtpx:TrackPointExtension>
<gpxtpx:hr>188</gpxtpx:hr>
</gpxtpx:TrackPointExtension>
</extensions>
</trkpt>
<trkpt lat="36.9674056" lon="127.8678942">
<ele>69.871</ele>
<time>2026-05-05T11:04:55Z</time>
<extensions>
<gpxtpx:TrackPointExtension>
<gpxtpx:hr>188</gpxtpx:hr>
</gpxtpx:TrackPointExtension>
</extensions>
</trkpt>
<trkpt lat="36.9674148" lon="127.8678512">
<ele>69.662</ele>
<time>2026-05-05T11:04:56Z</time>
<extensions>
<gpxtpx:TrackPointExtension>
<gpxtpx:hr>188</gpxtpx:hr>
</gpxtpx:TrackPointExtension>
</extensions>
</trkpt>
<trkpt lat="36.9674224" lon="127.8678132">
<ele>69.613</ele>
<time>2026-05-05T11:04:57Z</time>
<extensions>
<gpxtpx:TrackPointExtension>
<gpxtpx:hr>187</gpxtpx:hr>
<gpxtpx:cad>182</gpxtpx:cad>
</gpxtpx:TrackPointExtension>
</extensions>
</trkpt>
<trkpt lat="36.9674304" lon="127.8677739">
<ele>69.636</ele>
<time>2026-05-05T11:04:58Z</time>
<extensions>
<gpxtpx:TrackPointExtension>
<gpxtpx:hr>187</gpxtpx:hr>
</gpxtpx:TrackPointExtension>
</extensions>
</trkpt>
<trkpt lat="36.9674381" lon="127.8677356">
<ele>69.406</ele>
<time>2026-05-05T11:04:59Z</time>
<extensions>
<gpxtpx:TrackPointExtension>
<gpxtpx:hr>187</gpxtpx:hr>
<gpxtpx:cad>177</gpxtpx:cad>
</gpxtpx:TrackPointExtension>
</extensions>
</trkpt>
<trkpt lat="36.9674457" lon="127.8676983">
<ele>69.341</ele>
<time>2026-05-05T11:05:00Z</time>
<extensions>
<gpxtpx:TrackPointExtension>
<gpxtpx:hr>186</gpxtpx:hr>
</gpxtpx:TrackPointExtension>
</extensions>
</trkpt>
<trkpt lat="36.9674525" lon="127.8676646">
<ele>69.495</ele>
<time>2026-05-05T11:05:01Z</time>
<extensions>
<gpxtpx:TrackPointExtension>
<gpxtpx:hr>186</gpxtpx:hr>
</gpxtpx:TrackPointExtension>
</extensions>
</trkpt>
<trkpt lat="36.9674598" lon="127.867629">
<ele>69.675</ele>
<time>2026-05-05T11:05:02Z</time>
<extensions>
<gpxtpx:TrackPointExtension>
<gpxtpx:hr>185</gpxtpx:hr>
<gpxtpx:cad>172</gpxtpx:cad>
</gpxtpx:TrackPointExtension>
</extensions>
</trkpt>
<trkpt lat="36.9674666" lon="127.8675967">
<ele>69.723</ele>
<time>2026-05-05T11:05:03Z</time>
<extensions>
<gpxtpx:TrackPointExtension>
<gpxtpx:hr>185</gpxtpx:hr>
</gpxtpx:TrackPointExtension>
</extensions>
</trkpt>
<trkpt lat="36.9674734" lon="127.8675648">
<ele>69.676</ele>
<time>2026-05-05T11:05:04Z</time>
<extensions>
<gpxtpx:TrackPointExtension>
<gpxtpx:hr>184</gpxtpx:hr>
</gpxtpx:TrackPointExtension>
</extensions>
</trkpt>
<trkpt lat="36.9674803" lon="127.8675313">
<ele>69.741</ele>
<time>2026-05-05T11:05:05Z</time>
<extensions>
<gpxtpx:TrackPointExtension>
<gpxtpx:hr>183</gpxtpx:hr>
</gpxtpx:TrackPointExtension>
</extensions>
</trkpt>
<trkpt lat="36.9674871" lon="127.8674983">
<ele>69.721</ele>
<time>2026-05-05T11:05:06Z</time>
<extensions>
<gpxtpx:TrackPointExtension>
<gpxtpx:hr>183</gpxtpx:hr>
</gpxtpx:TrackPointExtension>
</extensions>
</trkpt>
<trkpt lat="36.9674938" lon="127.8674659">
<ele>69.717</ele>
<time>2026-05-05T11:05:07Z</time>
<extensions>
<gpxtpx:TrackPointExtension>
<gpxtpx:hr>183</gpxtpx:hr>
<gpxtpx:cad>170</gpxtpx:cad>
</gpxtpx:TrackPointExtension>
</extensions>
</trkpt>
<trkpt lat="36.9675007" lon="127.8674328">
<ele>69.762</ele>
<time>2026-05-05T11:05:08Z</time>
<extensions>
<gpxtpx:TrackPointExtension>
<gpxtpx:hr>183</gpxtpx:hr>
<gpxtpx:cad>170</gpxtpx:cad>
</gpxtpx:TrackPointExtension>
</extensions>
</trkpt>
<trkpt lat="36.9675069" lon="127.8674025">
<ele>69.762</ele>
<time>2026-05-05T11:05:09Z</time>
<extensions>
<gpxtpx:TrackPointExtension>
<gpxtpx:hr>183</gpxtpx:hr>
</gpxtpx:TrackPointExtension>
</extensions>
</trkpt>
<trkpt lat="36.9675133" lon="127.8673714">
<ele>69.736</ele>
<time>2026-05-05T11:05:10Z</time>
<extensions>
<gpxtpx:TrackPointExtension>
<gpxtpx:hr>183</gpxtpx:hr>
</gpxtpx:TrackPointExtension>
</extensions>
</trkpt>
<trkpt lat="36.9675196" lon="127.8673406">
<ele>69.715</ele>
<time>2026-05-05T11:05:11Z</time>
<extensions>
<gpxtpx:TrackPointExtension>
<gpxtpx:hr>184</gpxtpx:hr>
</gpxtpx:TrackPointExtension>
</extensions>
</trkpt>
<trkpt lat="36.967526" lon="127.8673098">
<ele>69.723</ele>
<time>2026-05-05T11:05:12Z</time>
<extensions>
<gpxtpx:TrackPointExtension>
<gpxtpx:hr>184</gpxtpx:hr>
<gpxtpx:cad>171</gpxtpx:cad>
</gpxtpx:TrackPointExtension>
</extensions>
</trkpt>
<trkpt lat="36.9675323" lon="127.8672798">
<ele>69.636</ele>
<time>2026-05-05T11:05:14Z</time>
<extensions>
<gpxtpx:TrackPointExtension>
<gpxtpx:hr>184</gpxtpx:hr>
</gpxtpx:TrackPointExtension>
</extensions>
</trkpt>
<trkpt lat="36.9675386" lon="127.8672497">
<ele>69.584</ele>
<time>2026-05-05T11:05:15Z</time>
<extensions>
<gpxtpx:TrackPointExtension>
<gpxtpx:hr>184</gpxtpx:hr>
</gpxtpx:TrackPointExtension>
</extensions>
</trkpt>
<trkpt lat="36.967545" lon="127.8672196">
<ele>69.653</ele>
<time>2026-05-05T11:05:16Z</time>
<extensions>
<gpxtpx:TrackPointExtension>
<gpxtpx:hr>184</gpxtpx:hr>
</gpxtpx:TrackPointExtension>
</extensions>
</trkpt>
<trkpt lat="36.9675514" lon="127.8671895">
<ele>69.67</ele>
<time>2026-05-05T11:05:17Z</time>
<extensions>
<gpxtpx:TrackPointExtension>
<gpxtpx:hr>184</gpxtpx:hr>
</gpxtpx:TrackPointExtension>
</extensions>
</trkpt>
<trkpt lat="36.9675579" lon="127.8671592">
<ele>69.696</ele>
<time>2026-05-05T11:05:18Z</time>
<extensions>
<gpxtpx:TrackPointExtension>
<gpxtpx:hr>184</gpxtpx:hr>
<gpxtpx:cad>169</gpxtpx:cad>
</gpxtpx:TrackPointExtension>
</extensions>
</trkpt>
<trkpt lat="36.9675645" lon="127.8671288">
<ele>69.758</ele>
<time>2026-05-05T11:05:19Z</time>
<extensions>
<gpxtpx:TrackPointExtension>
<gpxtpx:hr>184</gpxtpx:hr>
</gpxtpx:TrackPointExtension>
</extensions>
</trkpt>
<trkpt lat="36.9675777" lon="127.8670676">
<ele>69.768</ele>
<time>2026-05-05T11:05:20Z</time>
<extensions>
<gpxtpx:TrackPointExtension>
<gpxtpx:hr>184</gpxtpx:hr>
</gpxtpx:TrackPointExtension>
</extensions>
</trkpt>
<trkpt lat="36.9675841" lon="127.8670374">
<ele>69.725</ele>
<time>2026-05-05T11:05:21Z</time>
</trkpt>
<trkpt lat="36.9675909" lon="127.867006">
<ele>69.722</ele>
<time>2026-05-05T11:05:22Z</time>
<extensions>
<gpxtpx:TrackPointExtension>
<gpxtpx:hr>184</gpxtpx:hr>
<gpxtpx:cad>169</gpxtpx:cad>
</gpxtpx:TrackPointExtension>
</extensions>
</trkpt>
<trkpt lat="36.9675973" lon="127.8669755">
<ele>69.692</ele>
<time>2026-05-05T11:05:23Z</time>
<extensions>
<gpxtpx:TrackPointExtension>
<gpxtpx:hr>185</gpxtpx:hr>
</gpxtpx:TrackPointExtension>
</extensions>
</trkpt>
<trkpt lat="36.967604" lon="127.8669443">
<ele>69.678</ele>
<time>2026-05-05T11:05:24Z</time>
<extensions>
<gpxtpx:TrackPointExtension>
<gpxtpx:hr>185</gpxtpx:hr>
</gpxtpx:TrackPointExtension>
</extensions>
</trkpt>
<trkpt lat="36.9676107" lon="127.8669131">
<ele>69.667</ele>
<time>2026-05-05T11:05:25Z</time>
<extensions>
<gpxtpx:TrackPointExtension>
<gpxtpx:hr>184</gpxtpx:hr>
</gpxtpx:TrackPointExtension>
</extensions>
</trkpt>
<trkpt lat="36.9676175" lon="127.8668817">
<ele>69.718</ele>
<time>2026-05-05T11:05:26Z</time>
<extensions>
<gpxtpx:TrackPointExtension>
<gpxtpx:hr>184</gpxtpx:hr>
</gpxtpx:TrackPointExtension>
</extensions>
</trkpt>
<trkpt lat="36.9676243" lon="127.8668502">
<ele>69.697</ele>
<time>2026-05-05T11:05:27Z</time>
<extensions>
<gpxtpx:TrackPointExtension>
<gpxtpx:hr>183</gpxtpx:hr>
<gpxtpx:cad>172</gpxtpx:cad>
</gpxtpx:TrackPointExtension>
</extensions>
</trkpt>
<trkpt lat="36.9676312" lon="127.8668188">
<ele>69.706</ele>
<time>2026-05-05T11:05:28Z</time>
<extensions>
<gpxtpx:TrackPointExtension>
<gpxtpx:hr>183</gpxtpx:hr>
</gpxtpx:TrackPointExtension>
</extensions>
</trkpt>
<trkpt lat="36.9676381" lon="127.8667869">
<ele>69.694</ele>
<time>2026-05-05T11:05:29Z</time>
<extensions>
<gpxtpx:TrackPointExtension>
<gpxtpx:hr>183</gpxtpx:hr>
</gpxtpx:TrackPointExtension>
</extensions>
</trkpt>
<trkpt lat="36.9676451" lon="127.8667553">
<ele>69.652</ele>
<time>2026-05-05T11:05:30Z</time>
<extensions>
<gpxtpx:TrackPointExtension>
<gpxtpx:hr>183</gpxtpx:hr>
</gpxtpx:TrackPointExtension>
</extensions>
</trkpt>
<trkpt lat="36.9676521" lon="127.8667236">
<ele>69.658</ele>
<time>2026-05-05T11:05:31Z</time>
<extensions>
<gpxtpx:TrackPointExtension>
<gpxtpx:hr>183</gpxtpx:hr>
</gpxtpx:TrackPointExtension>
</extensions>
</trkpt>
<trkpt lat="36.9676592" lon="127.866692">
<ele>69.673</ele>
<time>2026-05-05T11:05:32Z</time>
<extensions>
<gpxtpx:TrackPointExtension>
<gpxtpx:hr>182</gpxtpx:hr>
<gpxtpx:cad>175</gpxtpx:cad>
</gpxtpx:TrackPointExtension>
</extensions>
</trkpt>
<trkpt lat="36.9676661" lon="127.8666604">
<ele>69.648</ele>
<time>2026-05-05T11:05:33Z</time>
<extensions>
<gpxtpx:TrackPointExtension>
<gpxtpx:hr>182</gpxtpx:hr>
</gpxtpx:TrackPointExtension>
</extensions>
</trkpt>
<trkpt lat="36.967673" lon="127.8666288">
<ele>69.667</ele>
<time>2026-05-05T11:05:34Z</time>
<extensions>
<gpxtpx:TrackPointExtension>
<gpxtpx:hr>182</gpxtpx:hr>
</gpxtpx:TrackPointExtension>
</extensions>
</trkpt>
<trkpt lat="36.9676798" lon="127.8665972">
<ele>69.723</ele>
<time>2026-05-05T11:05:35Z</time>
<extensions>
<gpxtpx:TrackPointExtension>
<gpxtpx:hr>181</gpxtpx:hr>
</gpxtpx:TrackPointExtension>
</extensions>
</trkpt>
<trkpt lat="36.9676866" lon="127.8665656">
<ele>69.62</ele>
<time>2026-05-05T11:05:36Z</time>
<extensions>
<gpxtpx:TrackPointExtension>
<gpxtpx:hr>181</gpxtpx:hr>
</gpxtpx:TrackPointExtension>
</extensions>
</trkpt>
<trkpt lat="36.9676933" lon="127.866534">
<ele>69.636</ele>
<time>2026-05-05T11:05:37Z</time>
<extensions>
<gpxtpx:TrackPointExtension>
<gpxtpx:hr>181</gpxtpx:hr>
<gpxtpx:cad>175</gpxtpx:cad>
</gpxtpx:TrackPointExtension>
</extensions>
</trkpt>
<trkpt lat="36.9677" lon="127.8665025">
<ele>69.661</ele>
<time>2026-05-05T11:05:38Z</time>
<extensions>
<gpxtpx:TrackPointExtension>
<gpxtpx:hr>181</gpxtpx:hr>
</gpxtpx:TrackPointExtension>
</extensions>
</trkpt>
<trkpt lat="36.9677067" lon="127.866471">
<ele>69.703</ele>
<time>2026-05-05T11:05:39Z</time>
<extensions>
<gpxtpx:TrackPointExtension>
<gpxtpx:hr>181</gpxtpx:hr>
</gpxtpx:TrackPointExtension>
</extensions>
</trkpt>
<trkpt lat="36.9677134" lon="127.8664396">
<ele>69.68</ele>
<time>2026-05-05T11:05:40Z</time>
<extensions>
<gpxtpx:TrackPointExtension>
<gpxtpx:hr>182</gpxtpx:hr>
</gpxtpx:TrackPointExtension>
</extensions>
</trkpt>
<trkpt lat="36.9677202" lon="127.8664084">
<ele>69.71</ele>
<time>2026-05-05T11:05:41Z</time>
<extensions>
<gpxtpx:TrackPointExtension>
<gpxtpx:hr>182</gpxtpx:hr>
</gpxtpx:TrackPointExtension>
</extensions>
</trkpt>
<trkpt lat="36.9677272" lon="127.8663765">
<ele>69.702</ele>
<time>2026-05-05T11:05:42Z</time>
<extensions>
<gpxtpx:TrackPointExtension>
<gpxtpx:hr>181</gpxtpx:hr>
<gpxtpx:cad>172</gpxtpx:cad>
</gpxtpx:TrackPointExtension>
</extensions>
</trkpt>
<trkpt lat="36.9677342" lon="127.8663447">
<ele>69.676</ele>
<time>2026-05-05T11:05:43Z</time>
<extensions>
<gpxtpx:TrackPointExtension>
<gpxtpx:cad>171</gpxtpx:cad>
</gpxtpx:TrackPointExtension>
</extensions>
</trkpt>
<trkpt lat="36.9677412" lon="127.8663132">
<ele>69.772</ele>
<time>2026-05-05T11:05:44Z</time>
<extensions>
<gpxtpx:TrackPointExtension>
<gpxtpx:hr>181</gpxtpx:hr>
</gpxtpx:TrackPointExtension>
</extensions>
</trkpt>
<trkpt lat="36.9677482" lon="127.8662823">
<ele>69.731</ele>
<time>2026-05-05T11:05:45Z</time>
<extensions>
<gpxtpx:TrackPointExtension>
<gpxtpx:hr>182</gpxtpx:hr>
</gpxtpx:TrackPointExtension>
</extensions>
</trkpt>
<trkpt lat="36.9677551" lon="127.8662524">
<ele>69.592</ele>
<time>2026-05-05T11:05:46Z</time>
<extensions>
<gpxtpx:TrackPointExtension>
<gpxtpx:hr>182</gpxtpx:hr>
</gpxtpx:TrackPointExtension>
</extensions>
</trkpt>
<trkpt lat="36.9677618" lon="127.8662238">
<ele>69.445</ele>
<time>2026-05-05T11:05:47Z</time>
<extensions>
<gpxtpx:TrackPointExtension>
<gpxtpx:hr>182</gpxtpx:hr>
<gpxtpx:cad>171</gpxtpx:cad>
</gpxtpx:TrackPointExtension>
</extensions>
</trkpt>
<trkpt lat="36.9677682" lon="127.8661971">
<ele>69.595</ele>
<time>2026-05-05T11:05:48Z</time>
<extensions>
<gpxtpx:TrackPointExtension>
<gpxtpx:hr>183</gpxtpx:hr>
</gpxtpx:TrackPointExtension>
</extensions>
</trkpt>
<trkpt lat="36.9677743" lon="127.8661725">
<ele>69.69</ele>
<time>2026-05-05T11:05:49Z</time>
<extensions>
<gpxtpx:TrackPointExtension>
<gpxtpx:hr>183</gpxtpx:hr>
</gpxtpx:TrackPointExtension>
</extensions>
</trkpt>
<trkpt lat="36.9677743" lon="127.8661725">
<ele>69.69</ele>
<time>2026-05-05T11:05:50Z</time>
<extensions>
<gpxtpx:TrackPointExtension>
<gpxtpx:hr>183</gpxtpx:hr>
</gpxtpx:TrackPointExtension>
</extensions>
</trkpt>
<trkpt lat="36.9677852" lon="127.8661312">
<ele>69.749</ele>
<time>2026-05-05T11:05:51Z</time>
<extensions>
<gpxtpx:TrackPointExtension>
<gpxtpx:hr>182</gpxtpx:hr>
</gpxtpx:TrackPointExtension>
</extensions>
</trkpt>
<trkpt lat="36.9677876" lon="127.8661262">
<ele>69.721</ele>
<time>2026-05-05T11:05:52Z</time>
<extensions>
<gpxtpx:TrackPointExtension>
<gpxtpx:hr>182</gpxtpx:hr>
</gpxtpx:TrackPointExtension>
</extensions>
</trkpt>
<trkpt lat="36.9677885" lon="127.8661269">
<ele>69.783</ele>
<time>2026-05-05T11:05:53Z</time>
<extensions>
<gpxtpx:TrackPointExtension>
<gpxtpx:hr>182</gpxtpx:hr>
<gpxtpx:cad>161</gpxtpx:cad>
</gpxtpx:TrackPointExtension>
</extensions>
</trkpt>
<trkpt lat="36.9677881" lon="127.8661322">
<ele>69.81</ele>
<time>2026-05-05T11:05:54Z</time>
<extensions>
<gpxtpx:TrackPointExtension>
<gpxtpx:hr>181</gpxtpx:hr>
</gpxtpx:TrackPointExtension>
</extensions>
</trkpt>
<trkpt lat="36.9677867" lon="127.8661413">
<ele>69.776</ele>
<time>2026-05-05T11:05:55Z</time>
<extensions>
<gpxtpx:TrackPointExtension>
<gpxtpx:hr>180</gpxtpx:hr>
</gpxtpx:TrackPointExtension>
</extensions>
</trkpt>
<trkpt lat="36.9677846" lon="127.8661536">
<ele>69.725</ele>
<time>2026-05-05T11:05:56Z</time>
<extensions>
<gpxtpx:TrackPointExtension>
<gpxtpx:hr>179</gpxtpx:hr>
</gpxtpx:TrackPointExtension>
</extensions>
</trkpt>
<trkpt lat="36.9677819" lon="127.8661684">
<ele>69.668</ele>
<time>2026-05-05T11:05:57Z</time>
<extensions>
<gpxtpx:TrackPointExtension>
<gpxtpx:hr>179</gpxtpx:hr>
</gpxtpx:TrackPointExtension>
</extensions>
</trkpt>
<trkpt lat="36.9677846" lon="127.866159">
<ele>69.692</ele>
<time>2026-05-05T11:05:58Z</time>
<extensions>
<gpxtpx:TrackPointExtension>
<gpxtpx:hr>178</gpxtpx:hr>
<gpxtpx:cad>155</gpxtpx:cad>
</gpxtpx:TrackPointExtension>
</extensions>
</trkpt>
<trkpt lat="36.9677867" lon="127.8661528">
<ele>69.697</ele>
<time>2026-05-05T11:05:59Z</time>
<extensions>
<gpxtpx:TrackPointExtension>
<gpxtpx:hr>178</gpxtpx:hr>
</gpxtpx:TrackPointExtension>
</extensions>
</trkpt>
<trkpt lat="36.9677882" lon="127.8661505">
<ele>69.736</ele>
<time>2026-05-05T11:06:00Z</time>
<extensions>
<gpxtpx:TrackPointExtension>
<gpxtpx:hr>178</gpxtpx:hr>
</gpxtpx:TrackPointExtension>
</extensions>
</trkpt>
<trkpt lat="36.9677887" lon="127.8661528">
<ele>69.737</ele>
<time>2026-05-05T11:06:01Z</time>
<extensions>
<gpxtpx:TrackPointExtension>
<gpxtpx:hr>178</gpxtpx:hr>
</gpxtpx:TrackPointExtension>
</extensions>
</trkpt>
<trkpt lat="36.9677881" lon="127.8661604">
<ele>69.701</ele>
<time>2026-05-05T11:06:02Z</time>
<extensions>
<gpxtpx:TrackPointExtension>
<gpxtpx:hr>178</gpxtpx:hr>
</gpxtpx:TrackPointExtension>
</extensions>
</trkpt>
<trkpt lat="36.967786" lon="127.866174">
<ele>69.671</ele>
<time>2026-05-05T11:06:03Z</time>
<extensions>
<gpxtpx:TrackPointExtension>
<gpxtpx:hr>177</gpxtpx:hr>
<gpxtpx:cad>166</gpxtpx:cad>
</gpxtpx:TrackPointExtension>
</extensions>
</trkpt>
<trkpt lat="36.9677822" lon="127.8661948">
<ele>69.636</ele>
<time>2026-05-05T11:06:04Z</time>
<extensions>
<gpxtpx:TrackPointExtension>
<gpxtpx:hr>177</gpxtpx:hr>
</gpxtpx:TrackPointExtension>
</extensions>
</trkpt>
<trkpt lat="36.967776" lon="127.8662236">
<ele>69.656</ele>
<time>2026-05-05T11:06:05Z</time>
<extensions>
<gpxtpx:TrackPointExtension>
<gpxtpx:hr>176</gpxtpx:hr>
</gpxtpx:TrackPointExtension>
</extensions>
</trkpt>
<trkpt lat="36.9677694" lon="127.8662537">
<ele>69.647</ele>
<time>2026-05-05T11:06:06Z</time>
<extensions>
<gpxtpx:TrackPointExtension>
<gpxtpx:hr>176</gpxtpx:hr>
</gpxtpx:TrackPointExtension>
</extensions>
</trkpt>
<trkpt lat="36.9677624" lon="127.8662847">
<ele>69.562</ele>
<time>2026-05-05T11:06:07Z</time>
<extensions>
<gpxtpx:TrackPointExtension>
<gpxtpx:hr>175</gpxtpx:hr>
</gpxtpx:TrackPointExtension>
</extensions>
</trkpt>
<trkpt lat="36.9677553" lon="127.8663163">
<ele>69.536</ele>
<time>2026-05-05T11:06:08Z</time>
<extensions>
<gpxtpx:TrackPointExtension>
<gpxtpx:hr>175</gpxtpx:hr>
<gpxtpx:cad>174</gpxtpx:cad>
</gpxtpx:TrackPointExtension>
</extensions>
</trkpt>
<trkpt lat="36.967748" lon="127.8663481">
<ele>69.533</ele>
<time>2026-05-05T11:06:09Z</time>
<extensions>
<gpxtpx:TrackPointExtension>
<gpxtpx:hr>174</gpxtpx:hr>
</gpxtpx:TrackPointExtension>
</extensions>
</trkpt>
<trkpt lat="36.9677404" lon="127.8663804">
<ele>69.5</ele>
<time>2026-05-05T11:06:10Z</time>
<extensions>
<gpxtpx:TrackPointExtension>
<gpxtpx:hr>174</gpxtpx:hr>
</gpxtpx:TrackPointExtension>
</extensions>
</trkpt>
<trkpt lat="36.9677327" lon="127.8664123">
<ele>69.517</ele>
<time>2026-05-05T11:06:11Z</time>
<extensions>
<gpxtpx:TrackPointExtension>
<gpxtpx:hr>173</gpxtpx:hr>
</gpxtpx:TrackPointExtension>
</extensions>
</trkpt>
<trkpt lat="36.9677254" lon="127.8664438">
<ele>69.567</ele>
<time>2026-05-05T11:06:12Z</time>
<extensions>
<gpxtpx:TrackPointExtension>
<gpxtpx:hr>173</gpxtpx:hr>
<gpxtpx:cad>174</gpxtpx:cad>
</gpxtpx:TrackPointExtension>
</extensions>
</trkpt>
<trkpt lat="36.9677186" lon="127.8664749">
<ele>69.586</ele>
<time>2026-05-05T11:06:13Z</time>
<extensions>
<gpxtpx:TrackPointExtension>
<gpxtpx:hr>173</gpxtpx:hr>
</gpxtpx:TrackPointExtension>
</extensions>
</trkpt>
<trkpt lat="36.9677121" lon="127.8665058">
<ele>69.643</ele>
<time>2026-05-05T11:06:14Z</time>
<extensions>
<gpxtpx:TrackPointExtension>
<gpxtpx:hr>172</gpxtpx:hr>
</gpxtpx:TrackPointExtension>
</extensions>
</trkpt>
<trkpt lat="36.9677054" lon="127.8665364">
<ele>69.616</ele>
<time>2026-05-05T11:06:15Z</time>
<extensions>
<gpxtpx:TrackPointExtension>
<gpxtpx:hr>172</gpxtpx:hr>
</gpxtpx:TrackPointExtension>
</extensions>
</trkpt>
<trkpt lat="36.967698" lon="127.8665666">
<ele>69.579</ele>
<time>2026-05-05T11:06:16Z</time>
<extensions>
<gpxtpx:TrackPointExtension>
<gpxtpx:hr>172</gpxtpx:hr>
</gpxtpx:TrackPointExtension>
</extensions>
</trkpt>
<trkpt lat="36.9676902" lon="127.8665971">
<ele>69.584</ele>
<time>2026-05-05T11:06:17Z</time>
<extensions>
<gpxtpx:TrackPointExtension>
<gpxtpx:hr>172</gpxtpx:hr>
<gpxtpx:cad>174</gpxtpx:cad>
</gpxtpx:TrackPointExtension>
</extensions>
</trkpt>
<trkpt lat="36.9676822" lon="127.8666284">
<ele>69.562</ele>
<time>2026-05-05T11:06:18Z</time>
<extensions>
<gpxtpx:TrackPointExtension>
<gpxtpx:hr>172</gpxtpx:hr>
</gpxtpx:TrackPointExtension>
</extensions>
</trkpt>
<trkpt lat="36.9676747" lon="127.86666">
<ele>69.528</ele>
<time>2026-05-05T11:06:19Z</time>
<extensions>
<gpxtpx:TrackPointExtension>
<gpxtpx:hr>172</gpxtpx:hr>
<gpxtpx:cad>174</gpxtpx:cad>
</gpxtpx:TrackPointExtension>
</extensions>
</trkpt>
</trkseg>
</trk>
<exerciseinfo>
<exercisetype>1002</exercisetype>
<distance>8001.05</distance>
<elevationgain>3.04</elevationgain>
<avggradient>1.7256582721851086</avggradient>
<duration>2642552</duration>
<avgspeed>3.0277739</avgspeed>
</exerciseinfo>
</gpx>
